ISO-10303-21;
HEADER;
FILE_DESCRIPTION(('STEP AP214'),'1');
FILE_NAME('CV28D-FCC(new).stp','2025-05-19T07:59:36',(' '),(' '),'Spatial InterOp 3D',' ',' ');
FILE_SCHEMA(('AUTOMOTIVE_DESIGN { 1 0 10303 214 1 1 1 1 }'));
ENDSEC;
DATA;
#1=MECHANICAL_DESIGN_GEOMETRIC_PRESENTATION_REPRESENTATION(' ',(#11,#12,#13,#14,#15,#16,#17,#18,#19,#20,#21,#22,#23,#24,#25,#26,#27,#28,#29,#30,#31,#32,#33,#34,#35,#36,#37,#38,#39,#40,#41,#42,#43,#44,#45,#46,#47,#48,#49,#50,#51,#52,#53,#54,#55,#56,#57,#58,#59,#60,#61,#62,#63,#64,#65,#66,#67,#68,#69,#70,#71,#72,#73,#74,#75,#76,#77,#78,#79,#80,#81,#82,#83,#84,#85,#86,#87,#88,#89,#90,#91,#92,#93,#94,#95,#96,#97,#98,#99,#100,#101,#102,#103,#104,#105,#106,#107,#108,#109,#110,#111,#112,#113,#114,#115,#116,#117,#118,#119,#120,#121,#122,#123,#124),#7);
#2=PRODUCT_DEFINITION_CONTEXT('',#125,'design');
#3=APPLICATION_PROTOCOL_DEFINITION('INTERNATIONAL STANDARD','automotive_design',1994,#125);
#4=PRODUCT_CATEGORY_RELATIONSHIP('NONE','NONE',#126,#127);
#5=SHAPE_DEFINITION_REPRESENTATION(#128,#129);
#6=SHAPE_DEFINITION_REPRESENTATION(#128,#130);
#7= (GEOMETRIC_REPRESENTATION_CONTEXT(3)GLOBAL_UNCERTAINTY_ASSIGNED_CONTEXT((#133))GLOBAL_UNIT_ASSIGNED_CONTEXT((#135,#136,#137))REPRESENTATION_CONTEXT('NONE','WORKSPACE'));
#11=STYLED_ITEM('',(#139),#140);
#12=STYLED_ITEM('',(#141),#142);
#13=STYLED_ITEM('',(#143),#144);
#14=STYLED_ITEM('',(#145),#146);
#15=STYLED_ITEM('',(#147),#148);
#16=STYLED_ITEM('',(#149),#150);
#17=STYLED_ITEM('',(#151),#152);
#18=STYLED_ITEM('',(#153),#154);
#19=STYLED_ITEM('',(#155),#156);
#20=STYLED_ITEM('',(#157),#158);
#21=STYLED_ITEM('',(#159),#160);
#22=STYLED_ITEM('',(#161),#162);
#23=STYLED_ITEM('',(#163),#164);
#24=STYLED_ITEM('',(#165),#166);
#25=STYLED_ITEM('',(#167),#168);
#26=STYLED_ITEM('',(#169),#170);
#27=STYLED_ITEM('',(#171),#172);
#28=STYLED_ITEM('',(#173),#174);
#29=STYLED_ITEM('',(#175),#176);
#30=STYLED_ITEM('',(#177),#178);
#31=STYLED_ITEM('',(#179),#180);
#32=STYLED_ITEM('',(#181),#182);
#33=STYLED_ITEM('',(#183),#184);
#34=STYLED_ITEM('',(#185),#186);
#35=STYLED_ITEM('',(#187),#188);
#36=STYLED_ITEM('',(#189),#190);
#37=STYLED_ITEM('',(#191),#192);
#38=STYLED_ITEM('',(#193),#194);
#39=STYLED_ITEM('',(#195),#196);
#40=STYLED_ITEM('',(#197),#198);
#41=STYLED_ITEM('',(#199),#200);
#42=STYLED_ITEM('',(#201),#202);
#43=STYLED_ITEM('',(#203),#204);
#44=STYLED_ITEM('',(#205),#206);
#45=STYLED_ITEM('',(#207),#208);
#46=STYLED_ITEM('',(#209),#210);
#47=STYLED_ITEM('',(#211),#212);
#48=STYLED_ITEM('',(#213),#214);
#49=STYLED_ITEM('',(#215),#216);
#50=STYLED_ITEM('',(#217),#218);
#51=STYLED_ITEM('',(#219),#220);
#52=STYLED_ITEM('',(#221),#222);
#53=STYLED_ITEM('',(#223),#224);
#54=STYLED_ITEM('',(#225),#226);
#55=STYLED_ITEM('',(#227),#228);
#56=STYLED_ITEM('',(#229),#230);
#57=STYLED_ITEM('',(#231),#232);
#58=STYLED_ITEM('',(#233),#234);
#59=STYLED_ITEM('',(#235),#236);
#60=STYLED_ITEM('',(#237),#238);
#61=STYLED_ITEM('',(#239),#240);
#62=STYLED_ITEM('',(#241),#242);
#63=STYLED_ITEM('',(#243),#244);
#64=STYLED_ITEM('',(#245),#246);
#65=STYLED_ITEM('',(#247),#248);
#66=STYLED_ITEM('',(#249),#250);
#67=STYLED_ITEM('',(#251),#252);
#68=STYLED_ITEM('',(#253),#254);
#69=STYLED_ITEM('',(#255),#256);
#70=STYLED_ITEM('',(#257),#258);
#71=STYLED_ITEM('',(#259),#260);
#72=STYLED_ITEM('',(#261),#262);
#73=STYLED_ITEM('',(#263),#264);
#74=STYLED_ITEM('',(#265),#266);
#75=STYLED_ITEM('',(#267),#268);
#76=STYLED_ITEM('',(#269),#270);
#77=STYLED_ITEM('',(#271),#272);
#78=STYLED_ITEM('',(#273),#274);
#79=STYLED_ITEM('',(#275),#276);
#80=STYLED_ITEM('',(#277),#278);
#81=STYLED_ITEM('',(#279),#280);
#82=STYLED_ITEM('',(#281),#282);
#83=STYLED_ITEM('',(#283),#284);
#84=STYLED_ITEM('',(#285),#286);
#85=STYLED_ITEM('',(#287),#288);
#86=STYLED_ITEM('',(#289),#290);
#87=STYLED_ITEM('',(#291),#292);
#88=STYLED_ITEM('',(#293),#294);
#89=STYLED_ITEM('',(#295),#296);
#90=STYLED_ITEM('',(#297),#298);
#91=STYLED_ITEM('',(#299),#300);
#92=STYLED_ITEM('',(#301),#302);
#93=STYLED_ITEM('',(#303),#304);
#94=STYLED_ITEM('',(#305),#306);
#95=STYLED_ITEM('',(#307),#308);
#96=STYLED_ITEM('',(#309),#310);
#97=STYLED_ITEM('',(#311),#312);
#98=STYLED_ITEM('',(#313),#314);
#99=STYLED_ITEM('',(#315),#316);
#100=STYLED_ITEM('',(#317),#318);
#101=STYLED_ITEM('',(#319),#320);
#102=STYLED_ITEM('',(#321),#322);
#103=STYLED_ITEM('',(#323),#324);
#104=STYLED_ITEM('',(#325),#326);
#105=STYLED_ITEM('',(#327),#328);
#106=STYLED_ITEM('',(#329),#330);
#107=STYLED_ITEM('',(#331),#332);
#108=STYLED_ITEM('',(#333),#334);
#109=STYLED_ITEM('',(#335),#336);
#110=STYLED_ITEM('',(#337),#338);
#111=STYLED_ITEM('',(#339),#340);
#112=STYLED_ITEM('',(#341),#342);
#113=STYLED_ITEM('',(#343),#344);
#114=STYLED_ITEM('',(#345),#346);
#115=STYLED_ITEM('',(#347),#348);
#116=STYLED_ITEM('',(#349),#350);
#117=STYLED_ITEM('',(#351),#352);
#118=STYLED_ITEM('',(#353),#354);
#119=STYLED_ITEM('',(#355),#356);
#120=STYLED_ITEM('',(#357),#358);
#121=STYLED_ITEM('',(#359),#360);
#122=STYLED_ITEM('',(#361),#362);
#123=STYLED_ITEM('',(#363),#364);
#124=STYLED_ITEM('',(#365),#366);
#125=APPLICATION_CONTEXT(' ');
#126=PRODUCT_CATEGORY('part','NONE');
#127=PRODUCT_RELATED_PRODUCT_CATEGORY('detail',' ',(#367));
#128=PRODUCT_DEFINITION_SHAPE('NONE','NONE',#368);
#129=ADVANCED_BREP_SHAPE_REPRESENTATION('lens',(#140,#369),#7);
#130=ADVANCED_BREP_SHAPE_REPRESENTATION('lead-frame',(#366,#370),#7);
#133=UNCERTAINTY_MEASURE_WITH_UNIT(LENGTH_MEASURE(1.0E-06),#135,'','');
#135= (CONVERSION_BASED_UNIT('MILLIMETRE',#373)LENGTH_UNIT()NAMED_UNIT(#376));
#136= (NAMED_UNIT(#378)PLANE_ANGLE_UNIT()SI_UNIT($,.RADIAN.));
#137= (NAMED_UNIT(#378)SOLID_ANGLE_UNIT()SI_UNIT($,.STERADIAN.));
#139=PRESENTATION_STYLE_ASSIGNMENT((#384));
#140=MANIFOLD_SOLID_BREP('lens',#385);
#141=PRESENTATION_STYLE_ASSIGNMENT((#386));
#142=ADVANCED_FACE('NONE',(#387),#388,.F.);
#143=PRESENTATION_STYLE_ASSIGNMENT((#389));
#144=ADVANCED_FACE('NONE',(#390),#391,.F.);
#145=PRESENTATION_STYLE_ASSIGNMENT((#392));
#146=ADVANCED_FACE('NONE',(#393),#394,.F.);
#147=PRESENTATION_STYLE_ASSIGNMENT((#395));
#148=ADVANCED_FACE('NONE',(#396),#397,.F.);
#149=PRESENTATION_STYLE_ASSIGNMENT((#398));
#150=ADVANCED_FACE('NONE',(#399),#400,.T.);
#151=PRESENTATION_STYLE_ASSIGNMENT((#401));
#152=ADVANCED_FACE('NONE',(#402),#403,.F.);
#153=PRESENTATION_STYLE_ASSIGNMENT((#404));
#154=ADVANCED_FACE('NONE',(#405),#406,.T.);
#155=PRESENTATION_STYLE_ASSIGNMENT((#407));
#156=ADVANCED_FACE('NONE',(#408),#409,.F.);
#157=PRESENTATION_STYLE_ASSIGNMENT((#410));
#158=ADVANCED_FACE('NONE',(#411),#412,.F.);
#159=PRESENTATION_STYLE_ASSIGNMENT((#413));
#160=ADVANCED_FACE('NONE',(#414,#415),#416,.F.);
#161=PRESENTATION_STYLE_ASSIGNMENT((#417));
#162=ADVANCED_FACE('NONE',(#418),#419,.F.);
#163=PRESENTATION_STYLE_ASSIGNMENT((#420));
#164=ADVANCED_FACE('NONE',(#421),#422,.F.);
#165=PRESENTATION_STYLE_ASSIGNMENT((#423));
#166=ADVANCED_FACE('NONE',(#424),#425,.T.);
#167=PRESENTATION_STYLE_ASSIGNMENT((#426));
#168=ADVANCED_FACE('NONE',(#427),#428,.F.);
#169=PRESENTATION_STYLE_ASSIGNMENT((#429));
#170=ADVANCED_FACE('NONE',(#430),#431,.T.);
#171=PRESENTATION_STYLE_ASSIGNMENT((#432));
#172=ADVANCED_FACE('NONE',(#433),#434,.T.);
#173=PRESENTATION_STYLE_ASSIGNMENT((#435));
#174=ADVANCED_FACE('NONE',(#436),#437,.F.);
#175=PRESENTATION_STYLE_ASSIGNMENT((#438));
#176=ADVANCED_FACE('NONE',(#439),#440,.T.);
#177=PRESENTATION_STYLE_ASSIGNMENT((#441));
#178=ADVANCED_FACE('NONE',(#442),#443,.T.);
#179=PRESENTATION_STYLE_ASSIGNMENT((#444));
#180=ADVANCED_FACE('NONE',(#445),#446,.F.);
#181=PRESENTATION_STYLE_ASSIGNMENT((#447));
#182=ADVANCED_FACE('NONE',(#448),#449,.T.);
#183=PRESENTATION_STYLE_ASSIGNMENT((#450));
#184=ADVANCED_FACE('NONE',(#451),#452,.T.);
#185=PRESENTATION_STYLE_ASSIGNMENT((#453));
#186=ADVANCED_FACE('NONE',(#454),#455,.F.);
#187=PRESENTATION_STYLE_ASSIGNMENT((#456));
#188=ADVANCED_FACE('NONE',(#457),#458,.T.);
#189=PRESENTATION_STYLE_ASSIGNMENT((#459));
#190=ADVANCED_FACE('NONE',(#460),#461,.T.);
#191=PRESENTATION_STYLE_ASSIGNMENT((#462));
#192=ADVANCED_FACE('NONE',(#463),#464,.F.);
#193=PRESENTATION_STYLE_ASSIGNMENT((#465));
#194=ADVANCED_FACE('NONE',(#466),#467,.T.);
#195=PRESENTATION_STYLE_ASSIGNMENT((#468));
#196=ADVANCED_FACE('NONE',(#469),#470,.T.);
#197=PRESENTATION_STYLE_ASSIGNMENT((#471));
#198=ADVANCED_FACE('NONE',(#472),#473,.F.);
#199=PRESENTATION_STYLE_ASSIGNMENT((#474));
#200=ADVANCED_FACE('NONE',(#475),#476,.F.);
#201=PRESENTATION_STYLE_ASSIGNMENT((#477));
#202=ADVANCED_FACE('NONE',(#478),#479,.F.);
#203=PRESENTATION_STYLE_ASSIGNMENT((#480));
#204=ADVANCED_FACE('NONE',(#481),#482,.F.);
#205=PRESENTATION_STYLE_ASSIGNMENT((#483));
#206=ADVANCED_FACE('NONE',(#484),#485,.F.);
#207=PRESENTATION_STYLE_ASSIGNMENT((#486));
#208=ADVANCED_FACE('NONE',(#487),#488,.F.);
#209=PRESENTATION_STYLE_ASSIGNMENT((#489));
#210=ADVANCED_FACE('NONE',(#490),#491,.F.);
#211=PRESENTATION_STYLE_ASSIGNMENT((#492));
#212=ADVANCED_FACE('NONE',(#493),#494,.F.);
#213=PRESENTATION_STYLE_ASSIGNMENT((#495));
#214=ADVANCED_FACE('NONE',(#496),#497,.F.);
#215=PRESENTATION_STYLE_ASSIGNMENT((#498));
#216=ADVANCED_FACE('NONE',(#499),#500,.F.);
#217=PRESENTATION_STYLE_ASSIGNMENT((#501));
#218=ADVANCED_FACE('NONE',(#502),#503,.F.);
#219=PRESENTATION_STYLE_ASSIGNMENT((#504));
#220=ADVANCED_FACE('NONE',(#505),#506,.F.);
#221=PRESENTATION_STYLE_ASSIGNMENT((#507));
#222=ADVANCED_FACE('NONE',(#508),#509,.F.);
#223=PRESENTATION_STYLE_ASSIGNMENT((#510));
#224=ADVANCED_FACE('NONE',(#511),#512,.F.);
#225=PRESENTATION_STYLE_ASSIGNMENT((#513));
#226=ADVANCED_FACE('NONE',(#514),#515,.F.);
#227=PRESENTATION_STYLE_ASSIGNMENT((#516));
#228=ADVANCED_FACE('NONE',(#517),#518,.F.);
#229=PRESENTATION_STYLE_ASSIGNMENT((#519));
#230=ADVANCED_FACE('NONE',(#520),#521,.F.);
#231=PRESENTATION_STYLE_ASSIGNMENT((#522));
#232=ADVANCED_FACE('NONE',(#523),#524,.F.);
#233=PRESENTATION_STYLE_ASSIGNMENT((#525));
#234=ADVANCED_FACE('NONE',(#526),#527,.F.);
#235=PRESENTATION_STYLE_ASSIGNMENT((#528));
#236=ADVANCED_FACE('NONE',(#529),#530,.F.);
#237=PRESENTATION_STYLE_ASSIGNMENT((#531));
#238=ADVANCED_FACE('NONE',(#532),#533,.F.);
#239=PRESENTATION_STYLE_ASSIGNMENT((#534));
#240=ADVANCED_FACE('NONE',(#535),#536,.F.);
#241=PRESENTATION_STYLE_ASSIGNMENT((#537));
#242=ADVANCED_FACE('NONE',(#538),#539,.F.);
#243=PRESENTATION_STYLE_ASSIGNMENT((#540));
#244=ADVANCED_FACE('NONE',(#541),#542,.F.);
#245=PRESENTATION_STYLE_ASSIGNMENT((#543));
#246=ADVANCED_FACE('NONE',(#544),#545,.F.);
#247=PRESENTATION_STYLE_ASSIGNMENT((#546));
#248=ADVANCED_FACE('NONE',(#547),#548,.F.);
#249=PRESENTATION_STYLE_ASSIGNMENT((#549));
#250=ADVANCED_FACE('NONE',(#550),#551,.F.);
#251=PRESENTATION_STYLE_ASSIGNMENT((#552));
#252=ADVANCED_FACE('NONE',(#553),#554,.T.);
#253=PRESENTATION_STYLE_ASSIGNMENT((#555));
#254=ADVANCED_FACE('NONE',(#556),#557,.F.);
#255=PRESENTATION_STYLE_ASSIGNMENT((#558));
#256=ADVANCED_FACE('NONE',(#559),#560,.T.);
#257=PRESENTATION_STYLE_ASSIGNMENT((#561));
#258=ADVANCED_FACE('NONE',(#562),#563,.F.);
#259=PRESENTATION_STYLE_ASSIGNMENT((#564));
#260=ADVANCED_FACE('NONE',(#565),#566,.F.);
#261=PRESENTATION_STYLE_ASSIGNMENT((#567));
#262=ADVANCED_FACE('NONE',(#568),#569,.F.);
#263=PRESENTATION_STYLE_ASSIGNMENT((#570));
#264=ADVANCED_FACE('NONE',(#571),#572,.F.);
#265=PRESENTATION_STYLE_ASSIGNMENT((#573));
#266=ADVANCED_FACE('NONE',(#574),#575,.F.);
#267=PRESENTATION_STYLE_ASSIGNMENT((#576));
#268=ADVANCED_FACE('NONE',(#577),#578,.F.);
#269=PRESENTATION_STYLE_ASSIGNMENT((#579));
#270=ADVANCED_FACE('NONE',(#580),#581,.F.);
#271=PRESENTATION_STYLE_ASSIGNMENT((#582));
#272=ADVANCED_FACE('NONE',(#583),#584,.F.);
#273=PRESENTATION_STYLE_ASSIGNMENT((#585));
#274=ADVANCED_FACE('NONE',(#586),#587,.F.);
#275=PRESENTATION_STYLE_ASSIGNMENT((#588));
#276=ADVANCED_FACE('NONE',(#589),#590,.F.);
#277=PRESENTATION_STYLE_ASSIGNMENT((#591));
#278=ADVANCED_FACE('NONE',(#592),#593,.T.);
#279=PRESENTATION_STYLE_ASSIGNMENT((#594));
#280=ADVANCED_FACE('NONE',(#595),#596,.F.);
#281=PRESENTATION_STYLE_ASSIGNMENT((#597));
#282=ADVANCED_FACE('NONE',(#598),#599,.F.);
#283=PRESENTATION_STYLE_ASSIGNMENT((#600));
#284=ADVANCED_FACE('NONE',(#601),#602,.T.);
#285=PRESENTATION_STYLE_ASSIGNMENT((#603));
#286=ADVANCED_FACE('NONE',(#604),#605,.F.);
#287=PRESENTATION_STYLE_ASSIGNMENT((#606));
#288=ADVANCED_FACE('NONE',(#607),#608,.F.);
#289=PRESENTATION_STYLE_ASSIGNMENT((#609));
#290=ADVANCED_FACE('NONE',(#610),#611,.T.);
#291=PRESENTATION_STYLE_ASSIGNMENT((#612));
#292=ADVANCED_FACE('NONE',(#613),#614,.T.);
#293=PRESENTATION_STYLE_ASSIGNMENT((#615));
#294=ADVANCED_FACE('NONE',(#616),#617,.F.);
#295=PRESENTATION_STYLE_ASSIGNMENT((#618));
#296=ADVANCED_FACE('NONE',(#619),#620,.T.);
#297=PRESENTATION_STYLE_ASSIGNMENT((#621));
#298=ADVANCED_FACE('NONE',(#622),#623,.T.);
#299=PRESENTATION_STYLE_ASSIGNMENT((#624));
#300=ADVANCED_FACE('NONE',(#625),#626,.T.);
#301=PRESENTATION_STYLE_ASSIGNMENT((#627));
#302=ADVANCED_FACE('NONE',(#628),#629,.F.);
#303=PRESENTATION_STYLE_ASSIGNMENT((#630));
#304=ADVANCED_FACE('NONE',(#631),#632,.F.);
#305=PRESENTATION_STYLE_ASSIGNMENT((#633));
#306=ADVANCED_FACE('NONE',(#634),#635,.F.);
#307=PRESENTATION_STYLE_ASSIGNMENT((#636));
#308=ADVANCED_FACE('NONE',(#637),#638,.T.);
#309=PRESENTATION_STYLE_ASSIGNMENT((#639));
#310=ADVANCED_FACE('NONE',(#640),#641,.T.);
#311=PRESENTATION_STYLE_ASSIGNMENT((#642));
#312=ADVANCED_FACE('NONE',(#643),#644,.T.);
#313=PRESENTATION_STYLE_ASSIGNMENT((#645));
#314=ADVANCED_FACE('NONE',(#646),#647,.F.);
#315=PRESENTATION_STYLE_ASSIGNMENT((#648));
#316=ADVANCED_FACE('NONE',(#649),#650,.F.);
#317=PRESENTATION_STYLE_ASSIGNMENT((#651));
#318=ADVANCED_FACE('NONE',(#652),#653,.F.);
#319=PRESENTATION_STYLE_ASSIGNMENT((#654));
#320=ADVANCED_FACE('NONE',(#655),#656,.F.);
#321=PRESENTATION_STYLE_ASSIGNMENT((#657));
#322=ADVANCED_FACE('NONE',(#658),#659,.T.);
#323=PRESENTATION_STYLE_ASSIGNMENT((#660));
#324=ADVANCED_FACE('NONE',(#661),#662,.F.);
#325=PRESENTATION_STYLE_ASSIGNMENT((#663));
#326=ADVANCED_FACE('NONE',(#664),#665,.F.);
#327=PRESENTATION_STYLE_ASSIGNMENT((#666));
#328=ADVANCED_FACE('NONE',(#667),#668,.F.);
#329=PRESENTATION_STYLE_ASSIGNMENT((#669));
#330=ADVANCED_FACE('NONE',(#670),#671,.F.);
#331=PRESENTATION_STYLE_ASSIGNMENT((#672));
#332=ADVANCED_FACE('NONE',(#673),#674,.F.);
#333=PRESENTATION_STYLE_ASSIGNMENT((#675));
#334=ADVANCED_FACE('NONE',(#676),#677,.F.);
#335=PRESENTATION_STYLE_ASSIGNMENT((#678));
#336=ADVANCED_FACE('NONE',(#679),#680,.T.);
#337=PRESENTATION_STYLE_ASSIGNMENT((#681));
#338=ADVANCED_FACE('NONE',(#682),#683,.F.);
#339=PRESENTATION_STYLE_ASSIGNMENT((#684));
#340=ADVANCED_FACE('NONE',(#685),#686,.F.);
#341=PRESENTATION_STYLE_ASSIGNMENT((#687));
#342=ADVANCED_FACE('NONE',(#688),#689,.F.);
#343=PRESENTATION_STYLE_ASSIGNMENT((#690));
#344=ADVANCED_FACE('NONE',(#691),#692,.F.);
#345=PRESENTATION_STYLE_ASSIGNMENT((#693));
#346=ADVANCED_FACE('NONE',(#694),#695,.F.);
#347=PRESENTATION_STYLE_ASSIGNMENT((#696));
#348=ADVANCED_FACE('NONE',(#697),#698,.F.);
#349=PRESENTATION_STYLE_ASSIGNMENT((#699));
#350=ADVANCED_FACE('NONE',(#700),#701,.F.);
#351=PRESENTATION_STYLE_ASSIGNMENT((#702));
#352=ADVANCED_FACE('NONE',(#703),#704,.T.);
#353=PRESENTATION_STYLE_ASSIGNMENT((#705));
#354=ADVANCED_FACE('NONE',(#706),#707,.F.);
#355=PRESENTATION_STYLE_ASSIGNMENT((#708));
#356=ADVANCED_FACE('NONE',(#709),#710,.F.);
#357=PRESENTATION_STYLE_ASSIGNMENT((#711));
#358=ADVANCED_FACE('NONE',(#712,#713),#714,.F.);
#359=PRESENTATION_STYLE_ASSIGNMENT((#715));
#360=ADVANCED_FACE('NONE',(#716),#717,.F.);
#361=PRESENTATION_STYLE_ASSIGNMENT((#718));
#362=ADVANCED_FACE('NONE',(#719),#720,.F.);
#363=PRESENTATION_STYLE_ASSIGNMENT((#721));
#364=ADVANCED_FACE('NONE',(#722),#723,.T.);
#365=PRESENTATION_STYLE_ASSIGNMENT((#724));
#366=MANIFOLD_SOLID_BREP('lead-frame',#725);
#367=PRODUCT('Assem1','Assem1','PART--DESC',(#726));
#368=PRODUCT_DEFINITION('UNKNOWN','NONE',#727,#2);
#369=AXIS2_PLACEMENT_3D('',#728,#729,#730);
#370=AXIS2_PLACEMENT_3D('',#731,#732,#733);
#373=LENGTH_MEASURE_WITH_UNIT(LENGTH_MEASURE(1.0),#734);
#376=DIMENSIONAL_EXPONENTS(1.0,0.0,0.0,0.0,0.0,0.0,0.0);
#378=DIMENSIONAL_EXPONENTS(0.0,0.0,0.0,0.0,0.0,0.0,0.0);
#384=SURFACE_STYLE_USAGE(.BOTH.,#735);
#385=CLOSED_SHELL('',(#736,#737,#738,#739,#740));
#386=SURFACE_STYLE_USAGE(.BOTH.,#741);
#387=FACE_OUTER_BOUND('',#742,.T.);
#388=CYLINDRICAL_SURFACE('',#743,1.165);
#389=SURFACE_STYLE_USAGE(.BOTH.,#744);
#390=FACE_OUTER_BOUND('',#745,.T.);
#391=CYLINDRICAL_SURFACE('',#746,0.45);
#392=SURFACE_STYLE_USAGE(.BOTH.,#747);
#393=FACE_OUTER_BOUND('',#748,.T.);
#394=PLANE('',#749);
#395=SURFACE_STYLE_USAGE(.BOTH.,#750);
#396=FACE_OUTER_BOUND('',#751,.T.);
#397=PLANE('',#752);
#398=SURFACE_STYLE_USAGE(.BOTH.,#753);
#399=FACE_OUTER_BOUND('',#754,.T.);
#400=CYLINDRICAL_SURFACE('',#755,0.1);
#401=SURFACE_STYLE_USAGE(.BOTH.,#756);
#402=FACE_OUTER_BOUND('',#757,.T.);
#403=PLANE('',#758);
#404=SURFACE_STYLE_USAGE(.BOTH.,#759);
#405=FACE_OUTER_BOUND('',#760,.T.);
#406=PLANE('',#761);
#407=SURFACE_STYLE_USAGE(.BOTH.,#762);
#408=FACE_OUTER_BOUND('',#763,.T.);
#409=PLANE('',#764);
#410=SURFACE_STYLE_USAGE(.BOTH.,#765);
#411=FACE_OUTER_BOUND('',#766,.T.);
#412=CYLINDRICAL_SURFACE('',#767,0.45);
#413=SURFACE_STYLE_USAGE(.BOTH.,#768);
#414=FACE_OUTER_BOUND('',#769,.T.);
#415=FACE_BOUND('',#770,.T.);
#416=PLANE('',#771);
#417=SURFACE_STYLE_USAGE(.BOTH.,#772);
#418=FACE_OUTER_BOUND('',#773,.T.);
#419=PLANE('',#774);
#420=SURFACE_STYLE_USAGE(.BOTH.,#775);
#421=FACE_OUTER_BOUND('',#776,.T.);
#422=PLANE('',#777);
#423=SURFACE_STYLE_USAGE(.BOTH.,#778);
#424=FACE_OUTER_BOUND('',#779,.T.);
#425=CYLINDRICAL_SURFACE('',#780,0.101232742211513);
#426=SURFACE_STYLE_USAGE(.BOTH.,#781);
#427=FACE_OUTER_BOUND('',#782,.T.);
#428=PLANE('',#783);
#429=SURFACE_STYLE_USAGE(.BOTH.,#784);
#430=FACE_OUTER_BOUND('',#785,.T.);
#431=CYLINDRICAL_SURFACE('',#786,0.101232742211513);
#432=SURFACE_STYLE_USAGE(.BOTH.,#787);
#433=FACE_OUTER_BOUND('',#788,.T.);
#434=CYLINDRICAL_SURFACE('',#789,0.101232742211513);
#435=SURFACE_STYLE_USAGE(.BOTH.,#790);
#436=FACE_OUTER_BOUND('',#791,.T.);
#437=PLANE('',#792);
#438=SURFACE_STYLE_USAGE(.BOTH.,#793);
#439=FACE_OUTER_BOUND('',#794,.T.);
#440=CYLINDRICAL_SURFACE('',#795,0.101232742211513);
#441=SURFACE_STYLE_USAGE(.BOTH.,#796);
#442=FACE_OUTER_BOUND('',#797,.T.);
#443=CYLINDRICAL_SURFACE('',#798,0.101232742211513);
#444=SURFACE_STYLE_USAGE(.BOTH.,#799);
#445=FACE_OUTER_BOUND('',#800,.T.);
#446=PLANE('',#801);
#447=SURFACE_STYLE_USAGE(.BOTH.,#802);
#448=FACE_OUTER_BOUND('',#803,.T.);
#449=CYLINDRICAL_SURFACE('',#804,0.101232742211513);
#450=SURFACE_STYLE_USAGE(.BOTH.,#805);
#451=FACE_OUTER_BOUND('',#806,.T.);
#452=CYLINDRICAL_SURFACE('',#807,0.101232742211513);
#453=SURFACE_STYLE_USAGE(.BOTH.,#808);
#454=FACE_OUTER_BOUND('',#809,.T.);
#455=PLANE('',#810);
#456=SURFACE_STYLE_USAGE(.BOTH.,#811);
#457=FACE_OUTER_BOUND('',#812,.T.);
#458=CYLINDRICAL_SURFACE('',#813,0.101232742211513);
#459=SURFACE_STYLE_USAGE(.BOTH.,#814);
#460=FACE_OUTER_BOUND('',#815,.T.);
#461=CYLINDRICAL_SURFACE('',#816,0.101232742211513);
#462=SURFACE_STYLE_USAGE(.BOTH.,#817);
#463=FACE_OUTER_BOUND('',#818,.T.);
#464=PLANE('',#819);
#465=SURFACE_STYLE_USAGE(.BOTH.,#820);
#466=FACE_OUTER_BOUND('',#821,.T.);
#467=CYLINDRICAL_SURFACE('',#822,0.101232742211513);
#468=SURFACE_STYLE_USAGE(.BOTH.,#823);
#469=FACE_OUTER_BOUND('',#824,.T.);
#470=CYLINDRICAL_SURFACE('',#825,0.1);
#471=SURFACE_STYLE_USAGE(.BOTH.,#826);
#472=FACE_OUTER_BOUND('',#827,.T.);
#473=PLANE('',#828);
#474=SURFACE_STYLE_USAGE(.BOTH.,#829);
#475=FACE_OUTER_BOUND('',#830,.T.);
#476=PLANE('',#831);
#477=SURFACE_STYLE_USAGE(.BOTH.,#832);
#478=FACE_OUTER_BOUND('',#833,.T.);
#479=PLANE('',#834);
#480=SURFACE_STYLE_USAGE(.BOTH.,#835);
#481=FACE_OUTER_BOUND('',#836,.T.);
#482=CYLINDRICAL_SURFACE('',#837,0.0699999999999998);
#483=SURFACE_STYLE_USAGE(.BOTH.,#838);
#484=FACE_OUTER_BOUND('',#839,.T.);
#485=PLANE('',#840);
#486=SURFACE_STYLE_USAGE(.BOTH.,#841);
#487=FACE_OUTER_BOUND('',#842,.T.);
#488=PLANE('',#843);
#489=SURFACE_STYLE_USAGE(.BOTH.,#844);
#490=FACE_OUTER_BOUND('',#845,.T.);
#491=PLANE('',#846);
#492=SURFACE_STYLE_USAGE(.BOTH.,#847);
#493=FACE_OUTER_BOUND('',#848,.T.);
#494=PLANE('',#849);
#495=SURFACE_STYLE_USAGE(.BOTH.,#850);
#496=FACE_OUTER_BOUND('',#851,.T.);
#497=PLANE('',#852);
#498=SURFACE_STYLE_USAGE(.BOTH.,#853);
#499=FACE_OUTER_BOUND('',#854,.T.);
#500=CYLINDRICAL_SURFACE('',#855,0.0699999999999998);
#501=SURFACE_STYLE_USAGE(.BOTH.,#856);
#502=FACE_OUTER_BOUND('',#857,.T.);
#503=PLANE('',#858);
#504=SURFACE_STYLE_USAGE(.BOTH.,#859);
#505=FACE_OUTER_BOUND('',#860,.T.);
#506=PLANE('',#861);
#507=SURFACE_STYLE_USAGE(.BOTH.,#862);
#508=FACE_OUTER_BOUND('',#863,.T.);
#509=PLANE('',#864);
#510=SURFACE_STYLE_USAGE(.BOTH.,#865);
#511=FACE_OUTER_BOUND('',#866,.T.);
#512=PLANE('',#867);
#513=SURFACE_STYLE_USAGE(.BOTH.,#868);
#514=FACE_OUTER_BOUND('',#869,.T.);
#515=PLANE('',#870);
#516=SURFACE_STYLE_USAGE(.BOTH.,#871);
#517=FACE_OUTER_BOUND('',#872,.T.);
#518=CYLINDRICAL_SURFACE('',#873,0.0699999999999998);
#519=SURFACE_STYLE_USAGE(.BOTH.,#874);
#520=FACE_OUTER_BOUND('',#875,.T.);
#521=PLANE('',#876);
#522=SURFACE_STYLE_USAGE(.BOTH.,#877);
#523=FACE_OUTER_BOUND('',#878,.T.);
#524=PLANE('',#879);
#525=SURFACE_STYLE_USAGE(.BOTH.,#880);
#526=FACE_OUTER_BOUND('',#881,.T.);
#527=PLANE('',#882);
#528=SURFACE_STYLE_USAGE(.BOTH.,#883);
#529=FACE_OUTER_BOUND('',#884,.T.);
#530=CYLINDRICAL_SURFACE('',#885,0.0300000000000001);
#531=SURFACE_STYLE_USAGE(.BOTH.,#886);
#532=FACE_OUTER_BOUND('',#887,.T.);
#533=PLANE('',#888);
#534=SURFACE_STYLE_USAGE(.BOTH.,#889);
#535=FACE_OUTER_BOUND('',#890,.T.);
#536=PLANE('',#891);
#537=SURFACE_STYLE_USAGE(.BOTH.,#892);
#538=FACE_OUTER_BOUND('',#893,.T.);
#539=CYLINDRICAL_SURFACE('',#894,0.0300000000000001);
#540=SURFACE_STYLE_USAGE(.BOTH.,#895);
#541=FACE_OUTER_BOUND('',#896,.T.);
#542=PLANE('',#897);
#543=SURFACE_STYLE_USAGE(.BOTH.,#898);
#544=FACE_OUTER_BOUND('',#899,.T.);
#545=CYLINDRICAL_SURFACE('',#900,0.0699999999999998);
#546=SURFACE_STYLE_USAGE(.BOTH.,#901);
#547=FACE_OUTER_BOUND('',#902,.T.);
#548=PLANE('',#903);
#549=SURFACE_STYLE_USAGE(.BOTH.,#904);
#550=FACE_OUTER_BOUND('',#905,.T.);
#551=PLANE('',#906);
#552=SURFACE_STYLE_USAGE(.BOTH.,#907);
#553=FACE_OUTER_BOUND('',#908,.T.);
#554=CYLINDRICAL_SURFACE('',#909,0.101232742211513);
#555=SURFACE_STYLE_USAGE(.BOTH.,#910);
#556=FACE_OUTER_BOUND('',#911,.T.);
#557=PLANE('',#912);
#558=SURFACE_STYLE_USAGE(.BOTH.,#913);
#559=FACE_OUTER_BOUND('',#914,.T.);
#560=CYLINDRICAL_SURFACE('',#915,0.101232742211513);
#561=SURFACE_STYLE_USAGE(.BOTH.,#916);
#562=FACE_OUTER_BOUND('',#917,.T.);
#563=PLANE('',#918);
#564=SURFACE_STYLE_USAGE(.BOTH.,#919);
#565=FACE_OUTER_BOUND('',#920,.T.);
#566=CYLINDRICAL_SURFACE('',#921,0.0699999999999998);
#567=SURFACE_STYLE_USAGE(.BOTH.,#922);
#568=FACE_OUTER_BOUND('',#923,.T.);
#569=PLANE('',#924);
#570=SURFACE_STYLE_USAGE(.BOTH.,#925);
#571=FACE_OUTER_BOUND('',#926,.T.);
#572=PLANE('',#927);
#573=SURFACE_STYLE_USAGE(.BOTH.,#928);
#574=FACE_OUTER_BOUND('',#929,.T.);
#575=PLANE('',#930);
#576=SURFACE_STYLE_USAGE(.BOTH.,#931);
#577=FACE_OUTER_BOUND('',#932,.T.);
#578=PLANE('',#933);
#579=SURFACE_STYLE_USAGE(.BOTH.,#934);
#580=FACE_OUTER_BOUND('',#935,.T.);
#581=PLANE('',#936);
#582=SURFACE_STYLE_USAGE(.BOTH.,#937);
#583=FACE_OUTER_BOUND('',#938,.T.);
#584=CYLINDRICAL_SURFACE('',#939,0.0300000000000001);
#585=SURFACE_STYLE_USAGE(.BOTH.,#940);
#586=FACE_OUTER_BOUND('',#941,.T.);
#587=CYLINDRICAL_SURFACE('',#942,0.0300000000000001);
#588=SURFACE_STYLE_USAGE(.BOTH.,#943);
#589=FACE_OUTER_BOUND('',#944,.T.);
#590=CYLINDRICAL_SURFACE('',#945,0.0300000000000001);
#591=SURFACE_STYLE_USAGE(.BOTH.,#946);
#592=FACE_OUTER_BOUND('',#947,.T.);
#593=PLANE('',#948);
#594=SURFACE_STYLE_USAGE(.BOTH.,#949);
#595=FACE_OUTER_BOUND('',#950,.T.);
#596=PLANE('',#951);
#597=SURFACE_STYLE_USAGE(.BOTH.,#952);
#598=FACE_OUTER_BOUND('',#953,.T.);
#599=PLANE('',#954);
#600=SURFACE_STYLE_USAGE(.BOTH.,#955);
#601=FACE_OUTER_BOUND('',#956,.T.);
#602=CYLINDRICAL_SURFACE('',#957,0.2);
#603=SURFACE_STYLE_USAGE(.BOTH.,#958);
#604=FACE_OUTER_BOUND('',#959,.T.);
#605=PLANE('',#960);
#606=SURFACE_STYLE_USAGE(.BOTH.,#961);
#607=FACE_OUTER_BOUND('',#962,.T.);
#608=PLANE('',#963);
#609=SURFACE_STYLE_USAGE(.BOTH.,#964);
#610=FACE_OUTER_BOUND('',#965,.T.);
#611=PLANE('',#966);
#612=SURFACE_STYLE_USAGE(.BOTH.,#967);
#613=FACE_OUTER_BOUND('',#968,.T.);
#614=CYLINDRICAL_SURFACE('',#969,0.2);
#615=SURFACE_STYLE_USAGE(.BOTH.,#970);
#616=FACE_OUTER_BOUND('',#971,.T.);
#617=PLANE('',#972);
#618=SURFACE_STYLE_USAGE(.BOTH.,#973);
#619=FACE_OUTER_BOUND('',#974,.T.);
#620=CYLINDRICAL_SURFACE('',#975,0.2);
#621=SURFACE_STYLE_USAGE(.BOTH.,#976);
#622=FACE_OUTER_BOUND('',#977,.T.);
#623=PLANE('',#978);
#624=SURFACE_STYLE_USAGE(.BOTH.,#979);
#625=FACE_OUTER_BOUND('',#980,.T.);
#626=CYLINDRICAL_SURFACE('',#981,0.2);
#627=SURFACE_STYLE_USAGE(.BOTH.,#982);
#628=FACE_OUTER_BOUND('',#983,.T.);
#629=PLANE('',#984);
#630=SURFACE_STYLE_USAGE(.BOTH.,#985);
#631=FACE_OUTER_BOUND('',#986,.T.);
#632=PLANE('',#987);
#633=SURFACE_STYLE_USAGE(.BOTH.,#988);
#634=FACE_OUTER_BOUND('',#989,.T.);
#635=PLANE('',#990);
#636=SURFACE_STYLE_USAGE(.BOTH.,#991);
#637=FACE_OUTER_BOUND('',#992,.T.);
#638=PLANE('',#993);
#639=SURFACE_STYLE_USAGE(.BOTH.,#994);
#640=FACE_OUTER_BOUND('',#995,.T.);
#641=CYLINDRICAL_SURFACE('',#996,0.2);
#642=SURFACE_STYLE_USAGE(.BOTH.,#997);
#643=FACE_OUTER_BOUND('',#998,.T.);
#644=PLANE('',#999);
#645=SURFACE_STYLE_USAGE(.BOTH.,#1000);
#646=FACE_OUTER_BOUND('',#1001,.T.);
#647=PLANE('',#1002);
#648=SURFACE_STYLE_USAGE(.BOTH.,#1003);
#649=FACE_OUTER_BOUND('',#1004,.T.);
#650=PLANE('',#1005);
#651=SURFACE_STYLE_USAGE(.BOTH.,#1006);
#652=FACE_OUTER_BOUND('',#1007,.T.);
#653=PLANE('',#1008);
#654=SURFACE_STYLE_USAGE(.BOTH.,#1009);
#655=FACE_OUTER_BOUND('',#1010,.T.);
#656=PLANE('',#1011);
#657=SURFACE_STYLE_USAGE(.BOTH.,#1012);
#658=FACE_OUTER_BOUND('',#1013,.T.);
#659=CYLINDRICAL_SURFACE('',#1014,0.2);
#660=SURFACE_STYLE_USAGE(.BOTH.,#1015);
#661=FACE_OUTER_BOUND('',#1016,.T.);
#662=PLANE('',#1017);
#663=SURFACE_STYLE_USAGE(.BOTH.,#1018);
#664=FACE_OUTER_BOUND('',#1019,.T.);
#665=PLANE('',#1020);
#666=SURFACE_STYLE_USAGE(.BOTH.,#1021);
#667=FACE_OUTER_BOUND('',#1022,.T.);
#668=PLANE('',#1023);
#669=SURFACE_STYLE_USAGE(.BOTH.,#1024);
#670=FACE_OUTER_BOUND('',#1025,.T.);
#671=CYLINDRICAL_SURFACE('',#1026,0.0699999999999998);
#672=SURFACE_STYLE_USAGE(.BOTH.,#1027);
#673=FACE_OUTER_BOUND('',#1028,.T.);
#674=PLANE('',#1029);
#675=SURFACE_STYLE_USAGE(.BOTH.,#1030);
#676=FACE_OUTER_BOUND('',#1031,.T.);
#677=CYLINDRICAL_SURFACE('',#1032,0.0300000000000001);
#678=SURFACE_STYLE_USAGE(.BOTH.,#1033);
#679=FACE_OUTER_BOUND('',#1034,.T.);
#680=PLANE('',#1035);
#681=SURFACE_STYLE_USAGE(.BOTH.,#1036);
#682=FACE_OUTER_BOUND('',#1037,.T.);
#683=PLANE('',#1038);
#684=SURFACE_STYLE_USAGE(.BOTH.,#1039);
#685=FACE_OUTER_BOUND('',#1040,.T.);
#686=PLANE('',#1041);
#687=SURFACE_STYLE_USAGE(.BOTH.,#1042);
#688=FACE_OUTER_BOUND('',#1043,.T.);
#689=CYLINDRICAL_SURFACE('',#1044,1.165);
#690=SURFACE_STYLE_USAGE(.BOTH.,#1045);
#691=FACE_OUTER_BOUND('',#1046,.T.);
#692=PLANE('',#1047);
#693=SURFACE_STYLE_USAGE(.BOTH.,#1048);
#694=FACE_OUTER_BOUND('',#1049,.T.);
#695=PLANE('',#1050);
#696=SURFACE_STYLE_USAGE(.BOTH.,#1051);
#697=FACE_OUTER_BOUND('',#1052,.T.);
#698=PLANE('',#1053);
#699=SURFACE_STYLE_USAGE(.BOTH.,#1054);
#700=FACE_OUTER_BOUND('',#1055,.T.);
#701=PLANE('',#1056);
#702=SURFACE_STYLE_USAGE(.BOTH.,#1057);
#703=FACE_OUTER_BOUND('',#1058,.T.);
#704=PLANE('',#1059);
#705=SURFACE_STYLE_USAGE(.BOTH.,#1060);
#706=FACE_OUTER_BOUND('',#1061,.T.);
#707=PLANE('',#1062);
#708=SURFACE_STYLE_USAGE(.BOTH.,#1063);
#709=FACE_OUTER_BOUND('',#1064,.T.);
#710=PLANE('',#1065);
#711=SURFACE_STYLE_USAGE(.BOTH.,#1066);
#712=FACE_OUTER_BOUND('',#1067,.T.);
#713=FACE_BOUND('',#1068,.T.);
#714=PLANE('',#1069);
#715=SURFACE_STYLE_USAGE(.BOTH.,#1070);
#716=FACE_OUTER_BOUND('',#1071,.T.);
#717=PLANE('',#1072);
#718=SURFACE_STYLE_USAGE(.BOTH.,#1073);
#719=FACE_OUTER_BOUND('',#1074,.T.);
#720=PLANE('',#1075);
#721=SURFACE_STYLE_USAGE(.BOTH.,#1076);
#722=FACE_OUTER_BOUND('',#1077,.T.);
#723=PLANE('',#1078);
#724=SURFACE_STYLE_USAGE(.BOTH.,#1079);
#725=CLOSED_SHELL('',(#142,#144,#146,#148,#150,#152,#154,#156,#158,#160,#162,#164,#166,#168,#170,#172,#174,#176,#178,#180,#182,#184,#186,#188,#190,#192,#194,#196,#198,#200,#202,#204,#206,#208,#210,#212,#214,#216,#218,#220,#222,#224,#226,#228,#230,#232,#234,#236,#238,#240,#242,#244,#246,#248,#250,#252,#254,#256,#258,#260,#262,#264,#266,#268,#270,#272,#274,#276,#278,#280,#282,#284,#286,#288,#290,#292,#294,#296,#298,#300,#302,#304,#306,#308,#310,#312,#314,#316,#318,#320,#322,#324,#326,#328,#330,#332,#334,#336,#338,#340,#342,#344,#346,#348,#350,#352,#354,#356,#358,#360,#362,#364));
#726=PRODUCT_CONTEXT('',#125,'mechanical');
#727=PRODUCT_DEFINITION_FORMATION_WITH_SPECIFIED_SOURCE('ANY','NONE',#367,.NOT_KNOWN.);
#728=CARTESIAN_POINT('',(0.0,0.0,0.0));
#729=DIRECTION('',(0.0,0.0,1.0));
#730=DIRECTION('',(1.0,0.0,0.0));
#731=CARTESIAN_POINT('',(0.0,0.0,0.0));
#732=DIRECTION('',(0.0,0.0,1.0));
#733=DIRECTION('',(1.0,0.0,0.0));
#734= (NAMED_UNIT(#376)LENGTH_UNIT()SI_UNIT(.MILLI.,.METRE.));
#735=SURFACE_SIDE_STYLE('',(#1081));
#736=ADVANCED_FACE('NONE',(#1082),#1083,.T.);
#737=ADVANCED_FACE('NONE',(#1084),#1085,.T.);
#738=ADVANCED_FACE('NONE',(#1086),#1087,.T.);
#739=ADVANCED_FACE('NONE',(#1088),#1089,.T.);
#740=ADVANCED_FACE('NONE',(#1090),#1091,.T.);
#741=SURFACE_SIDE_STYLE('',(#1092));
#742=EDGE_LOOP('',(#1093,#1094,#1095,#1096));
#743=AXIS2_PLACEMENT_3D('',#1097,#1098,#1099);
#744=SURFACE_SIDE_STYLE('',(#1100));
#745=EDGE_LOOP('',(#1101,#1102,#1103,#1104));
#746=AXIS2_PLACEMENT_3D('',#1105,#1106,#1107);
#747=SURFACE_SIDE_STYLE('',(#1108));
#748=EDGE_LOOP('',(#1109,#1110,#1111,#1112,#1113,#1114,#1115,#1116,#1117,#1118,#1119,#1120,#1121));
#749=AXIS2_PLACEMENT_3D('',#1122,#1123,#1124);
#750=SURFACE_SIDE_STYLE('',(#1125));
#751=EDGE_LOOP('',(#1126,#1127,#1128,#1129));
#752=AXIS2_PLACEMENT_3D('',#1130,#1131,#1132);
#753=SURFACE_SIDE_STYLE('',(#1133));
#754=EDGE_LOOP('',(#1134,#1135,#1136,#1137));
#755=AXIS2_PLACEMENT_3D('',#1138,#1139,#1140);
#756=SURFACE_SIDE_STYLE('',(#1141));
#757=EDGE_LOOP('',(#1142,#1143,#1144,#1145));
#758=AXIS2_PLACEMENT_3D('',#1146,#1147,#1148);
#759=SURFACE_SIDE_STYLE('',(#1149));
#760=EDGE_LOOP('',(#1150,#1151));
#761=AXIS2_PLACEMENT_3D('',#1152,#1153,#1154);
#762=SURFACE_SIDE_STYLE('',(#1155));
#763=EDGE_LOOP('',(#1156,#1157,#1158,#1159));
#764=AXIS2_PLACEMENT_3D('',#1160,#1161,#1162);
#765=SURFACE_SIDE_STYLE('',(#1163));
#766=EDGE_LOOP('',(#1164,#1165,#1166,#1167));
#767=AXIS2_PLACEMENT_3D('',#1168,#1169,#1170);
#768=SURFACE_SIDE_STYLE('',(#1171));
#769=EDGE_LOOP('',(#1172,#1173,#1174,#1175));
#770=EDGE_LOOP('',(#1176,#1177));
#771=AXIS2_PLACEMENT_3D('',#1178,#1179,#1180);
#772=SURFACE_SIDE_STYLE('',(#1181));
#773=EDGE_LOOP('',(#1182,#1183,#1184,#1185));
#774=AXIS2_PLACEMENT_3D('',#1186,#1187,#1188);
#775=SURFACE_SIDE_STYLE('',(#1189));
#776=EDGE_LOOP('',(#1190,#1191,#1192,#1193));
#777=AXIS2_PLACEMENT_3D('',#1194,#1195,#1196);
#778=SURFACE_SIDE_STYLE('',(#1197));
#779=EDGE_LOOP('',(#1198,#1199,#1200,#1201));
#780=AXIS2_PLACEMENT_3D('',#1202,#1203,#1204);
#781=SURFACE_SIDE_STYLE('',(#1205));
#782=EDGE_LOOP('',(#1206,#1207,#1208,#1209));
#783=AXIS2_PLACEMENT_3D('',#1210,#1211,#1212);
#784=SURFACE_SIDE_STYLE('',(#1213));
#785=EDGE_LOOP('',(#1214,#1215,#1216,#1217));
#786=AXIS2_PLACEMENT_3D('',#1218,#1219,#1220);
#787=SURFACE_SIDE_STYLE('',(#1221));
#788=EDGE_LOOP('',(#1222,#1223,#1224,#1225));
#789=AXIS2_PLACEMENT_3D('',#1226,#1227,#1228);
#790=SURFACE_SIDE_STYLE('',(#1229));
#791=EDGE_LOOP('',(#1230,#1231,#1232,#1233));
#792=AXIS2_PLACEMENT_3D('',#1234,#1235,#1236);
#793=SURFACE_SIDE_STYLE('',(#1237));
#794=EDGE_LOOP('',(#1238,#1239,#1240,#1241));
#795=AXIS2_PLACEMENT_3D('',#1242,#1243,#1244);
#796=SURFACE_SIDE_STYLE('',(#1245));
#797=EDGE_LOOP('',(#1246,#1247,#1248,#1249));
#798=AXIS2_PLACEMENT_3D('',#1250,#1251,#1252);
#799=SURFACE_SIDE_STYLE('',(#1253));
#800=EDGE_LOOP('',(#1254,#1255,#1256,#1257));
#801=AXIS2_PLACEMENT_3D('',#1258,#1259,#1260);
#802=SURFACE_SIDE_STYLE('',(#1261));
#803=EDGE_LOOP('',(#1262,#1263,#1264,#1265));
#804=AXIS2_PLACEMENT_3D('',#1266,#1267,#1268);
#805=SURFACE_SIDE_STYLE('',(#1269));
#806=EDGE_LOOP('',(#1270,#1271,#1272,#1273));
#807=AXIS2_PLACEMENT_3D('',#1274,#1275,#1276);
#808=SURFACE_SIDE_STYLE('',(#1277));
#809=EDGE_LOOP('',(#1278,#1279,#1280,#1281));
#810=AXIS2_PLACEMENT_3D('',#1282,#1283,#1284);
#811=SURFACE_SIDE_STYLE('',(#1285));
#812=EDGE_LOOP('',(#1286,#1287,#1288,#1289));
#813=AXIS2_PLACEMENT_3D('',#1290,#1291,#1292);
#814=SURFACE_SIDE_STYLE('',(#1293));
#815=EDGE_LOOP('',(#1294,#1295,#1296,#1297));
#816=AXIS2_PLACEMENT_3D('',#1298,#1299,#1300);
#817=SURFACE_SIDE_STYLE('',(#1301));
#818=EDGE_LOOP('',(#1302,#1303,#1304,#1305));
#819=AXIS2_PLACEMENT_3D('',#1306,#1307,#1308);
#820=SURFACE_SIDE_STYLE('',(#1309));
#821=EDGE_LOOP('',(#1310,#1311,#1312,#1313));
#822=AXIS2_PLACEMENT_3D('',#1314,#1315,#1316);
#823=SURFACE_SIDE_STYLE('',(#1317));
#824=EDGE_LOOP('',(#1318,#1319,#1320,#1321));
#825=AXIS2_PLACEMENT_3D('',#1322,#1323,#1324);
#826=SURFACE_SIDE_STYLE('',(#1325));
#827=EDGE_LOOP('',(#1326,#1327,#1328,#1329));
#828=AXIS2_PLACEMENT_3D('',#1330,#1331,#1332);
#829=SURFACE_SIDE_STYLE('',(#1333));
#830=EDGE_LOOP('',(#1334,#1335,#1336,#1337));
#831=AXIS2_PLACEMENT_3D('',#1338,#1339,#1340);
#832=SURFACE_SIDE_STYLE('',(#1341));
#833=EDGE_LOOP('',(#1342,#1343,#1344,#1345,#1346,#1347,#1348,#1349));
#834=AXIS2_PLACEMENT_3D('',#1350,#1351,#1352);
#835=SURFACE_SIDE_STYLE('',(#1353));
#836=EDGE_LOOP('',(#1354,#1355,#1356,#1357));
#837=AXIS2_PLACEMENT_3D('',#1358,#1359,#1360);
#838=SURFACE_SIDE_STYLE('',(#1361));
#839=EDGE_LOOP('',(#1362,#1363,#1364,#1365));
#840=AXIS2_PLACEMENT_3D('',#1366,#1367,#1368);
#841=SURFACE_SIDE_STYLE('',(#1369));
#842=EDGE_LOOP('',(#1370,#1371,#1372,#1373,#1374,#1375,#1376,#1377));
#843=AXIS2_PLACEMENT_3D('',#1378,#1379,#1380);
#844=SURFACE_SIDE_STYLE('',(#1381));
#845=EDGE_LOOP('',(#1382,#1383,#1384,#1385));
#846=AXIS2_PLACEMENT_3D('',#1386,#1387,#1388);
#847=SURFACE_SIDE_STYLE('',(#1389));
#848=EDGE_LOOP('',(#1390,#1391,#1392,#1393));
#849=AXIS2_PLACEMENT_3D('',#1394,#1395,#1396);
#850=SURFACE_SIDE_STYLE('',(#1397));
#851=EDGE_LOOP('',(#1398,#1399,#1400,#1401));
#852=AXIS2_PLACEMENT_3D('',#1402,#1403,#1404);
#853=SURFACE_SIDE_STYLE('',(#1405));
#854=EDGE_LOOP('',(#1406,#1407,#1408,#1409));
#855=AXIS2_PLACEMENT_3D('',#1410,#1411,#1412);
#856=SURFACE_SIDE_STYLE('',(#1413));
#857=EDGE_LOOP('',(#1414,#1415,#1416,#1417,#1418,#1419,#1420,#1421));
#858=AXIS2_PLACEMENT_3D('',#1422,#1423,#1424);
#859=SURFACE_SIDE_STYLE('',(#1425));
#860=EDGE_LOOP('',(#1426,#1427,#1428,#1429));
#861=AXIS2_PLACEMENT_3D('',#1430,#1431,#1432);
#862=SURFACE_SIDE_STYLE('',(#1433));
#863=EDGE_LOOP('',(#1434,#1435,#1436,#1437,#1438,#1439,#1440,#1441));
#864=AXIS2_PLACEMENT_3D('',#1442,#1443,#1444);
#865=SURFACE_SIDE_STYLE('',(#1445));
#866=EDGE_LOOP('',(#1446,#1447,#1448,#1449));
#867=AXIS2_PLACEMENT_3D('',#1450,#1451,#1452);
#868=SURFACE_SIDE_STYLE('',(#1453));
#869=EDGE_LOOP('',(#1454,#1455,#1456,#1457));
#870=AXIS2_PLACEMENT_3D('',#1458,#1459,#1460);
#871=SURFACE_SIDE_STYLE('',(#1461));
#872=EDGE_LOOP('',(#1462,#1463,#1464,#1465));
#873=AXIS2_PLACEMENT_3D('',#1466,#1467,#1468);
#874=SURFACE_SIDE_STYLE('',(#1469));
#875=EDGE_LOOP('',(#1470,#1471,#1472,#1473,#1474,#1475,#1476,#1477));
#876=AXIS2_PLACEMENT_3D('',#1478,#1479,#1480);
#877=SURFACE_SIDE_STYLE('',(#1481));
#878=EDGE_LOOP('',(#1482,#1483,#1484,#1485));
#879=AXIS2_PLACEMENT_3D('',#1486,#1487,#1488);
#880=SURFACE_SIDE_STYLE('',(#1489));
#881=EDGE_LOOP('',(#1490,#1491,#1492,#1493,#1494,#1495,#1496,#1497));
#882=AXIS2_PLACEMENT_3D('',#1498,#1499,#1500);
#883=SURFACE_SIDE_STYLE('',(#1501));
#884=EDGE_LOOP('',(#1502,#1503,#1504,#1505));
#885=AXIS2_PLACEMENT_3D('',#1506,#1507,#1508);
#886=SURFACE_SIDE_STYLE('',(#1509));
#887=EDGE_LOOP('',(#1510,#1511,#1512,#1513));
#888=AXIS2_PLACEMENT_3D('',#1514,#1515,#1516);
#889=SURFACE_SIDE_STYLE('',(#1517));
#890=EDGE_LOOP('',(#1518,#1519,#1520,#1521,#1522,#1523,#1524,#1525));
#891=AXIS2_PLACEMENT_3D('',#1526,#1527,#1528);
#892=SURFACE_SIDE_STYLE('',(#1529));
#893=EDGE_LOOP('',(#1530,#1531,#1532,#1533));
#894=AXIS2_PLACEMENT_3D('',#1534,#1535,#1536);
#895=SURFACE_SIDE_STYLE('',(#1537));
#896=EDGE_LOOP('',(#1538,#1539,#1540,#1541));
#897=AXIS2_PLACEMENT_3D('',#1542,#1543,#1544);
#898=SURFACE_SIDE_STYLE('',(#1545));
#899=EDGE_LOOP('',(#1546,#1547,#1548,#1549));
#900=AXIS2_PLACEMENT_3D('',#1550,#1551,#1552);
#901=SURFACE_SIDE_STYLE('',(#1553));
#902=EDGE_LOOP('',(#1554,#1555,#1556,#1557,#1558,#1559,#1560,#1561));
#903=AXIS2_PLACEMENT_3D('',#1562,#1563,#1564);
#904=SURFACE_SIDE_STYLE('',(#1565));
#905=EDGE_LOOP('',(#1566,#1567,#1568,#1569));
#906=AXIS2_PLACEMENT_3D('',#1570,#1571,#1572);
#907=SURFACE_SIDE_STYLE('',(#1573));
#908=EDGE_LOOP('',(#1574,#1575,#1576,#1577));
#909=AXIS2_PLACEMENT_3D('',#1578,#1579,#1580);
#910=SURFACE_SIDE_STYLE('',(#1581));
#911=EDGE_LOOP('',(#1582,#1583,#1584,#1585));
#912=AXIS2_PLACEMENT_3D('',#1586,#1587,#1588);
#913=SURFACE_SIDE_STYLE('',(#1589));
#914=EDGE_LOOP('',(#1590,#1591,#1592,#1593));
#915=AXIS2_PLACEMENT_3D('',#1594,#1595,#1596);
#916=SURFACE_SIDE_STYLE('',(#1597));
#917=EDGE_LOOP('',(#1598,#1599,#1600,#1601));
#918=AXIS2_PLACEMENT_3D('',#1602,#1603,#1604);
#919=SURFACE_SIDE_STYLE('',(#1605));
#920=EDGE_LOOP('',(#1606,#1607,#1608,#1609));
#921=AXIS2_PLACEMENT_3D('',#1610,#1611,#1612);
#922=SURFACE_SIDE_STYLE('',(#1613));
#923=EDGE_LOOP('',(#1614,#1615,#1616,#1617,#1618,#1619,#1620,#1621));
#924=AXIS2_PLACEMENT_3D('',#1622,#1623,#1624);
#925=SURFACE_SIDE_STYLE('',(#1625));
#926=EDGE_LOOP('',(#1626,#1627,#1628,#1629));
#927=AXIS2_PLACEMENT_3D('',#1630,#1631,#1632);
#928=SURFACE_SIDE_STYLE('',(#1633));
#929=EDGE_LOOP('',(#1634,#1635,#1636,#1637,#1638,#1639,#1640,#1641));
#930=AXIS2_PLACEMENT_3D('',#1642,#1643,#1644);
#931=SURFACE_SIDE_STYLE('',(#1645));
#932=EDGE_LOOP('',(#1646,#1647,#1648,#1649));
#933=AXIS2_PLACEMENT_3D('',#1650,#1651,#1652);
#934=SURFACE_SIDE_STYLE('',(#1653));
#935=EDGE_LOOP('',(#1654,#1655,#1656,#1657,#1658));
#936=AXIS2_PLACEMENT_3D('',#1659,#1660,#1661);
#937=SURFACE_SIDE_STYLE('',(#1662));
#938=EDGE_LOOP('',(#1663,#1664,#1665,#1666));
#939=AXIS2_PLACEMENT_3D('',#1667,#1668,#1669);
#940=SURFACE_SIDE_STYLE('',(#1670));
#941=EDGE_LOOP('',(#1671,#1672,#1673,#1674));
#942=AXIS2_PLACEMENT_3D('',#1675,#1676,#1677);
#943=SURFACE_SIDE_STYLE('',(#1678));
#944=EDGE_LOOP('',(#1679,#1680,#1681,#1682));
#945=AXIS2_PLACEMENT_3D('',#1683,#1684,#1685);
#946=SURFACE_SIDE_STYLE('',(#1686));
#947=EDGE_LOOP('',(#1687,#1688,#1689,#1690,#1691,#1692,#1693,#1694,#1695));
#948=AXIS2_PLACEMENT_3D('',#1696,#1697,#1698);
#949=SURFACE_SIDE_STYLE('',(#1699));
#950=EDGE_LOOP('',(#1700,#1701,#1702,#1703));
#951=AXIS2_PLACEMENT_3D('',#1704,#1705,#1706);
#952=SURFACE_SIDE_STYLE('',(#1707));
#953=EDGE_LOOP('',(#1708,#1709,#1710,#1711,#1712,#1713,#1714,#1715,#1716));
#954=AXIS2_PLACEMENT_3D('',#1717,#1718,#1719);
#955=SURFACE_SIDE_STYLE('',(#1720));
#956=EDGE_LOOP('',(#1721,#1722,#1723,#1724));
#957=AXIS2_PLACEMENT_3D('',#1725,#1726,#1727);
#958=SURFACE_SIDE_STYLE('',(#1728));
#959=EDGE_LOOP('',(#1729,#1730,#1731,#1732,#1733,#1734,#1735,#1736,#1737));
#960=AXIS2_PLACEMENT_3D('',#1738,#1739,#1740);
#961=SURFACE_SIDE_STYLE('',(#1741));
#962=EDGE_LOOP('',(#1742,#1743,#1744,#1745));
#963=AXIS2_PLACEMENT_3D('',#1746,#1747,#1748);
#964=SURFACE_SIDE_STYLE('',(#1749));
#965=EDGE_LOOP('',(#1750,#1751,#1752,#1753,#1754,#1755,#1756,#1757,#1758));
#966=AXIS2_PLACEMENT_3D('',#1759,#1760,#1761);
#967=SURFACE_SIDE_STYLE('',(#1762));
#968=EDGE_LOOP('',(#1763,#1764,#1765,#1766));
#969=AXIS2_PLACEMENT_3D('',#1767,#1768,#1769);
#970=SURFACE_SIDE_STYLE('',(#1770));
#971=EDGE_LOOP('',(#1771,#1772,#1773,#1774,#1775,#1776,#1777,#1778,#1779));
#972=AXIS2_PLACEMENT_3D('',#1780,#1781,#1782);
#973=SURFACE_SIDE_STYLE('',(#1783));
#974=EDGE_LOOP('',(#1784,#1785,#1786,#1787));
#975=AXIS2_PLACEMENT_3D('',#1788,#1789,#1790);
#976=SURFACE_SIDE_STYLE('',(#1791));
#977=EDGE_LOOP('',(#1792,#1793));
#978=AXIS2_PLACEMENT_3D('',#1794,#1795,#1796);
#979=SURFACE_SIDE_STYLE('',(#1797));
#980=EDGE_LOOP('',(#1798,#1799,#1800,#1801));
#981=AXIS2_PLACEMENT_3D('',#1802,#1803,#1804);
#982=SURFACE_SIDE_STYLE('',(#1805));
#983=EDGE_LOOP('',(#1806,#1807,#1808,#1809,#1810,#1811,#1812,#1813,#1814));
#984=AXIS2_PLACEMENT_3D('',#1815,#1816,#1817);
#985=SURFACE_SIDE_STYLE('',(#1818));
#986=EDGE_LOOP('',(#1819,#1820,#1821,#1822,#1823,#1824,#1825,#1826,#1827));
#987=AXIS2_PLACEMENT_3D('',#1828,#1829,#1830);
#988=SURFACE_SIDE_STYLE('',(#1831));
#989=EDGE_LOOP('',(#1832,#1833,#1834,#1835,#1836,#1837));
#990=AXIS2_PLACEMENT_3D('',#1838,#1839,#1840);
#991=SURFACE_SIDE_STYLE('',(#1841));
#992=EDGE_LOOP('',(#1842,#1843,#1844,#1845,#1846,#1847,#1848,#1849,#1850));
#993=AXIS2_PLACEMENT_3D('',#1851,#1852,#1853);
#994=SURFACE_SIDE_STYLE('',(#1854));
#995=EDGE_LOOP('',(#1855,#1856,#1857,#1858));
#996=AXIS2_PLACEMENT_3D('',#1859,#1860,#1861);
#997=SURFACE_SIDE_STYLE('',(#1862));
#998=EDGE_LOOP('',(#1863,#1864,#1865,#1866,#1867,#1868,#1869,#1870,#1871));
#999=AXIS2_PLACEMENT_3D('',#1872,#1873,#1874);
#1000=SURFACE_SIDE_STYLE('',(#1875));
#1001=EDGE_LOOP('',(#1876,#1877,#1878,#1879));
#1002=AXIS2_PLACEMENT_3D('',#1880,#1881,#1882);
#1003=SURFACE_SIDE_STYLE('',(#1883));
#1004=EDGE_LOOP('',(#1884,#1885,#1886,#1887,#1888,#1889,#1890,#1891,#1892));
#1005=AXIS2_PLACEMENT_3D('',#1893,#1894,#1895);
#1006=SURFACE_SIDE_STYLE('',(#1896));
#1007=EDGE_LOOP('',(#1897,#1898,#1899,#1900));
#1008=AXIS2_PLACEMENT_3D('',#1901,#1902,#1903);
#1009=SURFACE_SIDE_STYLE('',(#1904));
#1010=EDGE_LOOP('',(#1905,#1906,#1907,#1908,#1909));
#1011=AXIS2_PLACEMENT_3D('',#1910,#1911,#1912);
#1012=SURFACE_SIDE_STYLE('',(#1913));
#1013=EDGE_LOOP('',(#1914,#1915,#1916,#1917));
#1014=AXIS2_PLACEMENT_3D('',#1918,#1919,#1920);
#1015=SURFACE_SIDE_STYLE('',(#1921));
#1016=EDGE_LOOP('',(#1922,#1923,#1924,#1925,#1926,#1927,#1928,#1929));
#1017=AXIS2_PLACEMENT_3D('',#1930,#1931,#1932);
#1018=SURFACE_SIDE_STYLE('',(#1933));
#1019=EDGE_LOOP('',(#1934,#1935,#1936,#1937));
#1020=AXIS2_PLACEMENT_3D('',#1938,#1939,#1940);
#1021=SURFACE_SIDE_STYLE('',(#1941));
#1022=EDGE_LOOP('',(#1942,#1943,#1944,#1945,#1946,#1947,#1948,#1949));
#1023=AXIS2_PLACEMENT_3D('',#1950,#1951,#1952);
#1024=SURFACE_SIDE_STYLE('',(#1953));
#1025=EDGE_LOOP('',(#1954,#1955,#1956,#1957));
#1026=AXIS2_PLACEMENT_3D('',#1958,#1959,#1960);
#1027=SURFACE_SIDE_STYLE('',(#1961));
#1028=EDGE_LOOP('',(#1962,#1963,#1964,#1965));
#1029=AXIS2_PLACEMENT_3D('',#1966,#1967,#1968);
#1030=SURFACE_SIDE_STYLE('',(#1969));
#1031=EDGE_LOOP('',(#1970,#1971,#1972,#1973));
#1032=AXIS2_PLACEMENT_3D('',#1974,#1975,#1976);
#1033=SURFACE_SIDE_STYLE('',(#1977));
#1034=EDGE_LOOP('',(#1978,#1979,#1980,#1981,#1982,#1983,#1984,#1985,#1986));
#1035=AXIS2_PLACEMENT_3D('',#1987,#1988,#1989);
#1036=SURFACE_SIDE_STYLE('',(#1990));
#1037=EDGE_LOOP('',(#1991,#1992,#1993,#1994,#1995,#1996,#1997,#1998,#1999));
#1038=AXIS2_PLACEMENT_3D('',#2000,#2001,#2002);
#1039=SURFACE_SIDE_STYLE('',(#2003));
#1040=EDGE_LOOP('',(#2004,#2005,#2006,#2007,#2008,#2009,#2010,#2011,#2012,#2013,#2014,#2015,#2016,#2017,#2018,#2019));
#1041=AXIS2_PLACEMENT_3D('',#2020,#2021,#2022);
#1042=SURFACE_SIDE_STYLE('',(#2023));
#1043=EDGE_LOOP('',(#2024,#2025,#2026,#2027));
#1044=AXIS2_PLACEMENT_3D('',#2028,#2029,#2030);
#1045=SURFACE_SIDE_STYLE('',(#2031));
#1046=EDGE_LOOP('',(#2032,#2033,#2034,#2035,#2036,#2037,#2038,#2039,#2040,#2041,#2042,#2043,#2044,#2045,#2046,#2047));
#1047=AXIS2_PLACEMENT_3D('',#2048,#2049,#2050);
#1048=SURFACE_SIDE_STYLE('',(#2051));
#1049=EDGE_LOOP('',(#2052,#2053,#2054,#2055,#2056,#2057,#2058,#2059,#2060,#2061,#2062,#2063,#2064,#2065,#2066,#2067,#2068,#2069,#2070));
#1050=AXIS2_PLACEMENT_3D('',#2071,#2072,#2073);
#1051=SURFACE_SIDE_STYLE('',(#2074));
#1052=EDGE_LOOP('',(#2075,#2076,#2077));
#1053=AXIS2_PLACEMENT_3D('',#2078,#2079,#2080);
#1054=SURFACE_SIDE_STYLE('',(#2081));
#1055=EDGE_LOOP('',(#2082,#2083,#2084,#2085));
#1056=AXIS2_PLACEMENT_3D('',#2086,#2087,#2088);
#1057=SURFACE_SIDE_STYLE('',(#2089));
#1058=EDGE_LOOP('',(#2090,#2091,#2092,#2093,#2094,#2095,#2096,#2097,#2098));
#1059=AXIS2_PLACEMENT_3D('',#2099,#2100,#2101);
#1060=SURFACE_SIDE_STYLE('',(#2102));
#1061=EDGE_LOOP('',(#2103,#2104,#2105,#2106));
#1062=AXIS2_PLACEMENT_3D('',#2107,#2108,#2109);
#1063=SURFACE_SIDE_STYLE('',(#2110));
#1064=EDGE_LOOP('',(#2111,#2112,#2113,#2114));
#1065=AXIS2_PLACEMENT_3D('',#2115,#2116,#2117);
#1066=SURFACE_SIDE_STYLE('',(#2118));
#1067=EDGE_LOOP('',(#2119,#2120,#2121,#2122,#2123));
#1068=EDGE_LOOP('',(#2124,#2125));
#1069=AXIS2_PLACEMENT_3D('',#2126,#2127,#2128);
#1070=SURFACE_SIDE_STYLE('',(#2129));
#1071=EDGE_LOOP('',(#2130,#2131,#2132,#2133,#2134,#2135));
#1072=AXIS2_PLACEMENT_3D('',#2136,#2137,#2138);
#1073=SURFACE_SIDE_STYLE('',(#2139));
#1074=EDGE_LOOP('',(#2140,#2141,#2142,#2143,#2144));
#1075=AXIS2_PLACEMENT_3D('',#2145,#2146,#2147);
#1076=SURFACE_SIDE_STYLE('',(#2148));
#1077=EDGE_LOOP('',(#2149,#2150,#2151,#2152,#2153,#2154,#2155,#2156,#2157,#2158,#2159,#2160,#2161,#2162,#2163,#2164,#2165,#2166));
#1078=AXIS2_PLACEMENT_3D('',#2167,#2168,#2169);
#1079=SURFACE_SIDE_STYLE('',(#2170));
#1081=SURFACE_STYLE_FILL_AREA(#2171);
#1082=FACE_OUTER_BOUND('',#2172,.T.);
#1083=SPHERICAL_SURFACE('',#2173,0.800000000000002);
#1084=FACE_OUTER_BOUND('',#2174,.T.);
#1085=CONICAL_SURFACE('',#2175,0.783866892541561,0.201169240768617);
#1086=FACE_OUTER_BOUND('',#2176,.T.);
#1087=CONICAL_SURFACE('',#2177,0.783866892541561,0.201169240768617);
#1088=FACE_OUTER_BOUND('',#2178,.T.);
#1089=PLANE('',#2179);
#1090=FACE_OUTER_BOUND('',#2180,.T.);
#1091=SPHERICAL_SURFACE('',#2181,0.800000000000002);
#1092=SURFACE_STYLE_FILL_AREA(#2182);
#1093=ORIENTED_EDGE('',*,*,#2183,.F.);
#1094=ORIENTED_EDGE('',*,*,#2184,.T.);
#1095=ORIENTED_EDGE('',*,*,#2185,.T.);
#1096=ORIENTED_EDGE('',*,*,#2186,.F.);
#1097=CARTESIAN_POINT('',(4.33707974048514E-16,1.220405070404E-16,-1.701));
#1098=DIRECTION('',(0.0,0.0,-1.0));
#1099=DIRECTION('',(1.0,0.0,0.0));
#1100=SURFACE_STYLE_FILL_AREA(#2187);
#1101=ORIENTED_EDGE('',*,*,#2188,.F.);
#1102=ORIENTED_EDGE('',*,*,#2189,.T.);
#1103=ORIENTED_EDGE('',*,*,#2190,.T.);
#1104=ORIENTED_EDGE('',*,*,#2191,.F.);
#1105=CARTESIAN_POINT('',(4.33707974048514E-16,1.220405070404E-16,-4.09999999999932));
#1106=DIRECTION('',(0.0,0.0,1.0));
#1107=DIRECTION('',(-1.0,0.0,0.0));
#1108=SURFACE_STYLE_FILL_AREA(#2192);
#1109=ORIENTED_EDGE('',*,*,#2193,.F.);
#1110=ORIENTED_EDGE('',*,*,#2194,.F.);
#1111=ORIENTED_EDGE('',*,*,#2195,.F.);
#1112=ORIENTED_EDGE('',*,*,#2196,.F.);
#1113=ORIENTED_EDGE('',*,*,#2197,.T.);
#1114=ORIENTED_EDGE('',*,*,#2198,.F.);
#1115=ORIENTED_EDGE('',*,*,#2199,.F.);
#1116=ORIENTED_EDGE('',*,*,#2200,.F.);
#1117=ORIENTED_EDGE('',*,*,#2201,.F.);
#1118=ORIENTED_EDGE('',*,*,#2202,.F.);
#1119=ORIENTED_EDGE('',*,*,#2203,.F.);
#1120=ORIENTED_EDGE('',*,*,#2204,.F.);
#1121=ORIENTED_EDGE('',*,*,#2205,.F.);
#1122=CARTESIAN_POINT('',(1.27014750344304,1.4,-3.95034859717385));
#1123=DIRECTION('',(0.00348377363354099,-9.85334332678141E-19,0.999993931642223));
#1124=DIRECTION('',(-2.82835349344045E-16,-1.0,0.0));
#1125=SURFACE_STYLE_FILL_AREA(#2206);
#1126=ORIENTED_EDGE('',*,*,#2207,.F.);
#1127=ORIENTED_EDGE('',*,*,#2197,.F.);
#1128=ORIENTED_EDGE('',*,*,#2208,.F.);
#1129=ORIENTED_EDGE('',*,*,#2209,.F.);
#1130=CARTESIAN_POINT('',(1.2101635693277,1.4,-4.20386237092312));
#1131=DIRECTION('',(-0.999253826154602,2.82624305003811E-16,0.0386237092391179));
#1132=DIRECTION('',(2.82835349344045E-16,1.0,0.0));
#1133=SURFACE_STYLE_FILL_AREA(#2210);
#1134=ORIENTED_EDGE('',*,*,#2211,.T.);
#1135=ORIENTED_EDGE('',*,*,#2212,.T.);
#1136=ORIENTED_EDGE('',*,*,#2213,.T.);
#1137=ORIENTED_EDGE('',*,*,#2209,.T.);
#1138=CARTESIAN_POINT('',(1.11023818671223,1.4,-4.19999999999932));
#1139=DIRECTION('',(-0.0,1.0,0.0));
#1140=DIRECTION('',(1.0,0.0,0.0));
#1141=SURFACE_STYLE_FILL_AREA(#2214);
#1142=ORIENTED_EDGE('',*,*,#2215,.F.);
#1143=ORIENTED_EDGE('',*,*,#2212,.F.);
#1144=ORIENTED_EDGE('',*,*,#2216,.F.);
#1145=ORIENTED_EDGE('',*,*,#2217,.T.);
#1146=CARTESIAN_POINT('',(1.11023818671223,1.4,-4.29999999999932));
#1147=DIRECTION('',(0.0,0.0,1.0));
#1148=DIRECTION('',(1.0,0.0,0.0));
#1149=SURFACE_STYLE_FILL_AREA(#2218);
#1150=ORIENTED_EDGE('',*,*,#2219,.T.);
#1151=ORIENTED_EDGE('',*,*,#2188,.T.);
#1152=CARTESIAN_POINT('',(4.33707974048514E-16,1.220405070404E-16,-4.09999999999932));
#1153=DIRECTION('',(0.0,0.0,-1.0));
#1154=DIRECTION('',(0.0,-1.0,0.0));
#1155=SURFACE_STYLE_FILL_AREA(#2220);
#1156=ORIENTED_EDGE('',*,*,#2221,.F.);
#1157=ORIENTED_EDGE('',*,*,#2217,.F.);
#1158=ORIENTED_EDGE('',*,*,#2222,.F.);
#1159=ORIENTED_EDGE('',*,*,#2223,.T.);
#1160=CARTESIAN_POINT('',(0.613635427982659,1.4,-4.39999999999932));
#1161=DIRECTION('',(-0.939692623284395,2.65778291382665E-16,0.342020136461132));
#1162=DIRECTION('',(2.82835349344046E-16,1.0,0.0));
#1163=SURFACE_STYLE_FILL_AREA(#2224);
#1164=ORIENTED_EDGE('',*,*,#2189,.F.);
#1165=ORIENTED_EDGE('',*,*,#2219,.F.);
#1166=ORIENTED_EDGE('',*,*,#2191,.T.);
#1167=ORIENTED_EDGE('',*,*,#2225,.T.);
#1168=CARTESIAN_POINT('',(4.33707974048514E-16,1.220405070404E-16,-4.09999999999932));
#1169=DIRECTION('',(0.0,0.0,1.0));
#1170=DIRECTION('',(-1.0,0.0,0.0));
#1171=SURFACE_STYLE_FILL_AREA(#2226);
#1172=ORIENTED_EDGE('',*,*,#2227,.T.);
#1173=ORIENTED_EDGE('',*,*,#2228,.F.);
#1174=ORIENTED_EDGE('',*,*,#2223,.F.);
#1175=ORIENTED_EDGE('',*,*,#2229,.F.);
#1176=ORIENTED_EDGE('',*,*,#2225,.F.);
#1177=ORIENTED_EDGE('',*,*,#2190,.F.);
#1178=CARTESIAN_POINT('',(-0.61363542798223,1.4,-4.39999999999932));
#1179=DIRECTION('',(0.0,0.0,1.0));
#1180=DIRECTION('',(1.0,0.0,0.0));
#1181=SURFACE_STYLE_FILL_AREA(#2230);
#1182=ORIENTED_EDGE('',*,*,#2231,.T.);
#1183=ORIENTED_EDGE('',*,*,#2232,.F.);
#1184=ORIENTED_EDGE('',*,*,#2227,.F.);
#1185=ORIENTED_EDGE('',*,*,#2233,.F.);
#1186=CARTESIAN_POINT('',(-0.61363542798223,1.4,-4.39999999999932));
#1187=DIRECTION('',(0.939692623284395,-2.65778291382665E-16,0.342020136461132));
#1188=DIRECTION('',(0.0,-1.0,-7.77083753408969E-16));
#1189=SURFACE_STYLE_FILL_AREA(#2234);
#1190=ORIENTED_EDGE('',*,*,#2235,.F.);
#1191=ORIENTED_EDGE('',*,*,#2231,.F.);
#1192=ORIENTED_EDGE('',*,*,#2236,.F.);
#1193=ORIENTED_EDGE('',*,*,#2237,.F.);
#1194=CARTESIAN_POINT('',(-1.1102381867118,1.4,-4.29999999999932));
#1195=DIRECTION('',(0.0,0.0,1.0));
#1196=DIRECTION('',(1.0,0.0,0.0));
#1197=SURFACE_STYLE_FILL_AREA(#2238);
#1198=ORIENTED_EDGE('',*,*,#2239,.T.);
#1199=ORIENTED_EDGE('',*,*,#2240,.T.);
#1200=ORIENTED_EDGE('',*,*,#2241,.T.);
#1201=ORIENTED_EDGE('',*,*,#2242,.T.);
#1202=CARTESIAN_POINT('',(-0.951232742211876,-0.0558115299684611,-4.32499999999932));
#1203=DIRECTION('',(0.0,0.0,1.0));
#1204=DIRECTION('',(-1.0,0.0,0.0));
#1205=SURFACE_STYLE_FILL_AREA(#2243);
#1206=ORIENTED_EDGE('',*,*,#2244,.T.);
#1207=ORIENTED_EDGE('',*,*,#2241,.F.);
#1208=ORIENTED_EDGE('',*,*,#2245,.T.);
#1209=ORIENTED_EDGE('',*,*,#2246,.F.);
#1210=CARTESIAN_POINT('',(-0.850000000000363,1.4,-4.47944829116572));
#1211=DIRECTION('',(-0.998629534754444,2.82447733327555E-16,-0.0523359562454128));
#1212=DIRECTION('',(-0.0523359562454128,0.0,0.998629534754444));
#1213=SURFACE_STYLE_FILL_AREA(#2247);
#1214=ORIENTED_EDGE('',*,*,#2246,.T.);
#1215=ORIENTED_EDGE('',*,*,#2248,.T.);
#1216=ORIENTED_EDGE('',*,*,#2249,.T.);
#1217=ORIENTED_EDGE('',*,*,#2250,.T.);
#1218=CARTESIAN_POINT('',(-0.951232742211876,0.0558115299684614,-4.32499999999932));
#1219=DIRECTION('',(0.0,0.0,1.0));
#1220=DIRECTION('',(-1.0,0.0,0.0));
#1221=SURFACE_STYLE_FILL_AREA(#2251);
#1222=ORIENTED_EDGE('',*,*,#2252,.T.);
#1223=ORIENTED_EDGE('',*,*,#2253,.T.);
#1224=ORIENTED_EDGE('',*,*,#2254,.T.);
#1225=ORIENTED_EDGE('',*,*,#2255,.T.);
#1226=CARTESIAN_POINT('',(-0.951232742211876,-0.855811529968461,-4.32499999999932));
#1227=DIRECTION('',(0.0,0.0,1.0));
#1228=DIRECTION('',(-1.0,0.0,0.0));
#1229=SURFACE_STYLE_FILL_AREA(#2256);
#1230=ORIENTED_EDGE('',*,*,#2257,.T.);
#1231=ORIENTED_EDGE('',*,*,#2254,.F.);
#1232=ORIENTED_EDGE('',*,*,#2258,.T.);
#1233=ORIENTED_EDGE('',*,*,#2259,.F.);
#1234=CARTESIAN_POINT('',(-0.850000000000363,1.4,-4.47944829116572));
#1235=DIRECTION('',(-0.998629534754444,2.82447733327555E-16,-0.0523359562454128));
#1236=DIRECTION('',(-0.0523359562454128,0.0,0.998629534754444));
#1237=SURFACE_STYLE_FILL_AREA(#2260);
#1238=ORIENTED_EDGE('',*,*,#2259,.T.);
#1239=ORIENTED_EDGE('',*,*,#2261,.T.);
#1240=ORIENTED_EDGE('',*,*,#2262,.T.);
#1241=ORIENTED_EDGE('',*,*,#2263,.T.);
#1242=CARTESIAN_POINT('',(-0.951232742211876,-0.744188470031539,-4.32499999999932));
#1243=DIRECTION('',(0.0,0.0,1.0));
#1244=DIRECTION('',(-1.0,0.0,0.0));
#1245=SURFACE_STYLE_FILL_AREA(#2264);
#1246=ORIENTED_EDGE('',*,*,#2265,.T.);
#1247=ORIENTED_EDGE('',*,*,#2266,.T.);
#1248=ORIENTED_EDGE('',*,*,#2267,.T.);
#1249=ORIENTED_EDGE('',*,*,#2268,.T.);
#1250=CARTESIAN_POINT('',(0.951232742211877,0.0558115299684609,-4.32499999999932));
#1251=DIRECTION('',(0.0,0.0,1.0));
#1252=DIRECTION('',(-1.0,0.0,0.0));
#1253=SURFACE_STYLE_FILL_AREA(#2269);
#1254=ORIENTED_EDGE('',*,*,#2270,.T.);
#1255=ORIENTED_EDGE('',*,*,#2265,.F.);
#1256=ORIENTED_EDGE('',*,*,#2271,.T.);
#1257=ORIENTED_EDGE('',*,*,#2272,.F.);
#1258=CARTESIAN_POINT('',(0.850000000000365,1.4,-4.47944829116572));
#1259=DIRECTION('',(0.998629534754444,-2.82447733327555E-16,-0.0523359562454128));
#1260=DIRECTION('',(0.0,-1.0,5.3968199606998E-15));
#1261=SURFACE_STYLE_FILL_AREA(#2273);
#1262=ORIENTED_EDGE('',*,*,#2274,.T.);
#1263=ORIENTED_EDGE('',*,*,#2275,.T.);
#1264=ORIENTED_EDGE('',*,*,#2272,.T.);
#1265=ORIENTED_EDGE('',*,*,#2276,.T.);
#1266=CARTESIAN_POINT('',(0.951232742211877,-0.0558115299684616,-4.32499999999932));
#1267=DIRECTION('',(0.0,0.0,1.0));
#1268=DIRECTION('',(-1.0,0.0,0.0));
#1269=SURFACE_STYLE_FILL_AREA(#2277);
#1270=ORIENTED_EDGE('',*,*,#2278,.T.);
#1271=ORIENTED_EDGE('',*,*,#2279,.T.);
#1272=ORIENTED_EDGE('',*,*,#2280,.T.);
#1273=ORIENTED_EDGE('',*,*,#2281,.T.);
#1274=CARTESIAN_POINT('',(0.951232742211877,-0.855811529968462,-4.32499999999932));
#1275=DIRECTION('',(0.0,0.0,1.0));
#1276=DIRECTION('',(-1.0,0.0,0.0));
#1277=SURFACE_STYLE_FILL_AREA(#2282);
#1278=ORIENTED_EDGE('',*,*,#2283,.T.);
#1279=ORIENTED_EDGE('',*,*,#2284,.F.);
#1280=ORIENTED_EDGE('',*,*,#2285,.T.);
#1281=ORIENTED_EDGE('',*,*,#2280,.F.);
#1282=CARTESIAN_POINT('',(0.850000000000365,1.4,-4.47944829116572));
#1283=DIRECTION('',(0.998629534754444,-2.82447733327555E-16,-0.0523359562454128));
#1284=DIRECTION('',(0.0,-1.0,5.3968199606998E-15));
#1285=SURFACE_STYLE_FILL_AREA(#2286);
#1286=ORIENTED_EDGE('',*,*,#2284,.T.);
#1287=ORIENTED_EDGE('',*,*,#2287,.T.);
#1288=ORIENTED_EDGE('',*,*,#2288,.T.);
#1289=ORIENTED_EDGE('',*,*,#2289,.T.);
#1290=CARTESIAN_POINT('',(0.951232742211877,-0.744188470031539,-4.32499999999932));
#1291=DIRECTION('',(0.0,0.0,1.0));
#1292=DIRECTION('',(-1.0,0.0,0.0));
#1293=SURFACE_STYLE_FILL_AREA(#2290);
#1294=ORIENTED_EDGE('',*,*,#2291,.T.);
#1295=ORIENTED_EDGE('',*,*,#2292,.T.);
#1296=ORIENTED_EDGE('',*,*,#2293,.T.);
#1297=ORIENTED_EDGE('',*,*,#2294,.T.);
#1298=CARTESIAN_POINT('',(-0.951232742211876,0.744188470031539,-4.32499999999932));
#1299=DIRECTION('',(0.0,0.0,1.0));
#1300=DIRECTION('',(-1.0,0.0,0.0));
#1301=SURFACE_STYLE_FILL_AREA(#2295);
#1302=ORIENTED_EDGE('',*,*,#2296,.T.);
#1303=ORIENTED_EDGE('',*,*,#2293,.F.);
#1304=ORIENTED_EDGE('',*,*,#2297,.T.);
#1305=ORIENTED_EDGE('',*,*,#2298,.F.);
#1306=CARTESIAN_POINT('',(-0.850000000000363,1.4,-4.47944829116572));
#1307=DIRECTION('',(-0.998629534754444,2.82447733327555E-16,-0.0523359562454128));
#1308=DIRECTION('',(-0.0523359562454128,0.0,0.998629534754444));
#1309=SURFACE_STYLE_FILL_AREA(#2299);
#1310=ORIENTED_EDGE('',*,*,#2298,.T.);
#1311=ORIENTED_EDGE('',*,*,#2300,.T.);
#1312=ORIENTED_EDGE('',*,*,#2301,.T.);
#1313=ORIENTED_EDGE('',*,*,#2302,.T.);
#1314=CARTESIAN_POINT('',(-0.951232742211876,0.855811529968462,-4.32499999999932));
#1315=DIRECTION('',(0.0,0.0,1.0));
#1316=DIRECTION('',(-1.0,0.0,0.0));
#1317=SURFACE_STYLE_FILL_AREA(#2303);
#1318=ORIENTED_EDGE('',*,*,#2304,.T.);
#1319=ORIENTED_EDGE('',*,*,#2305,.T.);
#1320=ORIENTED_EDGE('',*,*,#2306,.T.);
#1321=ORIENTED_EDGE('',*,*,#2237,.T.);
#1322=CARTESIAN_POINT('',(-1.1102381867118,1.4,-4.19999999999932));
#1323=DIRECTION('',(-0.0,1.0,0.0));
#1324=DIRECTION('',(1.0,0.0,0.0));
#1325=SURFACE_STYLE_FILL_AREA(#2307);
#1326=ORIENTED_EDGE('',*,*,#2308,.F.);
#1327=ORIENTED_EDGE('',*,*,#2309,.T.);
#1328=ORIENTED_EDGE('',*,*,#2262,.F.);
#1329=ORIENTED_EDGE('',*,*,#2310,.T.);
#1330=CARTESIAN_POINT('',(-0.9985090137491,-0.6,-4.32499999999932));
#1331=DIRECTION('',(-0.499999999999995,-0.866025403784442,0.0));
#1332=DIRECTION('',(-0.866025403784442,0.499999999999995,0.0));
#1333=SURFACE_STYLE_FILL_AREA(#2311);
#1334=ORIENTED_EDGE('',*,*,#2239,.F.);
#1335=ORIENTED_EDGE('',*,*,#2312,.T.);
#1336=ORIENTED_EDGE('',*,*,#2313,.T.);
#1337=ORIENTED_EDGE('',*,*,#2314,.T.);
#1338=CARTESIAN_POINT('',(-0.998509013749099,-0.2,-4.32499999999932));
#1339=DIRECTION('',(-0.499999999999994,0.866025403784442,0.0));
#1340=DIRECTION('',(0.0,0.0,1.0));
#1341=SURFACE_STYLE_FILL_AREA(#2315);
#1342=ORIENTED_EDGE('',*,*,#2316,.T.);
#1343=ORIENTED_EDGE('',*,*,#2317,.T.);
#1344=ORIENTED_EDGE('',*,*,#2318,.T.);
#1345=ORIENTED_EDGE('',*,*,#2312,.F.);
#1346=ORIENTED_EDGE('',*,*,#2242,.F.);
#1347=ORIENTED_EDGE('',*,*,#2244,.F.);
#1348=ORIENTED_EDGE('',*,*,#2250,.F.);
#1349=ORIENTED_EDGE('',*,*,#2319,.T.);
#1350=CARTESIAN_POINT('',(-0.857850393437182,1.4,-4.32965386095243));
#1351=DIRECTION('',(0.0452501593600566,-1.27983446304753E-17,-0.998975686930312));
#1352=DIRECTION('',(0.0,-1.0,1.28114675841637E-17));
#1353=SURFACE_STYLE_FILL_AREA(#2320);
#1354=ORIENTED_EDGE('',*,*,#2317,.F.);
#1355=ORIENTED_EDGE('',*,*,#2321,.T.);
#1356=ORIENTED_EDGE('',*,*,#2322,.T.);
#1357=ORIENTED_EDGE('',*,*,#2323,.T.);
#1358=CARTESIAN_POINT('',(-1.23000035884979,1.4,-4.27644096101616));
#1359=DIRECTION('',(-0.0,1.0,0.0));
#1360=DIRECTION('',(1.0,0.0,0.0));
#1361=SURFACE_STYLE_FILL_AREA(#2324);
#1362=ORIENTED_EDGE('',*,*,#2322,.F.);
#1363=ORIENTED_EDGE('',*,*,#2325,.T.);
#1364=ORIENTED_EDGE('',*,*,#2326,.T.);
#1365=ORIENTED_EDGE('',*,*,#2327,.T.);
#1366=CARTESIAN_POINT('',(-1.30000035884979,1.4,-4.27644096101616));
#1367=DIRECTION('',(-1.0,2.82835349344046E-16,0.0));
#1368=DIRECTION('',(0.0,0.0,1.0));
#1369=SURFACE_STYLE_FILL_AREA(#2328);
#1370=ORIENTED_EDGE('',*,*,#2248,.F.);
#1371=ORIENTED_EDGE('',*,*,#2245,.F.);
#1372=ORIENTED_EDGE('',*,*,#2240,.F.);
#1373=ORIENTED_EDGE('',*,*,#2314,.F.);
#1374=ORIENTED_EDGE('',*,*,#2329,.T.);
#1375=ORIENTED_EDGE('',*,*,#2330,.F.);
#1376=ORIENTED_EDGE('',*,*,#2331,.T.);
#1377=ORIENTED_EDGE('',*,*,#2332,.T.);
#1378=CARTESIAN_POINT('',(-1.24071125227292,1.4,-4.49978416478472));
#1379=DIRECTION('',(-0.0519779865402376,1.47012119813082E-17,0.99864823081765));
#1380=DIRECTION('',(2.82835349344045E-16,1.0,0.0));
#1381=SURFACE_STYLE_FILL_AREA(#2333);
#1382=ORIENTED_EDGE('',*,*,#2334,.T.);
#1383=ORIENTED_EDGE('',*,*,#2319,.F.);
#1384=ORIENTED_EDGE('',*,*,#2249,.F.);
#1385=ORIENTED_EDGE('',*,*,#2332,.F.);
#1386=CARTESIAN_POINT('',(-0.998509013749099,0.2,-4.32499999999932));
#1387=DIRECTION('',(-0.499999999999995,-0.866025403784442,0.0));
#1388=DIRECTION('',(-0.866025403784442,0.499999999999995,0.0));
#1389=SURFACE_STYLE_FILL_AREA(#2335);
#1390=ORIENTED_EDGE('',*,*,#2291,.F.);
#1391=ORIENTED_EDGE('',*,*,#2336,.T.);
#1392=ORIENTED_EDGE('',*,*,#2337,.F.);
#1393=ORIENTED_EDGE('',*,*,#2338,.T.);
#1394=CARTESIAN_POINT('',(-0.998509013749099,0.6,-4.32499999999932));
#1395=DIRECTION('',(-0.499999999999994,0.866025403784442,0.0));
#1396=DIRECTION('',(0.0,0.0,1.0));
#1397=SURFACE_STYLE_FILL_AREA(#2339);
#1398=ORIENTED_EDGE('',*,*,#2340,.T.);
#1399=ORIENTED_EDGE('',*,*,#2341,.T.);
#1400=ORIENTED_EDGE('',*,*,#2342,.F.);
#1401=ORIENTED_EDGE('',*,*,#2343,.T.);
#1402=CARTESIAN_POINT('',(-1.30000035884979,1.4,-4.27644096101616));
#1403=DIRECTION('',(-1.0,2.82835349344046E-16,0.0));
#1404=DIRECTION('',(0.0,0.0,1.0));
#1405=SURFACE_STYLE_FILL_AREA(#2344);
#1406=ORIENTED_EDGE('',*,*,#2345,.T.);
#1407=ORIENTED_EDGE('',*,*,#2346,.T.);
#1408=ORIENTED_EDGE('',*,*,#2347,.F.);
#1409=ORIENTED_EDGE('',*,*,#2341,.F.);
#1410=CARTESIAN_POINT('',(-1.23000035884979,1.4,-4.27644096101616));
#1411=DIRECTION('',(-0.0,1.0,0.0));
#1412=DIRECTION('',(1.0,0.0,0.0));
#1413=SURFACE_STYLE_FILL_AREA(#2348);
#1414=ORIENTED_EDGE('',*,*,#2349,.F.);
#1415=ORIENTED_EDGE('',*,*,#2346,.F.);
#1416=ORIENTED_EDGE('',*,*,#2350,.T.);
#1417=ORIENTED_EDGE('',*,*,#2351,.T.);
#1418=ORIENTED_EDGE('',*,*,#2255,.F.);
#1419=ORIENTED_EDGE('',*,*,#2257,.F.);
#1420=ORIENTED_EDGE('',*,*,#2263,.F.);
#1421=ORIENTED_EDGE('',*,*,#2309,.F.);
#1422=CARTESIAN_POINT('',(-0.857850393437182,1.4,-4.32965386095243));
#1423=DIRECTION('',(0.0452501593600566,-1.27983446304753E-17,-0.998975686930312));
#1424=DIRECTION('',(0.0,-1.0,1.28114675841637E-17));
#1425=SURFACE_STYLE_FILL_AREA(#2352);
#1426=ORIENTED_EDGE('',*,*,#2252,.F.);
#1427=ORIENTED_EDGE('',*,*,#2351,.F.);
#1428=ORIENTED_EDGE('',*,*,#2353,.T.);
#1429=ORIENTED_EDGE('',*,*,#2354,.T.);
#1430=CARTESIAN_POINT('',(-0.9985090137491,-1.0,-4.32499999999932));
#1431=DIRECTION('',(-0.499999999999994,0.866025403784442,0.0));
#1432=DIRECTION('',(0.0,0.0,1.0));
#1433=SURFACE_STYLE_FILL_AREA(#2355);
#1434=ORIENTED_EDGE('',*,*,#2261,.F.);
#1435=ORIENTED_EDGE('',*,*,#2258,.F.);
#1436=ORIENTED_EDGE('',*,*,#2253,.F.);
#1437=ORIENTED_EDGE('',*,*,#2354,.F.);
#1438=ORIENTED_EDGE('',*,*,#2356,.T.);
#1439=ORIENTED_EDGE('',*,*,#2357,.F.);
#1440=ORIENTED_EDGE('',*,*,#2358,.F.);
#1441=ORIENTED_EDGE('',*,*,#2310,.F.);
#1442=CARTESIAN_POINT('',(-1.24071125227292,1.4,-4.49978416478472));
#1443=DIRECTION('',(-0.0519779865402376,1.47012119813082E-17,0.99864823081765));
#1444=DIRECTION('',(2.82835349344045E-16,1.0,0.0));
#1445=SURFACE_STYLE_FILL_AREA(#2359);
#1446=ORIENTED_EDGE('',*,*,#2278,.F.);
#1447=ORIENTED_EDGE('',*,*,#2360,.T.);
#1448=ORIENTED_EDGE('',*,*,#2361,.T.);
#1449=ORIENTED_EDGE('',*,*,#2362,.T.);
#1450=CARTESIAN_POINT('',(0.9985090137491,-1.0,-4.32499999999932));
#1451=DIRECTION('',(0.499999999999995,0.866025403784442,0.0));
#1452=DIRECTION('',(0.0,0.0,-1.0));
#1453=SURFACE_STYLE_FILL_AREA(#2363);
#1454=ORIENTED_EDGE('',*,*,#2364,.F.);
#1455=ORIENTED_EDGE('',*,*,#2365,.T.);
#1456=ORIENTED_EDGE('',*,*,#2267,.F.);
#1457=ORIENTED_EDGE('',*,*,#2366,.T.);
#1458=CARTESIAN_POINT('',(0.9985090137491,0.199999999999999,-4.32499999999932));
#1459=DIRECTION('',(0.499999999999994,-0.866025403784442,0.0));
#1460=DIRECTION('',(0.0,0.0,-1.0));
#1461=SURFACE_STYLE_FILL_AREA(#2367);
#1462=ORIENTED_EDGE('',*,*,#2368,.F.);
#1463=ORIENTED_EDGE('',*,*,#2369,.T.);
#1464=ORIENTED_EDGE('',*,*,#2370,.F.);
#1465=ORIENTED_EDGE('',*,*,#2371,.T.);
#1466=CARTESIAN_POINT('',(1.23000035884979,1.4,-4.27644096101616));
#1467=DIRECTION('',(-0.0,1.0,0.0));
#1468=DIRECTION('',(1.0,0.0,0.0));
#1469=SURFACE_STYLE_FILL_AREA(#2372);
#1470=ORIENTED_EDGE('',*,*,#2373,.F.);
#1471=ORIENTED_EDGE('',*,*,#2369,.F.);
#1472=ORIENTED_EDGE('',*,*,#2374,.F.);
#1473=ORIENTED_EDGE('',*,*,#2366,.F.);
#1474=ORIENTED_EDGE('',*,*,#2266,.F.);
#1475=ORIENTED_EDGE('',*,*,#2270,.F.);
#1476=ORIENTED_EDGE('',*,*,#2275,.F.);
#1477=ORIENTED_EDGE('',*,*,#2375,.T.);
#1478=CARTESIAN_POINT('',(0.857850393437183,1.4,-4.32965386095243));
#1479=DIRECTION('',(-0.0452501593600566,1.27983446304753E-17,-0.998975686930312));
#1480=DIRECTION('',(-0.998975686930312,0.0,0.0452501593600566));
#1481=SURFACE_STYLE_FILL_AREA(#2376);
#1482=ORIENTED_EDGE('',*,*,#2274,.F.);
#1483=ORIENTED_EDGE('',*,*,#2377,.T.);
#1484=ORIENTED_EDGE('',*,*,#2378,.F.);
#1485=ORIENTED_EDGE('',*,*,#2375,.F.);
#1486=CARTESIAN_POINT('',(0.9985090137491,-0.2,-4.32499999999932));
#1487=DIRECTION('',(0.499999999999995,0.866025403784442,0.0));
#1488=DIRECTION('',(0.0,0.0,-1.0));
#1489=SURFACE_STYLE_FILL_AREA(#2379);
#1490=ORIENTED_EDGE('',*,*,#2276,.F.);
#1491=ORIENTED_EDGE('',*,*,#2271,.F.);
#1492=ORIENTED_EDGE('',*,*,#2268,.F.);
#1493=ORIENTED_EDGE('',*,*,#2365,.F.);
#1494=ORIENTED_EDGE('',*,*,#2380,.F.);
#1495=ORIENTED_EDGE('',*,*,#2381,.F.);
#1496=ORIENTED_EDGE('',*,*,#2382,.F.);
#1497=ORIENTED_EDGE('',*,*,#2377,.F.);
#1498=CARTESIAN_POINT('',(1.24071125227292,1.4,-4.49978416478472));
#1499=DIRECTION('',(0.0519779865402376,-1.47012119813082E-17,0.99864823081765));
#1500=DIRECTION('',(-2.82835349344045E-16,-1.0,0.0));
#1501=SURFACE_STYLE_FILL_AREA(#2383);
#1502=ORIENTED_EDGE('',*,*,#2384,.F.);
#1503=ORIENTED_EDGE('',*,*,#2385,.T.);
#1504=ORIENTED_EDGE('',*,*,#2386,.F.);
#1505=ORIENTED_EDGE('',*,*,#2205,.T.);
#1506=CARTESIAN_POINT('',(1.27000035884979,1.4,-3.98034823631283));
#1507=DIRECTION('',(-0.0,1.0,0.0));
#1508=DIRECTION('',(1.0,0.0,0.0));
#1509=SURFACE_STYLE_FILL_AREA(#2387);
#1510=ORIENTED_EDGE('',*,*,#2388,.F.);
#1511=ORIENTED_EDGE('',*,*,#2371,.F.);
#1512=ORIENTED_EDGE('',*,*,#2389,.F.);
#1513=ORIENTED_EDGE('',*,*,#2385,.F.);
#1514=CARTESIAN_POINT('',(1.30000035884979,1.4,-4.27644096101616));
#1515=DIRECTION('',(1.0,-2.82835349344046E-16,0.0));
#1516=DIRECTION('',(-2.82835349344046E-16,-1.0,0.0));
#1517=SURFACE_STYLE_FILL_AREA(#2390);
#1518=ORIENTED_EDGE('',*,*,#2281,.F.);
#1519=ORIENTED_EDGE('',*,*,#2285,.F.);
#1520=ORIENTED_EDGE('',*,*,#2289,.F.);
#1521=ORIENTED_EDGE('',*,*,#2391,.T.);
#1522=ORIENTED_EDGE('',*,*,#2392,.T.);
#1523=ORIENTED_EDGE('',*,*,#2393,.F.);
#1524=ORIENTED_EDGE('',*,*,#2394,.T.);
#1525=ORIENTED_EDGE('',*,*,#2360,.F.);
#1526=CARTESIAN_POINT('',(1.24071125227292,1.4,-4.49978416478472));
#1527=DIRECTION('',(0.0519779865402376,-1.47012119813082E-17,0.99864823081765));
#1528=DIRECTION('',(-2.82835349344045E-16,-1.0,0.0));
#1529=SURFACE_STYLE_FILL_AREA(#2395);
#1530=ORIENTED_EDGE('',*,*,#2396,.T.);
#1531=ORIENTED_EDGE('',*,*,#2397,.T.);
#1532=ORIENTED_EDGE('',*,*,#2194,.T.);
#1533=ORIENTED_EDGE('',*,*,#2398,.T.);
#1534=CARTESIAN_POINT('',(1.27000035884979,1.4,-3.98034823631283));
#1535=DIRECTION('',(-0.0,1.0,0.0));
#1536=DIRECTION('',(1.0,0.0,0.0));
#1537=SURFACE_STYLE_FILL_AREA(#2399);
#1538=ORIENTED_EDGE('',*,*,#2400,.T.);
#1539=ORIENTED_EDGE('',*,*,#2401,.T.);
#1540=ORIENTED_EDGE('',*,*,#2396,.F.);
#1541=ORIENTED_EDGE('',*,*,#2402,.T.);
#1542=CARTESIAN_POINT('',(1.30000035884979,1.4,-4.27644096101616));
#1543=DIRECTION('',(1.0,-2.82835349344046E-16,0.0));
#1544=DIRECTION('',(-2.82835349344046E-16,-1.0,0.0));
#1545=SURFACE_STYLE_FILL_AREA(#2403);
#1546=ORIENTED_EDGE('',*,*,#2404,.T.);
#1547=ORIENTED_EDGE('',*,*,#2405,.T.);
#1548=ORIENTED_EDGE('',*,*,#2400,.F.);
#1549=ORIENTED_EDGE('',*,*,#2406,.T.);
#1550=CARTESIAN_POINT('',(1.23000035884979,1.4,-4.27644096101616));
#1551=DIRECTION('',(-0.0,1.0,0.0));
#1552=DIRECTION('',(1.0,0.0,0.0));
#1553=SURFACE_STYLE_FILL_AREA(#2407);
#1554=ORIENTED_EDGE('',*,*,#2408,.T.);
#1555=ORIENTED_EDGE('',*,*,#2404,.F.);
#1556=ORIENTED_EDGE('',*,*,#2409,.T.);
#1557=ORIENTED_EDGE('',*,*,#2410,.T.);
#1558=ORIENTED_EDGE('',*,*,#2287,.F.);
#1559=ORIENTED_EDGE('',*,*,#2283,.F.);
#1560=ORIENTED_EDGE('',*,*,#2279,.F.);
#1561=ORIENTED_EDGE('',*,*,#2362,.F.);
#1562=CARTESIAN_POINT('',(0.857850393437183,1.4,-4.32965386095243));
#1563=DIRECTION('',(-0.0452501593600566,1.27983446304753E-17,-0.998975686930312));
#1564=DIRECTION('',(-0.998975686930312,0.0,0.0452501593600566));
#1565=SURFACE_STYLE_FILL_AREA(#2411);
#1566=ORIENTED_EDGE('',*,*,#2412,.T.);
#1567=ORIENTED_EDGE('',*,*,#2391,.F.);
#1568=ORIENTED_EDGE('',*,*,#2288,.F.);
#1569=ORIENTED_EDGE('',*,*,#2410,.F.);
#1570=CARTESIAN_POINT('',(0.9985090137491,-0.600000000000001,-4.32499999999932));
#1571=DIRECTION('',(0.499999999999994,-0.866025403784442,0.0));
#1572=DIRECTION('',(0.0,0.0,-1.0));
#1573=SURFACE_STYLE_FILL_AREA(#2413);
#1574=ORIENTED_EDGE('',*,*,#2414,.T.);
#1575=ORIENTED_EDGE('',*,*,#2415,.T.);
#1576=ORIENTED_EDGE('',*,*,#2416,.T.);
#1577=ORIENTED_EDGE('',*,*,#2417,.T.);
#1578=CARTESIAN_POINT('',(0.951232742211877,0.744188470031538,-4.32499999999932));
#1579=DIRECTION('',(0.0,0.0,1.0));
#1580=DIRECTION('',(-1.0,0.0,0.0));
#1581=SURFACE_STYLE_FILL_AREA(#2418);
#1582=ORIENTED_EDGE('',*,*,#2419,.T.);
#1583=ORIENTED_EDGE('',*,*,#2420,.F.);
#1584=ORIENTED_EDGE('',*,*,#2421,.T.);
#1585=ORIENTED_EDGE('',*,*,#2416,.F.);
#1586=CARTESIAN_POINT('',(0.850000000000365,1.4,-4.47944829116572));
#1587=DIRECTION('',(0.998629534754444,-2.82447733327555E-16,-0.0523359562454128));
#1588=DIRECTION('',(0.0,-1.0,5.3968199606998E-15));
#1589=SURFACE_STYLE_FILL_AREA(#2422);
#1590=ORIENTED_EDGE('',*,*,#2420,.T.);
#1591=ORIENTED_EDGE('',*,*,#2423,.T.);
#1592=ORIENTED_EDGE('',*,*,#2424,.T.);
#1593=ORIENTED_EDGE('',*,*,#2425,.T.);
#1594=CARTESIAN_POINT('',(0.951232742211877,0.855811529968461,-4.32499999999932));
#1595=DIRECTION('',(0.0,0.0,1.0));
#1596=DIRECTION('',(-1.0,0.0,0.0));
#1597=SURFACE_STYLE_FILL_AREA(#2426);
#1598=ORIENTED_EDGE('',*,*,#2414,.F.);
#1599=ORIENTED_EDGE('',*,*,#2427,.T.);
#1600=ORIENTED_EDGE('',*,*,#2428,.T.);
#1601=ORIENTED_EDGE('',*,*,#2429,.T.);
#1602=CARTESIAN_POINT('',(0.9985090137491,0.6,-4.32499999999932));
#1603=DIRECTION('',(0.499999999999995,0.866025403784442,0.0));
#1604=DIRECTION('',(0.0,0.0,-1.0));
#1605=SURFACE_STYLE_FILL_AREA(#2430);
#1606=ORIENTED_EDGE('',*,*,#2431,.F.);
#1607=ORIENTED_EDGE('',*,*,#2432,.T.);
#1608=ORIENTED_EDGE('',*,*,#2433,.F.);
#1609=ORIENTED_EDGE('',*,*,#2434,.T.);
#1610=CARTESIAN_POINT('',(-1.23000035884979,1.4,-4.27644096101616));
#1611=DIRECTION('',(-0.0,1.0,0.0));
#1612=DIRECTION('',(1.0,0.0,0.0));
#1613=SURFACE_STYLE_FILL_AREA(#2435);
#1614=ORIENTED_EDGE('',*,*,#2436,.F.);
#1615=ORIENTED_EDGE('',*,*,#2434,.F.);
#1616=ORIENTED_EDGE('',*,*,#2437,.F.);
#1617=ORIENTED_EDGE('',*,*,#2336,.F.);
#1618=ORIENTED_EDGE('',*,*,#2294,.F.);
#1619=ORIENTED_EDGE('',*,*,#2296,.F.);
#1620=ORIENTED_EDGE('',*,*,#2302,.F.);
#1621=ORIENTED_EDGE('',*,*,#2438,.T.);
#1622=CARTESIAN_POINT('',(-0.857850393437182,1.4,-4.32965386095243));
#1623=DIRECTION('',(0.0452501593600566,-1.27983446304753E-17,-0.998975686930312));
#1624=DIRECTION('',(0.0,-1.0,1.28114675841637E-17));
#1625=SURFACE_STYLE_FILL_AREA(#2439);
#1626=ORIENTED_EDGE('',*,*,#2440,.F.);
#1627=ORIENTED_EDGE('',*,*,#2438,.F.);
#1628=ORIENTED_EDGE('',*,*,#2301,.F.);
#1629=ORIENTED_EDGE('',*,*,#2441,.T.);
#1630=CARTESIAN_POINT('',(-0.998509013749099,1.0,-4.32499999999932));
#1631=DIRECTION('',(-0.499999999999995,-0.866025403784442,0.0));
#1632=DIRECTION('',(-0.866025403784442,0.499999999999995,0.0));
#1633=SURFACE_STYLE_FILL_AREA(#2442);
#1634=ORIENTED_EDGE('',*,*,#2300,.F.);
#1635=ORIENTED_EDGE('',*,*,#2297,.F.);
#1636=ORIENTED_EDGE('',*,*,#2292,.F.);
#1637=ORIENTED_EDGE('',*,*,#2338,.F.);
#1638=ORIENTED_EDGE('',*,*,#2443,.F.);
#1639=ORIENTED_EDGE('',*,*,#2444,.F.);
#1640=ORIENTED_EDGE('',*,*,#2445,.F.);
#1641=ORIENTED_EDGE('',*,*,#2441,.F.);
#1642=CARTESIAN_POINT('',(-1.24071125227292,1.4,-4.49978416478472));
#1643=DIRECTION('',(-0.0519779865402376,1.47012119813082E-17,0.99864823081765));
#1644=DIRECTION('',(2.82835349344045E-16,1.0,0.0));
#1645=SURFACE_STYLE_FILL_AREA(#2446);
#1646=ORIENTED_EDGE('',*,*,#2447,.F.);
#1647=ORIENTED_EDGE('',*,*,#2448,.T.);
#1648=ORIENTED_EDGE('',*,*,#2449,.F.);
#1649=ORIENTED_EDGE('',*,*,#2432,.F.);
#1650=CARTESIAN_POINT('',(-1.30000035884979,1.4,-4.27644096101616));
#1651=DIRECTION('',(-1.0,2.82835349344046E-16,0.0));
#1652=DIRECTION('',(0.0,0.0,1.0));
#1653=SURFACE_STYLE_FILL_AREA(#2450);
#1654=ORIENTED_EDGE('',*,*,#2451,.T.);
#1655=ORIENTED_EDGE('',*,*,#2452,.F.);
#1656=ORIENTED_EDGE('',*,*,#2305,.F.);
#1657=ORIENTED_EDGE('',*,*,#2453,.F.);
#1658=ORIENTED_EDGE('',*,*,#2454,.T.);
#1659=CARTESIAN_POINT('',(-1.21016356932727,1.4,-4.20386237092312));
#1660=DIRECTION('',(0.999253826154602,-2.82624305003811E-16,0.0386237092391179));
#1661=DIRECTION('',(0.0,-1.0,-7.31737864051572E-15));
#1662=SURFACE_STYLE_FILL_AREA(#2455);
#1663=ORIENTED_EDGE('',*,*,#2456,.F.);
#1664=ORIENTED_EDGE('',*,*,#2457,.T.);
#1665=ORIENTED_EDGE('',*,*,#2458,.F.);
#1666=ORIENTED_EDGE('',*,*,#2448,.F.);
#1667=CARTESIAN_POINT('',(-1.27000035884979,1.4,-3.98034823631283));
#1668=DIRECTION('',(-0.0,1.0,0.0));
#1669=DIRECTION('',(1.0,0.0,0.0));
#1670=SURFACE_STYLE_FILL_AREA(#2459);
#1671=ORIENTED_EDGE('',*,*,#2326,.F.);
#1672=ORIENTED_EDGE('',*,*,#2460,.T.);
#1673=ORIENTED_EDGE('',*,*,#2461,.T.);
#1674=ORIENTED_EDGE('',*,*,#2462,.T.);
#1675=CARTESIAN_POINT('',(-1.27000035884979,1.4,-3.98034823631283));
#1676=DIRECTION('',(-0.0,1.0,0.0));
#1677=DIRECTION('',(1.0,0.0,0.0));
#1678=SURFACE_STYLE_FILL_AREA(#2463);
#1679=ORIENTED_EDGE('',*,*,#2464,.T.);
#1680=ORIENTED_EDGE('',*,*,#2343,.F.);
#1681=ORIENTED_EDGE('',*,*,#2465,.F.);
#1682=ORIENTED_EDGE('',*,*,#2466,.T.);
#1683=CARTESIAN_POINT('',(-1.27000035884979,1.4,-3.98034823631283));
#1684=DIRECTION('',(-0.0,1.0,0.0));
#1685=DIRECTION('',(1.0,0.0,0.0));
#1686=SURFACE_STYLE_FILL_AREA(#2467);
#1687=ORIENTED_EDGE('',*,*,#2465,.T.);
#1688=ORIENTED_EDGE('',*,*,#2342,.T.);
#1689=ORIENTED_EDGE('',*,*,#2347,.T.);
#1690=ORIENTED_EDGE('',*,*,#2349,.T.);
#1691=ORIENTED_EDGE('',*,*,#2308,.T.);
#1692=ORIENTED_EDGE('',*,*,#2358,.T.);
#1693=ORIENTED_EDGE('',*,*,#2468,.F.);
#1694=ORIENTED_EDGE('',*,*,#2469,.T.);
#1695=ORIENTED_EDGE('',*,*,#2470,.T.);
#1696=CARTESIAN_POINT('',(-1.23654198782634,-0.6,-4.53356849832725));
#1697=DIRECTION('',(2.82835349344046E-16,1.0,0.0));
#1698=DIRECTION('',(1.0,-2.82835349344046E-16,0.0));
#1699=SURFACE_STYLE_FILL_AREA(#2471);
#1700=ORIENTED_EDGE('',*,*,#2470,.F.);
#1701=ORIENTED_EDGE('',*,*,#2472,.T.);
#1702=ORIENTED_EDGE('',*,*,#2473,.T.);
#1703=ORIENTED_EDGE('',*,*,#2474,.T.);
#1704=CARTESIAN_POINT('',(-1.27014750344261,-0.6,-3.95034859717385));
#1705=DIRECTION('',(0.0,0.0,1.0));
#1706=DIRECTION('',(1.0,0.0,0.0));
#1707=SURFACE_STYLE_FILL_AREA(#2475);
#1708=ORIENTED_EDGE('',*,*,#2318,.F.);
#1709=ORIENTED_EDGE('',*,*,#2323,.F.);
#1710=ORIENTED_EDGE('',*,*,#2327,.F.);
#1711=ORIENTED_EDGE('',*,*,#2462,.F.);
#1712=ORIENTED_EDGE('',*,*,#2473,.F.);
#1713=ORIENTED_EDGE('',*,*,#2476,.T.);
#1714=ORIENTED_EDGE('',*,*,#2477,.F.);
#1715=ORIENTED_EDGE('',*,*,#2329,.F.);
#1716=ORIENTED_EDGE('',*,*,#2313,.F.);
#1717=CARTESIAN_POINT('',(-1.23654198782634,-0.2,-4.53356849832725));
#1718=DIRECTION('',(2.82835349344046E-16,1.0,0.0));
#1719=DIRECTION('',(1.0,-2.82835349344046E-16,0.0));
#1720=SURFACE_STYLE_FILL_AREA(#2478);
#1721=ORIENTED_EDGE('',*,*,#2479,.T.);
#1722=ORIENTED_EDGE('',*,*,#2330,.T.);
#1723=ORIENTED_EDGE('',*,*,#2477,.T.);
#1724=ORIENTED_EDGE('',*,*,#2480,.T.);
#1725=CARTESIAN_POINT('',(-1.25000035884987,1.4,-4.29999999999931));
#1726=DIRECTION('',(-0.0,1.0,0.0));
#1727=DIRECTION('',(1.0,0.0,0.0));
#1728=SURFACE_STYLE_FILL_AREA(#2481);
#1729=ORIENTED_EDGE('',*,*,#2331,.F.);
#1730=ORIENTED_EDGE('',*,*,#2479,.F.);
#1731=ORIENTED_EDGE('',*,*,#2482,.T.);
#1732=ORIENTED_EDGE('',*,*,#2483,.T.);
#1733=ORIENTED_EDGE('',*,*,#2460,.F.);
#1734=ORIENTED_EDGE('',*,*,#2325,.F.);
#1735=ORIENTED_EDGE('',*,*,#2321,.F.);
#1736=ORIENTED_EDGE('',*,*,#2316,.F.);
#1737=ORIENTED_EDGE('',*,*,#2334,.F.);
#1738=CARTESIAN_POINT('',(-1.27014750344261,0.2,-3.95034859717385));
#1739=DIRECTION('',(-2.82835349344046E-16,-1.0,0.0));
#1740=DIRECTION('',(-1.0,2.82835349344046E-16,0.0));
#1741=SURFACE_STYLE_FILL_AREA(#2484);
#1742=ORIENTED_EDGE('',*,*,#2483,.F.);
#1743=ORIENTED_EDGE('',*,*,#2485,.T.);
#1744=ORIENTED_EDGE('',*,*,#2486,.F.);
#1745=ORIENTED_EDGE('',*,*,#2487,.T.);
#1746=CARTESIAN_POINT('',(-1.27014750344261,0.2,-3.95034859717385));
#1747=DIRECTION('',(0.0,0.0,1.0));
#1748=DIRECTION('',(1.0,0.0,0.0));
#1749=SURFACE_STYLE_FILL_AREA(#2488);
#1750=ORIENTED_EDGE('',*,*,#2486,.T.);
#1751=ORIENTED_EDGE('',*,*,#2489,.T.);
#1752=ORIENTED_EDGE('',*,*,#2490,.F.);
#1753=ORIENTED_EDGE('',*,*,#2443,.T.);
#1754=ORIENTED_EDGE('',*,*,#2337,.T.);
#1755=ORIENTED_EDGE('',*,*,#2437,.T.);
#1756=ORIENTED_EDGE('',*,*,#2433,.T.);
#1757=ORIENTED_EDGE('',*,*,#2449,.T.);
#1758=ORIENTED_EDGE('',*,*,#2458,.T.);
#1759=CARTESIAN_POINT('',(-1.27014750344261,0.6,-3.95034859717385));
#1760=DIRECTION('',(-2.82835349344046E-16,-1.0,0.0));
#1761=DIRECTION('',(-1.0,2.82835349344046E-16,0.0));
#1762=SURFACE_STYLE_FILL_AREA(#2491);
#1763=ORIENTED_EDGE('',*,*,#2444,.T.);
#1764=ORIENTED_EDGE('',*,*,#2490,.T.);
#1765=ORIENTED_EDGE('',*,*,#2492,.T.);
#1766=ORIENTED_EDGE('',*,*,#2493,.F.);
#1767=CARTESIAN_POINT('',(-1.25000035884987,1.4,-4.29999999999931));
#1768=DIRECTION('',(-0.0,1.0,0.0));
#1769=DIRECTION('',(1.0,0.0,0.0));
#1770=SURFACE_STYLE_FILL_AREA(#2494);
#1771=ORIENTED_EDGE('',*,*,#2350,.F.);
#1772=ORIENTED_EDGE('',*,*,#2345,.F.);
#1773=ORIENTED_EDGE('',*,*,#2340,.F.);
#1774=ORIENTED_EDGE('',*,*,#2464,.F.);
#1775=ORIENTED_EDGE('',*,*,#2495,.T.);
#1776=ORIENTED_EDGE('',*,*,#2496,.T.);
#1777=ORIENTED_EDGE('',*,*,#2497,.F.);
#1778=ORIENTED_EDGE('',*,*,#2356,.F.);
#1779=ORIENTED_EDGE('',*,*,#2353,.F.);
#1780=CARTESIAN_POINT('',(-1.25957086360693,-0.999999999999999,-4.32242050577968));
#1781=DIRECTION('',(2.82835349344046E-16,1.0,0.0));
#1782=DIRECTION('',(1.0,-2.82835349344046E-16,0.0));
#1783=SURFACE_STYLE_FILL_AREA(#2498);
#1784=ORIENTED_EDGE('',*,*,#2357,.T.);
#1785=ORIENTED_EDGE('',*,*,#2497,.T.);
#1786=ORIENTED_EDGE('',*,*,#2499,.T.);
#1787=ORIENTED_EDGE('',*,*,#2468,.T.);
#1788=CARTESIAN_POINT('',(-1.25000035884987,1.4,-4.29999999999931));
#1789=DIRECTION('',(-0.0,1.0,0.0));
#1790=DIRECTION('',(1.0,0.0,0.0));
#1791=SURFACE_STYLE_FILL_AREA(#2500);
#1792=ORIENTED_EDGE('',*,*,#2501,.T.);
#1793=ORIENTED_EDGE('',*,*,#2183,.T.);
#1794=CARTESIAN_POINT('',(4.33707974048514E-16,1.220405070404E-16,-1.701));
#1795=DIRECTION('',(0.0,0.0,1.0));
#1796=DIRECTION('',(1.0,0.0,0.0));
#1797=SURFACE_STYLE_FILL_AREA(#2502);
#1798=ORIENTED_EDGE('',*,*,#2503,.T.);
#1799=ORIENTED_EDGE('',*,*,#2393,.T.);
#1800=ORIENTED_EDGE('',*,*,#2504,.T.);
#1801=ORIENTED_EDGE('',*,*,#2505,.T.);
#1802=CARTESIAN_POINT('',(1.25000035884987,1.4,-4.29999999999931));
#1803=DIRECTION('',(-0.0,1.0,0.0));
#1804=DIRECTION('',(1.0,0.0,0.0));
#1805=SURFACE_STYLE_FILL_AREA(#2506);
#1806=ORIENTED_EDGE('',*,*,#2394,.F.);
#1807=ORIENTED_EDGE('',*,*,#2503,.F.);
#1808=ORIENTED_EDGE('',*,*,#2507,.T.);
#1809=ORIENTED_EDGE('',*,*,#2508,.T.);
#1810=ORIENTED_EDGE('',*,*,#2397,.F.);
#1811=ORIENTED_EDGE('',*,*,#2401,.F.);
#1812=ORIENTED_EDGE('',*,*,#2405,.F.);
#1813=ORIENTED_EDGE('',*,*,#2408,.F.);
#1814=ORIENTED_EDGE('',*,*,#2361,.F.);
#1815=CARTESIAN_POINT('',(1.27014750344304,-1.0,-3.95034859717385));
#1816=DIRECTION('',(2.82835349344046E-16,1.0,0.0));
#1817=DIRECTION('',(1.0,-2.82835349344046E-16,0.0));
#1818=SURFACE_STYLE_FILL_AREA(#2509);
#1819=ORIENTED_EDGE('',*,*,#2510,.T.);
#1820=ORIENTED_EDGE('',*,*,#2511,.F.);
#1821=ORIENTED_EDGE('',*,*,#2512,.T.);
#1822=ORIENTED_EDGE('',*,*,#2513,.T.);
#1823=ORIENTED_EDGE('',*,*,#2514,.T.);
#1824=ORIENTED_EDGE('',*,*,#2515,.T.);
#1825=ORIENTED_EDGE('',*,*,#2516,.T.);
#1826=ORIENTED_EDGE('',*,*,#2517,.T.);
#1827=ORIENTED_EDGE('',*,*,#2428,.F.);
#1828=CARTESIAN_POINT('',(1.25760294763556,0.599999999999999,-3.95030489451588));
#1829=DIRECTION('',(2.82835349344046E-16,1.0,0.0));
#1830=DIRECTION('',(1.0,-2.82835349344046E-16,0.0));
#1831=SURFACE_STYLE_FILL_AREA(#2518);
#1832=ORIENTED_EDGE('',*,*,#2202,.T.);
#1833=ORIENTED_EDGE('',*,*,#2513,.F.);
#1834=ORIENTED_EDGE('',*,*,#2519,.T.);
#1835=ORIENTED_EDGE('',*,*,#2520,.F.);
#1836=ORIENTED_EDGE('',*,*,#2204,.T.);
#1837=ORIENTED_EDGE('',*,*,#2203,.T.);
#1838=CARTESIAN_POINT('',(1.25760294763556,0.199999999999999,-3.95030489451588));
#1839=DIRECTION('',(0.0,0.0,1.0));
#1840=DIRECTION('',(1.0,0.0,0.0));
#1841=SURFACE_STYLE_FILL_AREA(#2521);
#1842=ORIENTED_EDGE('',*,*,#2520,.T.);
#1843=ORIENTED_EDGE('',*,*,#2522,.T.);
#1844=ORIENTED_EDGE('',*,*,#2523,.F.);
#1845=ORIENTED_EDGE('',*,*,#2380,.T.);
#1846=ORIENTED_EDGE('',*,*,#2364,.T.);
#1847=ORIENTED_EDGE('',*,*,#2374,.T.);
#1848=ORIENTED_EDGE('',*,*,#2368,.T.);
#1849=ORIENTED_EDGE('',*,*,#2388,.T.);
#1850=ORIENTED_EDGE('',*,*,#2384,.T.);
#1851=CARTESIAN_POINT('',(1.25760294763556,0.199999999999999,-3.95030489451588));
#1852=DIRECTION('',(2.82835349344046E-16,1.0,0.0));
#1853=DIRECTION('',(1.0,-2.82835349344046E-16,0.0));
#1854=SURFACE_STYLE_FILL_AREA(#2524);
#1855=ORIENTED_EDGE('',*,*,#2525,.F.);
#1856=ORIENTED_EDGE('',*,*,#2381,.T.);
#1857=ORIENTED_EDGE('',*,*,#2523,.T.);
#1858=ORIENTED_EDGE('',*,*,#2526,.T.);
#1859=CARTESIAN_POINT('',(1.25000035884987,1.4,-4.29999999999931));
#1860=DIRECTION('',(-0.0,1.0,0.0));
#1861=DIRECTION('',(1.0,0.0,0.0));
#1862=SURFACE_STYLE_FILL_AREA(#2527);
#1863=ORIENTED_EDGE('',*,*,#2386,.T.);
#1864=ORIENTED_EDGE('',*,*,#2389,.T.);
#1865=ORIENTED_EDGE('',*,*,#2370,.T.);
#1866=ORIENTED_EDGE('',*,*,#2373,.T.);
#1867=ORIENTED_EDGE('',*,*,#2378,.T.);
#1868=ORIENTED_EDGE('',*,*,#2382,.T.);
#1869=ORIENTED_EDGE('',*,*,#2525,.T.);
#1870=ORIENTED_EDGE('',*,*,#2528,.T.);
#1871=ORIENTED_EDGE('',*,*,#2529,.T.);
#1872=CARTESIAN_POINT('',(1.23371131302519,-0.200000000000001,-4.5826945375278));
#1873=DIRECTION('',(-2.82835349344046E-16,-1.0,0.0));
#1874=DIRECTION('',(-1.0,2.82835349344046E-16,0.0));
#1875=SURFACE_STYLE_FILL_AREA(#2530);
#1876=ORIENTED_EDGE('',*,*,#2529,.F.);
#1877=ORIENTED_EDGE('',*,*,#2531,.T.);
#1878=ORIENTED_EDGE('',*,*,#2532,.T.);
#1879=ORIENTED_EDGE('',*,*,#2193,.T.);
#1880=CARTESIAN_POINT('',(1.27014750344304,-0.600000000000001,-3.95034859717385));
#1881=DIRECTION('',(0.0,0.0,1.0));
#1882=DIRECTION('',(1.0,0.0,0.0));
#1883=SURFACE_STYLE_FILL_AREA(#2533);
#1884=ORIENTED_EDGE('',*,*,#2409,.F.);
#1885=ORIENTED_EDGE('',*,*,#2406,.F.);
#1886=ORIENTED_EDGE('',*,*,#2402,.F.);
#1887=ORIENTED_EDGE('',*,*,#2398,.F.);
#1888=ORIENTED_EDGE('',*,*,#2532,.F.);
#1889=ORIENTED_EDGE('',*,*,#2534,.T.);
#1890=ORIENTED_EDGE('',*,*,#2504,.F.);
#1891=ORIENTED_EDGE('',*,*,#2392,.F.);
#1892=ORIENTED_EDGE('',*,*,#2412,.F.);
#1893=CARTESIAN_POINT('',(1.23371131302519,-0.600000000000001,-4.5826945375278));
#1894=DIRECTION('',(-2.82835349344046E-16,-1.0,0.0));
#1895=DIRECTION('',(-1.0,2.82835349344046E-16,0.0));
#1896=SURFACE_STYLE_FILL_AREA(#2535);
#1897=ORIENTED_EDGE('',*,*,#2508,.F.);
#1898=ORIENTED_EDGE('',*,*,#2536,.T.);
#1899=ORIENTED_EDGE('',*,*,#2537,.T.);
#1900=ORIENTED_EDGE('',*,*,#2195,.T.);
#1901=CARTESIAN_POINT('',(1.27014750344304,-1.0,-3.95034859717385));
#1902=DIRECTION('',(0.0,0.0,1.0));
#1903=DIRECTION('',(1.0,0.0,0.0));
#1904=SURFACE_STYLE_FILL_AREA(#2538);
#1905=ORIENTED_EDGE('',*,*,#2539,.T.);
#1906=ORIENTED_EDGE('',*,*,#2540,.T.);
#1907=ORIENTED_EDGE('',*,*,#2495,.F.);
#1908=ORIENTED_EDGE('',*,*,#2541,.T.);
#1909=ORIENTED_EDGE('',*,*,#2454,.F.);
#1910=CARTESIAN_POINT('',(-1.21996928021269,-0.999999999999999,-3.95017378654197));
#1911=DIRECTION('',(0.0,0.0,1.0));
#1912=DIRECTION('',(1.0,0.0,0.0));
#1913=SURFACE_STYLE_FILL_AREA(#2542);
#1914=ORIENTED_EDGE('',*,*,#2543,.T.);
#1915=ORIENTED_EDGE('',*,*,#2511,.T.);
#1916=ORIENTED_EDGE('',*,*,#2544,.T.);
#1917=ORIENTED_EDGE('',*,*,#2545,.F.);
#1918=CARTESIAN_POINT('',(1.25000035884987,1.4,-4.29999999999931));
#1919=DIRECTION('',(-0.0,1.0,0.0));
#1920=DIRECTION('',(1.0,0.0,0.0));
#1921=SURFACE_STYLE_FILL_AREA(#2546);
#1922=ORIENTED_EDGE('',*,*,#2417,.F.);
#1923=ORIENTED_EDGE('',*,*,#2421,.F.);
#1924=ORIENTED_EDGE('',*,*,#2425,.F.);
#1925=ORIENTED_EDGE('',*,*,#2547,.T.);
#1926=ORIENTED_EDGE('',*,*,#2548,.F.);
#1927=ORIENTED_EDGE('',*,*,#2544,.F.);
#1928=ORIENTED_EDGE('',*,*,#2510,.F.);
#1929=ORIENTED_EDGE('',*,*,#2427,.F.);
#1930=CARTESIAN_POINT('',(1.24071125227292,1.4,-4.49978416478472));
#1931=DIRECTION('',(0.0519779865402376,-1.47012119813082E-17,0.99864823081765));
#1932=DIRECTION('',(-2.82835349344045E-16,-1.0,0.0));
#1933=SURFACE_STYLE_FILL_AREA(#2549);
#1934=ORIENTED_EDGE('',*,*,#2550,.F.);
#1935=ORIENTED_EDGE('',*,*,#2547,.F.);
#1936=ORIENTED_EDGE('',*,*,#2424,.F.);
#1937=ORIENTED_EDGE('',*,*,#2551,.T.);
#1938=CARTESIAN_POINT('',(0.9985090137491,1.0,-4.32499999999932));
#1939=DIRECTION('',(0.499999999999994,-0.866025403784442,0.0));
#1940=DIRECTION('',(0.0,0.0,-1.0));
#1941=SURFACE_STYLE_FILL_AREA(#2552);
#1942=ORIENTED_EDGE('',*,*,#2517,.F.);
#1943=ORIENTED_EDGE('',*,*,#2553,.T.);
#1944=ORIENTED_EDGE('',*,*,#2554,.F.);
#1945=ORIENTED_EDGE('',*,*,#2551,.F.);
#1946=ORIENTED_EDGE('',*,*,#2423,.F.);
#1947=ORIENTED_EDGE('',*,*,#2419,.F.);
#1948=ORIENTED_EDGE('',*,*,#2415,.F.);
#1949=ORIENTED_EDGE('',*,*,#2429,.F.);
#1950=CARTESIAN_POINT('',(0.857850393437183,1.4,-4.32965386095243));
#1951=DIRECTION('',(-0.0452501593600566,1.27983446304753E-17,-0.998975686930312));
#1952=DIRECTION('',(-0.998975686930312,0.0,0.0452501593600566));
#1953=SURFACE_STYLE_FILL_AREA(#2555);
#1954=ORIENTED_EDGE('',*,*,#2556,.T.);
#1955=ORIENTED_EDGE('',*,*,#2557,.F.);
#1956=ORIENTED_EDGE('',*,*,#2553,.F.);
#1957=ORIENTED_EDGE('',*,*,#2516,.F.);
#1958=CARTESIAN_POINT('',(1.23000035884979,1.4,-4.27644096101616));
#1959=DIRECTION('',(-0.0,1.0,0.0));
#1960=DIRECTION('',(1.0,0.0,0.0));
#1961=SURFACE_STYLE_FILL_AREA(#2558);
#1962=ORIENTED_EDGE('',*,*,#2559,.T.);
#1963=ORIENTED_EDGE('',*,*,#2560,.F.);
#1964=ORIENTED_EDGE('',*,*,#2556,.F.);
#1965=ORIENTED_EDGE('',*,*,#2515,.F.);
#1966=CARTESIAN_POINT('',(1.30000035884979,1.4,-4.27644096101616));
#1967=DIRECTION('',(1.0,-2.82835349344046E-16,0.0));
#1968=DIRECTION('',(-2.82835349344046E-16,-1.0,0.0));
#1969=SURFACE_STYLE_FILL_AREA(#2561);
#1970=ORIENTED_EDGE('',*,*,#2201,.T.);
#1971=ORIENTED_EDGE('',*,*,#2562,.F.);
#1972=ORIENTED_EDGE('',*,*,#2559,.F.);
#1973=ORIENTED_EDGE('',*,*,#2514,.F.);
#1974=CARTESIAN_POINT('',(1.27000035884979,1.4,-3.98034823631283));
#1975=DIRECTION('',(-0.0,1.0,0.0));
#1976=DIRECTION('',(1.0,0.0,0.0));
#1977=SURFACE_STYLE_FILL_AREA(#2563);
#1978=ORIENTED_EDGE('',*,*,#2456,.T.);
#1979=ORIENTED_EDGE('',*,*,#2447,.T.);
#1980=ORIENTED_EDGE('',*,*,#2431,.T.);
#1981=ORIENTED_EDGE('',*,*,#2436,.T.);
#1982=ORIENTED_EDGE('',*,*,#2440,.T.);
#1983=ORIENTED_EDGE('',*,*,#2445,.T.);
#1984=ORIENTED_EDGE('',*,*,#2493,.T.);
#1985=ORIENTED_EDGE('',*,*,#2564,.T.);
#1986=ORIENTED_EDGE('',*,*,#2565,.T.);
#1987=CARTESIAN_POINT('',(-1.16532667089662,1.0,-4.56605840188894));
#1988=DIRECTION('',(2.82835349344046E-16,1.0,0.0));
#1989=DIRECTION('',(1.0,-2.82835349344046E-16,0.0));
#1990=SURFACE_STYLE_FILL_AREA(#2566);
#1991=ORIENTED_EDGE('',*,*,#2466,.F.);
#1992=ORIENTED_EDGE('',*,*,#2474,.F.);
#1993=ORIENTED_EDGE('',*,*,#2461,.F.);
#1994=ORIENTED_EDGE('',*,*,#2487,.F.);
#1995=ORIENTED_EDGE('',*,*,#2457,.F.);
#1996=ORIENTED_EDGE('',*,*,#2567,.T.);
#1997=ORIENTED_EDGE('',*,*,#2568,.F.);
#1998=ORIENTED_EDGE('',*,*,#2451,.F.);
#1999=ORIENTED_EDGE('',*,*,#2541,.F.);
#2000=CARTESIAN_POINT('',(-1.27014750344261,1.4,-3.95034859717385));
#2001=DIRECTION('',(-0.00348377363354099,9.85334332678141E-19,0.999993931642223));
#2002=DIRECTION('',(2.82835349344045E-16,1.0,0.0));
#2003=SURFACE_STYLE_FILL_AREA(#2569);
#2004=ORIENTED_EDGE('',*,*,#2496,.F.);
#2005=ORIENTED_EDGE('',*,*,#2540,.F.);
#2006=ORIENTED_EDGE('',*,*,#2570,.T.);
#2007=ORIENTED_EDGE('',*,*,#2571,.T.);
#2008=ORIENTED_EDGE('',*,*,#2572,.F.);
#2009=ORIENTED_EDGE('',*,*,#2573,.T.);
#2010=ORIENTED_EDGE('',*,*,#2564,.F.);
#2011=ORIENTED_EDGE('',*,*,#2492,.F.);
#2012=ORIENTED_EDGE('',*,*,#2489,.F.);
#2013=ORIENTED_EDGE('',*,*,#2485,.F.);
#2014=ORIENTED_EDGE('',*,*,#2482,.F.);
#2015=ORIENTED_EDGE('',*,*,#2480,.F.);
#2016=ORIENTED_EDGE('',*,*,#2476,.F.);
#2017=ORIENTED_EDGE('',*,*,#2472,.F.);
#2018=ORIENTED_EDGE('',*,*,#2469,.F.);
#2019=ORIENTED_EDGE('',*,*,#2499,.F.);
#2020=CARTESIAN_POINT('',(-1.45000000000036,1.4,-3.79999999999931));
#2021=DIRECTION('',(0.999999999998361,-2.82835349343582E-16,-1.81071024533058E-06));
#2022=DIRECTION('',(0.0,-1.0,1.56201330429842E-10));
#2023=SURFACE_STYLE_FILL_AREA(#2574);
#2024=ORIENTED_EDGE('',*,*,#2184,.F.);
#2025=ORIENTED_EDGE('',*,*,#2501,.F.);
#2026=ORIENTED_EDGE('',*,*,#2186,.T.);
#2027=ORIENTED_EDGE('',*,*,#2575,.T.);
#2028=CARTESIAN_POINT('',(4.33707974048514E-16,1.220405070404E-16,-1.701));
#2029=DIRECTION('',(0.0,0.0,-1.0));
#2030=DIRECTION('',(1.0,0.0,0.0));
#2031=SURFACE_STYLE_FILL_AREA(#2576);
#2032=ORIENTED_EDGE('',*,*,#2531,.F.);
#2033=ORIENTED_EDGE('',*,*,#2528,.F.);
#2034=ORIENTED_EDGE('',*,*,#2526,.F.);
#2035=ORIENTED_EDGE('',*,*,#2522,.F.);
#2036=ORIENTED_EDGE('',*,*,#2519,.F.);
#2037=ORIENTED_EDGE('',*,*,#2512,.F.);
#2038=ORIENTED_EDGE('',*,*,#2543,.F.);
#2039=ORIENTED_EDGE('',*,*,#2577,.F.);
#2040=ORIENTED_EDGE('',*,*,#2578,.F.);
#2041=ORIENTED_EDGE('',*,*,#2579,.F.);
#2042=ORIENTED_EDGE('',*,*,#2580,.T.);
#2043=ORIENTED_EDGE('',*,*,#2581,.T.);
#2044=ORIENTED_EDGE('',*,*,#2536,.F.);
#2045=ORIENTED_EDGE('',*,*,#2507,.F.);
#2046=ORIENTED_EDGE('',*,*,#2505,.F.);
#2047=ORIENTED_EDGE('',*,*,#2534,.F.);
#2048=CARTESIAN_POINT('',(1.45000035884987,1.4,-3.99818162829879));
#2049=DIRECTION('',(-1.0,2.82835349344046E-16,1.0058254790307E-14));
#2050=DIRECTION('',(2.82835349344046E-16,1.0,0.0));
#2051=SURFACE_STYLE_FILL_AREA(#2582);
#2052=ORIENTED_EDGE('',*,*,#2583,.T.);
#2053=ORIENTED_EDGE('',*,*,#2584,.T.);
#2054=ORIENTED_EDGE('',*,*,#2570,.F.);
#2055=ORIENTED_EDGE('',*,*,#2539,.F.);
#2056=ORIENTED_EDGE('',*,*,#2453,.T.);
#2057=ORIENTED_EDGE('',*,*,#2304,.F.);
#2058=ORIENTED_EDGE('',*,*,#2236,.T.);
#2059=ORIENTED_EDGE('',*,*,#2233,.T.);
#2060=ORIENTED_EDGE('',*,*,#2229,.T.);
#2061=ORIENTED_EDGE('',*,*,#2222,.T.);
#2062=ORIENTED_EDGE('',*,*,#2216,.T.);
#2063=ORIENTED_EDGE('',*,*,#2211,.F.);
#2064=ORIENTED_EDGE('',*,*,#2208,.T.);
#2065=ORIENTED_EDGE('',*,*,#2196,.T.);
#2066=ORIENTED_EDGE('',*,*,#2537,.F.);
#2067=ORIENTED_EDGE('',*,*,#2581,.F.);
#2068=ORIENTED_EDGE('',*,*,#2585,.T.);
#2069=ORIENTED_EDGE('',*,*,#2586,.T.);
#2070=ORIENTED_EDGE('',*,*,#2587,.T.);
#2071=CARTESIAN_POINT('',(1.27000035884979,-1.4,-3.98034823631283));
#2072=DIRECTION('',(2.82835349344046E-16,1.0,0.0));
#2073=DIRECTION('',(1.0,-2.82835349344046E-16,0.0));
#2074=SURFACE_STYLE_FILL_AREA(#2588);
#2075=ORIENTED_EDGE('',*,*,#2586,.F.);
#2076=ORIENTED_EDGE('',*,*,#2589,.T.);
#2077=ORIENTED_EDGE('',*,*,#2590,.T.);
#2078=CARTESIAN_POINT('',(1.68868237666495,-0.551261286841025,-2.0));
#2079=DIRECTION('',(0.0,0.0,-1.0));
#2080=DIRECTION('',(0.0,-1.0,0.0));
#2081=SURFACE_STYLE_FILL_AREA(#2591);
#2082=ORIENTED_EDGE('',*,*,#2592,.T.);
#2083=ORIENTED_EDGE('',*,*,#2587,.F.);
#2084=ORIENTED_EDGE('',*,*,#2590,.F.);
#2085=ORIENTED_EDGE('',*,*,#2593,.T.);
#2086=CARTESIAN_POINT('',(0.505472725238361,-1.73447093826763,-2.0));
#2087=DIRECTION('',(-0.707106781186551,0.707106781186544,0.0));
#2088=DIRECTION('',(0.0,0.0,1.0));
#2089=SURFACE_STYLE_FILL_AREA(#2594);
#2090=ORIENTED_EDGE('',*,*,#2595,.T.);
#2091=ORIENTED_EDGE('',*,*,#2577,.T.);
#2092=ORIENTED_EDGE('',*,*,#2545,.T.);
#2093=ORIENTED_EDGE('',*,*,#2548,.T.);
#2094=ORIENTED_EDGE('',*,*,#2550,.T.);
#2095=ORIENTED_EDGE('',*,*,#2554,.T.);
#2096=ORIENTED_EDGE('',*,*,#2557,.T.);
#2097=ORIENTED_EDGE('',*,*,#2560,.T.);
#2098=ORIENTED_EDGE('',*,*,#2562,.T.);
#2099=CARTESIAN_POINT('',(1.24505839182808,1.0,-3.95026119185791));
#2100=DIRECTION('',(2.82835349344046E-16,1.0,0.0));
#2101=DIRECTION('',(1.0,-2.82835349344046E-16,0.0));
#2102=SURFACE_STYLE_FILL_AREA(#2596);
#2103=ORIENTED_EDGE('',*,*,#2565,.F.);
#2104=ORIENTED_EDGE('',*,*,#2573,.F.);
#2105=ORIENTED_EDGE('',*,*,#2597,.F.);
#2106=ORIENTED_EDGE('',*,*,#2567,.F.);
#2107=CARTESIAN_POINT('',(-1.27014750344261,1.0,-3.95034859717385));
#2108=DIRECTION('',(0.0,0.0,1.0));
#2109=DIRECTION('',(1.0,0.0,0.0));
#2110=SURFACE_STYLE_FILL_AREA(#2598);
#2111=ORIENTED_EDGE('',*,*,#2599,.F.);
#2112=ORIENTED_EDGE('',*,*,#2571,.F.);
#2113=ORIENTED_EDGE('',*,*,#2584,.F.);
#2114=ORIENTED_EDGE('',*,*,#2600,.T.);
#2115=CARTESIAN_POINT('',(-1.33994366350598,1.4,-1.7));
#2116=DIRECTION('',(0.998629534754573,-2.82447733327591E-16,-0.0523359562429584));
#2117=DIRECTION('',(0.0,-1.0,5.39681996095359E-15));
#2118=SURFACE_STYLE_FILL_AREA(#2601);
#2119=ORIENTED_EDGE('',*,*,#2602,.T.);
#2120=ORIENTED_EDGE('',*,*,#2603,.F.);
#2121=ORIENTED_EDGE('',*,*,#2600,.F.);
#2122=ORIENTED_EDGE('',*,*,#2583,.F.);
#2123=ORIENTED_EDGE('',*,*,#2592,.F.);
#2124=ORIENTED_EDGE('',*,*,#2575,.F.);
#2125=ORIENTED_EDGE('',*,*,#2185,.F.);
#2126=CARTESIAN_POINT('',(1.33994366350599,1.4,-1.7));
#2127=DIRECTION('',(0.0,0.0,-1.0));
#2128=DIRECTION('',(0.0,-1.0,0.0));
#2129=SURFACE_STYLE_FILL_AREA(#2604);
#2130=ORIENTED_EDGE('',*,*,#2589,.F.);
#2131=ORIENTED_EDGE('',*,*,#2585,.F.);
#2132=ORIENTED_EDGE('',*,*,#2580,.F.);
#2133=ORIENTED_EDGE('',*,*,#2605,.F.);
#2134=ORIENTED_EDGE('',*,*,#2602,.F.);
#2135=ORIENTED_EDGE('',*,*,#2593,.F.);
#2136=CARTESIAN_POINT('',(1.33994366350599,1.4,-1.7));
#2137=DIRECTION('',(-0.998629534754573,2.82447733327591E-16,-0.0523359562429584));
#2138=DIRECTION('',(-0.0523359562429584,0.0,0.998629534754573));
#2139=SURFACE_STYLE_FILL_AREA(#2606);
#2140=ORIENTED_EDGE('',*,*,#2607,.F.);
#2141=ORIENTED_EDGE('',*,*,#2578,.T.);
#2142=ORIENTED_EDGE('',*,*,#2595,.F.);
#2143=ORIENTED_EDGE('',*,*,#2200,.T.);
#2144=ORIENTED_EDGE('',*,*,#2199,.T.);
#2145=CARTESIAN_POINT('',(1.24505839182808,1.0,-3.95026119185791));
#2146=DIRECTION('',(0.0,0.0,1.0));
#2147=DIRECTION('',(1.0,0.0,0.0));
#2148=SURFACE_STYLE_FILL_AREA(#2608);
#2149=ORIENTED_EDGE('',*,*,#2235,.T.);
#2150=ORIENTED_EDGE('',*,*,#2306,.F.);
#2151=ORIENTED_EDGE('',*,*,#2452,.T.);
#2152=ORIENTED_EDGE('',*,*,#2568,.T.);
#2153=ORIENTED_EDGE('',*,*,#2597,.T.);
#2154=ORIENTED_EDGE('',*,*,#2572,.T.);
#2155=ORIENTED_EDGE('',*,*,#2599,.T.);
#2156=ORIENTED_EDGE('',*,*,#2603,.T.);
#2157=ORIENTED_EDGE('',*,*,#2605,.T.);
#2158=ORIENTED_EDGE('',*,*,#2579,.T.);
#2159=ORIENTED_EDGE('',*,*,#2607,.T.);
#2160=ORIENTED_EDGE('',*,*,#2198,.T.);
#2161=ORIENTED_EDGE('',*,*,#2207,.T.);
#2162=ORIENTED_EDGE('',*,*,#2213,.F.);
#2163=ORIENTED_EDGE('',*,*,#2215,.T.);
#2164=ORIENTED_EDGE('',*,*,#2221,.T.);
#2165=ORIENTED_EDGE('',*,*,#2228,.T.);
#2166=ORIENTED_EDGE('',*,*,#2232,.T.);
#2167=CARTESIAN_POINT('',(1.27000035884979,1.4,-3.98034823631283));
#2168=DIRECTION('',(2.82835349344046E-16,1.0,0.0));
#2169=DIRECTION('',(1.0,-2.82835349344046E-16,0.0));
#2170=SURFACE_STYLE_FILL_AREA(#2609);
#2171=FILL_AREA_STYLE('',(#2610));
#2172=EDGE_LOOP('',(#2611,#2612,#2613));
#2173=AXIS2_PLACEMENT_3D('',#2614,#2615,#2616);
#2174=EDGE_LOOP('',(#2617,#2618,#2619,#2620));
#2175=AXIS2_PLACEMENT_3D('',#2621,#2622,#2623);
#2176=EDGE_LOOP('',(#2624,#2625,#2626,#2627));
#2177=AXIS2_PLACEMENT_3D('',#2628,#2629,#2630);
#2178=EDGE_LOOP('',(#2631,#2632));
#2179=AXIS2_PLACEMENT_3D('',#2633,#2634,#2635);
#2180=EDGE_LOOP('',(#2636,#2637,#2638));
#2181=AXIS2_PLACEMENT_3D('',#2639,#2640,#2641);
#2182=FILL_AREA_STYLE('',(#2642));
#2183=EDGE_CURVE('NONE',#2643,#2644,#2645,.T.);
#2184=EDGE_CURVE('NONE',#2643,#2646,#2647,.T.);
#2185=EDGE_CURVE('NONE',#2646,#2648,#2649,.T.);
#2186=EDGE_CURVE('NONE',#2644,#2648,#2650,.T.);
#2187=FILL_AREA_STYLE('',(#2651));
#2188=EDGE_CURVE('NONE',#2652,#2653,#2654,.T.);
#2189=EDGE_CURVE('NONE',#2652,#2655,#2656,.T.);
#2190=EDGE_CURVE('NONE',#2655,#2657,#2658,.T.);
#2191=EDGE_CURVE('NONE',#2653,#2657,#2659,.T.);
#2192=FILL_AREA_STYLE('',(#2660));
#2193=EDGE_CURVE('NONE',#2661,#2662,#2663,.T.);
#2194=EDGE_CURVE('NONE',#2664,#2661,#2665,.T.);
#2195=EDGE_CURVE('NONE',#2666,#2664,#2667,.T.);
#2196=EDGE_CURVE('NONE',#2668,#2666,#2669,.T.);
#2197=EDGE_CURVE('NONE',#2668,#2670,#2671,.T.);
#2198=EDGE_CURVE('NONE',#2672,#2670,#2673,.T.);
#2199=EDGE_CURVE('NONE',#2674,#2672,#2675,.T.);
#2200=EDGE_CURVE('NONE',#2676,#2674,#2677,.T.);
#2201=EDGE_CURVE('NONE',#2678,#2676,#2679,.T.);
#2202=EDGE_CURVE('NONE',#2680,#2678,#2681,.T.);
#2203=EDGE_CURVE('NONE',#2682,#2680,#2683,.T.);
#2204=EDGE_CURVE('NONE',#2684,#2682,#2685,.T.);
#2205=EDGE_CURVE('NONE',#2662,#2684,#2686,.T.);
#2206=FILL_AREA_STYLE('',(#2687));
#2207=EDGE_CURVE('NONE',#2670,#2688,#2689,.T.);
#2208=EDGE_CURVE('NONE',#2690,#2668,#2691,.T.);
#2209=EDGE_CURVE('NONE',#2688,#2690,#2692,.T.);
#2210=FILL_AREA_STYLE('',(#2693));
#2211=EDGE_CURVE('NONE',#2690,#2694,#2695,.T.);
#2212=EDGE_CURVE('NONE',#2694,#2696,#2697,.T.);
#2213=EDGE_CURVE('NONE',#2696,#2688,#2698,.T.);
#2214=FILL_AREA_STYLE('',(#2699));
#2215=EDGE_CURVE('NONE',#2696,#2700,#2701,.T.);
#2216=EDGE_CURVE('NONE',#2702,#2694,#2703,.T.);
#2217=EDGE_CURVE('NONE',#2702,#2700,#2704,.T.);
#2218=FILL_AREA_STYLE('',(#2705));
#2219=EDGE_CURVE('NONE',#2653,#2652,#2706,.T.);
#2220=FILL_AREA_STYLE('',(#2707));
#2221=EDGE_CURVE('NONE',#2700,#2708,#2709,.T.);
#2222=EDGE_CURVE('NONE',#2710,#2702,#2711,.T.);
#2223=EDGE_CURVE('NONE',#2710,#2708,#2712,.T.);
#2224=FILL_AREA_STYLE('',(#2713));
#2225=EDGE_CURVE('NONE',#2657,#2655,#2714,.T.);
#2226=FILL_AREA_STYLE('',(#2715));
#2227=EDGE_CURVE('NONE',#2716,#2717,#2718,.T.);
#2228=EDGE_CURVE('NONE',#2708,#2717,#2719,.T.);
#2229=EDGE_CURVE('NONE',#2716,#2710,#2720,.T.);
#2230=FILL_AREA_STYLE('',(#2721));
#2231=EDGE_CURVE('NONE',#2722,#2723,#2724,.T.);
#2232=EDGE_CURVE('NONE',#2717,#2723,#2725,.T.);
#2233=EDGE_CURVE('NONE',#2722,#2716,#2726,.T.);
#2234=FILL_AREA_STYLE('',(#2727));
#2235=EDGE_CURVE('NONE',#2723,#2728,#2729,.T.);
#2236=EDGE_CURVE('NONE',#2730,#2722,#2731,.T.);
#2237=EDGE_CURVE('NONE',#2728,#2730,#2732,.T.);
#2238=FILL_AREA_STYLE('',(#2733));
#2239=EDGE_CURVE('NONE',#2734,#2735,#2736,.T.);
#2240=EDGE_CURVE('NONE',#2735,#2737,#2738,.T.);
#2241=EDGE_CURVE('NONE',#2737,#2739,#2740,.T.);
#2242=EDGE_CURVE('NONE',#2739,#2734,#2741,.T.);
#2243=FILL_AREA_STYLE('',(#2742));
#2244=EDGE_CURVE('NONE',#2743,#2739,#2744,.T.);
#2245=EDGE_CURVE('NONE',#2737,#2745,#2746,.T.);
#2246=EDGE_CURVE('NONE',#2743,#2745,#2747,.T.);
#2247=FILL_AREA_STYLE('',(#2748));
#2248=EDGE_CURVE('NONE',#2745,#2749,#2750,.T.);
#2249=EDGE_CURVE('NONE',#2749,#2751,#2752,.T.);
#2250=EDGE_CURVE('NONE',#2751,#2743,#2753,.T.);
#2251=FILL_AREA_STYLE('',(#2754));
#2252=EDGE_CURVE('NONE',#2755,#2756,#2757,.T.);
#2253=EDGE_CURVE('NONE',#2756,#2758,#2759,.T.);
#2254=EDGE_CURVE('NONE',#2758,#2760,#2761,.T.);
#2255=EDGE_CURVE('NONE',#2760,#2755,#2762,.T.);
#2256=FILL_AREA_STYLE('',(#2763));
#2257=EDGE_CURVE('NONE',#2764,#2760,#2765,.T.);
#2258=EDGE_CURVE('NONE',#2758,#2766,#2767,.T.);
#2259=EDGE_CURVE('NONE',#2764,#2766,#2768,.T.);
#2260=FILL_AREA_STYLE('',(#2769));
#2261=EDGE_CURVE('NONE',#2766,#2770,#2771,.T.);
#2262=EDGE_CURVE('NONE',#2770,#2772,#2773,.T.);
#2263=EDGE_CURVE('NONE',#2772,#2764,#2774,.T.);
#2264=FILL_AREA_STYLE('',(#2775));
#2265=EDGE_CURVE('NONE',#2776,#2777,#2778,.T.);
#2266=EDGE_CURVE('NONE',#2777,#2779,#2780,.T.);
#2267=EDGE_CURVE('NONE',#2779,#2781,#2782,.T.);
#2268=EDGE_CURVE('NONE',#2781,#2776,#2783,.T.);
#2269=FILL_AREA_STYLE('',(#2784));
#2270=EDGE_CURVE('NONE',#2785,#2777,#2786,.T.);
#2271=EDGE_CURVE('NONE',#2776,#2787,#2788,.T.);
#2272=EDGE_CURVE('NONE',#2785,#2787,#2789,.T.);
#2273=FILL_AREA_STYLE('',(#2790));
#2274=EDGE_CURVE('NONE',#2791,#2792,#2793,.T.);
#2275=EDGE_CURVE('NONE',#2792,#2785,#2794,.T.);
#2276=EDGE_CURVE('NONE',#2787,#2791,#2795,.T.);
#2277=FILL_AREA_STYLE('',(#2796));
#2278=EDGE_CURVE('NONE',#2797,#2798,#2799,.T.);
#2279=EDGE_CURVE('NONE',#2798,#2800,#2801,.T.);
#2280=EDGE_CURVE('NONE',#2800,#2802,#2803,.T.);
#2281=EDGE_CURVE('NONE',#2802,#2797,#2804,.T.);
#2282=FILL_AREA_STYLE('',(#2805));
#2283=EDGE_CURVE('NONE',#2800,#2806,#2807,.T.);
#2284=EDGE_CURVE('NONE',#2808,#2806,#2809,.T.);
#2285=EDGE_CURVE('NONE',#2808,#2802,#2810,.T.);
#2286=FILL_AREA_STYLE('',(#2811));
#2287=EDGE_CURVE('NONE',#2806,#2812,#2813,.T.);
#2288=EDGE_CURVE('NONE',#2812,#2814,#2815,.T.);
#2289=EDGE_CURVE('NONE',#2814,#2808,#2816,.T.);
#2290=FILL_AREA_STYLE('',(#2817));
#2291=EDGE_CURVE('NONE',#2818,#2819,#2820,.T.);
#2292=EDGE_CURVE('NONE',#2819,#2821,#2822,.T.);
#2293=EDGE_CURVE('NONE',#2821,#2823,#2824,.T.);
#2294=EDGE_CURVE('NONE',#2823,#2818,#2825,.T.);
#2295=FILL_AREA_STYLE('',(#2826));
#2296=EDGE_CURVE('NONE',#2827,#2823,#2828,.T.);
#2297=EDGE_CURVE('NONE',#2821,#2829,#2830,.T.);
#2298=EDGE_CURVE('NONE',#2827,#2829,#2831,.T.);
#2299=FILL_AREA_STYLE('',(#2832));
#2300=EDGE_CURVE('NONE',#2829,#2833,#2834,.T.);
#2301=EDGE_CURVE('NONE',#2833,#2835,#2836,.T.);
#2302=EDGE_CURVE('NONE',#2835,#2827,#2837,.T.);
#2303=FILL_AREA_STYLE('',(#2838));
#2304=EDGE_CURVE('NONE',#2730,#2839,#2840,.T.);
#2305=EDGE_CURVE('NONE',#2839,#2841,#2842,.T.);
#2306=EDGE_CURVE('NONE',#2841,#2728,#2843,.T.);
#2307=FILL_AREA_STYLE('',(#2844));
#2308=EDGE_CURVE('NONE',#2845,#2846,#2847,.T.);
#2309=EDGE_CURVE('NONE',#2845,#2772,#2848,.T.);
#2310=EDGE_CURVE('NONE',#2770,#2846,#2849,.T.);
#2311=FILL_AREA_STYLE('',(#2850));
#2312=EDGE_CURVE('NONE',#2734,#2851,#2852,.T.);
#2313=EDGE_CURVE('NONE',#2851,#2853,#2854,.T.);
#2314=EDGE_CURVE('NONE',#2853,#2735,#2855,.T.);
#2315=FILL_AREA_STYLE('',(#2856));
#2316=EDGE_CURVE('NONE',#2857,#2858,#2859,.T.);
#2317=EDGE_CURVE('NONE',#2858,#2860,#2861,.T.);
#2318=EDGE_CURVE('NONE',#2860,#2851,#2862,.T.);
#2319=EDGE_CURVE('NONE',#2751,#2857,#2863,.T.);
#2320=FILL_AREA_STYLE('',(#2864));
#2321=EDGE_CURVE('NONE',#2858,#2865,#2866,.T.);
#2322=EDGE_CURVE('NONE',#2865,#2867,#2868,.T.);
#2323=EDGE_CURVE('NONE',#2867,#2860,#2869,.T.);
#2324=FILL_AREA_STYLE('',(#2870));
#2325=EDGE_CURVE('NONE',#2865,#2871,#2872,.T.);
#2326=EDGE_CURVE('NONE',#2871,#2873,#2874,.T.);
#2327=EDGE_CURVE('NONE',#2873,#2867,#2875,.T.);
#2328=FILL_AREA_STYLE('',(#2876));
#2329=EDGE_CURVE('NONE',#2853,#2877,#2878,.T.);
#2330=EDGE_CURVE('NONE',#2879,#2877,#2880,.T.);
#2331=EDGE_CURVE('NONE',#2879,#2881,#2882,.T.);
#2332=EDGE_CURVE('NONE',#2881,#2749,#2883,.T.);
#2333=FILL_AREA_STYLE('',(#2884));
#2334=EDGE_CURVE('NONE',#2881,#2857,#2885,.T.);
#2335=FILL_AREA_STYLE('',(#2886));
#2336=EDGE_CURVE('NONE',#2818,#2887,#2888,.T.);
#2337=EDGE_CURVE('NONE',#2889,#2887,#2890,.T.);
#2338=EDGE_CURVE('NONE',#2889,#2819,#2891,.T.);
#2339=FILL_AREA_STYLE('',(#2892));
#2340=EDGE_CURVE('NONE',#2893,#2894,#2895,.T.);
#2341=EDGE_CURVE('NONE',#2894,#2896,#2897,.T.);
#2342=EDGE_CURVE('NONE',#2898,#2896,#2899,.T.);
#2343=EDGE_CURVE('NONE',#2898,#2893,#2900,.T.);
#2344=FILL_AREA_STYLE('',(#2901));
#2345=EDGE_CURVE('NONE',#2894,#2902,#2903,.T.);
#2346=EDGE_CURVE('NONE',#2902,#2904,#2905,.T.);
#2347=EDGE_CURVE('NONE',#2896,#2904,#2906,.T.);
#2348=FILL_AREA_STYLE('',(#2907));
#2349=EDGE_CURVE('NONE',#2904,#2845,#2908,.T.);
#2350=EDGE_CURVE('NONE',#2902,#2909,#2910,.T.);
#2351=EDGE_CURVE('NONE',#2909,#2755,#2911,.T.);
#2352=FILL_AREA_STYLE('',(#2912));
#2353=EDGE_CURVE('NONE',#2909,#2913,#2914,.T.);
#2354=EDGE_CURVE('NONE',#2913,#2756,#2915,.T.);
#2355=FILL_AREA_STYLE('',(#2916));
#2356=EDGE_CURVE('NONE',#2913,#2917,#2918,.T.);
#2357=EDGE_CURVE('NONE',#2919,#2917,#2920,.T.);
#2358=EDGE_CURVE('NONE',#2846,#2919,#2921,.T.);
#2359=FILL_AREA_STYLE('',(#2922));
#2360=EDGE_CURVE('NONE',#2797,#2923,#2924,.T.);
#2361=EDGE_CURVE('NONE',#2923,#2925,#2926,.T.);
#2362=EDGE_CURVE('NONE',#2925,#2798,#2927,.T.);
#2363=FILL_AREA_STYLE('',(#2928));
#2364=EDGE_CURVE('NONE',#2929,#2930,#2931,.T.);
#2365=EDGE_CURVE('NONE',#2929,#2781,#2932,.T.);
#2366=EDGE_CURVE('NONE',#2779,#2930,#2933,.T.);
#2367=FILL_AREA_STYLE('',(#2934));
#2368=EDGE_CURVE('NONE',#2935,#2936,#2937,.T.);
#2369=EDGE_CURVE('NONE',#2935,#2938,#2939,.T.);
#2370=EDGE_CURVE('NONE',#2940,#2938,#2941,.T.);
#2371=EDGE_CURVE('NONE',#2940,#2936,#2942,.T.);
#2372=FILL_AREA_STYLE('',(#2943));
#2373=EDGE_CURVE('NONE',#2938,#2944,#2945,.T.);
#2374=EDGE_CURVE('NONE',#2930,#2935,#2946,.T.);
#2375=EDGE_CURVE('NONE',#2792,#2944,#2947,.T.);
#2376=FILL_AREA_STYLE('',(#2948));
#2377=EDGE_CURVE('NONE',#2791,#2949,#2950,.T.);
#2378=EDGE_CURVE('NONE',#2944,#2949,#2951,.T.);
#2379=FILL_AREA_STYLE('',(#2952));
#2380=EDGE_CURVE('NONE',#2953,#2929,#2954,.T.);
#2381=EDGE_CURVE('NONE',#2955,#2953,#2956,.T.);
#2382=EDGE_CURVE('NONE',#2949,#2955,#2957,.T.);
#2383=FILL_AREA_STYLE('',(#2958));
#2384=EDGE_CURVE('NONE',#2959,#2684,#2960,.T.);
#2385=EDGE_CURVE('NONE',#2959,#2961,#2962,.T.);
#2386=EDGE_CURVE('NONE',#2662,#2961,#2963,.T.);
#2387=FILL_AREA_STYLE('',(#2964));
#2388=EDGE_CURVE('NONE',#2936,#2959,#2965,.T.);
#2389=EDGE_CURVE('NONE',#2961,#2940,#2966,.T.);
#2390=FILL_AREA_STYLE('',(#2967));
#2391=EDGE_CURVE('NONE',#2814,#2968,#2969,.T.);
#2392=EDGE_CURVE('NONE',#2968,#2970,#2971,.T.);
#2393=EDGE_CURVE('NONE',#2972,#2970,#2973,.T.);
#2394=EDGE_CURVE('NONE',#2972,#2923,#2974,.T.);
#2395=FILL_AREA_STYLE('',(#2975));
#2396=EDGE_CURVE('NONE',#2976,#2977,#2978,.T.);
#2397=EDGE_CURVE('NONE',#2977,#2664,#2979,.T.);
#2398=EDGE_CURVE('NONE',#2661,#2976,#2980,.T.);
#2399=FILL_AREA_STYLE('',(#2981));
#2400=EDGE_CURVE('NONE',#2982,#2983,#2984,.T.);
#2401=EDGE_CURVE('NONE',#2983,#2977,#2985,.T.);
#2402=EDGE_CURVE('NONE',#2976,#2982,#2986,.T.);
#2403=FILL_AREA_STYLE('',(#2987));
#2404=EDGE_CURVE('NONE',#2988,#2989,#2990,.T.);
#2405=EDGE_CURVE('NONE',#2989,#2983,#2991,.T.);
#2406=EDGE_CURVE('NONE',#2982,#2988,#2992,.T.);
#2407=FILL_AREA_STYLE('',(#2993));
#2408=EDGE_CURVE('NONE',#2925,#2989,#2994,.T.);
#2409=EDGE_CURVE('NONE',#2988,#2995,#2996,.T.);
#2410=EDGE_CURVE('NONE',#2995,#2812,#2997,.T.);
#2411=FILL_AREA_STYLE('',(#2998));
#2412=EDGE_CURVE('NONE',#2995,#2968,#2999,.T.);
#2413=FILL_AREA_STYLE('',(#3000));
#2414=EDGE_CURVE('NONE',#3001,#3002,#3003,.T.);
#2415=EDGE_CURVE('NONE',#3002,#3004,#3005,.T.);
#2416=EDGE_CURVE('NONE',#3004,#3006,#3007,.T.);
#2417=EDGE_CURVE('NONE',#3006,#3001,#3008,.T.);
#2418=FILL_AREA_STYLE('',(#3009));
#2419=EDGE_CURVE('NONE',#3004,#3010,#3011,.T.);
#2420=EDGE_CURVE('NONE',#3012,#3010,#3013,.T.);
#2421=EDGE_CURVE('NONE',#3012,#3006,#3014,.T.);
#2422=FILL_AREA_STYLE('',(#3015));
#2423=EDGE_CURVE('NONE',#3010,#3016,#3017,.T.);
#2424=EDGE_CURVE('NONE',#3016,#3018,#3019,.T.);
#2425=EDGE_CURVE('NONE',#3018,#3012,#3020,.T.);
#2426=FILL_AREA_STYLE('',(#3021));
#2427=EDGE_CURVE('NONE',#3001,#3022,#3023,.T.);
#2428=EDGE_CURVE('NONE',#3022,#3024,#3025,.T.);
#2429=EDGE_CURVE('NONE',#3024,#3002,#3026,.T.);
#2430=FILL_AREA_STYLE('',(#3027));
#2431=EDGE_CURVE('NONE',#3028,#3029,#3030,.T.);
#2432=EDGE_CURVE('NONE',#3028,#3031,#3032,.T.);
#2433=EDGE_CURVE('NONE',#3033,#3031,#3034,.T.);
#2434=EDGE_CURVE('NONE',#3033,#3029,#3035,.T.);
#2435=FILL_AREA_STYLE('',(#3036));
#2436=EDGE_CURVE('NONE',#3029,#3037,#3038,.T.);
#2437=EDGE_CURVE('NONE',#2887,#3033,#3039,.T.);
#2438=EDGE_CURVE('NONE',#2835,#3037,#3040,.T.);
#2439=FILL_AREA_STYLE('',(#3041));
#2440=EDGE_CURVE('NONE',#3037,#3042,#3043,.T.);
#2441=EDGE_CURVE('NONE',#2833,#3042,#3044,.T.);
#2442=FILL_AREA_STYLE('',(#3045));
#2443=EDGE_CURVE('NONE',#3046,#2889,#3047,.T.);
#2444=EDGE_CURVE('NONE',#3048,#3046,#3049,.T.);
#2445=EDGE_CURVE('NONE',#3042,#3048,#3050,.T.);
#2446=FILL_AREA_STYLE('',(#3051));
#2447=EDGE_CURVE('NONE',#3052,#3028,#3053,.T.);
#2448=EDGE_CURVE('NONE',#3052,#3054,#3055,.T.);
#2449=EDGE_CURVE('NONE',#3031,#3054,#3056,.T.);
#2450=FILL_AREA_STYLE('',(#3057));
#2451=EDGE_CURVE('NONE',#3058,#3059,#3060,.T.);
#2452=EDGE_CURVE('NONE',#2841,#3059,#3061,.T.);
#2453=EDGE_CURVE('NONE',#3062,#2839,#3063,.T.);
#2454=EDGE_CURVE('NONE',#3062,#3058,#3064,.T.);
#2455=FILL_AREA_STYLE('',(#3065));
#2456=EDGE_CURVE('NONE',#3066,#3052,#3067,.T.);
#2457=EDGE_CURVE('NONE',#3066,#3068,#3069,.T.);
#2458=EDGE_CURVE('NONE',#3054,#3068,#3070,.T.);
#2459=FILL_AREA_STYLE('',(#3071));
#2460=EDGE_CURVE('NONE',#2871,#3072,#3073,.T.);
#2461=EDGE_CURVE('NONE',#3072,#3074,#3075,.T.);
#2462=EDGE_CURVE('NONE',#3074,#2873,#3076,.T.);
#2463=FILL_AREA_STYLE('',(#3077));
#2464=EDGE_CURVE('NONE',#3078,#2893,#3079,.T.);
#2465=EDGE_CURVE('NONE',#3080,#2898,#3081,.T.);
#2466=EDGE_CURVE('NONE',#3080,#3078,#3082,.T.);
#2467=FILL_AREA_STYLE('',(#3083));
#2468=EDGE_CURVE('NONE',#3084,#2919,#3085,.T.);
#2469=EDGE_CURVE('NONE',#3084,#3086,#3087,.T.);
#2470=EDGE_CURVE('NONE',#3086,#3080,#3088,.T.);
#2471=FILL_AREA_STYLE('',(#3089));
#2472=EDGE_CURVE('NONE',#3086,#3090,#3091,.T.);
#2473=EDGE_CURVE('NONE',#3090,#3074,#3092,.T.);
#2474=EDGE_CURVE('NONE',#3074,#3080,#3093,.T.);
#2475=FILL_AREA_STYLE('',(#3094));
#2476=EDGE_CURVE('NONE',#3090,#3095,#3096,.T.);
#2477=EDGE_CURVE('NONE',#2877,#3095,#3097,.T.);
#2478=FILL_AREA_STYLE('',(#3098));
#2479=EDGE_CURVE('NONE',#3099,#2879,#3100,.T.);
#2480=EDGE_CURVE('NONE',#3095,#3099,#3101,.T.);
#2481=FILL_AREA_STYLE('',(#3102));
#2482=EDGE_CURVE('NONE',#3099,#3103,#3104,.T.);
#2483=EDGE_CURVE('NONE',#3103,#3072,#3105,.T.);
#2484=FILL_AREA_STYLE('',(#3106));
#2485=EDGE_CURVE('NONE',#3103,#3107,#3108,.T.);
#2486=EDGE_CURVE('NONE',#3068,#3107,#3109,.T.);
#2487=EDGE_CURVE('NONE',#3068,#3072,#3110,.T.);
#2488=FILL_AREA_STYLE('',(#3111));
#2489=EDGE_CURVE('NONE',#3107,#3112,#3113,.T.);
#2490=EDGE_CURVE('NONE',#3046,#3112,#3114,.T.);
#2491=FILL_AREA_STYLE('',(#3115));
#2492=EDGE_CURVE('NONE',#3112,#3116,#3117,.T.);
#2493=EDGE_CURVE('NONE',#3048,#3116,#3118,.T.);
#2494=FILL_AREA_STYLE('',(#3119));
#2495=EDGE_CURVE('NONE',#3078,#3120,#3121,.T.);
#2496=EDGE_CURVE('NONE',#3120,#3122,#3123,.T.);
#2497=EDGE_CURVE('NONE',#2917,#3122,#3124,.T.);
#2498=FILL_AREA_STYLE('',(#3125));
#2499=EDGE_CURVE('NONE',#3122,#3084,#3126,.T.);
#2500=FILL_AREA_STYLE('',(#3127));
#2501=EDGE_CURVE('NONE',#2644,#2643,#3128,.T.);
#2502=FILL_AREA_STYLE('',(#3129));
#2503=EDGE_CURVE('NONE',#3130,#2972,#3131,.T.);
#2504=EDGE_CURVE('NONE',#2970,#3132,#3133,.T.);
#2505=EDGE_CURVE('NONE',#3132,#3130,#3134,.T.);
#2506=FILL_AREA_STYLE('',(#3135));
#2507=EDGE_CURVE('NONE',#3130,#3136,#3137,.T.);
#2508=EDGE_CURVE('NONE',#3136,#2664,#3138,.T.);
#2509=FILL_AREA_STYLE('',(#3139));
#2510=EDGE_CURVE('NONE',#3022,#3140,#3141,.T.);
#2511=EDGE_CURVE('NONE',#3142,#3140,#3143,.T.);
#2512=EDGE_CURVE('NONE',#3142,#3144,#3145,.T.);
#2513=EDGE_CURVE('NONE',#3144,#2678,#3146,.T.);
#2514=EDGE_CURVE('NONE',#2678,#3147,#3148,.T.);
#2515=EDGE_CURVE('NONE',#3147,#3149,#3150,.T.);
#2516=EDGE_CURVE('NONE',#3149,#3151,#3152,.T.);
#2517=EDGE_CURVE('NONE',#3151,#3024,#3153,.T.);
#2518=FILL_AREA_STYLE('',(#3154));
#2519=EDGE_CURVE('NONE',#3144,#3155,#3156,.T.);
#2520=EDGE_CURVE('NONE',#2684,#3155,#3157,.T.);
#2521=FILL_AREA_STYLE('',(#3158));
#2522=EDGE_CURVE('NONE',#3155,#3159,#3160,.T.);
#2523=EDGE_CURVE('NONE',#2953,#3159,#3161,.T.);
#2524=FILL_AREA_STYLE('',(#3162));
#2525=EDGE_CURVE('NONE',#2955,#3163,#3164,.T.);
#2526=EDGE_CURVE('NONE',#3159,#3163,#3165,.T.);
#2527=FILL_AREA_STYLE('',(#3166));
#2528=EDGE_CURVE('NONE',#3163,#3167,#3168,.T.);
#2529=EDGE_CURVE('NONE',#3167,#2662,#3169,.T.);
#2530=FILL_AREA_STYLE('',(#3170));
#2531=EDGE_CURVE('NONE',#3167,#3171,#3172,.T.);
#2532=EDGE_CURVE('NONE',#3171,#2661,#3173,.T.);
#2533=FILL_AREA_STYLE('',(#3174));
#2534=EDGE_CURVE('NONE',#3171,#3132,#3175,.T.);
#2535=FILL_AREA_STYLE('',(#3176));
#2536=EDGE_CURVE('NONE',#3136,#3177,#3178,.T.);
#2537=EDGE_CURVE('NONE',#3177,#2666,#3179,.T.);
#2538=FILL_AREA_STYLE('',(#3180));
#2539=EDGE_CURVE('NONE',#3062,#3181,#3182,.T.);
#2540=EDGE_CURVE('NONE',#3181,#3120,#3183,.T.);
#2541=EDGE_CURVE('NONE',#3078,#3058,#3184,.T.);
#2542=FILL_AREA_STYLE('',(#3185));
#2543=EDGE_CURVE('NONE',#3186,#3142,#3187,.T.);
#2544=EDGE_CURVE('NONE',#3140,#3188,#3189,.T.);
#2545=EDGE_CURVE('NONE',#3186,#3188,#3190,.T.);
#2546=FILL_AREA_STYLE('',(#3191));
#2547=EDGE_CURVE('NONE',#3018,#3192,#3193,.T.);
#2548=EDGE_CURVE('NONE',#3188,#3192,#3194,.T.);
#2549=FILL_AREA_STYLE('',(#3195));
#2550=EDGE_CURVE('NONE',#3192,#3196,#3197,.T.);
#2551=EDGE_CURVE('NONE',#3016,#3196,#3198,.T.);
#2552=FILL_AREA_STYLE('',(#3199));
#2553=EDGE_CURVE('NONE',#3151,#3200,#3201,.T.);
#2554=EDGE_CURVE('NONE',#3196,#3200,#3202,.T.);
#2555=FILL_AREA_STYLE('',(#3203));
#2556=EDGE_CURVE('NONE',#3149,#3204,#3205,.T.);
#2557=EDGE_CURVE('NONE',#3200,#3204,#3206,.T.);
#2558=FILL_AREA_STYLE('',(#3207));
#2559=EDGE_CURVE('NONE',#3147,#3208,#3209,.T.);
#2560=EDGE_CURVE('NONE',#3204,#3208,#3210,.T.);
#2561=FILL_AREA_STYLE('',(#3211));
#2562=EDGE_CURVE('NONE',#3208,#2676,#3212,.T.);
#2563=FILL_AREA_STYLE('',(#3213));
#2564=EDGE_CURVE('NONE',#3116,#3214,#3215,.T.);
#2565=EDGE_CURVE('NONE',#3214,#3066,#3216,.T.);
#2566=FILL_AREA_STYLE('',(#3217));
#2567=EDGE_CURVE('NONE',#3066,#3218,#3219,.T.);
#2568=EDGE_CURVE('NONE',#3059,#3218,#3220,.T.);
#2569=FILL_AREA_STYLE('',(#3221));
#2570=EDGE_CURVE('NONE',#3181,#3222,#3223,.T.);
#2571=EDGE_CURVE('NONE',#3222,#3224,#3225,.T.);
#2572=EDGE_CURVE('NONE',#3226,#3224,#3227,.T.);
#2573=EDGE_CURVE('NONE',#3226,#3214,#3228,.T.);
#2574=FILL_AREA_STYLE('',(#3229));
#2575=EDGE_CURVE('NONE',#2648,#2646,#3230,.T.);
#2576=FILL_AREA_STYLE('',(#3231));
#2577=EDGE_CURVE('NONE',#3232,#3186,#3233,.T.);
#2578=EDGE_CURVE('NONE',#3234,#3232,#3235,.T.);
#2579=EDGE_CURVE('NONE',#3236,#3234,#3237,.T.);
#2580=EDGE_CURVE('NONE',#3236,#3238,#3239,.T.);
#2581=EDGE_CURVE('NONE',#3238,#3177,#3240,.T.);
#2582=FILL_AREA_STYLE('',(#3241));
#2583=EDGE_CURVE('NONE',#3242,#3243,#3244,.T.);
#2584=EDGE_CURVE('NONE',#3243,#3222,#3245,.T.);
#2585=EDGE_CURVE('NONE',#3238,#3246,#3247,.T.);
#2586=EDGE_CURVE('NONE',#3246,#3248,#3249,.T.);
#2587=EDGE_CURVE('NONE',#3248,#3242,#3250,.T.);
#2588=FILL_AREA_STYLE('',(#3251));
#2589=EDGE_CURVE('NONE',#3246,#3252,#3253,.T.);
#2590=EDGE_CURVE('NONE',#3252,#3248,#3254,.T.);
#2591=FILL_AREA_STYLE('',(#3255));
#2592=EDGE_CURVE('NONE',#3256,#3242,#3257,.T.);
#2593=EDGE_CURVE('NONE',#3252,#3256,#3258,.T.);
#2594=FILL_AREA_STYLE('',(#3259));
#2595=EDGE_CURVE('NONE',#2676,#3232,#3260,.T.);
#2596=FILL_AREA_STYLE('',(#3261));
#2597=EDGE_CURVE('NONE',#3218,#3226,#3262,.T.);
#2598=FILL_AREA_STYLE('',(#3263));
#2599=EDGE_CURVE('NONE',#3224,#3264,#3265,.T.);
#2600=EDGE_CURVE('NONE',#3243,#3264,#3266,.T.);
#2601=FILL_AREA_STYLE('',(#3267));
#2602=EDGE_CURVE('NONE',#3256,#3268,#3269,.T.);
#2603=EDGE_CURVE('NONE',#3264,#3268,#3270,.T.);
#2604=FILL_AREA_STYLE('',(#3271));
#2605=EDGE_CURVE('NONE',#3268,#3236,#3272,.T.);
#2606=FILL_AREA_STYLE('',(#3273));
#2607=EDGE_CURVE('NONE',#3234,#2672,#3274,.T.);
#2608=FILL_AREA_STYLE('',(#3275));
#2609=FILL_AREA_STYLE('',(#3276));
#2610=FILL_AREA_STYLE_COLOUR('',#3277);
#2611=ORIENTED_EDGE('',*,*,#3278,.T.);
#2612=ORIENTED_EDGE('',*,*,#3279,.T.);
#2613=ORIENTED_EDGE('',*,*,#3280,.F.);
#2614=CARTESIAN_POINT('',(0.0,0.0,-0.801000000000004));
#2615=DIRECTION('',(0.966708639925349,-0.255879669949922,0.0));
#2616=DIRECTION('',(-0.255879669949922,-0.966708639925349,0.0));
#2617=ORIENTED_EDGE('',*,*,#3281,.F.);
#2618=ORIENTED_EDGE('',*,*,#3282,.T.);
#2619=ORIENTED_EDGE('',*,*,#3283,.T.);
#2620=ORIENTED_EDGE('',*,*,#3284,.F.);
#2621=CARTESIAN_POINT('',(0.0,0.0,-0.64114789717605));
#2622=DIRECTION('',(-0.0,-0.0,-1.0));
#2623=DIRECTION('',(-0.255879669949922,-0.966708639925349,0.0));
#2624=ORIENTED_EDGE('',*,*,#3282,.F.);
#2625=ORIENTED_EDGE('',*,*,#3278,.F.);
#2626=ORIENTED_EDGE('',*,*,#3284,.T.);
#2627=ORIENTED_EDGE('',*,*,#3285,.T.);
#2628=CARTESIAN_POINT('',(0.0,0.0,-0.64114789717605));
#2629=DIRECTION('',(-0.0,-0.0,-1.0));
#2630=DIRECTION('',(-0.255879669949922,-0.966708639925349,0.0));
#2631=ORIENTED_EDGE('',*,*,#3285,.F.);
#2632=ORIENTED_EDGE('',*,*,#3283,.F.);
#2633=CARTESIAN_POINT('',(0.255879669949921,0.966708639925345,-1.701));
#2634=DIRECTION('',(0.0,-0.0,-1.0));
#2635=DIRECTION('',(0.966708639925349,-0.255879669949923,0.0));
#2636=ORIENTED_EDGE('',*,*,#3279,.F.);
#2637=ORIENTED_EDGE('',*,*,#3281,.T.);
#2638=ORIENTED_EDGE('',*,*,#3280,.T.);
#2639=CARTESIAN_POINT('',(0.0,0.0,-0.801000000000004));
#2640=DIRECTION('',(0.966708639925349,-0.255879669949922,0.0));
#2641=DIRECTION('',(-0.255879669949922,-0.966708639925349,0.0));
#2642=FILL_AREA_STYLE_COLOUR('',#3286);
#2643=VERTEX_POINT('NONE',#3287);
#2644=VERTEX_POINT('NONE',#3288);
#2645=CIRCLE('',#3289,1.165);
#2646=VERTEX_POINT('NONE',#3290);
#2647=LINE('',#3291,#3292);
#2648=VERTEX_POINT('NONE',#3293);
#2649=CIRCLE('',#3294,1.165);
#2650=LINE('',#3295,#3296);
#2651=FILL_AREA_STYLE_COLOUR('',#3297);
#2652=VERTEX_POINT('NONE',#3298);
#2653=VERTEX_POINT('NONE',#3299);
#2654=CIRCLE('',#3300,0.45);
#2655=VERTEX_POINT('NONE',#3301);
#2656=LINE('',#3302,#3303);
#2657=VERTEX_POINT('NONE',#3304);
#2658=CIRCLE('',#3305,0.45);
#2659=LINE('',#3306,#3307);
#2660=FILL_AREA_STYLE_COLOUR('',#3308);
#2661=VERTEX_POINT('NONE',#3309);
#2662=VERTEX_POINT('NONE',#3310);
#2663=LINE('',#3311,#3312);
#2664=VERTEX_POINT('NONE',#3313);
#2665=LINE('',#3314,#3315);
#2666=VERTEX_POINT('NONE',#3316);
#2667=LINE('',#3317,#3318);
#2668=VERTEX_POINT('NONE',#3319);
#2669=LINE('',#3320,#3321);
#2670=VERTEX_POINT('NONE',#3322);
#2671=LINE('',#3323,#3324);
#2672=VERTEX_POINT('NONE',#3325);
#2673=LINE('',#3326,#3327);
#2674=VERTEX_POINT('NONE',#3328);
#2675=LINE('',#3329,#3330);
#2676=VERTEX_POINT('NONE',#3331);
#2677=B_SPLINE_CURVE_WITH_KNOTS('',3,(#3332,#3333,#3334,#3335),.UNSPECIFIED.,.F.,.F.,(4,4),(0.0,1.0),.UNSPECIFIED.);
#2678=VERTEX_POINT('NONE',#3336);
#2679=LINE('',#3337,#3338);
#2680=VERTEX_POINT('NONE',#3339);
#2681=B_SPLINE_CURVE_WITH_KNOTS('',3,(#3340,#3341,#3342,#3343),.UNSPECIFIED.,.F.,.F.,(4,4),(0.0,1.0),.UNSPECIFIED.);
#2682=VERTEX_POINT('NONE',#3344);
#2683=LINE('',#3345,#3346);
#2684=VERTEX_POINT('NONE',#3347);
#2685=B_SPLINE_CURVE_WITH_KNOTS('',3,(#3348,#3349,#3350,#3351),.UNSPECIFIED.,.F.,.F.,(4,4),(0.0,1.0),.UNSPECIFIED.);
#2686=LINE('',#3352,#3353);
#2687=FILL_AREA_STYLE_COLOUR('',#3354);
#2688=VERTEX_POINT('NONE',#3355);
#2689=LINE('',#3356,#3357);
#2690=VERTEX_POINT('NONE',#3358);
#2691=LINE('',#3359,#3360);
#2692=LINE('',#3361,#3362);
#2693=FILL_AREA_STYLE_COLOUR('',#3363);
#2694=VERTEX_POINT('NONE',#3364);
#2695=CIRCLE('',#3365,0.1);
#2696=VERTEX_POINT('NONE',#3366);
#2697=LINE('',#3367,#3368);
#2698=CIRCLE('',#3369,0.1);
#2699=FILL_AREA_STYLE_COLOUR('',#3370);
#2700=VERTEX_POINT('NONE',#3371);
#2701=LINE('',#3372,#3373);
#2702=VERTEX_POINT('NONE',#3374);
#2703=LINE('',#3375,#3376);
#2704=LINE('',#3377,#3378);
#2705=FILL_AREA_STYLE_COLOUR('',#3379);
#2706=CIRCLE('',#3380,0.45);
#2707=FILL_AREA_STYLE_COLOUR('',#3381);
#2708=VERTEX_POINT('NONE',#3382);
#2709=LINE('',#3383,#3384);
#2710=VERTEX_POINT('NONE',#3385);
#2711=LINE('',#3386,#3387);
#2712=LINE('',#3388,#3389);
#2713=FILL_AREA_STYLE_COLOUR('',#3390);
#2714=CIRCLE('',#3391,0.45);
#2715=FILL_AREA_STYLE_COLOUR('',#3392);
#2716=VERTEX_POINT('NONE',#3393);
#2717=VERTEX_POINT('NONE',#3394);
#2718=LINE('',#3395,#3396);
#2719=LINE('',#3397,#3398);
#2720=LINE('',#3399,#3400);
#2721=FILL_AREA_STYLE_COLOUR('',#3401);
#2722=VERTEX_POINT('NONE',#3402);
#2723=VERTEX_POINT('NONE',#3403);
#2724=LINE('',#3404,#3405);
#2725=LINE('',#3406,#3407);
#2726=LINE('',#3408,#3409);
#2727=FILL_AREA_STYLE_COLOUR('',#3410);
#2728=VERTEX_POINT('NONE',#3411);
#2729=LINE('',#3412,#3413);
#2730=VERTEX_POINT('NONE',#3414);
#2731=LINE('',#3415,#3416);
#2732=LINE('',#3417,#3418);
#2733=FILL_AREA_STYLE_COLOUR('',#3419);
#2734=VERTEX_POINT('NONE',#3420);
#2735=VERTEX_POINT('NONE',#3421);
#2736=LINE('',#3422,#3423);
#2737=VERTEX_POINT('NONE',#3424);
#2738=(B_SPLINE_CURVE(3,(#3426,#3427,#3428,#3429),.UNSPECIFIED.,.F.,.F.)B_SPLINE_CURVE_WITH_KNOTS((4,4),(2.09439510239319,3.14159265358979),.UNSPECIFIED.)RATIONAL_B_SPLINE_CURVE((1.0,0.910683602522958,0.910683602522958,1.0))BOUNDED_CURVE()REPRESENTATION_ITEM('')GEOMETRIC_REPRESENTATION_ITEM()CURVE());
#2739=VERTEX_POINT('NONE',#3436);
#2740=(B_SPLINE_CURVE(3,(#3438,#3439,#3440,#3441),.UNSPECIFIED.,.F.,.F.)B_SPLINE_CURVE_WITH_KNOTS((4,4),(0.0,0.396412681425923),.UNSPECIFIED.)RATIONAL_B_SPLINE_CURVE((1.0,0.986947564132694,0.986947564132694,1.0))BOUNDED_CURVE()REPRESENTATION_ITEM('')GEOMETRIC_REPRESENTATION_ITEM()CURVE());
#2741=(B_SPLINE_CURVE(3,(#3449,#3450,#3451,#3452),.UNSPECIFIED.,.F.,.F.)B_SPLINE_CURVE_WITH_KNOTS((4,4),(3.53800533501572,4.18879020478639),.UNSPECIFIED.)RATIONAL_B_SPLINE_CURVE((1.0,0.965016897026484,0.965016897026484,1.0))BOUNDED_CURVE()REPRESENTATION_ITEM('')GEOMETRIC_REPRESENTATION_ITEM()CURVE());
#2742=FILL_AREA_STYLE_COLOUR('',#3459);
#2743=VERTEX_POINT('NONE',#3460);
#2744=LINE('',#3461,#3462);
#2745=VERTEX_POINT('NONE',#3463);
#2746=LINE('',#3464,#3465);
#2747=(B_SPLINE_CURVE(3,(#3467,#3468,#3469,#3470),.UNSPECIFIED.,.F.,.F.)B_SPLINE_CURVE_WITH_KNOTS((4,4),(5.88677262575366,6.28318530717959),.UNSPECIFIED.)RATIONAL_B_SPLINE_CURVE((1.0,0.986947564132694,0.986947564132694,1.0))BOUNDED_CURVE()REPRESENTATION_ITEM('')GEOMETRIC_REPRESENTATION_ITEM()CURVE());
#2748=FILL_AREA_STYLE_COLOUR('',#3477);
#2749=VERTEX_POINT('NONE',#3478);
#2750=(B_SPLINE_CURVE(3,(#3480,#3481,#3482,#3483),.UNSPECIFIED.,.F.,.F.)B_SPLINE_CURVE_WITH_KNOTS((4,4),(3.14159265358979,4.1887902047864),.UNSPECIFIED.)RATIONAL_B_SPLINE_CURVE((1.0,0.910683602522958,0.910683602522958,1.0))BOUNDED_CURVE()REPRESENTATION_ITEM('')GEOMETRIC_REPRESENTATION_ITEM()CURVE());
#2751=VERTEX_POINT('NONE',#3490);
#2752=LINE('',#3491,#3492);
#2753=(B_SPLINE_CURVE(3,(#3494,#3495,#3496,#3497),.UNSPECIFIED.,.F.,.F.)B_SPLINE_CURVE_WITH_KNOTS((4,4),(2.09439510239319,2.74517997216387),.UNSPECIFIED.)RATIONAL_B_SPLINE_CURVE((1.0,0.965016897026484,0.965016897026484,1.0))BOUNDED_CURVE()REPRESENTATION_ITEM('')GEOMETRIC_REPRESENTATION_ITEM()CURVE());
#2754=FILL_AREA_STYLE_COLOUR('',#3504);
#2755=VERTEX_POINT('NONE',#3505);
#2756=VERTEX_POINT('NONE',#3506);
#2757=LINE('',#3507,#3508);
#2758=VERTEX_POINT('NONE',#3509);
#2759=(B_SPLINE_CURVE(3,(#3511,#3512,#3513,#3514),.UNSPECIFIED.,.F.,.F.)B_SPLINE_CURVE_WITH_KNOTS((4,4),(2.09439510239319,3.14159265358979),.UNSPECIFIED.)RATIONAL_B_SPLINE_CURVE((1.0,0.910683602522958,0.910683602522958,1.0))BOUNDED_CURVE()REPRESENTATION_ITEM('')GEOMETRIC_REPRESENTATION_ITEM()CURVE());
#2760=VERTEX_POINT('NONE',#3521);
#2761=(B_SPLINE_CURVE(3,(#3523,#3524,#3525,#3526),.UNSPECIFIED.,.F.,.F.)B_SPLINE_CURVE_WITH_KNOTS((4,4),(0.0,0.396412681425921),.UNSPECIFIED.)RATIONAL_B_SPLINE_CURVE((1.0,0.986947564132694,0.986947564132694,1.0))BOUNDED_CURVE()REPRESENTATION_ITEM('')GEOMETRIC_REPRESENTATION_ITEM()CURVE());
#2762=(B_SPLINE_CURVE(3,(#3534,#3535,#3536,#3537),.UNSPECIFIED.,.F.,.F.)B_SPLINE_CURVE_WITH_KNOTS((4,4),(3.53800533501571,4.1887902047864),.UNSPECIFIED.)RATIONAL_B_SPLINE_CURVE((1.0,0.965016897026484,0.965016897026484,1.0))BOUNDED_CURVE()REPRESENTATION_ITEM('')GEOMETRIC_REPRESENTATION_ITEM()CURVE());
#2763=FILL_AREA_STYLE_COLOUR('',#3544);
#2764=VERTEX_POINT('NONE',#3545);
#2765=LINE('',#3546,#3547);
#2766=VERTEX_POINT('NONE',#3548);
#2767=LINE('',#3549,#3550);
#2768=(B_SPLINE_CURVE(3,(#3552,#3553,#3554,#3555),.UNSPECIFIED.,.F.,.F.)B_SPLINE_CURVE_WITH_KNOTS((4,4),(5.88677262575367,6.28318530717959),.UNSPECIFIED.)RATIONAL_B_SPLINE_CURVE((1.0,0.986947564132694,0.986947564132694,1.0))BOUNDED_CURVE()REPRESENTATION_ITEM('')GEOMETRIC_REPRESENTATION_ITEM()CURVE());
#2769=FILL_AREA_STYLE_COLOUR('',#3562);
#2770=VERTEX_POINT('NONE',#3563);
#2771=(B_SPLINE_CURVE(3,(#3565,#3566,#3567,#3568),.UNSPECIFIED.,.F.,.F.)B_SPLINE_CURVE_WITH_KNOTS((4,4),(3.14159265358979,4.18879020478639),.UNSPECIFIED.)RATIONAL_B_SPLINE_CURVE((1.0,0.910683602522958,0.910683602522958,1.0))BOUNDED_CURVE()REPRESENTATION_ITEM('')GEOMETRIC_REPRESENTATION_ITEM()CURVE());
#2772=VERTEX_POINT('NONE',#3575);
#2773=LINE('',#3576,#3577);
#2774=(B_SPLINE_CURVE(3,(#3579,#3580,#3581,#3582),.UNSPECIFIED.,.F.,.F.)B_SPLINE_CURVE_WITH_KNOTS((4,4),(2.09439510239319,2.74517997216387),.UNSPECIFIED.)RATIONAL_B_SPLINE_CURVE((1.0,0.965016897026484,0.965016897026484,1.0))BOUNDED_CURVE()REPRESENTATION_ITEM('')GEOMETRIC_REPRESENTATION_ITEM()CURVE());
#2775=FILL_AREA_STYLE_COLOUR('',#3589);
#2776=VERTEX_POINT('NONE',#3590);
#2777=VERTEX_POINT('NONE',#3591);
#2778=(B_SPLINE_CURVE(3,(#3593,#3594,#3595,#3596),.UNSPECIFIED.,.F.,.F.)B_SPLINE_CURVE_WITH_KNOTS((4,4),(0.0,0.39641268142592),.UNSPECIFIED.)RATIONAL_B_SPLINE_CURVE((1.0,0.986947564132694,0.986947564132694,1.0))BOUNDED_CURVE()REPRESENTATION_ITEM('')GEOMETRIC_REPRESENTATION_ITEM()CURVE());
#2779=VERTEX_POINT('NONE',#3603);
#2780=(B_SPLINE_CURVE(3,(#3605,#3606,#3607,#3608),.UNSPECIFIED.,.F.,.F.)B_SPLINE_CURVE_WITH_KNOTS((4,4),(3.53800533501571,4.1887902047864),.UNSPECIFIED.)RATIONAL_B_SPLINE_CURVE((1.0,0.965016897026484,0.965016897026484,1.0))BOUNDED_CURVE()REPRESENTATION_ITEM('')GEOMETRIC_REPRESENTATION_ITEM()CURVE());
#2781=VERTEX_POINT('NONE',#3615);
#2782=LINE('',#3616,#3617);
#2783=(B_SPLINE_CURVE(3,(#3619,#3620,#3621,#3622),.UNSPECIFIED.,.F.,.F.)B_SPLINE_CURVE_WITH_KNOTS((4,4),(2.09439510239319,3.14159265358979),.UNSPECIFIED.)RATIONAL_B_SPLINE_CURVE((1.0,0.910683602522958,0.910683602522958,1.0))BOUNDED_CURVE()REPRESENTATION_ITEM('')GEOMETRIC_REPRESENTATION_ITEM()CURVE());
#2784=FILL_AREA_STYLE_COLOUR('',#3629);
#2785=VERTEX_POINT('NONE',#3630);
#2786=LINE('',#3631,#3632);
#2787=VERTEX_POINT('NONE',#3633);
#2788=LINE('',#3634,#3635);
#2789=(B_SPLINE_CURVE(3,(#3637,#3638,#3639,#3640),.UNSPECIFIED.,.F.,.F.)B_SPLINE_CURVE_WITH_KNOTS((4,4),(5.88677262575367,6.28318530717959),.UNSPECIFIED.)RATIONAL_B_SPLINE_CURVE((1.0,0.986947564132694,0.986947564132694,1.0))BOUNDED_CURVE()REPRESENTATION_ITEM('')GEOMETRIC_REPRESENTATION_ITEM()CURVE());
#2790=FILL_AREA_STYLE_COLOUR('',#3647);
#2791=VERTEX_POINT('NONE',#3648);
#2792=VERTEX_POINT('NONE',#3649);
#2793=LINE('',#3650,#3651);
#2794=(B_SPLINE_CURVE(3,(#3653,#3654,#3655,#3656),.UNSPECIFIED.,.F.,.F.)B_SPLINE_CURVE_WITH_KNOTS((4,4),(2.09439510239319,2.74517997216387),.UNSPECIFIED.)RATIONAL_B_SPLINE_CURVE((1.0,0.965016897026484,0.965016897026484,1.0))BOUNDED_CURVE()REPRESENTATION_ITEM('')GEOMETRIC_REPRESENTATION_ITEM()CURVE());
#2795=(B_SPLINE_CURVE(3,(#3664,#3665,#3666,#3667),.UNSPECIFIED.,.F.,.F.)B_SPLINE_CURVE_WITH_KNOTS((4,4),(3.14159265358979,4.18879020478639),.UNSPECIFIED.)RATIONAL_B_SPLINE_CURVE((1.0,0.910683602522958,0.910683602522958,1.0))BOUNDED_CURVE()REPRESENTATION_ITEM('')GEOMETRIC_REPRESENTATION_ITEM()CURVE());
#2796=FILL_AREA_STYLE_COLOUR('',#3674);
#2797=VERTEX_POINT('NONE',#3675);
#2798=VERTEX_POINT('NONE',#3676);
#2799=LINE('',#3677,#3678);
#2800=VERTEX_POINT('NONE',#3679);
#2801=(B_SPLINE_CURVE(3,(#3681,#3682,#3683,#3684),.UNSPECIFIED.,.F.,.F.)B_SPLINE_CURVE_WITH_KNOTS((4,4),(2.09439510239319,2.74517997216387),.UNSPECIFIED.)RATIONAL_B_SPLINE_CURVE((1.0,0.965016897026483,0.965016897026483,1.0))BOUNDED_CURVE()REPRESENTATION_ITEM('')GEOMETRIC_REPRESENTATION_ITEM()CURVE());
#2802=VERTEX_POINT('NONE',#3691);
#2803=(B_SPLINE_CURVE(3,(#3693,#3694,#3695,#3696),.UNSPECIFIED.,.F.,.F.)B_SPLINE_CURVE_WITH_KNOTS((4,4),(5.88677262575367,6.28318530717959),.UNSPECIFIED.)RATIONAL_B_SPLINE_CURVE((1.0,0.986947564132694,0.986947564132694,1.0))BOUNDED_CURVE()REPRESENTATION_ITEM('')GEOMETRIC_REPRESENTATION_ITEM()CURVE());
#2804=(B_SPLINE_CURVE(3,(#3704,#3705,#3706,#3707),.UNSPECIFIED.,.F.,.F.)B_SPLINE_CURVE_WITH_KNOTS((4,4),(3.14159265358979,4.1887902047864),.UNSPECIFIED.)RATIONAL_B_SPLINE_CURVE((1.0,0.910683602522957,0.910683602522957,1.0))BOUNDED_CURVE()REPRESENTATION_ITEM('')GEOMETRIC_REPRESENTATION_ITEM()CURVE());
#2805=FILL_AREA_STYLE_COLOUR('',#3714);
#2806=VERTEX_POINT('NONE',#3715);
#2807=LINE('',#3716,#3717);
#2808=VERTEX_POINT('NONE',#3718);
#2809=(B_SPLINE_CURVE(3,(#3720,#3721,#3722,#3723),.UNSPECIFIED.,.F.,.F.)B_SPLINE_CURVE_WITH_KNOTS((4,4),(0.0,0.396412681425918),.UNSPECIFIED.)RATIONAL_B_SPLINE_CURVE((1.0,0.986947564132694,0.986947564132694,1.0))BOUNDED_CURVE()REPRESENTATION_ITEM('')GEOMETRIC_REPRESENTATION_ITEM()CURVE());
#2810=LINE('',#3730,#3731);
#2811=FILL_AREA_STYLE_COLOUR('',#3732);
#2812=VERTEX_POINT('NONE',#3733);
#2813=(B_SPLINE_CURVE(3,(#3735,#3736,#3737,#3738),.UNSPECIFIED.,.F.,.F.)B_SPLINE_CURVE_WITH_KNOTS((4,4),(3.53800533501571,4.1887902047864),.UNSPECIFIED.)RATIONAL_B_SPLINE_CURVE((1.0,0.965016897026483,0.965016897026483,1.0))BOUNDED_CURVE()REPRESENTATION_ITEM('')GEOMETRIC_REPRESENTATION_ITEM()CURVE());
#2814=VERTEX_POINT('NONE',#3745);
#2815=LINE('',#3746,#3747);
#2816=(B_SPLINE_CURVE(3,(#3749,#3750,#3751,#3752),.UNSPECIFIED.,.F.,.F.)B_SPLINE_CURVE_WITH_KNOTS((4,4),(2.09439510239319,3.14159265358979),.UNSPECIFIED.)RATIONAL_B_SPLINE_CURVE((1.0,0.910683602522958,0.910683602522958,1.0))BOUNDED_CURVE()REPRESENTATION_ITEM('')GEOMETRIC_REPRESENTATION_ITEM()CURVE());
#2817=FILL_AREA_STYLE_COLOUR('',#3759);
#2818=VERTEX_POINT('NONE',#3760);
#2819=VERTEX_POINT('NONE',#3761);
#2820=LINE('',#3762,#3763);
#2821=VERTEX_POINT('NONE',#3764);
#2822=(B_SPLINE_CURVE(3,(#3766,#3767,#3768,#3769),.UNSPECIFIED.,.F.,.F.)B_SPLINE_CURVE_WITH_KNOTS((4,4),(2.09439510239319,3.14159265358979),.UNSPECIFIED.)RATIONAL_B_SPLINE_CURVE((1.0,0.910683602522958,0.910683602522958,1.0))BOUNDED_CURVE()REPRESENTATION_ITEM('')GEOMETRIC_REPRESENTATION_ITEM()CURVE());
#2823=VERTEX_POINT('NONE',#3776);
#2824=(B_SPLINE_CURVE(3,(#3778,#3779,#3780,#3781),.UNSPECIFIED.,.F.,.F.)B_SPLINE_CURVE_WITH_KNOTS((4,4),(0.0,0.396412681425922),.UNSPECIFIED.)RATIONAL_B_SPLINE_CURVE((1.0,0.986947564132694,0.986947564132694,1.0))BOUNDED_CURVE()REPRESENTATION_ITEM('')GEOMETRIC_REPRESENTATION_ITEM()CURVE());
#2825=(B_SPLINE_CURVE(3,(#3789,#3790,#3791,#3792),.UNSPECIFIED.,.F.,.F.)B_SPLINE_CURVE_WITH_KNOTS((4,4),(3.53800533501572,4.1887902047864),.UNSPECIFIED.)RATIONAL_B_SPLINE_CURVE((1.0,0.965016897026484,0.965016897026484,1.0))BOUNDED_CURVE()REPRESENTATION_ITEM('')GEOMETRIC_REPRESENTATION_ITEM()CURVE());
#2826=FILL_AREA_STYLE_COLOUR('',#3799);
#2827=VERTEX_POINT('NONE',#3800);
#2828=LINE('',#3801,#3802);
#2829=VERTEX_POINT('NONE',#3803);
#2830=LINE('',#3804,#3805);
#2831=(B_SPLINE_CURVE(3,(#3807,#3808,#3809,#3810),.UNSPECIFIED.,.F.,.F.)B_SPLINE_CURVE_WITH_KNOTS((4,4),(5.88677262575366,6.28318530717959),.UNSPECIFIED.)RATIONAL_B_SPLINE_CURVE((1.0,0.986947564132694,0.986947564132694,1.0))BOUNDED_CURVE()REPRESENTATION_ITEM('')GEOMETRIC_REPRESENTATION_ITEM()CURVE());
#2832=FILL_AREA_STYLE_COLOUR('',#3817);
#2833=VERTEX_POINT('NONE',#3818);
#2834=(B_SPLINE_CURVE(3,(#3820,#3821,#3822,#3823),.UNSPECIFIED.,.F.,.F.)B_SPLINE_CURVE_WITH_KNOTS((4,4),(3.14159265358979,4.1887902047864),.UNSPECIFIED.)RATIONAL_B_SPLINE_CURVE((1.0,0.910683602522958,0.910683602522958,1.0))BOUNDED_CURVE()REPRESENTATION_ITEM('')GEOMETRIC_REPRESENTATION_ITEM()CURVE());
#2835=VERTEX_POINT('NONE',#3830);
#2836=LINE('',#3831,#3832);
#2837=(B_SPLINE_CURVE(3,(#3834,#3835,#3836,#3837),.UNSPECIFIED.,.F.,.F.)B_SPLINE_CURVE_WITH_KNOTS((4,4),(2.09439510239319,2.74517997216387),.UNSPECIFIED.)RATIONAL_B_SPLINE_CURVE((1.0,0.965016897026484,0.965016897026484,1.0))BOUNDED_CURVE()REPRESENTATION_ITEM('')GEOMETRIC_REPRESENTATION_ITEM()CURVE());
#2838=FILL_AREA_STYLE_COLOUR('',#3844);
#2839=VERTEX_POINT('NONE',#3845);
#2840=CIRCLE('',#3846,0.1);
#2841=VERTEX_POINT('NONE',#3847);
#2842=LINE('',#3848,#3849);
#2843=CIRCLE('',#3850,0.1);
#2844=FILL_AREA_STYLE_COLOUR('',#3851);
#2845=VERTEX_POINT('NONE',#3852);
#2846=VERTEX_POINT('NONE',#3853);
#2847=LINE('',#3854,#3855);
#2848=LINE('',#3856,#3857);
#2849=LINE('',#3858,#3859);
#2850=FILL_AREA_STYLE_COLOUR('',#3860);
#2851=VERTEX_POINT('NONE',#3861);
#2852=LINE('',#3862,#3863);
#2853=VERTEX_POINT('NONE',#3864);
#2854=LINE('',#3865,#3866);
#2855=LINE('',#3867,#3868);
#2856=FILL_AREA_STYLE_COLOUR('',#3869);
#2857=VERTEX_POINT('NONE',#3870);
#2858=VERTEX_POINT('NONE',#3871);
#2859=LINE('',#3872,#3873);
#2860=VERTEX_POINT('NONE',#3874);
#2861=LINE('',#3875,#3876);
#2862=LINE('',#3877,#3878);
#2863=LINE('',#3879,#3880);
#2864=FILL_AREA_STYLE_COLOUR('',#3881);
#2865=VERTEX_POINT('NONE',#3882);
#2866=CIRCLE('',#3883,0.0699999999999998);
#2867=VERTEX_POINT('NONE',#3884);
#2868=LINE('',#3885,#3886);
#2869=CIRCLE('',#3887,0.0699999999999998);
#2870=FILL_AREA_STYLE_COLOUR('',#3888);
#2871=VERTEX_POINT('NONE',#3889);
#2872=LINE('',#3890,#3891);
#2873=VERTEX_POINT('NONE',#3892);
#2874=LINE('',#3893,#3894);
#2875=LINE('',#3895,#3896);
#2876=FILL_AREA_STYLE_COLOUR('',#3897);
#2877=VERTEX_POINT('NONE',#3898);
#2878=LINE('',#3899,#3900);
#2879=VERTEX_POINT('NONE',#3901);
#2880=LINE('',#3902,#3903);
#2881=VERTEX_POINT('NONE',#3904);
#2882=LINE('',#3905,#3906);
#2883=LINE('',#3907,#3908);
#2884=FILL_AREA_STYLE_COLOUR('',#3909);
#2885=LINE('',#3910,#3911);
#2886=FILL_AREA_STYLE_COLOUR('',#3912);
#2887=VERTEX_POINT('NONE',#3913);
#2888=LINE('',#3914,#3915);
#2889=VERTEX_POINT('NONE',#3916);
#2890=LINE('',#3917,#3918);
#2891=LINE('',#3919,#3920);
#2892=FILL_AREA_STYLE_COLOUR('',#3921);
#2893=VERTEX_POINT('NONE',#3922);
#2894=VERTEX_POINT('NONE',#3923);
#2895=LINE('',#3924,#3925);
#2896=VERTEX_POINT('NONE',#3926);
#2897=LINE('',#3927,#3928);
#2898=VERTEX_POINT('NONE',#3929);
#2899=LINE('',#3930,#3931);
#2900=LINE('',#3932,#3933);
#2901=FILL_AREA_STYLE_COLOUR('',#3934);
#2902=VERTEX_POINT('NONE',#3935);
#2903=CIRCLE('',#3936,0.0699999999999998);
#2904=VERTEX_POINT('NONE',#3937);
#2905=LINE('',#3938,#3939);
#2906=CIRCLE('',#3940,0.0699999999999998);
#2907=FILL_AREA_STYLE_COLOUR('',#3941);
#2908=LINE('',#3942,#3943);
#2909=VERTEX_POINT('NONE',#3944);
#2910=LINE('',#3945,#3946);
#2911=LINE('',#3947,#3948);
#2912=FILL_AREA_STYLE_COLOUR('',#3949);
#2913=VERTEX_POINT('NONE',#3950);
#2914=LINE('',#3951,#3952);
#2915=LINE('',#3953,#3954);
#2916=FILL_AREA_STYLE_COLOUR('',#3955);
#2917=VERTEX_POINT('NONE',#3956);
#2918=LINE('',#3957,#3958);
#2919=VERTEX_POINT('NONE',#3959);
#2920=LINE('',#3960,#3961);
#2921=LINE('',#3962,#3963);
#2922=FILL_AREA_STYLE_COLOUR('',#3964);
#2923=VERTEX_POINT('NONE',#3965);
#2924=LINE('',#3966,#3967);
#2925=VERTEX_POINT('NONE',#3968);
#2926=LINE('',#3969,#3970);
#2927=LINE('',#3971,#3972);
#2928=FILL_AREA_STYLE_COLOUR('',#3973);
#2929=VERTEX_POINT('NONE',#3974);
#2930=VERTEX_POINT('NONE',#3975);
#2931=LINE('',#3976,#3977);
#2932=LINE('',#3978,#3979);
#2933=LINE('',#3980,#3981);
#2934=FILL_AREA_STYLE_COLOUR('',#3982);
#2935=VERTEX_POINT('NONE',#3983);
#2936=VERTEX_POINT('NONE',#3984);
#2937=CIRCLE('',#3985,0.0699999999999998);
#2938=VERTEX_POINT('NONE',#3986);
#2939=LINE('',#3987,#3988);
#2940=VERTEX_POINT('NONE',#3989);
#2941=CIRCLE('',#3990,0.0699999999999998);
#2942=LINE('',#3991,#3992);
#2943=FILL_AREA_STYLE_COLOUR('',#3993);
#2944=VERTEX_POINT('NONE',#3994);
#2945=LINE('',#3995,#3996);
#2946=LINE('',#3997,#3998);
#2947=LINE('',#3999,#4000);
#2948=FILL_AREA_STYLE_COLOUR('',#4001);
#2949=VERTEX_POINT('NONE',#4002);
#2950=LINE('',#4003,#4004);
#2951=LINE('',#4005,#4006);
#2952=FILL_AREA_STYLE_COLOUR('',#4007);
#2953=VERTEX_POINT('NONE',#4008);
#2954=LINE('',#4009,#4010);
#2955=VERTEX_POINT('NONE',#4011);
#2956=LINE('',#4012,#4013);
#2957=LINE('',#4014,#4015);
#2958=FILL_AREA_STYLE_COLOUR('',#4016);
#2959=VERTEX_POINT('NONE',#4017);
#2960=CIRCLE('',#4018,0.0300000000000001);
#2961=VERTEX_POINT('NONE',#4019);
#2962=LINE('',#4020,#4021);
#2963=CIRCLE('',#4022,0.0300000000000001);
#2964=FILL_AREA_STYLE_COLOUR('',#4023);
#2965=LINE('',#4024,#4025);
#2966=LINE('',#4026,#4027);
#2967=FILL_AREA_STYLE_COLOUR('',#4028);
#2968=VERTEX_POINT('NONE',#4029);
#2969=LINE('',#4030,#4031);
#2970=VERTEX_POINT('NONE',#4032);
#2971=LINE('',#4033,#4034);
#2972=VERTEX_POINT('NONE',#4035);
#2973=LINE('',#4036,#4037);
#2974=LINE('',#4038,#4039);
#2975=FILL_AREA_STYLE_COLOUR('',#4040);
#2976=VERTEX_POINT('NONE',#4041);
#2977=VERTEX_POINT('NONE',#4042);
#2978=LINE('',#4043,#4044);
#2979=CIRCLE('',#4045,0.0300000000000001);
#2980=CIRCLE('',#4046,0.0300000000000001);
#2981=FILL_AREA_STYLE_COLOUR('',#4047);
#2982=VERTEX_POINT('NONE',#4048);
#2983=VERTEX_POINT('NONE',#4049);
#2984=LINE('',#4050,#4051);
#2985=LINE('',#4052,#4053);
#2986=LINE('',#4054,#4055);
#2987=FILL_AREA_STYLE_COLOUR('',#4056);
#2988=VERTEX_POINT('NONE',#4057);
#2989=VERTEX_POINT('NONE',#4058);
#2990=LINE('',#4059,#4060);
#2991=CIRCLE('',#4061,0.0699999999999998);
#2992=CIRCLE('',#4062,0.0699999999999998);
#2993=FILL_AREA_STYLE_COLOUR('',#4063);
#2994=LINE('',#4064,#4065);
#2995=VERTEX_POINT('NONE',#4066);
#2996=LINE('',#4067,#4068);
#2997=LINE('',#4069,#4070);
#2998=FILL_AREA_STYLE_COLOUR('',#4071);
#2999=LINE('',#4072,#4073);
#3000=FILL_AREA_STYLE_COLOUR('',#4074);
#3001=VERTEX_POINT('NONE',#4075);
#3002=VERTEX_POINT('NONE',#4076);
#3003=LINE('',#4077,#4078);
#3004=VERTEX_POINT('NONE',#4079);
#3005=(B_SPLINE_CURVE(3,(#4081,#4082,#4083,#4084),.UNSPECIFIED.,.F.,.F.)B_SPLINE_CURVE_WITH_KNOTS((4,4),(2.09439510239319,2.74517997216387),.UNSPECIFIED.)RATIONAL_B_SPLINE_CURVE((1.0,0.965016897026484,0.965016897026484,1.0))BOUNDED_CURVE()REPRESENTATION_ITEM('')GEOMETRIC_REPRESENTATION_ITEM()CURVE());
#3006=VERTEX_POINT('NONE',#4091);
#3007=(B_SPLINE_CURVE(3,(#4093,#4094,#4095,#4096),.UNSPECIFIED.,.F.,.F.)B_SPLINE_CURVE_WITH_KNOTS((4,4),(5.88677262575367,6.28318530717959),.UNSPECIFIED.)RATIONAL_B_SPLINE_CURVE((1.0,0.986947564132694,0.986947564132694,1.0))BOUNDED_CURVE()REPRESENTATION_ITEM('')GEOMETRIC_REPRESENTATION_ITEM()CURVE());
#3008=(B_SPLINE_CURVE(3,(#4104,#4105,#4106,#4107),.UNSPECIFIED.,.F.,.F.)B_SPLINE_CURVE_WITH_KNOTS((4,4),(3.14159265358979,4.1887902047864),.UNSPECIFIED.)RATIONAL_B_SPLINE_CURVE((1.0,0.910683602522958,0.910683602522958,1.0))BOUNDED_CURVE()REPRESENTATION_ITEM('')GEOMETRIC_REPRESENTATION_ITEM()CURVE());
#3009=FILL_AREA_STYLE_COLOUR('',#4114);
#3010=VERTEX_POINT('NONE',#4115);
#3011=LINE('',#4116,#4117);
#3012=VERTEX_POINT('NONE',#4118);
#3013=(B_SPLINE_CURVE(3,(#4120,#4121,#4122,#4123),.UNSPECIFIED.,.F.,.F.)B_SPLINE_CURVE_WITH_KNOTS((4,4),(0.0,0.39641268142592),.UNSPECIFIED.)RATIONAL_B_SPLINE_CURVE((1.0,0.986947564132694,0.986947564132694,1.0))BOUNDED_CURVE()REPRESENTATION_ITEM('')GEOMETRIC_REPRESENTATION_ITEM()CURVE());
#3014=LINE('',#4130,#4131);
#3015=FILL_AREA_STYLE_COLOUR('',#4132);
#3016=VERTEX_POINT('NONE',#4133);
#3017=(B_SPLINE_CURVE(3,(#4135,#4136,#4137,#4138),.UNSPECIFIED.,.F.,.F.)B_SPLINE_CURVE_WITH_KNOTS((4,4),(3.53800533501571,4.1887902047864),.UNSPECIFIED.)RATIONAL_B_SPLINE_CURVE((1.0,0.965016897026484,0.965016897026484,1.0))BOUNDED_CURVE()REPRESENTATION_ITEM('')GEOMETRIC_REPRESENTATION_ITEM()CURVE());
#3018=VERTEX_POINT('NONE',#4145);
#3019=LINE('',#4146,#4147);
#3020=(B_SPLINE_CURVE(3,(#4149,#4150,#4151,#4152),.UNSPECIFIED.,.F.,.F.)B_SPLINE_CURVE_WITH_KNOTS((4,4),(2.09439510239319,3.14159265358979),.UNSPECIFIED.)RATIONAL_B_SPLINE_CURVE((1.0,0.910683602522958,0.910683602522958,1.0))BOUNDED_CURVE()REPRESENTATION_ITEM('')GEOMETRIC_REPRESENTATION_ITEM()CURVE());
#3021=FILL_AREA_STYLE_COLOUR('',#4159);
#3022=VERTEX_POINT('NONE',#4160);
#3023=LINE('',#4161,#4162);
#3024=VERTEX_POINT('NONE',#4163);
#3025=LINE('',#4164,#4165);
#3026=LINE('',#4166,#4167);
#3027=FILL_AREA_STYLE_COLOUR('',#4168);
#3028=VERTEX_POINT('NONE',#4169);
#3029=VERTEX_POINT('NONE',#4170);
#3030=CIRCLE('',#4171,0.0699999999999998);
#3031=VERTEX_POINT('NONE',#4172);
#3032=LINE('',#4173,#4174);
#3033=VERTEX_POINT('NONE',#4175);
#3034=CIRCLE('',#4176,0.0699999999999998);
#3035=LINE('',#4177,#4178);
#3036=FILL_AREA_STYLE_COLOUR('',#4179);
#3037=VERTEX_POINT('NONE',#4180);
#3038=LINE('',#4181,#4182);
#3039=LINE('',#4183,#4184);
#3040=LINE('',#4185,#4186);
#3041=FILL_AREA_STYLE_COLOUR('',#4187);
#3042=VERTEX_POINT('NONE',#4188);
#3043=LINE('',#4189,#4190);
#3044=LINE('',#4191,#4192);
#3045=FILL_AREA_STYLE_COLOUR('',#4193);
#3046=VERTEX_POINT('NONE',#4194);
#3047=LINE('',#4195,#4196);
#3048=VERTEX_POINT('NONE',#4197);
#3049=LINE('',#4198,#4199);
#3050=LINE('',#4200,#4201);
#3051=FILL_AREA_STYLE_COLOUR('',#4202);
#3052=VERTEX_POINT('NONE',#4203);
#3053=LINE('',#4204,#4205);
#3054=VERTEX_POINT('NONE',#4206);
#3055=LINE('',#4207,#4208);
#3056=LINE('',#4209,#4210);
#3057=FILL_AREA_STYLE_COLOUR('',#4211);
#3058=VERTEX_POINT('NONE',#4212);
#3059=VERTEX_POINT('NONE',#4213);
#3060=LINE('',#4214,#4215);
#3061=LINE('',#4216,#4217);
#3062=VERTEX_POINT('NONE',#4218);
#3063=LINE('',#4219,#4220);
#3064=LINE('',#4221,#4222);
#3065=FILL_AREA_STYLE_COLOUR('',#4223);
#3066=VERTEX_POINT('NONE',#4224);
#3067=CIRCLE('',#4225,0.0300000000000001);
#3068=VERTEX_POINT('NONE',#4226);
#3069=LINE('',#4227,#4228);
#3070=CIRCLE('',#4229,0.0300000000000001);
#3071=FILL_AREA_STYLE_COLOUR('',#4230);
#3072=VERTEX_POINT('NONE',#4231);
#3073=CIRCLE('',#4232,0.0300000000000001);
#3074=VERTEX_POINT('NONE',#4233);
#3075=LINE('',#4234,#4235);
#3076=CIRCLE('',#4236,0.0300000000000001);
#3077=FILL_AREA_STYLE_COLOUR('',#4237);
#3078=VERTEX_POINT('NONE',#4238);
#3079=CIRCLE('',#4239,0.0300000000000001);
#3080=VERTEX_POINT('NONE',#4240);
#3081=CIRCLE('',#4241,0.0300000000000001);
#3082=LINE('',#4242,#4243);
#3083=FILL_AREA_STYLE_COLOUR('',#4244);
#3084=VERTEX_POINT('NONE',#4245);
#3085=CIRCLE('',#4246,0.2);
#3086=VERTEX_POINT('NONE',#4247);
#3087=LINE('',#4248,#4249);
#3088=LINE('',#4250,#4251);
#3089=FILL_AREA_STYLE_COLOUR('',#4252);
#3090=VERTEX_POINT('NONE',#4253);
#3091=LINE('',#4254,#4255);
#3092=LINE('',#4256,#4257);
#3093=LINE('',#4258,#4259);
#3094=FILL_AREA_STYLE_COLOUR('',#4260);
#3095=VERTEX_POINT('NONE',#4261);
#3096=LINE('',#4262,#4263);
#3097=CIRCLE('',#4264,0.2);
#3098=FILL_AREA_STYLE_COLOUR('',#4265);
#3099=VERTEX_POINT('NONE',#4266);
#3100=CIRCLE('',#4267,0.2);
#3101=LINE('',#4268,#4269);
#3102=FILL_AREA_STYLE_COLOUR('',#4270);
#3103=VERTEX_POINT('NONE',#4271);
#3104=LINE('',#4272,#4273);
#3105=LINE('',#4274,#4275);
#3106=FILL_AREA_STYLE_COLOUR('',#4276);
#3107=VERTEX_POINT('NONE',#4277);
#3108=LINE('',#4278,#4279);
#3109=LINE('',#4280,#4281);
#3110=LINE('',#4282,#4283);
#3111=FILL_AREA_STYLE_COLOUR('',#4284);
#3112=VERTEX_POINT('NONE',#4285);
#3113=LINE('',#4286,#4287);
#3114=CIRCLE('',#4288,0.2);
#3115=FILL_AREA_STYLE_COLOUR('',#4289);
#3116=VERTEX_POINT('NONE',#4290);
#3117=LINE('',#4291,#4292);
#3118=CIRCLE('',#4293,0.2);
#3119=FILL_AREA_STYLE_COLOUR('',#4294);
#3120=VERTEX_POINT('NONE',#4295);
#3121=LINE('',#4296,#4297);
#3122=VERTEX_POINT('NONE',#4298);
#3123=LINE('',#4299,#4300);
#3124=CIRCLE('',#4301,0.2);
#3125=FILL_AREA_STYLE_COLOUR('',#4302);
#3126=LINE('',#4303,#4304);
#3127=FILL_AREA_STYLE_COLOUR('',#4305);
#3128=CIRCLE('',#4306,1.165);
#3129=FILL_AREA_STYLE_COLOUR('',#4307);
#3130=VERTEX_POINT('NONE',#4308);
#3131=CIRCLE('',#4309,0.2);
#3132=VERTEX_POINT('NONE',#4310);
#3133=CIRCLE('',#4311,0.2);
#3134=LINE('',#4312,#4313);
#3135=FILL_AREA_STYLE_COLOUR('',#4314);
#3136=VERTEX_POINT('NONE',#4315);
#3137=LINE('',#4316,#4317);
#3138=LINE('',#4318,#4319);
#3139=FILL_AREA_STYLE_COLOUR('',#4320);
#3140=VERTEX_POINT('NONE',#4321);
#3141=LINE('',#4322,#4323);
#3142=VERTEX_POINT('NONE',#4324);
#3143=CIRCLE('',#4325,0.2);
#3144=VERTEX_POINT('NONE',#4326);
#3145=LINE('',#4327,#4328);
#3146=LINE('',#4329,#4330);
#3147=VERTEX_POINT('NONE',#4331);
#3148=CIRCLE('',#4332,0.0300000000000001);
#3149=VERTEX_POINT('NONE',#4333);
#3150=LINE('',#4334,#4335);
#3151=VERTEX_POINT('NONE',#4336);
#3152=CIRCLE('',#4337,0.0699999999999998);
#3153=LINE('',#4338,#4339);
#3154=FILL_AREA_STYLE_COLOUR('',#4340);
#3155=VERTEX_POINT('NONE',#4341);
#3156=LINE('',#4342,#4343);
#3157=LINE('',#4344,#4345);
#3158=FILL_AREA_STYLE_COLOUR('',#4346);
#3159=VERTEX_POINT('NONE',#4347);
#3160=LINE('',#4348,#4349);
#3161=CIRCLE('',#4350,0.2);
#3162=FILL_AREA_STYLE_COLOUR('',#4351);
#3163=VERTEX_POINT('NONE',#4352);
#3164=CIRCLE('',#4353,0.2);
#3165=LINE('',#4354,#4355);
#3166=FILL_AREA_STYLE_COLOUR('',#4356);
#3167=VERTEX_POINT('NONE',#4357);
#3168=LINE('',#4358,#4359);
#3169=LINE('',#4360,#4361);
#3170=FILL_AREA_STYLE_COLOUR('',#4362);
#3171=VERTEX_POINT('NONE',#4363);
#3172=LINE('',#4364,#4365);
#3173=LINE('',#4366,#4367);
#3174=FILL_AREA_STYLE_COLOUR('',#4368);
#3175=LINE('',#4369,#4370);
#3176=FILL_AREA_STYLE_COLOUR('',#4371);
#3177=VERTEX_POINT('NONE',#4372);
#3178=LINE('',#4373,#4374);
#3179=LINE('',#4375,#4376);
#3180=FILL_AREA_STYLE_COLOUR('',#4377);
#3181=VERTEX_POINT('NONE',#4378);
#3182=LINE('',#4379,#4380);
#3183=LINE('',#4381,#4382);
#3184=B_SPLINE_CURVE_WITH_KNOTS('',3,(#4383,#4384,#4385,#4386),.UNSPECIFIED.,.F.,.F.,(4,4),(0.0,1.0),.UNSPECIFIED.);
#3185=FILL_AREA_STYLE_COLOUR('',#4387);
#3186=VERTEX_POINT('NONE',#4388);
#3187=LINE('',#4389,#4390);
#3188=VERTEX_POINT('NONE',#4391);
#3189=LINE('',#4392,#4393);
#3190=CIRCLE('',#4394,0.2);
#3191=FILL_AREA_STYLE_COLOUR('',#4395);
#3192=VERTEX_POINT('NONE',#4396);
#3193=LINE('',#4397,#4398);
#3194=LINE('',#4399,#4400);
#3195=FILL_AREA_STYLE_COLOUR('',#4401);
#3196=VERTEX_POINT('NONE',#4402);
#3197=LINE('',#4403,#4404);
#3198=LINE('',#4405,#4406);
#3199=FILL_AREA_STYLE_COLOUR('',#4407);
#3200=VERTEX_POINT('NONE',#4408);
#3201=LINE('',#4409,#4410);
#3202=LINE('',#4411,#4412);
#3203=FILL_AREA_STYLE_COLOUR('',#4413);
#3204=VERTEX_POINT('NONE',#4414);
#3205=LINE('',#4415,#4416);
#3206=CIRCLE('',#4417,0.0699999999999998);
#3207=FILL_AREA_STYLE_COLOUR('',#4418);
#3208=VERTEX_POINT('NONE',#4419);
#3209=LINE('',#4420,#4421);
#3210=LINE('',#4422,#4423);
#3211=FILL_AREA_STYLE_COLOUR('',#4424);
#3212=CIRCLE('',#4425,0.0300000000000001);
#3213=FILL_AREA_STYLE_COLOUR('',#4426);
#3214=VERTEX_POINT('NONE',#4427);
#3215=LINE('',#4428,#4429);
#3216=LINE('',#4430,#4431);
#3217=FILL_AREA_STYLE_COLOUR('',#4432);
#3218=VERTEX_POINT('NONE',#4433);
#3219=LINE('',#4434,#4435);
#3220=LINE('',#4436,#4437);
#3221=FILL_AREA_STYLE_COLOUR('',#4438);
#3222=VERTEX_POINT('NONE',#4439);
#3223=LINE('',#4440,#4441);
#3224=VERTEX_POINT('NONE',#4442);
#3225=LINE('',#4443,#4444);
#3226=VERTEX_POINT('NONE',#4445);
#3227=LINE('',#4446,#4447);
#3228=LINE('',#4448,#4449);
#3229=FILL_AREA_STYLE_COLOUR('',#4450);
#3230=CIRCLE('',#4451,1.165);
#3231=FILL_AREA_STYLE_COLOUR('',#4452);
#3232=VERTEX_POINT('NONE',#4453);
#3233=LINE('',#4454,#4455);
#3234=VERTEX_POINT('NONE',#4456);
#3235=LINE('',#4457,#4458);
#3236=VERTEX_POINT('NONE',#4459);
#3237=LINE('',#4460,#4461);
#3238=VERTEX_POINT('NONE',#4462);
#3239=LINE('',#4463,#4464);
#3240=LINE('',#4465,#4466);
#3241=FILL_AREA_STYLE_COLOUR('',#4467);
#3242=VERTEX_POINT('NONE',#4468);
#3243=VERTEX_POINT('NONE',#4469);
#3244=LINE('',#4470,#4471);
#3245=LINE('',#4472,#4473);
#3246=VERTEX_POINT('NONE',#4474);
#3247=LINE('',#4475,#4476);
#3248=VERTEX_POINT('NONE',#4477);
#3249=LINE('',#4478,#4479);
#3250=LINE('',#4480,#4481);
#3251=FILL_AREA_STYLE_COLOUR('',#4482);
#3252=VERTEX_POINT('NONE',#4483);
#3253=LINE('',#4484,#4485);
#3254=LINE('',#4486,#4487);
#3255=FILL_AREA_STYLE_COLOUR('',#4488);
#3256=VERTEX_POINT('NONE',#4489);
#3257=LINE('',#4490,#4491);
#3258=LINE('',#4492,#4493);
#3259=FILL_AREA_STYLE_COLOUR('',#4494);
#3260=LINE('',#4495,#4496);
#3261=FILL_AREA_STYLE_COLOUR('',#4497);
#3262=LINE('',#4498,#4499);
#3263=FILL_AREA_STYLE_COLOUR('',#4500);
#3264=VERTEX_POINT('NONE',#4501);
#3265=LINE('',#4502,#4503);
#3266=LINE('',#4504,#4505);
#3267=FILL_AREA_STYLE_COLOUR('',#4506);
#3268=VERTEX_POINT('NONE',#4507);
#3269=LINE('',#4508,#4509);
#3270=LINE('',#4510,#4511);
#3271=FILL_AREA_STYLE_COLOUR('',#4512);
#3272=LINE('',#4513,#4514);
#3273=FILL_AREA_STYLE_COLOUR('',#4515);
#3274=LINE('',#4516,#4517);
#3275=FILL_AREA_STYLE_COLOUR('',#4518);
#3276=FILL_AREA_STYLE_COLOUR('',#4519);
#3277=COLOUR_RGB('',0.792156875133514,0.819607853889465,0.933333337306976);
#3278=EDGE_CURVE('NONE',#4520,#4521,#4522,.T.);
#3279=EDGE_CURVE('NONE',#4521,#4523,#4524,.T.);
#3280=EDGE_CURVE('NONE',#4520,#4523,#4525,.T.);
#3281=EDGE_CURVE('NONE',#4521,#4520,#4526,.T.);
#3282=EDGE_CURVE('NONE',#4521,#4527,#4528,.T.);
#3283=EDGE_CURVE('NONE',#4527,#4529,#4530,.T.);
#3284=EDGE_CURVE('NONE',#4520,#4529,#4531,.T.);
#3285=EDGE_CURVE('NONE',#4529,#4527,#4532,.T.);
#3286=COLOUR_RGB('',0.792156875133514,0.819607853889465,0.933333337306976);
#3287=CARTESIAN_POINT('',(-1.165,2.64707960412336E-16,-1.701));
#3288=CARTESIAN_POINT('',(1.165,1.220405070404E-16,-1.701));
#3289=AXIS2_PLACEMENT_3D('',#4533,#4534,#4535);
#3290=CARTESIAN_POINT('',(-1.165,2.64707960412336E-16,-1.7));
#3291=CARTESIAN_POINT('',(-1.165,2.64707960412336E-16,-1.701));
#3292=VECTOR('',#4536,1000.0);
#3293=CARTESIAN_POINT('',(1.165,1.220405070404E-16,-1.7));
#3294=AXIS2_PLACEMENT_3D('',#4537,#4538,#4539);
#3295=CARTESIAN_POINT('',(1.165,1.220405070404E-16,-1.701));
#3296=VECTOR('',#4540,1000.0);
#3297=COLOUR_RGB('',0.792156875133514,0.819607853889465,0.933333337306976);
#3298=CARTESIAN_POINT('',(0.450000000000001,1.77145082456975E-16,-4.09999999999932));
#3299=CARTESIAN_POINT('',(-0.45,1.220405070404E-16,-4.09999999999932));
#3300=AXIS2_PLACEMENT_3D('',#4541,#4542,#4543);
#3301=CARTESIAN_POINT('',(0.450000000000001,1.77145082456975E-16,-4.39999999999932));
#3302=CARTESIAN_POINT('',(0.450000000000001,1.77145082456975E-16,-4.09999999999932));
#3303=VECTOR('',#4544,1000.0);
#3304=CARTESIAN_POINT('',(-0.45,1.220405070404E-16,-4.39999999999932));
#3305=AXIS2_PLACEMENT_3D('',#4545,#4546,#4547);
#3306=CARTESIAN_POINT('',(-0.45,1.220405070404E-16,-4.09999999999932));
#3307=VECTOR('',#4548,1000.0);
#3308=COLOUR_RGB('',0.792156875133514,0.819607853889465,0.933333337306976);
#3309=CARTESIAN_POINT('',(1.27014750344304,-0.6,-3.95034859717385));
#3310=CARTESIAN_POINT('',(1.27014750344304,-0.200000000000001,-3.95034859717385));
#3311=CARTESIAN_POINT('',(1.27014750344304,1.4,-3.95034859717385));
#3312=VECTOR('',#4549,1000.0);
#3313=CARTESIAN_POINT('',(1.27014750344304,-1.0,-3.95034859717385));
#3314=CARTESIAN_POINT('',(1.27014750344304,1.4,-3.95034859717385));
#3315=VECTOR('',#4550,1000.0);
#3316=CARTESIAN_POINT('',(1.27014750344304,-1.4,-3.95034859717385));
#3317=CARTESIAN_POINT('',(1.27014750344304,1.4,-3.95034859717385));
#3318=VECTOR('',#4551,1000.0);
#3319=CARTESIAN_POINT('',(1.21996928021312,-1.4,-3.95017378654197));
#3320=CARTESIAN_POINT('',(1.27014750344304,-1.4,-3.95034859717385));
#3321=VECTOR('',#4552,1000.0);
#3322=CARTESIAN_POINT('',(1.21996928021312,1.4,-3.95017378654197));
#3323=CARTESIAN_POINT('',(1.21996928021312,1.4,-3.95017378654197));
#3324=VECTOR('',#4553,1000.0);
#3325=CARTESIAN_POINT('',(1.24505839182799,1.4,-3.95026119185791));
#3326=CARTESIAN_POINT('',(1.27014750344304,1.4,-3.95034859717385));
#3327=VECTOR('',#4554,1000.0);
#3328=CARTESIAN_POINT('',(1.24505839182806,1.0,-3.95026119185791));
#3329=CARTESIAN_POINT('',(1.24505839182806,1.4,-3.95026119185791));
#3330=VECTOR('',#4555,1000.0);
#3331=CARTESIAN_POINT('',(1.27014750344304,1.0,-3.95030489451588));
#3332=CARTESIAN_POINT('',(1.27014750344304,1.0,-3.95030489451588));
#3333=CARTESIAN_POINT('',(1.26178446623804,1.0,-3.95026119185791));
#3334=CARTESIAN_POINT('',(1.25342142903305,1.0,-3.95026119185791));
#3335=CARTESIAN_POINT('',(1.24505839182806,1.0,-3.95026119185791));
#3336=CARTESIAN_POINT('',(1.27014750344304,0.6,-3.95032674584487));
#3337=CARTESIAN_POINT('',(1.27014750344304,1.4,-3.95034859717385));
#3338=VECTOR('',#4556,1000.0);
#3339=CARTESIAN_POINT('',(1.25760294763555,0.599999999999999,-3.95030489451588));
#3340=CARTESIAN_POINT('',(1.25760294763555,0.599999999999999,-3.95030489451588));
#3341=CARTESIAN_POINT('',(1.26178446623805,0.599999999999999,-3.95030489451588));
#3342=CARTESIAN_POINT('',(1.26596598484054,0.599999999999999,-3.95030489451588));
#3343=CARTESIAN_POINT('',(1.27014750344304,0.6,-3.95032674584487));
#3344=CARTESIAN_POINT('',(1.25760294763555,0.199999999999999,-3.95030489451588));
#3345=CARTESIAN_POINT('',(1.25760294763555,1.4,-3.95030489451588));
#3346=VECTOR('',#4557,1000.0);
#3347=CARTESIAN_POINT('',(1.27014750344304,0.199999999999999,-3.95032674584487));
#3348=CARTESIAN_POINT('',(1.27014750344304,0.199999999999999,-3.95032674584487));
#3349=CARTESIAN_POINT('',(1.26596598484054,0.199999999999999,-3.95030489451588));
#3350=CARTESIAN_POINT('',(1.26178446623805,0.199999999999999,-3.95030489451588));
#3351=CARTESIAN_POINT('',(1.25760294763555,0.199999999999999,-3.95030489451588));
#3352=CARTESIAN_POINT('',(1.27014750344304,1.4,-3.95034859717385));
#3353=VECTOR('',#4558,1000.0);
#3354=COLOUR_RGB('',0.792156875133514,0.819607853889465,0.933333337306976);
#3355=CARTESIAN_POINT('',(1.21016356932769,1.4,-4.2038623709232));
#3356=CARTESIAN_POINT('',(1.2101635693277,1.4,-4.20386237092312));
#3357=VECTOR('',#4559,1000.0);
#3358=CARTESIAN_POINT('',(1.21016356932769,-1.4,-4.2038623709232));
#3359=CARTESIAN_POINT('',(1.2101635693277,-1.4,-4.20386237092312));
#3360=VECTOR('',#4560,1000.0);
#3361=CARTESIAN_POINT('',(1.21016356932769,1.4,-4.20386237092317));
#3362=VECTOR('',#4561,1000.0);
#3363=COLOUR_RGB('',0.792156875133514,0.819607853889465,0.933333337306976);
#3364=CARTESIAN_POINT('',(1.11023818671223,-1.4,-4.29999999999932));
#3365=AXIS2_PLACEMENT_3D('',#4562,#4563,#4564);
#3366=CARTESIAN_POINT('',(1.11023818671223,1.4,-4.29999999999932));
#3367=CARTESIAN_POINT('',(1.11023818671223,1.4,-4.29999999999932));
#3368=VECTOR('',#4565,1000.0);
#3369=AXIS2_PLACEMENT_3D('',#4566,#4567,#4568);
#3370=COLOUR_RGB('',0.792156875133514,0.819607853889465,0.933333337306976);
#3371=CARTESIAN_POINT('',(0.650032450581998,1.4,-4.29999999999932));
#3372=CARTESIAN_POINT('',(1.11023818671223,1.4,-4.29999999999932));
#3373=VECTOR('',#4569,1000.0);
#3374=CARTESIAN_POINT('',(0.650032450581997,-1.4,-4.29999999999932));
#3375=CARTESIAN_POINT('',(1.11023818671223,-1.4,-4.29999999999932));
#3376=VECTOR('',#4570,1000.0);
#3377=CARTESIAN_POINT('',(0.650032450581998,1.4,-4.29999999999932));
#3378=VECTOR('',#4571,1000.0);
#3379=COLOUR_RGB('',0.792156875133514,0.819607853889465,0.933333337306976);
#3380=AXIS2_PLACEMENT_3D('',#4572,#4573,#4574);
#3381=COLOUR_RGB('',0.792156875133514,0.819607853889465,0.933333337306976);
#3382=CARTESIAN_POINT('',(0.613635427982659,1.4,-4.39999999999932));
#3383=CARTESIAN_POINT('',(0.613635427982659,1.4,-4.39999999999932));
#3384=VECTOR('',#4575,1000.0);
#3385=CARTESIAN_POINT('',(0.613635427982659,-1.4,-4.39999999999932));
#3386=CARTESIAN_POINT('',(0.613635427982659,-1.4,-4.39999999999932));
#3387=VECTOR('',#4576,1000.0);
#3388=CARTESIAN_POINT('',(0.613635427982659,1.4,-4.39999999999932));
#3389=VECTOR('',#4577,1000.0);
#3390=COLOUR_RGB('',0.792156875133514,0.819607853889465,0.933333337306976);
#3391=AXIS2_PLACEMENT_3D('',#4578,#4579,#4580);
#3392=COLOUR_RGB('',0.792156875133514,0.819607853889465,0.933333337306976);
#3393=CARTESIAN_POINT('',(-0.61363542798223,-1.4,-4.39999999999932));
#3394=CARTESIAN_POINT('',(-0.61363542798223,1.4,-4.39999999999932));
#3395=CARTESIAN_POINT('',(-0.61363542798223,1.4,-4.39999999999932));
#3396=VECTOR('',#4581,1000.0);
#3397=CARTESIAN_POINT('',(-0.61363542798223,1.4,-4.39999999999932));
#3398=VECTOR('',#4582,1000.0);
#3399=CARTESIAN_POINT('',(-0.61363542798223,-1.4,-4.39999999999932));
#3400=VECTOR('',#4583,1000.0);
#3401=COLOUR_RGB('',0.792156875133514,0.819607853889465,0.933333337306976);
#3402=CARTESIAN_POINT('',(-0.650032450581569,-1.4,-4.29999999999932));
#3403=CARTESIAN_POINT('',(-0.650032450581569,1.4,-4.29999999999932));
#3404=CARTESIAN_POINT('',(-0.650032450581569,1.4,-4.29999999999932));
#3405=VECTOR('',#4584,1000.0);
#3406=CARTESIAN_POINT('',(-0.61363542798223,1.4,-4.39999999999932));
#3407=VECTOR('',#4585,1000.0);
#3408=CARTESIAN_POINT('',(-0.61363542798223,-1.4,-4.39999999999932));
#3409=VECTOR('',#4586,1000.0);
#3410=COLOUR_RGB('',0.792156875133514,0.819607853889465,0.933333337306976);
#3411=CARTESIAN_POINT('',(-1.1102381867118,1.4,-4.29999999999932));
#3412=CARTESIAN_POINT('',(-1.1102381867118,1.4,-4.29999999999932));
#3413=VECTOR('',#4587,1000.0);
#3414=CARTESIAN_POINT('',(-1.1102381867118,-1.4,-4.29999999999932));
#3415=CARTESIAN_POINT('',(-1.1102381867118,-1.4,-4.29999999999932));
#3416=VECTOR('',#4588,1000.0);
#3417=CARTESIAN_POINT('',(-1.1102381867118,1.4,-4.29999999999932));
#3418=VECTOR('',#4589,1000.0);
#3419=COLOUR_RGB('',0.792156875133514,0.819607853889465,0.933333337306976);
#3420=CARTESIAN_POINT('',(-0.90061637110612,-0.143481656418393,-4.33159101250679));
#3421=CARTESIAN_POINT('',(-0.90061637110612,-0.143481656418393,-4.48208278945537));
#3422=CARTESIAN_POINT('',(-0.90061637110612,-0.143481656418393,-4.32499999999932));
#3423=VECTOR('',#4590,1000.0);
#3424=CARTESIAN_POINT('',(-0.850000000000363,-0.0558115299684611,-4.47944829116572));
#3426=CARTESIAN_POINT('',(-0.90061637110612,-0.143481656418393,-4.48208278945537));
#3427=CARTESIAN_POINT('',(-0.868526877672451,-0.124954778746305,-4.48041258446596));
#3428=CARTESIAN_POINT('',(-0.850000000000363,-0.0928652853126363,-4.47944829116572));
#3429=CARTESIAN_POINT('',(-0.850000000000363,-0.0558115299684611,-4.47944829116572));
#3436=CARTESIAN_POINT('',(-0.857850393437182,-0.0948986766152038,-4.32965386095243));
#3438=CARTESIAN_POINT('',(-0.850000000000363,-0.0558115299684611,-4.47944829116572));
#3439=CARTESIAN_POINT('',(-0.850000000000364,-0.0692765150201909,-4.47944829116572));
#3440=CARTESIAN_POINT('',(-0.852651405107759,-0.0824778737911578,-4.42885646789936));
#3441=CARTESIAN_POINT('',(-0.857850393437182,-0.0948986766152038,-4.32965386095243));
#3449=CARTESIAN_POINT('',(-0.857850393437182,-0.0948986766152038,-4.32965386095243));
#3450=CARTESIAN_POINT('',(-0.866482646116895,-0.115521825133399,-4.33004487227983));
#3451=CARTESIAN_POINT('',(-0.881254745894185,-0.132303216890333,-4.33071399754259));
#3452=CARTESIAN_POINT('',(-0.90061637110612,-0.143481656418393,-4.33159101250679));
#3459=COLOUR_RGB('',0.792156875133514,0.819607853889465,0.933333337306976);
#3460=CARTESIAN_POINT('',(-0.857850393437182,0.094898676615204,-4.32965386095243));
#3461=CARTESIAN_POINT('',(-0.857850393437182,1.4,-4.32965386095243));
#3462=VECTOR('',#4591,1000.0);
#3463=CARTESIAN_POINT('',(-0.850000000000363,0.0558115299684614,-4.47944829116572));
#3464=CARTESIAN_POINT('',(-0.850000000000363,1.4,-4.47944829116572));
#3465=VECTOR('',#4592,1000.0);
#3467=CARTESIAN_POINT('',(-0.857850393437182,0.094898676615204,-4.32965386095243));
#3468=CARTESIAN_POINT('',(-0.852651405107759,0.0824778737911581,-4.42885646789936));
#3469=CARTESIAN_POINT('',(-0.850000000000364,0.0692765150201912,-4.47944829116572));
#3470=CARTESIAN_POINT('',(-0.850000000000363,0.0558115299684614,-4.47944829116572));
#3477=COLOUR_RGB('',0.792156875133514,0.819607853889465,0.933333337306976);
#3478=CARTESIAN_POINT('',(-0.90061637110612,0.143481656418393,-4.48208278945537));
#3480=CARTESIAN_POINT('',(-0.850000000000363,0.0558115299684614,-4.47944829116572));
#3481=CARTESIAN_POINT('',(-0.850000000000363,0.0928652853126366,-4.47944829116572));
#3482=CARTESIAN_POINT('',(-0.868526877672451,0.124954778746306,-4.48041258446596));
#3483=CARTESIAN_POINT('',(-0.90061637110612,0.143481656418393,-4.48208278945537));
#3490=CARTESIAN_POINT('',(-0.90061637110612,0.143481656418393,-4.33159101250679));
#3491=CARTESIAN_POINT('',(-0.90061637110612,0.143481656418393,-4.32499999999932));
#3492=VECTOR('',#4593,1000.0);
#3494=CARTESIAN_POINT('',(-0.90061637110612,0.143481656418393,-4.33159101250679));
#3495=CARTESIAN_POINT('',(-0.881254745894185,0.132303216890334,-4.33071399754259));
#3496=CARTESIAN_POINT('',(-0.866482646116895,0.115521825133399,-4.33004487227983));
#3497=CARTESIAN_POINT('',(-0.857850393437182,0.094898676615204,-4.32965386095243));
#3504=COLOUR_RGB('',0.792156875133514,0.819607853889465,0.933333337306976);
#3505=CARTESIAN_POINT('',(-0.900616371106121,-0.943481656418393,-4.33159101250679));
#3506=CARTESIAN_POINT('',(-0.90061637110612,-0.943481656418393,-4.48208278945537));
#3507=CARTESIAN_POINT('',(-0.90061637110612,-0.943481656418393,-4.32499999999932));
#3508=VECTOR('',#4594,1000.0);
#3509=CARTESIAN_POINT('',(-0.850000000000364,-0.855811529968461,-4.47944829116572));
#3511=CARTESIAN_POINT('',(-0.90061637110612,-0.943481656418393,-4.48208278945537));
#3512=CARTESIAN_POINT('',(-0.868526877672451,-0.924954778746306,-4.48041258446596));
#3513=CARTESIAN_POINT('',(-0.850000000000364,-0.892865285312636,-4.47944829116572));
#3514=CARTESIAN_POINT('',(-0.850000000000364,-0.855811529968461,-4.47944829116572));
#3521=CARTESIAN_POINT('',(-0.857850393437182,-0.894898676615204,-4.32965386095243));
#3523=CARTESIAN_POINT('',(-0.850000000000364,-0.855811529968461,-4.47944829116572));
#3524=CARTESIAN_POINT('',(-0.850000000000364,-0.869276515020191,-4.47944829116572));
#3525=CARTESIAN_POINT('',(-0.852651405107759,-0.882477873791158,-4.42885646789936));
#3526=CARTESIAN_POINT('',(-0.857850393437182,-0.894898676615204,-4.32965386095243));
#3534=CARTESIAN_POINT('',(-0.857850393437182,-0.894898676615204,-4.32965386095243));
#3535=CARTESIAN_POINT('',(-0.866482646116895,-0.915521825133399,-4.33004487227983));
#3536=CARTESIAN_POINT('',(-0.881254745894186,-0.932303216890333,-4.33071399754259));
#3537=CARTESIAN_POINT('',(-0.900616371106121,-0.943481656418393,-4.33159101250679));
#3544=COLOUR_RGB('',0.792156875133514,0.819607853889465,0.933333337306976);
#3545=CARTESIAN_POINT('',(-0.857850393437182,-0.705101323384796,-4.32965386095243));
#3546=CARTESIAN_POINT('',(-0.857850393437182,1.4,-4.32965386095243));
#3547=VECTOR('',#4595,1000.0);
#3548=CARTESIAN_POINT('',(-0.850000000000364,-0.744188470031539,-4.47944829116572));
#3549=CARTESIAN_POINT('',(-0.850000000000364,1.4,-4.47944829116572));
#3550=VECTOR('',#4596,1000.0);
#3552=CARTESIAN_POINT('',(-0.857850393437182,-0.705101323384796,-4.32965386095243));
#3553=CARTESIAN_POINT('',(-0.852651405107759,-0.717522126208842,-4.42885646789936));
#3554=CARTESIAN_POINT('',(-0.850000000000364,-0.730723484979809,-4.47944829116572));
#3555=CARTESIAN_POINT('',(-0.850000000000364,-0.744188470031539,-4.47944829116572));
#3562=COLOUR_RGB('',0.792156875133514,0.819607853889465,0.933333337306976);
#3563=CARTESIAN_POINT('',(-0.90061637110612,-0.656518343581607,-4.48208278945537));
#3565=CARTESIAN_POINT('',(-0.850000000000364,-0.744188470031539,-4.47944829116572));
#3566=CARTESIAN_POINT('',(-0.850000000000364,-0.707134714687364,-4.47944829116572));
#3567=CARTESIAN_POINT('',(-0.868526877672451,-0.675045221253694,-4.48041258446596));
#3568=CARTESIAN_POINT('',(-0.90061637110612,-0.656518343581607,-4.48208278945537));
#3575=CARTESIAN_POINT('',(-0.90061637110612,-0.656518343581607,-4.33159101250679));
#3576=CARTESIAN_POINT('',(-0.90061637110612,-0.656518343581607,-4.32499999999932));
#3577=VECTOR('',#4597,1000.0);
#3579=CARTESIAN_POINT('',(-0.90061637110612,-0.656518343581607,-4.33159101250679));
#3580=CARTESIAN_POINT('',(-0.881254745894185,-0.667696783109666,-4.33071399754259));
#3581=CARTESIAN_POINT('',(-0.866482646116895,-0.684478174866601,-4.33004487227983));
#3582=CARTESIAN_POINT('',(-0.857850393437182,-0.705101323384796,-4.32965386095243));
#3589=COLOUR_RGB('',0.792156875133514,0.819607853889465,0.933333337306976);
#3590=CARTESIAN_POINT('',(0.850000000000364,0.0558115299684609,-4.47944829116572));
#3591=CARTESIAN_POINT('',(0.857850393437183,0.0948986766152032,-4.32965386095243));
#3593=CARTESIAN_POINT('',(0.850000000000364,0.0558115299684609,-4.47944829116572));
#3594=CARTESIAN_POINT('',(0.850000000000364,0.0692765150201906,-4.47944829116572));
#3595=CARTESIAN_POINT('',(0.85265140510776,0.0824778737911574,-4.42885646789936));
#3596=CARTESIAN_POINT('',(0.857850393437183,0.0948986766152032,-4.32965386095243));
#3603=CARTESIAN_POINT('',(0.900616371106121,0.143481656418393,-4.33159101250679));
#3605=CARTESIAN_POINT('',(0.857850393437183,0.0948986766152032,-4.32965386095243));
#3606=CARTESIAN_POINT('',(0.866482646116896,0.115521825133398,-4.33004487227983));
#3607=CARTESIAN_POINT('',(0.881254745894186,0.132303216890333,-4.33071399754259));
#3608=CARTESIAN_POINT('',(0.900616371106121,0.143481656418393,-4.33159101250679));
#3615=CARTESIAN_POINT('',(0.900616371106121,0.143481656418393,-4.48208278945537));
#3616=CARTESIAN_POINT('',(0.900616371106121,0.143481656418393,-4.32499999999932));
#3617=VECTOR('',#4598,1000.0);
#3619=CARTESIAN_POINT('',(0.900616371106121,0.143481656418393,-4.48208278945537));
#3620=CARTESIAN_POINT('',(0.868526877672452,0.124954778746305,-4.48041258446596));
#3621=CARTESIAN_POINT('',(0.850000000000364,0.0928652853126362,-4.47944829116572));
#3622=CARTESIAN_POINT('',(0.850000000000364,0.0558115299684609,-4.47944829116572));
#3629=COLOUR_RGB('',0.792156875133514,0.819607853889465,0.933333337306976);
#3630=CARTESIAN_POINT('',(0.857850393437183,-0.0948986766152039,-4.32965386095243));
#3631=CARTESIAN_POINT('',(0.857850393437183,1.4,-4.32965386095243));
#3632=VECTOR('',#4599,1000.0);
#3633=CARTESIAN_POINT('',(0.850000000000364,-0.0558115299684616,-4.47944829116572));
#3634=CARTESIAN_POINT('',(0.850000000000364,1.4,-4.47944829116572));
#3635=VECTOR('',#4600,1000.0);
#3637=CARTESIAN_POINT('',(0.857850393437183,-0.0948986766152039,-4.32965386095243));
#3638=CARTESIAN_POINT('',(0.85265140510776,-0.0824778737911581,-4.42885646789936));
#3639=CARTESIAN_POINT('',(0.850000000000364,-0.0692765150201913,-4.47944829116572));
#3640=CARTESIAN_POINT('',(0.850000000000364,-0.0558115299684616,-4.47944829116572));
#3647=COLOUR_RGB('',0.792156875133514,0.819607853889465,0.933333337306976);
#3648=CARTESIAN_POINT('',(0.900616371106121,-0.143481656418393,-4.48208278945537));
#3649=CARTESIAN_POINT('',(0.900616371106121,-0.143481656418393,-4.33159101250679));
#3650=CARTESIAN_POINT('',(0.900616371106121,-0.143481656418393,-4.32499999999932));
#3651=VECTOR('',#4601,1000.0);
#3653=CARTESIAN_POINT('',(0.900616371106121,-0.143481656418393,-4.33159101250679));
#3654=CARTESIAN_POINT('',(0.881254745894186,-0.132303216890334,-4.33071399754259));
#3655=CARTESIAN_POINT('',(0.866482646116896,-0.115521825133399,-4.33004487227983));
#3656=CARTESIAN_POINT('',(0.857850393437183,-0.0948986766152039,-4.32965386095243));
#3664=CARTESIAN_POINT('',(0.850000000000364,-0.0558115299684616,-4.47944829116572));
#3665=CARTESIAN_POINT('',(0.850000000000364,-0.0928652853126367,-4.47944829116572));
#3666=CARTESIAN_POINT('',(0.868526877672452,-0.124954778746306,-4.48041258446596));
#3667=CARTESIAN_POINT('',(0.900616371106121,-0.143481656418393,-4.48208278945537));
#3674=COLOUR_RGB('',0.792156875133514,0.819607853889465,0.933333337306976);
#3675=CARTESIAN_POINT('',(0.900616371106121,-0.943481656418393,-4.48208278945537));
#3676=CARTESIAN_POINT('',(0.900616371106121,-0.943481656418393,-4.33159101250679));
#3677=CARTESIAN_POINT('',(0.900616371106121,-0.943481656418393,-4.32499999999932));
#3678=VECTOR('',#4602,1000.0);
#3679=CARTESIAN_POINT('',(0.857850393437183,-0.894898676615204,-4.32965386095243));
#3681=CARTESIAN_POINT('',(0.900616371106121,-0.943481656418393,-4.33159101250679));
#3682=CARTESIAN_POINT('',(0.881254745894186,-0.932303216890334,-4.33071399754259));
#3683=CARTESIAN_POINT('',(0.866482646116895,-0.915521825133399,-4.33004487227983));
#3684=CARTESIAN_POINT('',(0.857850393437183,-0.894898676615204,-4.32965386095243));
#3691=CARTESIAN_POINT('',(0.850000000000364,-0.855811529968462,-4.47944829116572));
#3693=CARTESIAN_POINT('',(0.857850393437183,-0.894898676615204,-4.32965386095243));
#3694=CARTESIAN_POINT('',(0.852651405107759,-0.882477873791158,-4.42885646789936));
#3695=CARTESIAN_POINT('',(0.850000000000364,-0.869276515020191,-4.47944829116572));
#3696=CARTESIAN_POINT('',(0.850000000000364,-0.855811529968462,-4.47944829116572));
#3704=CARTESIAN_POINT('',(0.850000000000364,-0.855811529968462,-4.47944829116572));
#3705=CARTESIAN_POINT('',(0.850000000000364,-0.892865285312637,-4.47944829116572));
#3706=CARTESIAN_POINT('',(0.868526877672452,-0.924954778746306,-4.48041258446596));
#3707=CARTESIAN_POINT('',(0.900616371106121,-0.943481656418393,-4.48208278945537));
#3714=COLOUR_RGB('',0.792156875133514,0.819607853889465,0.933333337306976);
#3715=CARTESIAN_POINT('',(0.857850393437183,-0.705101323384797,-4.32965386095243));
#3716=CARTESIAN_POINT('',(0.857850393437183,1.4,-4.32965386095243));
#3717=VECTOR('',#4603,1000.0);
#3718=CARTESIAN_POINT('',(0.850000000000364,-0.744188470031539,-4.47944829116572));
#3720=CARTESIAN_POINT('',(0.850000000000364,-0.744188470031539,-4.47944829116572));
#3721=CARTESIAN_POINT('',(0.850000000000364,-0.730723484979809,-4.47944829116572));
#3722=CARTESIAN_POINT('',(0.852651405107759,-0.717522126208842,-4.42885646789936));
#3723=CARTESIAN_POINT('',(0.857850393437183,-0.705101323384797,-4.32965386095243));
#3730=CARTESIAN_POINT('',(0.850000000000364,1.4,-4.47944829116572));
#3731=VECTOR('',#4604,1000.0);
#3732=COLOUR_RGB('',0.792156875133514,0.819607853889465,0.933333337306976);
#3733=CARTESIAN_POINT('',(0.900616371106121,-0.656518343581607,-4.33159101250679));
#3735=CARTESIAN_POINT('',(0.857850393437183,-0.705101323384797,-4.32965386095243));
#3736=CARTESIAN_POINT('',(0.866482646116895,-0.684478174866601,-4.33004487227983));
#3737=CARTESIAN_POINT('',(0.881254745894185,-0.667696783109667,-4.33071399754259));
#3738=CARTESIAN_POINT('',(0.900616371106121,-0.656518343581607,-4.33159101250679));
#3745=CARTESIAN_POINT('',(0.900616371106121,-0.656518343581607,-4.48208278945537));
#3746=CARTESIAN_POINT('',(0.900616371106121,-0.656518343581607,-4.32499999999932));
#3747=VECTOR('',#4605,1000.0);
#3749=CARTESIAN_POINT('',(0.900616371106121,-0.656518343581607,-4.48208278945537));
#3750=CARTESIAN_POINT('',(0.868526877672452,-0.675045221253695,-4.48041258446596));
#3751=CARTESIAN_POINT('',(0.850000000000364,-0.707134714687364,-4.47944829116572));
#3752=CARTESIAN_POINT('',(0.850000000000364,-0.744188470031539,-4.47944829116572));
#3759=COLOUR_RGB('',0.792156875133514,0.819607853889465,0.933333337306976);
#3760=CARTESIAN_POINT('',(-0.90061637110612,0.656518343581607,-4.33159101250679));
#3761=CARTESIAN_POINT('',(-0.90061637110612,0.656518343581607,-4.48208278945537));
#3762=CARTESIAN_POINT('',(-0.90061637110612,0.656518343581607,-4.32499999999932));
#3763=VECTOR('',#4606,1000.0);
#3764=CARTESIAN_POINT('',(-0.850000000000363,0.744188470031539,-4.47944829116572));
#3766=CARTESIAN_POINT('',(-0.90061637110612,0.656518343581607,-4.48208278945537));
#3767=CARTESIAN_POINT('',(-0.868526877672451,0.675045221253694,-4.48041258446596));
#3768=CARTESIAN_POINT('',(-0.850000000000363,0.707134714687364,-4.47944829116572));
#3769=CARTESIAN_POINT('',(-0.850000000000363,0.744188470031539,-4.47944829116572));
#3776=CARTESIAN_POINT('',(-0.857850393437182,0.705101323384796,-4.32965386095243));
#3778=CARTESIAN_POINT('',(-0.850000000000363,0.744188470031539,-4.47944829116572));
#3779=CARTESIAN_POINT('',(-0.850000000000363,0.730723484979809,-4.47944829116572));
#3780=CARTESIAN_POINT('',(-0.852651405107759,0.717522126208842,-4.42885646789936));
#3781=CARTESIAN_POINT('',(-0.857850393437182,0.705101323384796,-4.32965386095243));
#3789=CARTESIAN_POINT('',(-0.857850393437182,0.705101323384796,-4.32965386095243));
#3790=CARTESIAN_POINT('',(-0.866482646116895,0.684478174866601,-4.33004487227983));
#3791=CARTESIAN_POINT('',(-0.881254745894185,0.667696783109666,-4.33071399754259));
#3792=CARTESIAN_POINT('',(-0.90061637110612,0.656518343581607,-4.33159101250679));
#3799=COLOUR_RGB('',0.792156875133514,0.819607853889465,0.933333337306976);
#3800=CARTESIAN_POINT('',(-0.857850393437182,0.894898676615204,-4.32965386095243));
#3801=CARTESIAN_POINT('',(-0.857850393437182,1.4,-4.32965386095243));
#3802=VECTOR('',#4607,1000.0);
#3803=CARTESIAN_POINT('',(-0.850000000000363,0.855811529968462,-4.47944829116572));
#3804=CARTESIAN_POINT('',(-0.850000000000363,1.4,-4.47944829116572));
#3805=VECTOR('',#4608,1000.0);
#3807=CARTESIAN_POINT('',(-0.857850393437182,0.894898676615204,-4.32965386095243));
#3808=CARTESIAN_POINT('',(-0.852651405107758,0.882477873791158,-4.42885646789936));
#3809=CARTESIAN_POINT('',(-0.850000000000363,0.869276515020191,-4.47944829116572));
#3810=CARTESIAN_POINT('',(-0.850000000000363,0.855811529968462,-4.47944829116572));
#3817=COLOUR_RGB('',0.792156875133514,0.819607853889465,0.933333337306976);
#3818=CARTESIAN_POINT('',(-0.90061637110612,0.943481656418393,-4.48208278945537));
#3820=CARTESIAN_POINT('',(-0.850000000000363,0.855811529968462,-4.47944829116572));
#3821=CARTESIAN_POINT('',(-0.850000000000363,0.892865285312637,-4.47944829116572));
#3822=CARTESIAN_POINT('',(-0.868526877672451,0.924954778746306,-4.48041258446596));
#3823=CARTESIAN_POINT('',(-0.90061637110612,0.943481656418393,-4.48208278945537));
#3830=CARTESIAN_POINT('',(-0.90061637110612,0.943481656418393,-4.33159101250679));
#3831=CARTESIAN_POINT('',(-0.90061637110612,0.943481656418393,-4.32499999999932));
#3832=VECTOR('',#4609,1000.0);
#3834=CARTESIAN_POINT('',(-0.90061637110612,0.943481656418393,-4.33159101250679));
#3835=CARTESIAN_POINT('',(-0.881254745894185,0.932303216890334,-4.33071399754259));
#3836=CARTESIAN_POINT('',(-0.866482646116895,0.915521825133399,-4.33004487227983));
#3837=CARTESIAN_POINT('',(-0.857850393437182,0.894898676615204,-4.32965386095243));
#3844=COLOUR_RGB('',0.792156875133514,0.819607853889465,0.933333337306976);
#3845=CARTESIAN_POINT('',(-1.21016356932726,-1.4,-4.2038623709232));
#3846=AXIS2_PLACEMENT_3D('',#4610,#4611,#4612);
#3847=CARTESIAN_POINT('',(-1.21016356932726,1.4,-4.2038623709232));
#3848=CARTESIAN_POINT('',(-1.21016356932726,1.4,-4.20386237092317));
#3849=VECTOR('',#4613,1000.0);
#3850=AXIS2_PLACEMENT_3D('',#4614,#4615,#4616);
#3851=COLOUR_RGB('',0.792156875133514,0.819607853889465,0.933333337306976);
#3852=CARTESIAN_POINT('',(-0.998509013749099,-0.6,-4.33602521219526));
#3853=CARTESIAN_POINT('',(-0.998509013749099,-0.6,-4.48717793938371));
#3854=CARTESIAN_POINT('',(-0.998509013749099,-0.6,-4.53356849832725));
#3855=VECTOR('',#4617,1000.0);
#3856=CARTESIAN_POINT('',(-0.998509013749099,-0.6,-4.33602521219526));
#3857=VECTOR('',#4618,1000.0);
#3858=CARTESIAN_POINT('',(-0.90061637110612,-0.656518343581607,-4.48208278945537));
#3859=VECTOR('',#4619,1000.0);
#3860=COLOUR_RGB('',0.792156875133514,0.819607853889465,0.933333337306976);
#3861=CARTESIAN_POINT('',(-0.9985090137491,-0.2,-4.33602521219526));
#3862=CARTESIAN_POINT('',(-0.90061637110612,-0.143481656418393,-4.33159101250679));
#3863=VECTOR('',#4620,1000.0);
#3864=CARTESIAN_POINT('',(-0.9985090137491,-0.2,-4.48717793938371));
#3865=CARTESIAN_POINT('',(-0.9985090137491,-0.2,-4.53356849832725));
#3866=VECTOR('',#4621,1000.0);
#3867=CARTESIAN_POINT('',(-0.9985090137491,-0.2,-4.48717793938371));
#3868=VECTOR('',#4622,1000.0);
#3869=COLOUR_RGB('',0.792156875133514,0.819607853889465,0.933333337306976);
#3870=CARTESIAN_POINT('',(-0.998509013749099,0.2,-4.33602521219526));
#3871=CARTESIAN_POINT('',(-1.22633684191278,0.2,-4.34634502844898));
#3872=CARTESIAN_POINT('',(-0.998509013749099,0.2,-4.33602521219526));
#3873=VECTOR('',#4623,1000.0);
#3874=CARTESIAN_POINT('',(-1.22633684191278,-0.2,-4.34634502844898));
#3875=CARTESIAN_POINT('',(-1.22633684191278,1.4,-4.34634502844898));
#3876=VECTOR('',#4624,1000.0);
#3877=CARTESIAN_POINT('',(-1.22633684191278,-0.2,-4.34634502844898));
#3878=VECTOR('',#4625,1000.0);
#3879=CARTESIAN_POINT('',(-0.90061637110612,0.143481656418393,-4.33159101250679));
#3880=VECTOR('',#4626,1000.0);
#3881=COLOUR_RGB('',0.792156875133514,0.819607853889465,0.933333337306976);
#3882=CARTESIAN_POINT('',(-1.30000035884979,0.2,-4.27644096101616));
#3883=AXIS2_PLACEMENT_3D('',#4627,#4628,#4629);
#3884=CARTESIAN_POINT('',(-1.30000035884979,-0.2,-4.27644096101616));
#3885=CARTESIAN_POINT('',(-1.30000035884979,1.4,-4.27644096101616));
#3886=VECTOR('',#4630,1000.0);
#3887=AXIS2_PLACEMENT_3D('',#4631,#4632,#4633);
#3888=COLOUR_RGB('',0.792156875133514,0.819607853889465,0.933333337306976);
#3889=CARTESIAN_POINT('',(-1.30000035884979,0.2,-3.98034823631283));
#3890=CARTESIAN_POINT('',(-1.30000035884979,0.2,-3.95034859717385));
#3891=VECTOR('',#4634,1000.0);
#3892=CARTESIAN_POINT('',(-1.30000035884979,-0.2,-3.98034823631283));
#3893=CARTESIAN_POINT('',(-1.30000035884979,1.4,-3.98034823631283));
#3894=VECTOR('',#4635,1000.0);
#3895=CARTESIAN_POINT('',(-1.30000035884979,-0.2,-4.53356849832725));
#3896=VECTOR('',#4636,1000.0);
#3897=COLOUR_RGB('',0.792156875133514,0.819607853889465,0.933333337306976);
#3898=CARTESIAN_POINT('',(-1.24071125227286,-0.2,-4.49978416478471));
#3899=CARTESIAN_POINT('',(-0.9985090137491,-0.2,-4.48717793938371));
#3900=VECTOR('',#4637,1000.0);
#3901=CARTESIAN_POINT('',(-1.24071125227285,0.2,-4.49978416478471));
#3902=CARTESIAN_POINT('',(-1.24071125227285,1.4,-4.49978416478471));
#3903=VECTOR('',#4638,1000.0);
#3904=CARTESIAN_POINT('',(-0.998509013749099,0.2,-4.48717793938371));
#3905=CARTESIAN_POINT('',(-1.24071125227285,0.2,-4.49978416478471));
#3906=VECTOR('',#4639,1000.0);
#3907=CARTESIAN_POINT('',(-0.998509013749099,0.2,-4.48717793938371));
#3908=VECTOR('',#4640,1000.0);
#3909=COLOUR_RGB('',0.792156875133514,0.819607853889465,0.933333337306976);
#3910=CARTESIAN_POINT('',(-0.998509013749099,0.2,-3.95034859717385));
#3911=VECTOR('',#4641,1000.0);
#3912=COLOUR_RGB('',0.792156875133514,0.819607853889465,0.933333337306976);
#3913=CARTESIAN_POINT('',(-0.998509013749099,0.6,-4.33602521219526));
#3914=CARTESIAN_POINT('',(-0.90061637110612,0.656518343581607,-4.33159101250679));
#3915=VECTOR('',#4642,1000.0);
#3916=CARTESIAN_POINT('',(-0.9985090137491,0.6,-4.48717793938371));
#3917=CARTESIAN_POINT('',(-0.998509013749099,0.6,-3.95034859717385));
#3918=VECTOR('',#4643,1000.0);
#3919=CARTESIAN_POINT('',(-0.998509013749099,0.6,-4.48717793938371));
#3920=VECTOR('',#4644,1000.0);
#3921=COLOUR_RGB('',0.792156875133514,0.819607853889465,0.933333337306976);
#3922=CARTESIAN_POINT('',(-1.30000035884979,-1.0,-3.98034823631283));
#3923=CARTESIAN_POINT('',(-1.30000035884979,-1.0,-4.27644096101616));
#3924=CARTESIAN_POINT('',(-1.30000035884979,-0.999999999999999,-4.32242050577968));
#3925=VECTOR('',#4645,1000.0);
#3926=CARTESIAN_POINT('',(-1.30000035884979,-0.6,-4.27644096101616));
#3927=CARTESIAN_POINT('',(-1.30000035884979,1.4,-4.27644096101616));
#3928=VECTOR('',#4646,1000.0);
#3929=CARTESIAN_POINT('',(-1.30000035884979,-0.6,-3.98034823631283));
#3930=CARTESIAN_POINT('',(-1.30000035884979,-0.6,-4.53356849832725));
#3931=VECTOR('',#4647,1000.0);
#3932=CARTESIAN_POINT('',(-1.30000035884979,1.4,-3.98034823631283));
#3933=VECTOR('',#4648,1000.0);
#3934=COLOUR_RGB('',0.792156875133514,0.819607853889465,0.933333337306976);
#3935=CARTESIAN_POINT('',(-1.22633684191278,-0.999999999999999,-4.34634502844898));
#3936=AXIS2_PLACEMENT_3D('',#4649,#4650,#4651);
#3937=CARTESIAN_POINT('',(-1.22633684191278,-0.6,-4.34634502844898));
#3938=CARTESIAN_POINT('',(-1.22633684191278,1.4,-4.34634502844898));
#3939=VECTOR('',#4652,1000.0);
#3940=AXIS2_PLACEMENT_3D('',#4653,#4654,#4655);
#3941=COLOUR_RGB('',0.792156875133514,0.819607853889465,0.933333337306976);
#3942=CARTESIAN_POINT('',(-1.22633684191278,-0.6,-4.34634502844898));
#3943=VECTOR('',#4656,1000.0);
#3944=CARTESIAN_POINT('',(-0.998509013749099,-0.999999999999999,-4.33602521219526));
#3945=CARTESIAN_POINT('',(-1.22633684191278,-0.999999999999999,-4.34634502844898));
#3946=VECTOR('',#4657,1000.0);
#3947=CARTESIAN_POINT('',(-0.998509013749099,-0.999999999999999,-4.33602521219526));
#3948=VECTOR('',#4658,1000.0);
#3949=COLOUR_RGB('',0.792156875133514,0.819607853889465,0.933333337306976);
#3950=CARTESIAN_POINT('',(-0.998509013749099,-1.0,-4.48717793938371));
#3951=CARTESIAN_POINT('',(-0.998509013749099,-0.999999999999999,-4.32242050577968));
#3952=VECTOR('',#4659,1000.0);
#3953=CARTESIAN_POINT('',(-0.998509013749099,-1.0,-4.48717793938371));
#3954=VECTOR('',#4660,1000.0);
#3955=COLOUR_RGB('',0.792156875133514,0.819607853889465,0.933333337306976);
#3956=CARTESIAN_POINT('',(-1.24071125227288,-1.0,-4.49978416478472));
#3957=CARTESIAN_POINT('',(-0.998509013749099,-0.999999999999999,-4.48717793938371));
#3958=VECTOR('',#4661,1000.0);
#3959=CARTESIAN_POINT('',(-1.24071125227289,-0.6,-4.49978416478472));
#3960=CARTESIAN_POINT('',(-1.24071125227289,1.4,-4.49978416478472));
#3961=VECTOR('',#4662,1000.0);
#3962=CARTESIAN_POINT('',(-0.998509013749099,-0.6,-4.48717793938371));
#3963=VECTOR('',#4663,1000.0);
#3964=COLOUR_RGB('',0.792156875133514,0.819607853889465,0.933333337306976);
#3965=CARTESIAN_POINT('',(0.9985090137491,-1.0,-4.48717793938371));
#3966=CARTESIAN_POINT('',(0.900616371106121,-0.943481656418394,-4.48208278945537));
#3967=VECTOR('',#4664,1000.0);
#3968=CARTESIAN_POINT('',(0.9985090137491,-1.0,-4.33602521219526));
#3969=CARTESIAN_POINT('',(0.9985090137491,-1.0,-3.95034859717385));
#3970=VECTOR('',#4665,1000.0);
#3971=CARTESIAN_POINT('',(0.9985090137491,-1.0,-4.33602521219526));
#3972=VECTOR('',#4666,1000.0);
#3973=COLOUR_RGB('',0.792156875133514,0.819607853889465,0.933333337306976);
#3974=CARTESIAN_POINT('',(0.9985090137491,0.199999999999999,-4.48717793938371));
#3975=CARTESIAN_POINT('',(0.9985090137491,0.199999999999999,-4.33602521219526));
#3976=CARTESIAN_POINT('',(0.9985090137491,0.199999999999999,-3.95030489451588));
#3977=VECTOR('',#4667,1000.0);
#3978=CARTESIAN_POINT('',(0.9985090137491,0.2,-4.48717793938371));
#3979=VECTOR('',#4668,1000.0);
#3980=CARTESIAN_POINT('',(0.900616371106121,0.143481656418393,-4.33159101250679));
#3981=VECTOR('',#4669,1000.0);
#3982=COLOUR_RGB('',0.792156875133514,0.819607853889465,0.933333337306976);
#3983=CARTESIAN_POINT('',(1.22633684191278,0.199999999999999,-4.34634502844898));
#3984=CARTESIAN_POINT('',(1.30000035884979,0.199999999999999,-4.27644096101616));
#3985=AXIS2_PLACEMENT_3D('',#4670,#4671,#4672);
#3986=CARTESIAN_POINT('',(1.22633684191278,-0.200000000000001,-4.34634502844898));
#3987=CARTESIAN_POINT('',(1.22633684191278,1.4,-4.34634502844898));
#3988=VECTOR('',#4673,1000.0);
#3989=CARTESIAN_POINT('',(1.30000035884979,-0.200000000000001,-4.27644096101616));
#3990=AXIS2_PLACEMENT_3D('',#4674,#4675,#4676);
#3991=CARTESIAN_POINT('',(1.30000035884979,1.4,-4.27644096101616));
#3992=VECTOR('',#4677,1000.0);
#3993=COLOUR_RGB('',0.792156875133514,0.819607853889465,0.933333337306976);
#3994=CARTESIAN_POINT('',(0.9985090137491,-0.2,-4.33602521219526));
#3995=CARTESIAN_POINT('',(1.22633684191278,-0.200000000000001,-4.34634502844898));
#3996=VECTOR('',#4678,1000.0);
#3997=CARTESIAN_POINT('',(0.9985090137491,0.199999999999999,-4.33602521219526));
#3998=VECTOR('',#4679,1000.0);
#3999=CARTESIAN_POINT('',(0.900616371106121,-0.143481656418393,-4.33159101250679));
#4000=VECTOR('',#4680,1000.0);
#4001=COLOUR_RGB('',0.792156875133514,0.819607853889465,0.933333337306976);
#4002=CARTESIAN_POINT('',(0.9985090137491,-0.2,-4.48717793938371));
#4003=CARTESIAN_POINT('',(0.900616371106121,-0.143481656418393,-4.48208278945537));
#4004=VECTOR('',#4681,1000.0);
#4005=CARTESIAN_POINT('',(0.9985090137491,-0.2,-4.5826945375278));
#4006=VECTOR('',#4682,1000.0);
#4007=COLOUR_RGB('',0.792156875133514,0.819607853889465,0.933333337306976);
#4008=CARTESIAN_POINT('',(1.2407112522729,0.199999999999999,-4.49978416478472));
#4009=CARTESIAN_POINT('',(1.2407112522729,0.199999999999999,-4.49978416478472));
#4010=VECTOR('',#4683,1000.0);
#4011=CARTESIAN_POINT('',(1.2407112522729,-0.2,-4.49978416478472));
#4012=CARTESIAN_POINT('',(1.2407112522729,1.4,-4.49978416478472));
#4013=VECTOR('',#4684,1000.0);
#4014=CARTESIAN_POINT('',(0.9985090137491,-0.2,-4.48717793938371));
#4015=VECTOR('',#4685,1000.0);
#4016=COLOUR_RGB('',0.792156875133514,0.819607853889465,0.933333337306976);
#4017=CARTESIAN_POINT('',(1.30000035884979,0.199999999999999,-3.98034823631283));
#4018=AXIS2_PLACEMENT_3D('',#4686,#4687,#4688);
#4019=CARTESIAN_POINT('',(1.30000035884979,-0.200000000000001,-3.98034823631283));
#4020=CARTESIAN_POINT('',(1.30000035884979,1.4,-3.98034823631283));
#4021=VECTOR('',#4689,1000.0);
#4022=AXIS2_PLACEMENT_3D('',#4690,#4691,#4692);
#4023=COLOUR_RGB('',0.792156875133514,0.819607853889465,0.933333337306976);
#4024=CARTESIAN_POINT('',(1.30000035884979,0.199999999999999,-3.95030489451588));
#4025=VECTOR('',#4693,1000.0);
#4026=CARTESIAN_POINT('',(1.30000035884979,-0.200000000000001,-4.5826945375278));
#4027=VECTOR('',#4694,1000.0);
#4028=COLOUR_RGB('',0.792156875133514,0.819607853889465,0.933333337306976);
#4029=CARTESIAN_POINT('',(0.9985090137491,-0.6,-4.48717793938371));
#4030=CARTESIAN_POINT('',(0.900616371106121,-0.656518343581607,-4.48208278945537));
#4031=VECTOR('',#4695,1000.0);
#4032=CARTESIAN_POINT('',(1.24071125227288,-0.6,-4.49978416478471));
#4033=CARTESIAN_POINT('',(0.9985090137491,-0.6,-4.48717793938371));
#4034=VECTOR('',#4696,1000.0);
#4035=CARTESIAN_POINT('',(1.24071125227287,-1.0,-4.49978416478471));
#4036=CARTESIAN_POINT('',(1.24071125227287,1.4,-4.49978416478471));
#4037=VECTOR('',#4697,1000.0);
#4038=CARTESIAN_POINT('',(1.24071125227287,-1.0,-4.49978416478471));
#4039=VECTOR('',#4698,1000.0);
#4040=COLOUR_RGB('',0.792156875133514,0.819607853889465,0.933333337306976);
#4041=CARTESIAN_POINT('',(1.30000035884979,-0.6,-3.98034823631283));
#4042=CARTESIAN_POINT('',(1.30000035884979,-1.0,-3.98034823631283));
#4043=CARTESIAN_POINT('',(1.30000035884979,1.4,-3.98034823631283));
#4044=VECTOR('',#4699,1000.0);
#4045=AXIS2_PLACEMENT_3D('',#4700,#4701,#4702);
#4046=AXIS2_PLACEMENT_3D('',#4703,#4704,#4705);
#4047=COLOUR_RGB('',0.792156875133514,0.819607853889465,0.933333337306976);
#4048=CARTESIAN_POINT('',(1.30000035884979,-0.6,-4.27644096101616));
#4049=CARTESIAN_POINT('',(1.30000035884979,-1.0,-4.27644096101616));
#4050=CARTESIAN_POINT('',(1.30000035884979,1.4,-4.27644096101616));
#4051=VECTOR('',#4706,1000.0);
#4052=CARTESIAN_POINT('',(1.30000035884979,-1.0,-3.95034859717385));
#4053=VECTOR('',#4707,1000.0);
#4054=CARTESIAN_POINT('',(1.30000035884979,-0.600000000000001,-4.5826945375278));
#4055=VECTOR('',#4708,1000.0);
#4056=COLOUR_RGB('',0.792156875133514,0.819607853889465,0.933333337306976);
#4057=CARTESIAN_POINT('',(1.22633684191278,-0.600000000000001,-4.34634502844898));
#4058=CARTESIAN_POINT('',(1.22633684191278,-1.0,-4.34634502844898));
#4059=CARTESIAN_POINT('',(1.22633684191278,1.4,-4.34634502844898));
#4060=VECTOR('',#4709,1000.0);
#4061=AXIS2_PLACEMENT_3D('',#4710,#4711,#4712);
#4062=AXIS2_PLACEMENT_3D('',#4713,#4714,#4715);
#4063=COLOUR_RGB('',0.792156875133514,0.819607853889465,0.933333337306976);
#4064=CARTESIAN_POINT('',(0.9985090137491,-1.0,-4.33602521219526));
#4065=VECTOR('',#4716,1000.0);
#4066=CARTESIAN_POINT('',(0.9985090137491,-0.6,-4.33602521219526));
#4067=CARTESIAN_POINT('',(1.22633684191278,-0.600000000000001,-4.34634502844898));
#4068=VECTOR('',#4717,1000.0);
#4069=CARTESIAN_POINT('',(0.9985090137491,-0.600000000000001,-4.33602521219526));
#4070=VECTOR('',#4718,1000.0);
#4071=COLOUR_RGB('',0.792156875133514,0.819607853889465,0.933333337306976);
#4072=CARTESIAN_POINT('',(0.9985090137491,-0.6,-4.5826945375278));
#4073=VECTOR('',#4719,1000.0);
#4074=COLOUR_RGB('',0.792156875133514,0.819607853889465,0.933333337306976);
#4075=CARTESIAN_POINT('',(0.900616371106122,0.656518343581607,-4.48208278945537));
#4076=CARTESIAN_POINT('',(0.900616371106122,0.656518343581607,-4.33159101250679));
#4077=CARTESIAN_POINT('',(0.900616371106122,0.656518343581607,-4.32499999999932));
#4078=VECTOR('',#4720,1000.0);
#4079=CARTESIAN_POINT('',(0.857850393437183,0.705101323384796,-4.32965386095243));
#4081=CARTESIAN_POINT('',(0.900616371106122,0.656518343581607,-4.33159101250679));
#4082=CARTESIAN_POINT('',(0.881254745894186,0.667696783109666,-4.33071399754259));
#4083=CARTESIAN_POINT('',(0.866482646116896,0.684478174866601,-4.33004487227983));
#4084=CARTESIAN_POINT('',(0.857850393437183,0.705101323384796,-4.32965386095243));
#4091=CARTESIAN_POINT('',(0.850000000000365,0.744188470031538,-4.47944829116572));
#4093=CARTESIAN_POINT('',(0.857850393437183,0.705101323384796,-4.32965386095243));
#4094=CARTESIAN_POINT('',(0.85265140510776,0.717522126208842,-4.42885646789936));
#4095=CARTESIAN_POINT('',(0.850000000000364,0.730723484979809,-4.47944829116572));
#4096=CARTESIAN_POINT('',(0.850000000000365,0.744188470031538,-4.47944829116572));
#4104=CARTESIAN_POINT('',(0.850000000000365,0.744188470031538,-4.47944829116572));
#4105=CARTESIAN_POINT('',(0.850000000000365,0.707134714687363,-4.47944829116572));
#4106=CARTESIAN_POINT('',(0.868526877672452,0.675045221253694,-4.48041258446596));
#4107=CARTESIAN_POINT('',(0.900616371106122,0.656518343581607,-4.48208278945537));
#4114=COLOUR_RGB('',0.792156875133514,0.819607853889465,0.933333337306976);
#4115=CARTESIAN_POINT('',(0.857850393437183,0.894898676615203,-4.32965386095243));
#4116=CARTESIAN_POINT('',(0.857850393437183,1.4,-4.32965386095243));
#4117=VECTOR('',#4721,1000.0);
#4118=CARTESIAN_POINT('',(0.850000000000365,0.855811529968461,-4.47944829116572));
#4120=CARTESIAN_POINT('',(0.850000000000365,0.855811529968461,-4.47944829116572));
#4121=CARTESIAN_POINT('',(0.850000000000364,0.869276515020191,-4.47944829116572));
#4122=CARTESIAN_POINT('',(0.85265140510776,0.882477873791157,-4.42885646789936));
#4123=CARTESIAN_POINT('',(0.857850393437183,0.894898676615203,-4.32965386095243));
#4130=CARTESIAN_POINT('',(0.850000000000364,1.4,-4.47944829116572));
#4131=VECTOR('',#4722,1000.0);
#4132=COLOUR_RGB('',0.792156875133514,0.819607853889465,0.933333337306976);
#4133=CARTESIAN_POINT('',(0.900616371106122,0.943481656418393,-4.33159101250679));
#4135=CARTESIAN_POINT('',(0.857850393437183,0.894898676615203,-4.32965386095243));
#4136=CARTESIAN_POINT('',(0.866482646116896,0.915521825133398,-4.33004487227983));
#4137=CARTESIAN_POINT('',(0.881254745894186,0.932303216890333,-4.33071399754259));
#4138=CARTESIAN_POINT('',(0.900616371106122,0.943481656418393,-4.33159101250679));
#4145=CARTESIAN_POINT('',(0.900616371106122,0.943481656418393,-4.48208278945537));
#4146=CARTESIAN_POINT('',(0.900616371106122,0.943481656418393,-4.32499999999932));
#4147=VECTOR('',#4723,1000.0);
#4149=CARTESIAN_POINT('',(0.900616371106122,0.943481656418393,-4.48208278945537));
#4150=CARTESIAN_POINT('',(0.868526877672452,0.924954778746305,-4.48041258446596));
#4151=CARTESIAN_POINT('',(0.850000000000365,0.892865285312636,-4.47944829116572));
#4152=CARTESIAN_POINT('',(0.850000000000365,0.855811529968461,-4.47944829116572));
#4159=COLOUR_RGB('',0.792156875133514,0.819607853889465,0.933333337306976);
#4160=CARTESIAN_POINT('',(0.998509013749101,0.599999999999999,-4.48717793938371));
#4161=CARTESIAN_POINT('',(0.900616371106122,0.656518343581607,-4.48208278945537));
#4162=VECTOR('',#4724,1000.0);
#4163=CARTESIAN_POINT('',(0.998509013749101,0.599999999999999,-4.33602521219526));
#4164=CARTESIAN_POINT('',(0.998509013749101,0.6,-3.95030489451588));
#4165=VECTOR('',#4725,1000.0);
#4166=CARTESIAN_POINT('',(0.998509013749101,0.599999999999999,-4.33602521219526));
#4167=VECTOR('',#4726,1000.0);
#4168=COLOUR_RGB('',0.792156875133514,0.819607853889465,0.933333337306976);
#4169=CARTESIAN_POINT('',(-1.30000035884979,1.0,-4.27644096101616));
#4170=CARTESIAN_POINT('',(-1.22633684191278,1.0,-4.34634502844898));
#4171=AXIS2_PLACEMENT_3D('',#4727,#4728,#4729);
#4172=CARTESIAN_POINT('',(-1.30000035884979,0.6,-4.27644096101616));
#4173=CARTESIAN_POINT('',(-1.30000035884979,1.4,-4.27644096101616));
#4174=VECTOR('',#4730,1000.0);
#4175=CARTESIAN_POINT('',(-1.22633684191278,0.6,-4.34634502844898));
#4176=AXIS2_PLACEMENT_3D('',#4731,#4732,#4733);
#4177=CARTESIAN_POINT('',(-1.22633684191278,1.4,-4.34634502844898));
#4178=VECTOR('',#4734,1000.0);
#4179=COLOUR_RGB('',0.792156875133514,0.819607853889465,0.933333337306976);
#4180=CARTESIAN_POINT('',(-0.998509013749099,1.0,-4.33602521219526));
#4181=CARTESIAN_POINT('',(-1.22633684191278,1.0,-4.34634502844898));
#4182=VECTOR('',#4735,1000.0);
#4183=CARTESIAN_POINT('',(-0.998509013749099,0.6,-4.33602521219526));
#4184=VECTOR('',#4736,1000.0);
#4185=CARTESIAN_POINT('',(-0.90061637110612,0.943481656418393,-4.33159101250679));
#4186=VECTOR('',#4737,1000.0);
#4187=COLOUR_RGB('',0.792156875133514,0.819607853889465,0.933333337306976);
#4188=CARTESIAN_POINT('',(-0.9985090137491,1.0,-4.48717793938371));
#4189=CARTESIAN_POINT('',(-0.998509013749099,1.0,-4.56605840188894));
#4190=VECTOR('',#4738,1000.0);
#4191=CARTESIAN_POINT('',(-0.90061637110612,0.943481656418393,-4.48208278945537));
#4192=VECTOR('',#4739,1000.0);
#4193=COLOUR_RGB('',0.792156875133514,0.819607853889465,0.933333337306976);
#4194=CARTESIAN_POINT('',(-1.2407112522729,0.6,-4.49978416478472));
#4195=CARTESIAN_POINT('',(-1.24071125227289,0.6,-4.49978416478472));
#4196=VECTOR('',#4740,1000.0);
#4197=CARTESIAN_POINT('',(-1.24071125227292,1.0,-4.49978416478472));
#4198=CARTESIAN_POINT('',(-1.24071125227292,1.4,-4.49978416478472));
#4199=VECTOR('',#4741,1000.0);
#4200=CARTESIAN_POINT('',(-0.998509013749099,1.0,-4.48717793938371));
#4201=VECTOR('',#4742,1000.0);
#4202=COLOUR_RGB('',0.792156875133514,0.819607853889465,0.933333337306976);
#4203=CARTESIAN_POINT('',(-1.30000035884979,1.0,-3.98034823631283));
#4204=CARTESIAN_POINT('',(-1.30000035884979,1.0,-4.56605840188894));
#4205=VECTOR('',#4743,1000.0);
#4206=CARTESIAN_POINT('',(-1.30000035884979,0.6,-3.98034823631283));
#4207=CARTESIAN_POINT('',(-1.30000035884979,1.4,-3.98034823631283));
#4208=VECTOR('',#4744,1000.0);
#4209=CARTESIAN_POINT('',(-1.30000035884979,0.6,-3.95034859717385));
#4210=VECTOR('',#4745,1000.0);
#4211=COLOUR_RGB('',0.792156875133514,0.819607853889465,0.933333337306976);
#4212=CARTESIAN_POINT('',(-1.21996928021269,-0.999999999999999,-3.95017378654197));
#4213=CARTESIAN_POINT('',(-1.21996928021269,1.4,-3.95017378654197));
#4214=CARTESIAN_POINT('',(-1.21996928021269,1.4,-3.95017378654197));
#4215=VECTOR('',#4746,1000.0);
#4216=CARTESIAN_POINT('',(-1.21016356932727,1.4,-4.20386237092312));
#4217=VECTOR('',#4747,1000.0);
#4218=CARTESIAN_POINT('',(-1.21996928021269,-1.4,-3.95017378654197));
#4219=CARTESIAN_POINT('',(-1.21016356932727,-1.4,-4.20386237092312));
#4220=VECTOR('',#4748,1000.0);
#4221=CARTESIAN_POINT('',(-1.21996928021269,-0.999999999999999,-3.95017378654197));
#4222=VECTOR('',#4749,1000.0);
#4223=COLOUR_RGB('',0.792156875133514,0.819607853889465,0.933333337306976);
#4224=CARTESIAN_POINT('',(-1.27014750344261,1.0,-3.95034859717385));
#4225=AXIS2_PLACEMENT_3D('',#4750,#4751,#4752);
#4226=CARTESIAN_POINT('',(-1.27014750344261,0.6,-3.95034859717385));
#4227=CARTESIAN_POINT('',(-1.27014750344261,1.4,-3.95034859717385));
#4228=VECTOR('',#4753,1000.0);
#4229=AXIS2_PLACEMENT_3D('',#4754,#4755,#4756);
#4230=COLOUR_RGB('',0.792156875133514,0.819607853889465,0.933333337306976);
#4231=CARTESIAN_POINT('',(-1.27014750344261,0.2,-3.95034859717385));
#4232=AXIS2_PLACEMENT_3D('',#4757,#4758,#4759);
#4233=CARTESIAN_POINT('',(-1.27014750344261,-0.2,-3.95034859717395));
#4234=CARTESIAN_POINT('',(-1.27014750344261,1.4,-3.95034859717385));
#4235=VECTOR('',#4760,1000.0);
#4236=AXIS2_PLACEMENT_3D('',#4761,#4762,#4763);
#4237=COLOUR_RGB('',0.792156875133514,0.819607853889465,0.933333337306976);
#4238=CARTESIAN_POINT('',(-1.27014750344261,-0.999999999999999,-3.95026119185791));
#4239=AXIS2_PLACEMENT_3D('',#4764,#4765,#4766);
#4240=CARTESIAN_POINT('',(-1.27014750344261,-0.6,-3.95034859717385));
#4241=AXIS2_PLACEMENT_3D('',#4767,#4768,#4769);
#4242=CARTESIAN_POINT('',(-1.27014750344261,1.4,-3.95034859717385));
#4243=VECTOR('',#4770,1000.0);
#4244=COLOUR_RGB('',0.792156875133514,0.819607853889465,0.933333337306976);
#4245=CARTESIAN_POINT('',(-1.450000905355,-0.6,-4.29999972839203));
#4246=AXIS2_PLACEMENT_3D('',#4771,#4772,#4773);
#4247=CARTESIAN_POINT('',(-1.45000027223811,-0.6,-3.95034859717436));
#4248=CARTESIAN_POINT('',(-1.45000000000036,-0.6,-3.79999999999931));
#4249=VECTOR('',#4774,1000.0);
#4250=CARTESIAN_POINT('',(-1.27014750344261,-0.6,-3.95034859717385));
#4251=VECTOR('',#4775,1000.0);
#4252=COLOUR_RGB('',0.792156875133514,0.819607853889465,0.933333337306976);
#4253=CARTESIAN_POINT('',(-1.45000048327713,-0.2,-3.95034859717449));
#4254=CARTESIAN_POINT('',(-1.45000027223811,1.4,-3.95034859717462));
#4255=VECTOR('',#4776,1000.0);
#4256=CARTESIAN_POINT('',(-1.23654198782634,-0.2,-3.95034859717423));
#4257=VECTOR('',#4777,1000.0);
#4258=CARTESIAN_POINT('',(-1.27014750344261,1.4,-3.95034859717385));
#4259=VECTOR('',#4778,1000.0);
#4260=COLOUR_RGB('',0.792156875133514,0.819607853889465,0.933333337306976);
#4261=CARTESIAN_POINT('',(-1.450000905355,-0.2,-4.29999972839203));
#4262=CARTESIAN_POINT('',(-1.45000000000036,-0.2,-3.79999999999931));
#4263=VECTOR('',#4779,1000.0);
#4264=AXIS2_PLACEMENT_3D('',#4780,#4781,#4782);
#4265=COLOUR_RGB('',0.792156875133514,0.819607853889465,0.933333337306976);
#4266=CARTESIAN_POINT('',(-1.450000905355,0.2,-4.29999972839203));
#4267=AXIS2_PLACEMENT_3D('',#4783,#4784,#4785);
#4268=CARTESIAN_POINT('',(-1.45000090535516,1.4,-4.29999981892779));
#4269=VECTOR('',#4786,1000.0);
#4270=COLOUR_RGB('',0.792156875133514,0.819607853889465,0.933333337306976);
#4271=CARTESIAN_POINT('',(-1.45000027223811,0.2,-3.9503485971741));
#4272=CARTESIAN_POINT('',(-1.45000000000036,0.2,-3.79999999999931));
#4273=VECTOR('',#4787,1000.0);
#4274=CARTESIAN_POINT('',(-1.27014750344261,0.2,-3.95034859717385));
#4275=VECTOR('',#4788,1000.0);
#4276=COLOUR_RGB('',0.792156875133514,0.819607853889465,0.933333337306976);
#4277=CARTESIAN_POINT('',(-1.45000027223811,0.6,-3.9503485971741));
#4278=CARTESIAN_POINT('',(-1.45000027223811,1.4,-3.95034859717423));
#4279=VECTOR('',#4789,1000.0);
#4280=CARTESIAN_POINT('',(-1.27014750344261,0.6,-3.95034859717385));
#4281=VECTOR('',#4790,1000.0);
#4282=CARTESIAN_POINT('',(-1.27014750344261,1.4,-3.95034859717385));
#4283=VECTOR('',#4791,1000.0);
#4284=COLOUR_RGB('',0.792156875133514,0.819607853889465,0.933333337306976);
#4285=CARTESIAN_POINT('',(-1.450000905355,0.6,-4.29999972839203));
#4286=CARTESIAN_POINT('',(-1.45000000000036,0.6,-3.79999999999931));
#4287=VECTOR('',#4792,1000.0);
#4288=AXIS2_PLACEMENT_3D('',#4793,#4794,#4795);
#4289=COLOUR_RGB('',0.792156875133514,0.819607853889465,0.933333337306976);
#4290=CARTESIAN_POINT('',(-1.450000905355,1.0,-4.29999972839203));
#4291=CARTESIAN_POINT('',(-1.45000090535516,1.4,-4.29999981892779));
#4292=VECTOR('',#4796,1000.0);
#4293=AXIS2_PLACEMENT_3D('',#4797,#4798,#4799);
#4294=COLOUR_RGB('',0.792156875133514,0.819607853889465,0.933333337306976);
#4295=CARTESIAN_POINT('',(-1.45000027192158,-1.0,-3.95017378654201));
#4296=CARTESIAN_POINT('',(-1.25957086360693,-0.999999999999999,-3.95017378654197));
#4297=VECTOR('',#4800,1000.0);
#4298=CARTESIAN_POINT('',(-1.450000905355,-1.0,-4.29999972839203));
#4299=CARTESIAN_POINT('',(-1.45000000000036,-1.0,-3.79999999999931));
#4300=VECTOR('',#4801,1000.0);
#4301=AXIS2_PLACEMENT_3D('',#4802,#4803,#4804);
#4302=COLOUR_RGB('',0.792156875133514,0.819607853889465,0.933333337306976);
#4303=CARTESIAN_POINT('',(-1.45000090535516,1.4,-4.29999981892779));
#4304=VECTOR('',#4805,1000.0);
#4305=COLOUR_RGB('',0.792156875133514,0.819607853889465,0.933333337306976);
#4306=AXIS2_PLACEMENT_3D('',#4806,#4807,#4808);
#4307=COLOUR_RGB('',0.792156875133514,0.819607853889465,0.933333337306976);
#4308=CARTESIAN_POINT('',(1.45000035884987,-1.0,-4.29999999999931));
#4309=AXIS2_PLACEMENT_3D('',#4809,#4810,#4811);
#4310=CARTESIAN_POINT('',(1.45000035884987,-0.6,-4.29999999999931));
#4311=AXIS2_PLACEMENT_3D('',#4812,#4813,#4814);
#4312=CARTESIAN_POINT('',(1.45000035884987,1.4,-4.29999999999931));
#4313=VECTOR('',#4815,1000.0);
#4314=COLOUR_RGB('',0.792156875133514,0.819607853889465,0.933333337306976);
#4315=CARTESIAN_POINT('',(1.45000035884987,-1.0,-3.95034859717385));
#4316=CARTESIAN_POINT('',(1.45000035884987,-1.0,-3.99818162829879));
#4317=VECTOR('',#4816,1000.0);
#4318=CARTESIAN_POINT('',(1.27014750344304,-1.0,-3.95034859717385));
#4319=VECTOR('',#4817,1000.0);
#4320=COLOUR_RGB('',0.792156875133514,0.819607853889465,0.933333337306976);
#4321=CARTESIAN_POINT('',(1.2407112522729,0.599999999999999,-4.49978416478472));
#4322=CARTESIAN_POINT('',(1.24071125227292,0.599999999999999,-4.49978416478472));
#4323=VECTOR('',#4818,1000.0);
#4324=CARTESIAN_POINT('',(1.45000035884987,0.599999999999999,-4.29999999999931));
#4325=AXIS2_PLACEMENT_3D('',#4819,#4820,#4821);
#4326=CARTESIAN_POINT('',(1.45000035884987,0.599999999999999,-3.95030489451588));
#4327=CARTESIAN_POINT('',(1.45000035884987,0.599999999999999,-3.99818162829879));
#4328=VECTOR('',#4822,1000.0);
#4329=CARTESIAN_POINT('',(1.25760294763556,0.599999999999999,-3.95030489451588));
#4330=VECTOR('',#4823,1000.0);
#4331=CARTESIAN_POINT('',(1.30000035884979,0.599999999999999,-3.98034823631283));
#4332=AXIS2_PLACEMENT_3D('',#4824,#4825,#4826);
#4333=CARTESIAN_POINT('',(1.30000035884979,0.599999999999999,-4.27644096101616));
#4334=CARTESIAN_POINT('',(1.30000035884979,0.599999999999999,-4.27644096101616));
#4335=VECTOR('',#4827,1000.0);
#4336=CARTESIAN_POINT('',(1.22633684191278,0.599999999999999,-4.34634502844898));
#4337=AXIS2_PLACEMENT_3D('',#4828,#4829,#4830);
#4338=CARTESIAN_POINT('',(0.857850393437183,0.599999999999999,-4.32965386095243));
#4339=VECTOR('',#4831,1000.0);
#4340=COLOUR_RGB('',0.792156875133514,0.819607853889465,0.933333337306976);
#4341=CARTESIAN_POINT('',(1.45000035884987,0.199999999999999,-3.95030489451588));
#4342=CARTESIAN_POINT('',(1.45000035884987,1.4,-3.95030489451588));
#4343=VECTOR('',#4832,1000.0);
#4344=CARTESIAN_POINT('',(1.25760294763556,0.199999999999999,-3.95030489451588));
#4345=VECTOR('',#4833,1000.0);
#4346=COLOUR_RGB('',0.792156875133514,0.819607853889465,0.933333337306976);
#4347=CARTESIAN_POINT('',(1.45000035884987,0.199999999999999,-4.29999999999931));
#4348=CARTESIAN_POINT('',(1.45000035884987,0.199999999999999,-3.99818162829879));
#4349=VECTOR('',#4834,1000.0);
#4350=AXIS2_PLACEMENT_3D('',#4835,#4836,#4837);
#4351=COLOUR_RGB('',0.792156875133514,0.819607853889465,0.933333337306976);
#4352=CARTESIAN_POINT('',(1.45000035884987,-0.200000000000001,-4.29999999999931));
#4353=AXIS2_PLACEMENT_3D('',#4838,#4839,#4840);
#4354=CARTESIAN_POINT('',(1.45000035884987,1.4,-4.29999999999931));
#4355=VECTOR('',#4841,1000.0);
#4356=COLOUR_RGB('',0.792156875133514,0.819607853889465,0.933333337306976);
#4357=CARTESIAN_POINT('',(1.45000035884987,-0.200000000000001,-3.95034859717385));
#4358=CARTESIAN_POINT('',(1.45000035884987,-0.200000000000001,-3.99818162829879));
#4359=VECTOR('',#4842,1000.0);
#4360=CARTESIAN_POINT('',(1.27014750344304,-0.200000000000001,-3.95034859717385));
#4361=VECTOR('',#4843,1000.0);
#4362=COLOUR_RGB('',0.792156875133514,0.819607853889465,0.933333337306976);
#4363=CARTESIAN_POINT('',(1.45000035884987,-0.6,-3.95034859717385));
#4364=CARTESIAN_POINT('',(1.45000035884987,1.4,-3.95034859717385));
#4365=VECTOR('',#4844,1000.0);
#4366=CARTESIAN_POINT('',(1.23371131302519,-0.600000000000001,-3.95034859717385));
#4367=VECTOR('',#4845,1000.0);
#4368=COLOUR_RGB('',0.792156875133514,0.819607853889465,0.933333337306976);
#4369=CARTESIAN_POINT('',(1.45000035884987,-0.6,-3.99818162829879));
#4370=VECTOR('',#4846,1000.0);
#4371=COLOUR_RGB('',0.792156875133514,0.819607853889465,0.933333337306976);
#4372=CARTESIAN_POINT('',(1.45000029156559,-1.4,-3.95034859717385));
#4373=CARTESIAN_POINT('',(1.45000035884987,1.4,-3.95034859717385));
#4374=VECTOR('',#4847,1000.0);
#4375=CARTESIAN_POINT('',(1.27000035884979,-1.4,-3.95034859717385));
#4376=VECTOR('',#4848,1000.0);
#4377=COLOUR_RGB('',0.792156875133514,0.819607853889465,0.933333337306976);
#4378=CARTESIAN_POINT('',(-1.45000027192158,-1.4,-3.95017378654201));
#4379=CARTESIAN_POINT('',(1.27000035884979,-1.4,-3.95017378654197));
#4380=VECTOR('',#4849,1000.0);
#4381=CARTESIAN_POINT('',(-1.45000027192158,1.4,-3.95017378654205));
#4382=VECTOR('',#4850,1000.0);
#4383=CARTESIAN_POINT('',(-1.27014750344261,-0.999999999999999,-3.95026119185791));
#4384=CARTESIAN_POINT('',(-1.25342142903263,-0.999999999999999,-3.95017378654197));
#4385=CARTESIAN_POINT('',(-1.23669535462266,-0.999999999999999,-3.95017378654197));
#4386=CARTESIAN_POINT('',(-1.21996928021269,-0.999999999999999,-3.95017378654197));
#4387=COLOUR_RGB('',0.792156875133514,0.819607853889465,0.933333337306976);
#4388=CARTESIAN_POINT('',(1.45000035884987,1.0,-4.29999999999931));
#4389=CARTESIAN_POINT('',(1.45000035884987,1.4,-4.29999999999931));
#4390=VECTOR('',#4851,1000.0);
#4391=CARTESIAN_POINT('',(1.2407112522729,1.0,-4.49978416478472));
#4392=CARTESIAN_POINT('',(1.2407112522729,1.4,-4.49978416478472));
#4393=VECTOR('',#4852,1000.0);
#4394=AXIS2_PLACEMENT_3D('',#4853,#4854,#4855);
#4395=COLOUR_RGB('',0.792156875133514,0.819607853889465,0.933333337306976);
#4396=CARTESIAN_POINT('',(0.9985090137491,1.0,-4.48717793938371));
#4397=CARTESIAN_POINT('',(0.900616371106122,0.943481656418393,-4.48208278945537));
#4398=VECTOR('',#4856,1000.0);
#4399=CARTESIAN_POINT('',(1.24071125227291,1.0,-4.49978416478472));
#4400=VECTOR('',#4857,1000.0);
#4401=COLOUR_RGB('',0.792156875133514,0.819607853889465,0.933333337306976);
#4402=CARTESIAN_POINT('',(0.9985090137491,1.0,-4.33602521219526));
#4403=CARTESIAN_POINT('',(0.998509013749101,1.0,-3.95026119185791));
#4404=VECTOR('',#4858,1000.0);
#4405=CARTESIAN_POINT('',(0.900616371106122,0.943481656418393,-4.33159101250679));
#4406=VECTOR('',#4859,1000.0);
#4407=COLOUR_RGB('',0.792156875133514,0.819607853889465,0.933333337306976);
#4408=CARTESIAN_POINT('',(1.22633684191278,1.0,-4.34634502844898));
#4409=CARTESIAN_POINT('',(1.22633684191278,1.4,-4.34634502844898));
#4410=VECTOR('',#4860,1000.0);
#4411=CARTESIAN_POINT('',(0.998509013749101,1.0,-4.33602521219526));
#4412=VECTOR('',#4861,1000.0);
#4413=COLOUR_RGB('',0.792156875133514,0.819607853889465,0.933333337306976);
#4414=CARTESIAN_POINT('',(1.30000035884979,1.0,-4.27644096101616));
#4415=CARTESIAN_POINT('',(1.30000035884979,1.4,-4.27644096101616));
#4416=VECTOR('',#4862,1000.0);
#4417=AXIS2_PLACEMENT_3D('',#4863,#4864,#4865);
#4418=COLOUR_RGB('',0.792156875133514,0.819607853889465,0.933333337306976);
#4419=CARTESIAN_POINT('',(1.30000035884979,1.0,-3.98034823631283));
#4420=CARTESIAN_POINT('',(1.30000035884979,1.4,-3.98034823631283));
#4421=VECTOR('',#4866,1000.0);
#4422=CARTESIAN_POINT('',(1.30000035884979,1.0,-3.95026119185791));
#4423=VECTOR('',#4867,1000.0);
#4424=COLOUR_RGB('',0.792156875133514,0.819607853889465,0.933333337306976);
#4425=AXIS2_PLACEMENT_3D('',#4868,#4869,#4870);
#4426=COLOUR_RGB('',0.792156875133514,0.819607853889465,0.933333337306976);
#4427=CARTESIAN_POINT('',(-1.45000037775762,1.0,-3.95034859717398));
#4428=CARTESIAN_POINT('',(-1.45000000000036,1.0,-3.79999999999931));
#4429=VECTOR('',#4871,1000.0);
#4430=CARTESIAN_POINT('',(-1.27014750344261,1.0,-3.95034859717385));
#4431=VECTOR('',#4872,1000.0);
#4432=COLOUR_RGB('',0.792156875133514,0.819607853889465,0.933333337306976);
#4433=CARTESIAN_POINT('',(-1.27014750344058,1.4,-3.95034859717384));
#4434=CARTESIAN_POINT('',(-1.27014750344261,1.0,-3.95034859717385));
#4435=VECTOR('',#4873,1000.0);
#4436=CARTESIAN_POINT('',(-1.27014750344261,1.4,-3.95034859717385));
#4437=VECTOR('',#4874,1000.0);
#4438=COLOUR_RGB('',0.792156875133514,0.819607853889465,0.933333337306976);
#4439=CARTESIAN_POINT('',(-1.45000000000037,-1.4,-3.79999999999931));
#4440=CARTESIAN_POINT('',(-1.45000000000037,-1.4,-3.79999999999931));
#4441=VECTOR('',#4875,1000.0);
#4442=CARTESIAN_POINT('',(-1.45000000000036,1.4,-3.79999999999932));
#4443=CARTESIAN_POINT('',(-1.45000000000036,1.4,-3.79999999999931));
#4444=VECTOR('',#4876,1000.0);
#4445=CARTESIAN_POINT('',(-1.45000027223811,1.4,-3.95034859717398));
#4446=CARTESIAN_POINT('',(-1.45000000000036,1.4,-3.79999999999931));
#4447=VECTOR('',#4877,1000.0);
#4448=CARTESIAN_POINT('',(-1.45000027223811,1.0,-3.95034859717385));
#4449=VECTOR('',#4878,1000.0);
#4450=COLOUR_RGB('',0.792156875133514,0.819607853889465,0.933333337306976);
#4451=AXIS2_PLACEMENT_3D('',#4879,#4880,#4881);
#4452=COLOUR_RGB('',0.792156875133514,0.819607853889465,0.933333337306976);
#4453=CARTESIAN_POINT('',(1.45000035884987,1.0,-3.95026119185791));
#4454=CARTESIAN_POINT('',(1.45000035884987,1.0,-3.95026119185791));
#4455=VECTOR('',#4882,1000.0);
#4456=CARTESIAN_POINT('',(1.45000035884987,1.4,-3.95026119185791));
#4457=CARTESIAN_POINT('',(1.45000035884987,1.4,-3.95026119185791));
#4458=VECTOR('',#4883,1000.0);
#4459=CARTESIAN_POINT('',(1.45000035884987,1.4,-3.80000000468807));
#4460=CARTESIAN_POINT('',(1.45000035884987,1.4,-3.99818162829879));
#4461=VECTOR('',#4884,1000.0);
#4462=CARTESIAN_POINT('',(1.45000022452703,-1.4,-3.80000000468805));
#4463=CARTESIAN_POINT('',(1.45000000098327,1.4,-3.80000001875432));
#4464=VECTOR('',#4885,1000.0);
#4465=CARTESIAN_POINT('',(1.45000017942512,-1.4,-3.98034823631283));
#4466=VECTOR('',#4886,1000.0);
#4467=COLOUR_RGB('',0.792156875133514,0.819607853889465,0.933333337306976);
#4468=CARTESIAN_POINT('',(0.839943663505984,-1.4,-1.7));
#4469=CARTESIAN_POINT('',(-1.33994366350598,-1.4,-1.7));
#4470=CARTESIAN_POINT('',(1.33994366350599,-1.4,-1.7));
#4471=VECTOR('',#4887,1000.0);
#4472=CARTESIAN_POINT('',(-1.33994366350598,-1.4,-1.7));
#4473=VECTOR('',#4888,1000.0);
#4474=CARTESIAN_POINT('',(1.3556659972909,-1.4,-2.0));
#4475=CARTESIAN_POINT('',(1.33994366350598,-1.4,-1.7));
#4476=VECTOR('',#4889,1000.0);
#4477=CARTESIAN_POINT('',(0.839943663505984,-1.4,-2.0));
#4478=CARTESIAN_POINT('',(1.68868237666495,-1.4,-2.0));
#4479=VECTOR('',#4890,1000.0);
#4480=CARTESIAN_POINT('',(0.839943663505984,-1.4,-2.0));
#4481=VECTOR('',#4891,1000.0);
#4482=COLOUR_RGB('',0.792156875133514,0.819607853889465,0.933333337306976);
#4483=CARTESIAN_POINT('',(1.3556659972909,-0.884277666215077,-2.0));
#4484=CARTESIAN_POINT('',(1.3556659972909,1.4,-2.0));
#4485=VECTOR('',#4892,1000.0);
#4486=CARTESIAN_POINT('',(0.505472725238361,-1.73447093826763,-2.0));
#4487=VECTOR('',#4893,1000.0);
#4488=COLOUR_RGB('',0.792156875133514,0.819607853889465,0.933333337306976);
#4489=CARTESIAN_POINT('',(1.33994366350599,-0.899999999999993,-1.7));
#4490=CARTESIAN_POINT('',(1.33994366350599,-0.899999999999993,-1.7));
#4491=VECTOR('',#4894,1000.0);
#4492=CARTESIAN_POINT('',(1.3556659972909,-0.884277666215076,-2.0));
#4493=VECTOR('',#4895,1000.0);
#4494=COLOUR_RGB('',0.792156875133514,0.819607853889465,0.933333337306976);
#4495=CARTESIAN_POINT('',(1.24505839182808,1.0,-3.95026119185791));
#4496=VECTOR('',#4896,1000.0);
#4497=COLOUR_RGB('',0.792156875133514,0.819607853889465,0.933333337306976);
#4498=CARTESIAN_POINT('',(1.27000035884979,1.4,-3.95034859717385));
#4499=VECTOR('',#4897,1000.0);
#4500=COLOUR_RGB('',0.792156875133514,0.819607853889465,0.933333337306976);
#4501=CARTESIAN_POINT('',(-1.33994366350598,1.4,-1.7));
#4502=CARTESIAN_POINT('',(-1.45000027223811,1.4,-3.80000519460493));
#4503=VECTOR('',#4898,1000.0);
#4504=CARTESIAN_POINT('',(-1.33994366350598,1.4,-1.7));
#4505=VECTOR('',#4899,1000.0);
#4506=COLOUR_RGB('',0.792156875133514,0.819607853889465,0.933333337306976);
#4507=CARTESIAN_POINT('',(1.33994366350599,1.4,-1.7));
#4508=CARTESIAN_POINT('',(1.33994366350599,1.4,-1.7));
#4509=VECTOR('',#4900,1000.0);
#4510=CARTESIAN_POINT('',(1.27000035884979,1.4,-1.7));
#4511=VECTOR('',#4901,1000.0);
#4512=COLOUR_RGB('',0.792156875133514,0.819607853889465,0.933333337306976);
#4513=CARTESIAN_POINT('',(1.33994366350599,1.4,-1.7));
#4514=VECTOR('',#4902,1000.0);
#4515=COLOUR_RGB('',0.792156875133514,0.819607853889465,0.933333337306976);
#4516=CARTESIAN_POINT('',(1.27000035884979,1.4,-3.95026119185791));
#4517=VECTOR('',#4903,1000.0);
#4518=COLOUR_RGB('',0.792156875133514,0.819607853889465,0.933333337306976);
#4519=COLOUR_RGB('',0.792156875133514,0.819607853889465,0.933333337306976);
#4520=VERTEX_POINT('NONE',#4904);
#4521=VERTEX_POINT('NONE',#4905);
#4522=CIRCLE('',#4906,0.783866892541561);
#4523=VERTEX_POINT('NONE',#4907);
#4524=CIRCLE('',#4908,0.800000000000002);
#4525=CIRCLE('',#4909,0.800000000000002);
#4526=CIRCLE('',#4910,0.783866892541561);
#4527=VERTEX_POINT('NONE',#4911);
#4528=LINE('',#4912,#4913);
#4529=VERTEX_POINT('NONE',#4914);
#4530=CIRCLE('',#4915,0.999999999999996);
#4531=LINE('',#4916,#4917);
#4532=CIRCLE('',#4918,0.999999999999996);
#4533=CARTESIAN_POINT('',(4.33707974048514E-16,1.220405070404E-16,-1.701));
#4534=DIRECTION('',(0.0,0.0,1.0));
#4535=DIRECTION('',(1.0,0.0,0.0));
#4536=DIRECTION('',(0.0,0.0,1.0));
#4537=CARTESIAN_POINT('',(4.33707974048514E-16,1.220405070404E-16,-1.7));
#4538=DIRECTION('',(0.0,0.0,1.0));
#4539=DIRECTION('',(1.0,0.0,0.0));
#4540=DIRECTION('',(0.0,0.0,1.0));
#4541=CARTESIAN_POINT('',(4.33707974048514E-16,1.220405070404E-16,-4.09999999999932));
#4542=DIRECTION('',(0.0,0.0,-1.0));
#4543=DIRECTION('',(-1.0,0.0,0.0));
#4544=DIRECTION('',(0.0,0.0,-1.0));
#4545=CARTESIAN_POINT('',(4.33707974048514E-16,1.220405070404E-16,-4.39999999999932));
#4546=DIRECTION('',(0.0,0.0,-1.0));
#4547=DIRECTION('',(-1.0,0.0,0.0));
#4548=DIRECTION('',(0.0,0.0,-1.0));
#4549=DIRECTION('',(3.43268176840682E-21,1.0,9.8532835331688E-19));
#4550=DIRECTION('',(3.43268176840682E-21,1.0,9.8532835331688E-19));
#4551=DIRECTION('',(3.43268176840682E-21,1.0,9.8532835331688E-19));
#4552=DIRECTION('',(0.999993931642223,0.0,-0.00348377363354099));
#4553=DIRECTION('',(2.82413418139344E-16,1.0,-1.0915998980375E-17));
#4554=DIRECTION('',(-0.999993931642223,0.0,0.00348377363354099));
#4555=DIRECTION('',(3.43268176840682E-21,1.0,9.8532835331688E-19));
#4556=DIRECTION('',(3.43268176840682E-21,1.0,9.8532835331688E-19));
#4557=DIRECTION('',(3.43268176840682E-21,1.0,9.8532835331688E-19));
#4558=DIRECTION('',(3.43268176840682E-21,1.0,9.8532835331688E-19));
#4559=DIRECTION('',(-0.0386237092391179,-0.0,-0.999253826154602));
#4560=DIRECTION('',(0.0386237092391179,0.0,0.999253826154602));
#4561=DIRECTION('',(-2.82835349344046E-16,-1.0,0.0));
#4562=CARTESIAN_POINT('',(1.11023818671223,-1.4,-4.19999999999932));
#4563=DIRECTION('',(-0.0,1.0,0.0));
#4564=DIRECTION('',(1.0,0.0,0.0));
#4565=DIRECTION('',(0.0,1.0,0.0));
#4566=CARTESIAN_POINT('',(1.11023818671223,1.4,-4.19999999999932));
#4567=DIRECTION('',(0.0,-1.0,0.0));
#4568=DIRECTION('',(1.0,0.0,0.0));
#4569=DIRECTION('',(-1.0,0.0,0.0));
#4570=DIRECTION('',(1.0,0.0,0.0));
#4571=DIRECTION('',(2.4974989984142E-16,1.0,-9.09015274871054E-17));
#4572=CARTESIAN_POINT('',(4.33707974048514E-16,1.220405070404E-16,-4.09999999999932));
#4573=DIRECTION('',(0.0,0.0,-1.0));
#4574=DIRECTION('',(-1.0,0.0,0.0));
#4575=DIRECTION('',(-0.342020136461132,-0.0,-0.939692623284395));
#4576=DIRECTION('',(0.342020136461132,0.0,0.939692623284395));
#4577=DIRECTION('',(0.0,1.0,0.0));
#4578=CARTESIAN_POINT('',(4.33707974048514E-16,1.220405070404E-16,-4.39999999999932));
#4579=DIRECTION('',(0.0,0.0,-1.0));
#4580=DIRECTION('',(-1.0,0.0,0.0));
#4581=DIRECTION('',(2.4974989984142E-16,1.0,9.09015274871055E-17));
#4582=DIRECTION('',(-1.0,0.0,0.0));
#4583=DIRECTION('',(1.0,0.0,0.0));
#4584=DIRECTION('',(0.0,1.0,0.0));
#4585=DIRECTION('',(-0.342020136461132,0.0,0.939692623284395));
#4586=DIRECTION('',(0.342020136461132,0.0,-0.939692623284395));
#4587=DIRECTION('',(-1.0,0.0,0.0));
#4588=DIRECTION('',(1.0,0.0,0.0));
#4589=DIRECTION('',(-2.82835349344046E-16,-1.0,0.0));
#4590=DIRECTION('',(-0.0,-0.0,-1.0));
#4591=DIRECTION('',(-5.79127134073933E-19,-1.0,1.27852351188E-17));
#4592=DIRECTION('',(7.64139398489617E-19,1.0,-1.46813393360087E-17));
#4593=DIRECTION('',(0.0,0.0,1.0));
#4594=DIRECTION('',(-0.0,-0.0,-1.0));
#4595=DIRECTION('',(-5.79127134073933E-19,-1.0,1.27852351188E-17));
#4596=DIRECTION('',(7.64139398489617E-19,1.0,-1.46813393360087E-17));
#4597=DIRECTION('',(0.0,0.0,1.0));
#4598=DIRECTION('',(0.0,0.0,-1.0));
#4599=DIRECTION('',(5.79127134073933E-19,1.0,1.27852351188E-17));
#4600=DIRECTION('',(-7.64139398489617E-19,-1.0,-1.46813393360087E-17));
#4601=DIRECTION('',(0.0,0.0,1.0));
#4602=DIRECTION('',(0.0,0.0,1.0));
#4603=DIRECTION('',(5.79127134073933E-19,1.0,1.27852351188E-17));
#4604=DIRECTION('',(-7.64139398489617E-19,-1.0,-1.46813393360087E-17));
#4605=DIRECTION('',(0.0,0.0,-1.0));
#4606=DIRECTION('',(-0.0,-0.0,-1.0));
#4607=DIRECTION('',(-5.79127134073933E-19,-1.0,1.27852351188E-17));
#4608=DIRECTION('',(7.64139398489617E-19,1.0,-1.46813393360087E-17));
#4609=DIRECTION('',(0.0,0.0,1.0));
#4610=CARTESIAN_POINT('',(-1.1102381867118,-1.4,-4.19999999999932));
#4611=DIRECTION('',(-0.0,1.0,0.0));
#4612=DIRECTION('',(1.0,0.0,0.0));
#4613=DIRECTION('',(2.82413418139344E-16,1.0,1.0915998980375E-17));
#4614=CARTESIAN_POINT('',(-1.1102381867118,1.4,-4.19999999999932));
#4615=DIRECTION('',(0.0,-1.0,0.0));
#4616=DIRECTION('',(1.0,0.0,0.0));
#4617=DIRECTION('',(0.0,0.0,-1.0));
#4618=DIRECTION('',(0.865359837350352,-0.49961573504011,0.0391978213846448));
#4619=DIRECTION('',(-0.865146958825512,0.499492829566493,-0.0450294664261689));
#4620=DIRECTION('',(-0.865359837350353,-0.499615735040109,-0.0391978213846446));
#4621=DIRECTION('',(0.0,0.0,-1.0));
#4622=DIRECTION('',(0.865146958825515,0.499492829566489,0.0450294664261687));
#4623=DIRECTION('',(-0.998975686930313,3.56549379445838E-16,-0.0452501593600534));
#4624=DIRECTION('',(-2.82835349344046E-16,-1.0,0.0));
#4625=DIRECTION('',(0.998975686930313,-2.37699586297226E-16,0.0452501593600536));
#4626=DIRECTION('',(-0.865359837350352,0.49961573504011,-0.0391978213846448));
#4627=CARTESIAN_POINT('',(-1.23000035884979,0.2,-4.27644096101616));
#4628=DIRECTION('',(3.87215061601967E-16,1.0,0.0));
#4629=DIRECTION('',(1.0,-3.87215061601967E-16,0.0));
#4630=DIRECTION('',(-2.82835349344046E-16,-1.0,0.0));
#4631=CARTESIAN_POINT('',(-1.23000035884979,-0.2,-4.27644096101616));
#4632=DIRECTION('',(-3.87215061601967E-16,-1.0,0.0));
#4633=DIRECTION('',(1.0,-3.87215061601967E-16,0.0));
#4634=DIRECTION('',(0.0,0.0,1.0));
#4635=DIRECTION('',(-2.82835349344046E-16,-1.0,0.0));
#4636=DIRECTION('',(0.0,0.0,-1.0));
#4637=DIRECTION('',(-0.99864823081765,2.23519111136342E-16,-0.0519779865402422));
#4638=DIRECTION('',(-2.82835349344046E-16,-1.0,0.0));
#4639=DIRECTION('',(0.99864823081765,-3.35278666704537E-16,0.0519779865402423));
#4640=DIRECTION('',(0.865146958825514,-0.49949282956649,0.045029466426169));
#4641=DIRECTION('',(0.0,0.0,1.0));
#4642=DIRECTION('',(-0.865359837350352,-0.49961573504011,-0.0391978213846447));
#4643=DIRECTION('',(0.0,0.0,1.0));
#4644=DIRECTION('',(0.865146958825515,0.499492829566489,0.0450294664261688));
#4645=DIRECTION('',(0.0,0.0,-1.0));
#4646=DIRECTION('',(2.82835349344046E-16,1.0,0.0));
#4647=DIRECTION('',(0.0,0.0,-1.0));
#4648=DIRECTION('',(-2.82835349344046E-16,-1.0,0.0));
#4649=CARTESIAN_POINT('',(-1.23000035884979,-1.0,-4.27644096101616));
#4650=DIRECTION('',(0.0,-1.0,0.0));
#4651=DIRECTION('',(1.0,0.0,0.0));
#4652=DIRECTION('',(5.79127134073933E-19,1.0,-1.27852351188E-17));
#4653=CARTESIAN_POINT('',(-1.23000035884979,-0.6,-4.27644096101616));
#4654=DIRECTION('',(0.0,-1.0,0.0));
#4655=DIRECTION('',(1.0,0.0,0.0));
#4656=DIRECTION('',(0.998975686930313,-4.7539917259445E-16,0.0452501593600534));
#4657=DIRECTION('',(0.998975686930313,0.0,0.0452501593600534));
#4658=DIRECTION('',(0.865359837350353,0.499615735040109,0.0391978213846449));
#4659=DIRECTION('',(0.0,0.0,-1.0));
#4660=DIRECTION('',(0.865146958825514,0.49949282956649,0.045029466426169));
#4661=DIRECTION('',(-0.99864823081765,0.0,-0.0519779865402421));
#4662=DIRECTION('',(-2.82835349344046E-16,-1.0,0.0));
#4663=DIRECTION('',(-0.99864823081765,4.4703822227265E-16,-0.0519779865402418));
#4664=DIRECTION('',(0.865146958825517,-0.499492829566485,-0.0450294664261768));
#4665=DIRECTION('',(0.0,0.0,1.0));
#4666=DIRECTION('',(-0.865359837350353,0.499615735040108,0.0391978213846449));
#4667=DIRECTION('',(0.0,0.0,1.0));
#4668=DIRECTION('',(-0.865146958825514,-0.49949282956649,0.0450294664261766));
#4669=DIRECTION('',(0.865359837350352,0.49961573504011,-0.0391978213846448));
#4670=CARTESIAN_POINT('',(1.23000035884979,0.199999999999999,-4.27644096101616));
#4671=DIRECTION('',(-3.87215061601967E-16,-1.0,0.0));
#4672=DIRECTION('',(1.0,-3.87215061601967E-16,0.0));
#4673=DIRECTION('',(-5.79127134073933E-19,-1.0,-1.27852351188E-17));
#4674=CARTESIAN_POINT('',(1.23000035884979,-0.200000000000001,-4.27644096101616));
#4675=DIRECTION('',(3.87215061601967E-16,1.0,0.0));
#4676=DIRECTION('',(1.0,-3.87215061601967E-16,0.0));
#4677=DIRECTION('',(2.82835349344046E-16,1.0,0.0));
#4678=DIRECTION('',(-0.998975686930312,2.37699586297226E-16,0.0452501593600535));
#4679=DIRECTION('',(0.998975686930312,-3.56549379445838E-16,-0.0452501593600535));
#4680=DIRECTION('',(0.865359837350352,-0.49961573504011,-0.0391978213846448));
#4681=DIRECTION('',(0.865146958825513,-0.499492829566491,-0.0450294664261765));
#4682=DIRECTION('',(-0.0,-0.0,-1.0));
#4683=DIRECTION('',(-0.99864823081765,3.35278666704475E-16,0.0519779865402399));
#4684=DIRECTION('',(2.82835349344046E-16,1.0,0.0));
#4685=DIRECTION('',(0.99864823081765,-2.23519111136316E-16,-0.0519779865402399));
#4686=CARTESIAN_POINT('',(1.27000035884979,0.199999999999999,-3.98034823631283));
#4687=DIRECTION('',(0.0,-1.0,0.0));
#4688=DIRECTION('',(1.0,0.0,0.0));
#4689=DIRECTION('',(-2.82835349344046E-16,-1.0,-0.0));
#4690=CARTESIAN_POINT('',(1.27000035884979,-0.200000000000001,-3.98034823631283));
#4691=DIRECTION('',(-0.0,1.0,0.0));
#4692=DIRECTION('',(1.0,0.0,0.0));
#4693=DIRECTION('',(0.0,0.0,1.0));
#4694=DIRECTION('',(-0.0,-0.0,-1.0));
#4695=DIRECTION('',(0.865146958825515,0.499492829566489,-0.0450294664261689));
#4696=DIRECTION('',(0.99864823081765,-4.47038222272659E-16,-0.0519779865402393));
#4697=DIRECTION('',(2.82835349344046E-16,1.0,0.0));
#4698=DIRECTION('',(-0.99864823081765,0.0,0.0519779865402386));
#4699=DIRECTION('',(-2.82835349344046E-16,-1.0,-0.0));
#4700=CARTESIAN_POINT('',(1.27000035884979,-1.0,-3.98034823631283));
#4701=DIRECTION('',(0.0,-1.0,0.0));
#4702=DIRECTION('',(1.0,0.0,0.0));
#4703=CARTESIAN_POINT('',(1.27000035884979,-0.6,-3.98034823631283));
#4704=DIRECTION('',(-0.0,1.0,0.0));
#4705=DIRECTION('',(1.0,0.0,0.0));
#4706=DIRECTION('',(-2.82835349344046E-16,-1.0,0.0));
#4707=DIRECTION('',(0.0,0.0,1.0));
#4708=DIRECTION('',(-0.0,-0.0,-1.0));
#4709=DIRECTION('',(-5.79127134073933E-19,-1.0,-1.27852351188E-17));
#4710=CARTESIAN_POINT('',(1.23000035884979,-1.0,-4.27644096101616));
#4711=DIRECTION('',(0.0,-1.0,0.0));
#4712=DIRECTION('',(1.0,0.0,0.0));
#4713=CARTESIAN_POINT('',(1.23000035884979,-0.6,-4.27644096101616));
#4714=DIRECTION('',(-0.0,1.0,0.0));
#4715=DIRECTION('',(1.0,0.0,0.0));
#4716=DIRECTION('',(0.998975686930312,0.0,-0.0452501593600573));
#4717=DIRECTION('',(-0.998975686930312,4.75399172594451E-16,0.0452501593600535));
#4718=DIRECTION('',(-0.865359837350353,-0.499615735040109,0.0391978213846448));
#4719=DIRECTION('',(-0.0,-0.0,-1.0));
#4720=DIRECTION('',(0.0,0.0,1.0));
#4721=DIRECTION('',(5.79127134073933E-19,1.0,1.27852351188E-17));
#4722=DIRECTION('',(-7.64139398489617E-19,-1.0,-1.46813393360087E-17));
#4723=DIRECTION('',(0.0,0.0,-1.0));
#4724=DIRECTION('',(0.865146958825514,-0.49949282956649,-0.0450294664261763));
#4725=DIRECTION('',(0.0,0.0,1.0));
#4726=DIRECTION('',(-0.865359837350352,0.49961573504011,0.0391978213846445));
#4727=CARTESIAN_POINT('',(-1.23000035884979,1.0,-4.27644096101616));
#4728=DIRECTION('',(0.0,-1.0,0.0));
#4729=DIRECTION('',(1.0,0.0,0.0));
#4730=DIRECTION('',(-2.82835349344046E-16,-1.0,0.0));
#4731=CARTESIAN_POINT('',(-1.23000035884979,0.6,-4.27644096101616));
#4732=DIRECTION('',(-0.0,1.0,0.0));
#4733=DIRECTION('',(1.0,0.0,0.0));
#4734=DIRECTION('',(5.79127134073933E-19,1.0,-1.27852351188E-17));
#4735=DIRECTION('',(0.998975686930312,0.0,0.0452501593600535));
#4736=DIRECTION('',(-0.998975686930312,4.75399172594451E-16,-0.0452501593600535));
#4737=DIRECTION('',(-0.865359837350352,0.499615735040111,-0.0391978213846447));
#4738=DIRECTION('',(0.0,0.0,-1.0));
#4739=DIRECTION('',(-0.865146958825514,0.49949282956649,-0.0450294664261688));
#4740=DIRECTION('',(0.99864823081765,-4.47038222272649E-16,0.0519779865402418));
#4741=DIRECTION('',(-2.82835349344046E-16,-1.0,0.0));
#4742=DIRECTION('',(-0.99864823081765,0.0,-0.0519779865402412));
#4743=DIRECTION('',(0.0,0.0,-1.0));
#4744=DIRECTION('',(-2.82835349344046E-16,-1.0,0.0));
#4745=DIRECTION('',(0.0,0.0,1.0));
#4746=DIRECTION('',(3.43268176840682E-21,1.0,-9.8532835331688E-19));
#4747=DIRECTION('',(-0.0386237092391179,0.0,0.999253826154602));
#4748=DIRECTION('',(0.0386237092391179,0.0,-0.999253826154602));
#4749=DIRECTION('',(0.0,1.0,0.0));
#4750=CARTESIAN_POINT('',(-1.27000035884979,1.0,-3.98034823631283));
#4751=DIRECTION('',(0.0,-1.0,0.0));
#4752=DIRECTION('',(1.0,0.0,0.0));
#4753=DIRECTION('',(-3.43268176840682E-21,-1.0,9.8532835331688E-19));
#4754=CARTESIAN_POINT('',(-1.27000035884979,0.6,-3.98034823631283));
#4755=DIRECTION('',(-0.0,1.0,0.0));
#4756=DIRECTION('',(1.0,0.0,0.0));
#4757=CARTESIAN_POINT('',(-1.27000035884979,0.2,-3.98034823631283));
#4758=DIRECTION('',(-0.0,1.0,0.0));
#4759=DIRECTION('',(1.0,0.0,0.0));
#4760=DIRECTION('',(-3.43268176840682E-21,-1.0,9.8532835331688E-19));
#4761=CARTESIAN_POINT('',(-1.27000035884979,-0.2,-3.98034823631283));
#4762=DIRECTION('',(0.0,-1.0,0.0));
#4763=DIRECTION('',(1.0,0.0,0.0));
#4764=CARTESIAN_POINT('',(-1.27000035884979,-1.0,-3.98034823631283));
#4765=DIRECTION('',(0.0,-1.0,0.0));
#4766=DIRECTION('',(1.0,0.0,0.0));
#4767=CARTESIAN_POINT('',(-1.27000035884979,-0.6,-3.98034823631283));
#4768=DIRECTION('',(0.0,-1.0,0.0));
#4769=DIRECTION('',(1.0,0.0,0.0));
#4770=DIRECTION('',(-3.43268176840682E-21,-1.0,9.8532835331688E-19));
#4771=CARTESIAN_POINT('',(-1.25000035884987,-0.6,-4.29999999999931));
#4772=DIRECTION('',(-5.42101086242753E-16,-1.0,0.0));
#4773=DIRECTION('',(1.0,-5.42101086242753E-16,0.0));
#4774=DIRECTION('',(1.81071024533058E-06,0.0,0.999999999998361));
#4775=DIRECTION('',(1.0,0.0,0.0));
#4776=DIRECTION('',(2.82835349343118E-16,1.0,-5.12132864798077E-22));
#4777=DIRECTION('',(1.0,-2.82835349344046E-16,0.0));
#4778=DIRECTION('',(-3.43268176840682E-21,-1.0,9.8532835331688E-19));
#4779=DIRECTION('',(-1.81071024533058E-06,0.0,-0.999999999998361));
#4780=CARTESIAN_POINT('',(-1.25000035884987,-0.2,-4.29999999999931));
#4781=DIRECTION('',(2.71050543121377E-16,1.0,0.0));
#4782=DIRECTION('',(1.0,-2.71050543121377E-16,0.0));
#4783=CARTESIAN_POINT('',(-1.25000035884987,0.2,-4.29999999999931));
#4784=DIRECTION('',(-2.71050543121377E-16,-1.0,0.0));
#4785=DIRECTION('',(1.0,-2.71050543121377E-16,0.0));
#4786=DIRECTION('',(2.82835349343118E-16,1.0,-5.12132864798077E-22));
#4787=DIRECTION('',(1.81071024533058E-06,0.0,0.999999999998361));
#4788=DIRECTION('',(1.0,0.0,0.0));
#4789=DIRECTION('',(2.82835349343118E-16,1.0,-5.12132864798077E-22));
#4790=DIRECTION('',(-1.0,2.82835349344046E-16,0.0));
#4791=DIRECTION('',(-3.43268176840682E-21,-1.0,9.8532835331688E-19));
#4792=DIRECTION('',(-1.81071024533058E-06,0.0,-0.999999999998361));
#4793=CARTESIAN_POINT('',(-1.25000035884987,0.6,-4.29999999999931));
#4794=DIRECTION('',(5.42101086242753E-16,1.0,0.0));
#4795=DIRECTION('',(1.0,-5.42101086242753E-16,0.0));
#4796=DIRECTION('',(2.82835349343118E-16,1.0,-5.12132864798077E-22));
#4797=CARTESIAN_POINT('',(-1.25000035884987,1.0,-4.29999999999931));
#4798=DIRECTION('',(-0.0,1.0,0.0));
#4799=DIRECTION('',(1.0,0.0,0.0));
#4800=DIRECTION('',(-1.0,2.82835349344046E-16,0.0));
#4801=DIRECTION('',(-1.81071024533058E-06,0.0,-0.999999999998361));
#4802=CARTESIAN_POINT('',(-1.25000035884987,-1.0,-4.29999999999931));
#4803=DIRECTION('',(5.3195416858684E-45,1.0,-1.22660280085805E-30));
#4804=DIRECTION('',(1.0,0.0,4.33680868994203E-15));
#4805=DIRECTION('',(2.82835349343118E-16,1.0,-5.12132864798077E-22));
#4806=CARTESIAN_POINT('',(4.33707974048514E-16,1.220405070404E-16,-1.701));
#4807=DIRECTION('',(0.0,0.0,1.0));
#4808=DIRECTION('',(1.0,0.0,0.0));
#4809=CARTESIAN_POINT('',(1.25000035884987,-1.0,-4.29999999999931));
#4810=DIRECTION('',(-0.0,1.0,0.0));
#4811=DIRECTION('',(1.0,0.0,0.0));
#4812=CARTESIAN_POINT('',(1.25000035884987,-0.6,-4.29999999999931));
#4813=DIRECTION('',(-5.42101086242753E-16,-1.0,0.0));
#4814=DIRECTION('',(1.0,-5.42101086242753E-16,0.0));
#4815=DIRECTION('',(-2.82835349344046E-16,-1.0,2.8448300074079E-30));
#4816=DIRECTION('',(1.0058254790307E-14,0.0,1.0));
#4817=DIRECTION('',(-1.0,0.0,0.0));
#4818=DIRECTION('',(0.99864823081765,0.0,-0.0519779865402376));
#4819=CARTESIAN_POINT('',(1.25000035884987,0.599999999999999,-4.29999999999931));
#4820=DIRECTION('',(5.42101086242753E-16,1.0,0.0));
#4821=DIRECTION('',(1.0,-5.42101086242753E-16,0.0));
#4822=DIRECTION('',(1.0058254790307E-14,0.0,1.0));
#4823=DIRECTION('',(-1.0,2.82835349344046E-16,0.0));
#4824=CARTESIAN_POINT('',(1.27000035884979,0.599999999999999,-3.98034823631283));
#4825=DIRECTION('',(-0.0,1.0,0.0));
#4826=DIRECTION('',(1.0,0.0,0.0));
#4827=DIRECTION('',(0.0,0.0,-1.0));
#4828=CARTESIAN_POINT('',(1.23000035884979,0.599999999999999,-4.27644096101616));
#4829=DIRECTION('',(-0.0,1.0,0.0));
#4830=DIRECTION('',(1.0,0.0,0.0));
#4831=DIRECTION('',(-0.998975686930312,0.0,0.0452501593600566));
#4832=DIRECTION('',(-2.82835349344046E-16,-1.0,2.8448300074079E-30));
#4833=DIRECTION('',(1.0,-2.82835349344046E-16,0.0));
#4834=DIRECTION('',(-1.0058254790307E-14,-0.0,-1.0));
#4835=CARTESIAN_POINT('',(1.25000035884987,0.199999999999999,-4.29999999999931));
#4836=DIRECTION('',(-2.71050543121377E-16,-1.0,0.0));
#4837=DIRECTION('',(1.0,-2.71050543121377E-16,0.0));
#4838=CARTESIAN_POINT('',(1.25000035884987,-0.200000000000001,-4.29999999999931));
#4839=DIRECTION('',(-2.71050543121377E-16,-1.0,0.0));
#4840=DIRECTION('',(1.0,-2.71050543121377E-16,0.0));
#4841=DIRECTION('',(-2.82835349344046E-16,-1.0,2.8448300074079E-30));
#4842=DIRECTION('',(1.0058254790307E-14,0.0,1.0));
#4843=DIRECTION('',(-1.0,0.0,0.0));
#4844=DIRECTION('',(-2.82835349344046E-16,-1.0,2.8448300074079E-30));
#4845=DIRECTION('',(-1.0,2.82835349344046E-16,0.0));
#4846=DIRECTION('',(-1.0058254790307E-14,-0.0,-1.0));
#4847=DIRECTION('',(-2.82835349344046E-16,-1.0,2.8448300074079E-30));
#4848=DIRECTION('',(-1.0,2.82835349344046E-16,0.0));
#4849=DIRECTION('',(-1.0,2.82835349344046E-16,0.0));
#4850=DIRECTION('',(2.82835349343118E-16,1.0,-5.12132864798077E-22));
#4851=DIRECTION('',(-2.82835349344046E-16,-1.0,2.8448300074079E-30));
#4852=DIRECTION('',(7.64139398489617E-19,1.0,1.46813393360087E-17));
#4853=CARTESIAN_POINT('',(1.25000035884987,1.0,-4.29999999999931));
#4854=DIRECTION('',(-0.0,1.0,0.0));
#4855=DIRECTION('',(1.0,0.0,0.0));
#4856=DIRECTION('',(0.865146958825514,0.49949282956649,-0.0450294664261688));
#4857=DIRECTION('',(-0.99864823081765,0.0,0.0519779865402406));
#4858=DIRECTION('',(0.0,0.0,1.0));
#4859=DIRECTION('',(0.865359837350352,0.49961573504011,-0.0391978213846447));
#4860=DIRECTION('',(2.82835349344046E-16,1.0,0.0));
#4861=DIRECTION('',(0.998975686930313,0.0,-0.0452501593600536));
#4862=DIRECTION('',(2.82835349344046E-16,1.0,0.0));
#4863=CARTESIAN_POINT('',(1.23000035884979,1.0,-4.27644096101616));
#4864=DIRECTION('',(0.0,-1.0,0.0));
#4865=DIRECTION('',(1.0,0.0,0.0));
#4866=DIRECTION('',(2.82835349344046E-16,1.0,0.0));
#4867=DIRECTION('',(0.0,0.0,1.0));
#4868=CARTESIAN_POINT('',(1.27000035884979,1.0,-3.98034823631283));
#4869=DIRECTION('',(0.0,-1.0,0.0));
#4870=DIRECTION('',(1.0,0.0,0.0));
#4871=DIRECTION('',(1.81071024533058E-06,0.0,0.999999999998361));
#4872=DIRECTION('',(1.0,0.0,0.0));
#4873=DIRECTION('',(0.0,1.0,0.0));
#4874=DIRECTION('',(-0.999993931642223,-0.0,-0.00348377363354099));
#4875=DIRECTION('',(1.81071024533058E-06,0.0,0.999999999998361));
#4876=DIRECTION('',(2.82060648525416E-16,1.0,-1.47821722123556E-17));
#4877=DIRECTION('',(1.81071024533058E-06,0.0,0.999999999998361));
#4878=DIRECTION('',(0.0,-1.0,0.0));
#4879=CARTESIAN_POINT('',(4.33707974048514E-16,1.220405070404E-16,-1.7));
#4880=DIRECTION('',(0.0,0.0,1.0));
#4881=DIRECTION('',(1.0,0.0,0.0));
#4882=DIRECTION('',(0.0,0.0,-1.0));
#4883=DIRECTION('',(-2.82835349344046E-16,-1.0,2.8448300074079E-30));
#4884=DIRECTION('',(-1.0058254790307E-14,-0.0,-1.0));
#4885=DIRECTION('',(-2.82060648525416E-16,-1.0,-1.47821722123556E-17));
#4886=DIRECTION('',(0.0,0.0,-1.0));
#4887=DIRECTION('',(-1.0,0.0,0.0));
#4888=DIRECTION('',(-0.0523359562429584,1.03115839151376E-16,-0.998629534754573));
#4889=DIRECTION('',(-0.0523359562429584,0.0,0.998629534754573));
#4890=DIRECTION('',(-1.0,0.0,0.0));
#4891=DIRECTION('',(0.0,0.0,1.0));
#4892=DIRECTION('',(2.82060648525416E-16,1.0,1.47821722123556E-17));
#4893=DIRECTION('',(-0.707106781186544,-0.707106781186551,0.0));
#4894=DIRECTION('',(-0.707106781186544,-0.707106781186551,0.0));
#4895=DIRECTION('',(-0.0522644276887283,-0.0522644276887305,0.997264688634236));
#4896=DIRECTION('',(1.0,-2.82835349344046E-16,0.0));
#4897=DIRECTION('',(-1.0,2.82835349344046E-16,0.0));
#4898=DIRECTION('',(0.0523359562429581,-1.03115584082427E-16,0.998629534754573));
#4899=DIRECTION('',(0.0,1.0,0.0));
#4900=DIRECTION('',(2.82060648525416E-16,1.0,1.47821722123556E-17));
#4901=DIRECTION('',(1.0,-2.82835349344046E-16,0.0));
#4902=DIRECTION('',(0.0523361264220773,0.0,-0.998629525835849));
#4903=DIRECTION('',(-1.0,2.82835349344046E-16,0.0));
#4904=CARTESIAN_POINT('',(-0.200575601748206,-0.757770897571362,-0.64114789717605));
#4905=CARTESIAN_POINT('',(0.200575601748206,0.757770897571362,-0.64114789717605));
#4906=AXIS2_PLACEMENT_3D('',#4919,#4920,#4921);
#4907=CARTESIAN_POINT('',(-1.25344887508422E-17,-4.73550656637069E-17,-0.00100000000000255));
#4908=AXIS2_PLACEMENT_3D('',#4922,#4923,#4924);
#4909=AXIS2_PLACEMENT_3D('',#4925,#4926,#4927);
#4910=AXIS2_PLACEMENT_3D('',#4928,#4929,#4930);
#4911=CARTESIAN_POINT('',(0.255879669949921,0.966708639925345,-1.701));
#4912=CARTESIAN_POINT('',(0.200575601748206,0.757770897571362,-0.64114789717605));
#4913=VECTOR('',#4931,1000.0);
#4914=CARTESIAN_POINT('',(-0.255879669949921,-0.966708639925345,-1.701));
#4915=AXIS2_PLACEMENT_3D('',#4932,#4933,#4934);
#4916=CARTESIAN_POINT('',(-0.200575601748206,-0.757770897571362,-0.64114789717605));
#4917=VECTOR('',#4935,1000.0);
#4918=AXIS2_PLACEMENT_3D('',#4936,#4937,#4938);
#4919=CARTESIAN_POINT('',(0.0,0.0,-0.64114789717605));
#4920=DIRECTION('',(0.0,-0.0,1.0));
#4921=DIRECTION('',(0.255879669949922,0.966708639925349,0.0));
#4922=CARTESIAN_POINT('',(0.0,0.0,-0.801000000000004));
#4923=DIRECTION('',(0.966708639925349,-0.255879669949923,0.0));
#4924=DIRECTION('',(0.255879669949923,0.966708639925349,0.0));
#4925=CARTESIAN_POINT('',(0.0,0.0,-0.801000000000004));
#4926=DIRECTION('',(-0.966708639925349,0.255879669949923,0.0));
#4927=DIRECTION('',(0.0,0.0,1.0));
#4928=CARTESIAN_POINT('',(0.0,0.0,-0.64114789717605));
#4929=DIRECTION('',(0.0,-0.0,1.0));
#4930=DIRECTION('',(0.255879669949922,0.966708639925349,0.0));
#4931=DIRECTION('',(0.0511286291392421,0.193163011137686,-0.979833615676949));
#4932=CARTESIAN_POINT('',(0.0,0.0,-1.701));
#4933=DIRECTION('',(0.0,-0.0,1.0));
#4934=DIRECTION('',(0.255879669949923,0.966708639925349,0.0));
#4935=DIRECTION('',(-0.0511286291392421,-0.193163011137686,-0.979833615676949));
#4936=CARTESIAN_POINT('',(0.0,0.0,-1.701));
#4937=DIRECTION('',(0.0,-0.0,1.0));
#4938=DIRECTION('',(0.255879669949923,0.966708639925349,0.0));
#4939=PRESENTATION_LAYER_ASSIGNMENT('-1','NONE',(#140,#142,#144,#146,#148,#150,#152,#154,#156,#158,#160,#162,#164,#166,#168,#170,#172,#174,#176,#178,#180,#182,#184,#186,#188,#190,#192,#194,#196,#198,#200,#202,#204,#206,#208,#210,#212,#214,#216,#218,#220,#222,#224,#226,#228,#230,#232,#234,#236,#238,#240,#242,#244,#246,#248,#250,#252,#254,#256,#258,#260,#262,#264,#266,#268,#270,#272,#274,#276,#278,#280,#282,#284,#286,#288,#290,#292,#294,#296,#298,#300,#302,#304,#306,#308,#310,#312,#314,#316,#318,#320,#322,#324,#326,#328,#330,#332,#334,#336,#338,#340,#342,#344,#346,#348,#350,#352,#354,#356,#358,#360,#362,#364,#366));
ENDSEC;
END-ISO-10303-21;
