ISO-10303-21;
HEADER;
FILE_DESCRIPTION(('STEP AP203'),'1');
FILE_NAME('1825057-2.stp','2025-08-14T13:25:32',('TraceParts'),('TraceParts S.A.'),'Spatial InterOp 3D',' ',' ');
FILE_SCHEMA(('CONFIG_CONTROL_DESIGN'));
ENDSEC;
DATA;
#1=DESIGN_CONTEXT('',#27,'design');
#2=APPLICATION_PROTOCOL_DEFINITION('INTERNATIONAL STANDARD','config_control_design',1994,#27);
#3=PRODUCT_CATEGORY_RELATIONSHIP('NONE','NONE',#28,#29);
#4=DATE_AND_TIME(#30,#31);
#5=DATE_TIME_ROLE('creation_date');
#6=DATE_TIME_ROLE('classification_date');
#7=PERSON_AND_ORGANIZATION_ROLE('creator');
#8=PERSON_AND_ORGANIZATION_ROLE('design_supplier');
#9=PERSON_AND_ORGANIZATION_ROLE('classification_officer');
#10=PERSON_AND_ORGANIZATION_ROLE('design_owner');
#11=APPROVAL_PERSON_ORGANIZATION(#32,#33,#34);
#12=APPROVAL_DATE_TIME(#4,#33);
#13=CC_DESIGN_APPROVAL(#33,(#35,#36,#37));
#14=CC_DESIGN_DATE_AND_TIME_ASSIGNMENT(#4,#5,(#37));
#15=CC_DESIGN_DATE_AND_TIME_ASSIGNMENT(#4,#6,(#35));
#16=CC_DESIGN_PERSON_AND_ORGANIZATION_ASSIGNMENT(#32,#10,(#38));
#17=CC_DESIGN_PERSON_AND_ORGANIZATION_ASSIGNMENT(#32,#7,(#37));
#18=CC_DESIGN_PERSON_AND_ORGANIZATION_ASSIGNMENT(#32,#7,(#36));
#19=CC_DESIGN_PERSON_AND_ORGANIZATION_ASSIGNMENT(#32,#8,(#36));
#20=CC_DESIGN_SECURITY_CLASSIFICATION(#35,(#36));
#21=CC_DESIGN_PERSON_AND_ORGANIZATION_ASSIGNMENT(#32,#9,(#35));
#22=SHAPE_DEFINITION_REPRESENTATION(#39,#40);
#23= (GEOMETRIC_REPRESENTATION_CONTEXT(3)GLOBAL_UNCERTAINTY_ASSIGNED_CONTEXT((#43))GLOBAL_UNIT_ASSIGNED_CONTEXT((#45,#46,#47))REPRESENTATION_CONTEXT('NONE','WORKSPACE'));
#27=APPLICATION_CONTEXT('CONFIGURATION CONTROLLED 3D DESIGNS OF MECHANICAL PARTS AND ASSEMBLIES');
#28=PRODUCT_CATEGORY('part','NONE');
#29=PRODUCT_RELATED_PRODUCT_CATEGORY('detail',' ',(#38));
#30=CALENDAR_DATE(2025,14,7);
#31=LOCAL_TIME(15,25,32.0,#49);
#32=PERSON_AND_ORGANIZATION(#50,#51);
#33=APPROVAL(#52,'SOLID MODEL');
#34=APPROVAL_ROLE('APPROVED');
#35=SECURITY_CLASSIFICATION('','',#53);
#36=PRODUCT_DEFINITION_FORMATION_WITH_SPECIFIED_SOURCE(' ','NONE',#38,.NOT_KNOWN.);
#37=PRODUCT_DEFINITION('','NONE',#36,#1);
#38=PRODUCT('1','','PART--DESC',(#54));
#39=PRODUCT_DEFINITION_SHAPE('NONE','NONE',#37);
#40=ADVANCED_BREP_SHAPE_REPRESENTATION('1',(#55,#56),#23);
#43=UNCERTAINTY_MEASURE_WITH_UNIT(LENGTH_MEASURE(1.0E-06),#45,'','');
#45= (CONVERSION_BASED_UNIT('MILLIMETRE',#59)LENGTH_UNIT()NAMED_UNIT(#62));
#46= (NAMED_UNIT(#64)PLANE_ANGLE_UNIT()SI_UNIT($,.RADIAN.));
#47= (NAMED_UNIT(#64)SOLID_ANGLE_UNIT()SI_UNIT($,.STERADIAN.));
#49=COORDINATED_UNIVERSAL_TIME_OFFSET(1,0,.AHEAD.);
#50=PERSON('','UNSPECIFIED',$,$,$,$);
#51=ORGANIZATION('UNSPECIFIED','UNSPECIFIED','UNSPECIFIED');
#52=APPROVAL_STATUS('approved');
#53=SECURITY_CLASSIFICATION_LEVEL('unclassified');
#54=MECHANICAL_CONTEXT('',#27,'mechanical');
#55=MANIFOLD_SOLID_BREP('1',#70);
#56=AXIS2_PLACEMENT_3D('',#71,#72,#73);
#59=LENGTH_MEASURE_WITH_UNIT(LENGTH_MEASURE(1.0),#74);
#62=DIMENSIONAL_EXPONENTS(1.0,0.0,0.0,0.0,0.0,0.0,0.0);
#64=DIMENSIONAL_EXPONENTS(0.0,0.0,0.0,0.0,0.0,0.0,0.0);
#70=CLOSED_SHELL('',(#75,#76,#77,#78,#79,#80,#81,#82,#83,#84,#85,#86,#87,#88,#89,#90,#91,#92,#93,#94,#95,#96,#97,#98,#99,#100,#101,#102,#103,#104,#105,#106,#107,#108,#109,#110,#111,#112,#113,#114,#115,#116,#117,#118,#119,#120,#121,#122,#123,#124,#125,#126,#127,#128,#129,#130,#131,#132,#133,#134,#135,#136,#137,#138,#139,#140,#141,#142,#143,#144,#145,#146,#147,#148,#149,#150,#151,#152,#153,#154,#155,#156,#157,#158,#159,#160,#161,#162,#163,#164,#165,#166,#167,#168,#169,#170,#171,#172,#173,#174,#175,#176,#177,#178,#179,#180,#181,#182,#183,#184,#185,#186,#187,#188,#189,#190,#191,#192,#193,#194,#195,#196,#197,#198,#199,#200,#201,#202,#203,#204,#205,#206,#207,#208,#209,#210,#211,#212,#213,#214,#215,#216,#217,#218,#219,#220,#221,#222,#223,#224,#225,#226,#227,#228,#229,#230,#231,#232,#233,#234,#235,#236,#237,#238,#239,#240,#241,#242,#243,#244,#245,#246));
#71=CARTESIAN_POINT('',(0.0,0.0,0.0));
#72=DIRECTION('',(0.0,0.0,1.0));
#73=DIRECTION('',(1.0,0.0,0.0));
#74= (NAMED_UNIT(#62)LENGTH_UNIT()SI_UNIT(.MILLI.,.METRE.));
#75=ADVANCED_FACE('',(#248),#249,.F.);
#76=ADVANCED_FACE('',(#250,#251,#252,#253,#254,#255,#256),#257,.T.);
#77=ADVANCED_FACE('',(#258),#259,.T.);
#78=ADVANCED_FACE('',(#260),#261,.T.);
#79=ADVANCED_FACE('',(#262),#263,.T.);
#80=ADVANCED_FACE('',(#264),#265,.F.);
#81=ADVANCED_FACE('',(#266),#267,.F.);
#82=ADVANCED_FACE('',(#268),#269,.T.);
#83=ADVANCED_FACE('',(#270),#271,.T.);
#84=ADVANCED_FACE('',(#272),#273,.T.);
#85=ADVANCED_FACE('',(#274),#275,.T.);
#86=ADVANCED_FACE('',(#276),#277,.T.);
#87=ADVANCED_FACE('',(#278),#279,.F.);
#88=ADVANCED_FACE('',(#280),#281,.F.);
#89=ADVANCED_FACE('',(#282),#283,.F.);
#90=ADVANCED_FACE('',(#284),#285,.F.);
#91=ADVANCED_FACE('',(#286),#287,.T.);
#92=ADVANCED_FACE('',(#288),#289,.T.);
#93=ADVANCED_FACE('',(#290),#291,.T.);
#94=ADVANCED_FACE('',(#292),#293,.T.);
#95=ADVANCED_FACE('',(#294),#295,.T.);
#96=ADVANCED_FACE('',(#296),#297,.T.);
#97=ADVANCED_FACE('',(#298),#299,.T.);
#98=ADVANCED_FACE('',(#300),#301,.T.);
#99=ADVANCED_FACE('',(#302),#303,.T.);
#100=ADVANCED_FACE('',(#304),#305,.F.);
#101=ADVANCED_FACE('',(#306),#307,.F.);
#102=ADVANCED_FACE('',(#308),#309,.T.);
#103=ADVANCED_FACE('',(#310),#311,.F.);
#104=ADVANCED_FACE('',(#312),#313,.F.);
#105=ADVANCED_FACE('',(#314),#315,.T.);
#106=ADVANCED_FACE('',(#316),#317,.T.);
#107=ADVANCED_FACE('',(#318),#319,.F.);
#108=ADVANCED_FACE('',(#320),#321,.F.);
#109=ADVANCED_FACE('',(#322),#323,.T.);
#110=ADVANCED_FACE('',(#324),#325,.F.);
#111=ADVANCED_FACE('',(#326),#327,.F.);
#112=ADVANCED_FACE('',(#328),#329,.T.);
#113=ADVANCED_FACE('',(#330),#331,.T.);
#114=ADVANCED_FACE('',(#332),#333,.F.);
#115=ADVANCED_FACE('',(#334),#335,.F.);
#116=ADVANCED_FACE('',(#336),#337,.T.);
#117=ADVANCED_FACE('',(#338),#339,.T.);
#118=ADVANCED_FACE('',(#340),#341,.T.);
#119=ADVANCED_FACE('',(#342),#343,.T.);
#120=ADVANCED_FACE('',(#344),#345,.F.);
#121=ADVANCED_FACE('',(#346),#347,.F.);
#122=ADVANCED_FACE('',(#348),#349,.T.);
#123=ADVANCED_FACE('',(#350),#351,.F.);
#124=ADVANCED_FACE('',(#352),#353,.F.);
#125=ADVANCED_FACE('',(#354),#355,.F.);
#126=ADVANCED_FACE('',(#356),#357,.F.);
#127=ADVANCED_FACE('',(#358),#359,.T.);
#128=ADVANCED_FACE('',(#360),#361,.T.);
#129=ADVANCED_FACE('',(#362),#363,.F.);
#130=ADVANCED_FACE('',(#364),#365,.F.);
#131=ADVANCED_FACE('',(#366),#367,.F.);
#132=ADVANCED_FACE('',(#368),#369,.F.);
#133=ADVANCED_FACE('',(#370),#371,.T.);
#134=ADVANCED_FACE('',(#372),#373,.T.);
#135=ADVANCED_FACE('',(#374),#375,.T.);
#136=ADVANCED_FACE('',(#376),#377,.T.);
#137=ADVANCED_FACE('',(#378),#379,.T.);
#138=ADVANCED_FACE('',(#380),#381,.T.);
#139=ADVANCED_FACE('',(#382),#383,.F.);
#140=ADVANCED_FACE('',(#384),#385,.F.);
#141=ADVANCED_FACE('',(#386),#387,.F.);
#142=ADVANCED_FACE('',(#388),#389,.F.);
#143=ADVANCED_FACE('',(#390),#391,.T.);
#144=ADVANCED_FACE('',(#392),#393,.T.);
#145=ADVANCED_FACE('',(#394),#395,.T.);
#146=ADVANCED_FACE('',(#396),#397,.T.);
#147=ADVANCED_FACE('',(#398),#399,.F.);
#148=ADVANCED_FACE('',(#400),#401,.F.);
#149=ADVANCED_FACE('',(#402),#403,.F.);
#150=ADVANCED_FACE('',(#404),#405,.T.);
#151=ADVANCED_FACE('',(#406),#407,.F.);
#152=ADVANCED_FACE('',(#408),#409,.F.);
#153=ADVANCED_FACE('',(#410),#411,.F.);
#154=ADVANCED_FACE('',(#412),#413,.F.);
#155=ADVANCED_FACE('',(#414),#415,.T.);
#156=ADVANCED_FACE('',(#416),#417,.T.);
#157=ADVANCED_FACE('',(#418),#419,.T.);
#158=ADVANCED_FACE('',(#420),#421,.T.);
#159=ADVANCED_FACE('',(#422),#423,.T.);
#160=ADVANCED_FACE('',(#424),#425,.F.);
#161=ADVANCED_FACE('',(#426),#427,.T.);
#162=ADVANCED_FACE('',(#428),#429,.T.);
#163=ADVANCED_FACE('',(#430),#431,.T.);
#164=ADVANCED_FACE('',(#432),#433,.F.);
#165=ADVANCED_FACE('',(#434),#435,.F.);
#166=ADVANCED_FACE('',(#436),#437,.F.);
#167=ADVANCED_FACE('',(#438),#439,.F.);
#168=ADVANCED_FACE('',(#440),#441,.F.);
#169=ADVANCED_FACE('',(#442),#443,.F.);
#170=ADVANCED_FACE('',(#444),#445,.T.);
#171=ADVANCED_FACE('',(#446),#447,.T.);
#172=ADVANCED_FACE('',(#448),#449,.T.);
#173=ADVANCED_FACE('',(#450),#451,.F.);
#174=ADVANCED_FACE('',(#452),#453,.T.);
#175=ADVANCED_FACE('',(#454),#455,.T.);
#176=ADVANCED_FACE('',(#456),#457,.T.);
#177=ADVANCED_FACE('',(#458),#459,.F.);
#178=ADVANCED_FACE('',(#460),#461,.F.);
#179=ADVANCED_FACE('',(#462),#463,.F.);
#180=ADVANCED_FACE('',(#464),#465,.F.);
#181=ADVANCED_FACE('',(#466),#467,.F.);
#182=ADVANCED_FACE('',(#468),#469,.F.);
#183=ADVANCED_FACE('',(#470),#471,.F.);
#184=ADVANCED_FACE('',(#472),#473,.F.);
#185=ADVANCED_FACE('',(#474),#475,.F.);
#186=ADVANCED_FACE('',(#476),#477,.F.);
#187=ADVANCED_FACE('',(#478),#479,.F.);
#188=ADVANCED_FACE('',(#480),#481,.F.);
#189=ADVANCED_FACE('',(#482),#483,.F.);
#190=ADVANCED_FACE('',(#484),#485,.T.);
#191=ADVANCED_FACE('',(#486,#487),#488,.T.);
#192=ADVANCED_FACE('',(#489),#490,.T.);
#193=ADVANCED_FACE('',(#491),#492,.F.);
#194=ADVANCED_FACE('',(#493),#494,.F.);
#195=ADVANCED_FACE('',(#495),#496,.F.);
#196=ADVANCED_FACE('',(#497),#498,.F.);
#197=ADVANCED_FACE('',(#499),#500,.F.);
#198=ADVANCED_FACE('',(#501),#502,.F.);
#199=ADVANCED_FACE('',(#503),#504,.F.);
#200=ADVANCED_FACE('',(#505),#506,.F.);
#201=ADVANCED_FACE('',(#507),#508,.F.);
#202=ADVANCED_FACE('',(#509),#510,.F.);
#203=ADVANCED_FACE('',(#511),#512,.F.);
#204=ADVANCED_FACE('',(#513),#514,.F.);
#205=ADVANCED_FACE('',(#515),#516,.F.);
#206=ADVANCED_FACE('',(#517),#518,.F.);
#207=ADVANCED_FACE('',(#519),#520,.F.);
#208=ADVANCED_FACE('',(#521),#522,.F.);
#209=ADVANCED_FACE('',(#523),#524,.F.);
#210=ADVANCED_FACE('',(#525),#526,.F.);
#211=ADVANCED_FACE('',(#527),#528,.F.);
#212=ADVANCED_FACE('',(#529),#530,.F.);
#213=ADVANCED_FACE('',(#531),#532,.F.);
#214=ADVANCED_FACE('',(#533),#534,.F.);
#215=ADVANCED_FACE('',(#535),#536,.F.);
#216=ADVANCED_FACE('',(#537),#538,.F.);
#217=ADVANCED_FACE('',(#539),#540,.F.);
#218=ADVANCED_FACE('',(#541),#542,.F.);
#219=ADVANCED_FACE('',(#543),#544,.F.);
#220=ADVANCED_FACE('',(#545),#546,.F.);
#221=ADVANCED_FACE('',(#547),#548,.F.);
#222=ADVANCED_FACE('',(#549),#550,.F.);
#223=ADVANCED_FACE('',(#551),#552,.F.);
#224=ADVANCED_FACE('',(#553),#554,.F.);
#225=ADVANCED_FACE('',(#555),#556,.F.);
#226=ADVANCED_FACE('',(#557),#558,.F.);
#227=ADVANCED_FACE('',(#559),#560,.F.);
#228=ADVANCED_FACE('',(#561),#562,.F.);
#229=ADVANCED_FACE('',(#563),#564,.F.);
#230=ADVANCED_FACE('',(#565),#566,.F.);
#231=ADVANCED_FACE('',(#567),#568,.F.);
#232=ADVANCED_FACE('',(#569),#570,.F.);
#233=ADVANCED_FACE('',(#571),#572,.F.);
#234=ADVANCED_FACE('',(#573),#574,.F.);
#235=ADVANCED_FACE('',(#575),#576,.F.);
#236=ADVANCED_FACE('',(#577),#578,.F.);
#237=ADVANCED_FACE('',(#579),#580,.F.);
#238=ADVANCED_FACE('',(#581),#582,.F.);
#239=ADVANCED_FACE('',(#583),#584,.F.);
#240=ADVANCED_FACE('',(#585),#586,.F.);
#241=ADVANCED_FACE('',(#587),#588,.F.);
#242=ADVANCED_FACE('',(#589),#590,.F.);
#243=ADVANCED_FACE('',(#591),#592,.F.);
#244=ADVANCED_FACE('',(#593),#594,.F.);
#245=ADVANCED_FACE('',(#595),#596,.F.);
#246=ADVANCED_FACE('',(#597),#598,.F.);
#248=FACE_OUTER_BOUND('',#599,.T.);
#249=PLANE('',#600);
#250=FACE_OUTER_BOUND('',#601,.T.);
#251=FACE_BOUND('',#602,.T.);
#252=FACE_BOUND('',#603,.T.);
#253=FACE_BOUND('',#604,.T.);
#254=FACE_BOUND('',#605,.T.);
#255=FACE_BOUND('',#606,.T.);
#256=FACE_BOUND('',#607,.T.);
#257=PLANE('',#608);
#258=FACE_OUTER_BOUND('',#609,.T.);
#259=PLANE('',#610);
#260=FACE_OUTER_BOUND('',#611,.T.);
#261=PLANE('',#612);
#262=FACE_OUTER_BOUND('',#613,.T.);
#263=CYLINDRICAL_SURFACE('',#614,0.3048);
#264=FACE_OUTER_BOUND('',#615,.T.);
#265=PLANE('',#616);
#266=FACE_OUTER_BOUND('',#617,.T.);
#267=PLANE('',#618);
#268=FACE_OUTER_BOUND('',#619,.T.);
#269=PLANE('',#620);
#270=FACE_OUTER_BOUND('',#621,.T.);
#271=PLANE('',#622);
#272=FACE_OUTER_BOUND('',#623,.T.);
#273=PLANE('',#624);
#274=FACE_OUTER_BOUND('',#625,.T.);
#275=PLANE('',#626);
#276=FACE_OUTER_BOUND('',#627,.T.);
#277=PLANE('',#628);
#278=FACE_OUTER_BOUND('',#629,.T.);
#279=PLANE('',#630);
#280=FACE_OUTER_BOUND('',#631,.T.);
#281=PLANE('',#632);
#282=FACE_OUTER_BOUND('',#633,.T.);
#283=PLANE('',#634);
#284=FACE_OUTER_BOUND('',#635,.T.);
#285=PLANE('',#636);
#286=FACE_OUTER_BOUND('',#637,.T.);
#287=PLANE('',#638);
#288=FACE_OUTER_BOUND('',#639,.T.);
#289=CYLINDRICAL_SURFACE('',#640,0.3048);
#290=FACE_OUTER_BOUND('',#641,.T.);
#291=PLANE('',#642);
#292=FACE_OUTER_BOUND('',#643,.T.);
#293=PLANE('',#644);
#294=FACE_OUTER_BOUND('',#645,.T.);
#295=PLANE('',#646);
#296=FACE_OUTER_BOUND('',#647,.T.);
#297=PLANE('',#648);
#298=FACE_OUTER_BOUND('',#649,.T.);
#299=PLANE('',#650);
#300=FACE_OUTER_BOUND('',#651,.T.);
#301=PLANE('',#652);
#302=FACE_OUTER_BOUND('',#653,.T.);
#303=CYLINDRICAL_SURFACE('',#654,0.3048);
#304=FACE_OUTER_BOUND('',#655,.T.);
#305=PLANE('',#656);
#306=FACE_OUTER_BOUND('',#657,.T.);
#307=PLANE('',#658);
#308=FACE_OUTER_BOUND('',#659,.T.);
#309=PLANE('',#660);
#310=FACE_OUTER_BOUND('',#661,.T.);
#311=PLANE('',#662);
#312=FACE_OUTER_BOUND('',#663,.T.);
#313=PLANE('',#664);
#314=FACE_OUTER_BOUND('',#665,.T.);
#315=PLANE('',#666);
#316=FACE_OUTER_BOUND('',#667,.T.);
#317=CYLINDRICAL_SURFACE('',#668,0.3048);
#318=FACE_OUTER_BOUND('',#669,.T.);
#319=PLANE('',#670);
#320=FACE_OUTER_BOUND('',#671,.T.);
#321=PLANE('',#672);
#322=FACE_OUTER_BOUND('',#673,.T.);
#323=PLANE('',#674);
#324=FACE_OUTER_BOUND('',#675,.T.);
#325=PLANE('',#676);
#326=FACE_OUTER_BOUND('',#677,.T.);
#327=PLANE('',#678);
#328=FACE_OUTER_BOUND('',#679,.T.);
#329=PLANE('',#680);
#330=FACE_OUTER_BOUND('',#681,.T.);
#331=PLANE('',#682);
#332=FACE_OUTER_BOUND('',#683,.T.);
#333=PLANE('',#684);
#334=FACE_OUTER_BOUND('',#685,.T.);
#335=PLANE('',#686);
#336=FACE_OUTER_BOUND('',#687,.T.);
#337=PLANE('',#688);
#338=FACE_OUTER_BOUND('',#689,.T.);
#339=PLANE('',#690);
#340=FACE_OUTER_BOUND('',#691,.T.);
#341=PLANE('',#692);
#342=FACE_OUTER_BOUND('',#693,.T.);
#343=CYLINDRICAL_SURFACE('',#694,0.3048);
#344=FACE_OUTER_BOUND('',#695,.T.);
#345=PLANE('',#696);
#346=FACE_OUTER_BOUND('',#697,.T.);
#347=PLANE('',#698);
#348=FACE_OUTER_BOUND('',#699,.T.);
#349=PLANE('',#700);
#350=FACE_OUTER_BOUND('',#701,.T.);
#351=PLANE('',#702);
#352=FACE_OUTER_BOUND('',#703,.T.);
#353=PLANE('',#704);
#354=FACE_OUTER_BOUND('',#705,.T.);
#355=PLANE('',#706);
#356=FACE_OUTER_BOUND('',#707,.T.);
#357=PLANE('',#708);
#358=FACE_OUTER_BOUND('',#709,.T.);
#359=PLANE('',#710);
#360=FACE_OUTER_BOUND('',#711,.T.);
#361=CYLINDRICAL_SURFACE('',#712,0.3048);
#362=FACE_OUTER_BOUND('',#713,.T.);
#363=PLANE('',#714);
#364=FACE_OUTER_BOUND('',#715,.T.);
#365=PLANE('',#716);
#366=FACE_OUTER_BOUND('',#717,.T.);
#367=PLANE('',#718);
#368=FACE_OUTER_BOUND('',#719,.T.);
#369=PLANE('',#720);
#370=FACE_OUTER_BOUND('',#721,.T.);
#371=PLANE('',#722);
#372=FACE_OUTER_BOUND('',#723,.T.);
#373=PLANE('',#724);
#374=FACE_OUTER_BOUND('',#725,.T.);
#375=PLANE('',#726);
#376=FACE_OUTER_BOUND('',#727,.T.);
#377=PLANE('',#728);
#378=FACE_OUTER_BOUND('',#729,.T.);
#379=PLANE('',#730);
#380=FACE_OUTER_BOUND('',#731,.T.);
#381=PLANE('',#732);
#382=FACE_OUTER_BOUND('',#733,.T.);
#383=PLANE('',#734);
#384=FACE_OUTER_BOUND('',#735,.T.);
#385=PLANE('',#736);
#386=FACE_OUTER_BOUND('',#737,.T.);
#387=PLANE('',#738);
#388=FACE_OUTER_BOUND('',#739,.T.);
#389=PLANE('',#740);
#390=FACE_OUTER_BOUND('',#741,.T.);
#391=PLANE('',#742);
#392=FACE_OUTER_BOUND('',#743,.T.);
#393=PLANE('',#744);
#394=FACE_OUTER_BOUND('',#745,.T.);
#395=PLANE('',#746);
#396=FACE_OUTER_BOUND('',#747,.T.);
#397=PLANE('',#748);
#398=FACE_OUTER_BOUND('',#749,.T.);
#399=PLANE('',#750);
#400=FACE_OUTER_BOUND('',#751,.T.);
#401=PLANE('',#752);
#402=FACE_OUTER_BOUND('',#753,.T.);
#403=PLANE('',#754);
#404=FACE_OUTER_BOUND('',#755,.T.);
#405=PLANE('',#756);
#406=FACE_OUTER_BOUND('',#757,.T.);
#407=PLANE('',#758);
#408=FACE_OUTER_BOUND('',#759,.T.);
#409=PLANE('',#760);
#410=FACE_OUTER_BOUND('',#761,.T.);
#411=PLANE('',#762);
#412=FACE_OUTER_BOUND('',#763,.T.);
#413=PLANE('',#764);
#414=FACE_OUTER_BOUND('',#765,.T.);
#415=PLANE('',#766);
#416=FACE_OUTER_BOUND('',#767,.T.);
#417=PLANE('',#768);
#418=FACE_OUTER_BOUND('',#769,.T.);
#419=PLANE('',#770);
#420=FACE_OUTER_BOUND('',#771,.T.);
#421=PLANE('',#772);
#422=FACE_OUTER_BOUND('',#773,.T.);
#423=PLANE('',#774);
#424=FACE_OUTER_BOUND('',#775,.T.);
#425=PLANE('',#776);
#426=FACE_OUTER_BOUND('',#777,.T.);
#427=PLANE('',#778);
#428=FACE_OUTER_BOUND('',#779,.T.);
#429=PLANE('',#780);
#430=FACE_OUTER_BOUND('',#781,.T.);
#431=PLANE('',#782);
#432=FACE_OUTER_BOUND('',#783,.T.);
#433=PLANE('',#784);
#434=FACE_OUTER_BOUND('',#785,.T.);
#435=PLANE('',#786);
#436=FACE_OUTER_BOUND('',#787,.T.);
#437=PLANE('',#788);
#438=FACE_OUTER_BOUND('',#789,.T.);
#439=PLANE('',#790);
#440=FACE_OUTER_BOUND('',#791,.T.);
#441=PLANE('',#792);
#442=FACE_OUTER_BOUND('',#793,.T.);
#443=PLANE('',#794);
#444=FACE_OUTER_BOUND('',#795,.T.);
#445=PLANE('',#796);
#446=FACE_OUTER_BOUND('',#797,.T.);
#447=PLANE('',#798);
#448=FACE_OUTER_BOUND('',#799,.T.);
#449=PLANE('',#800);
#450=FACE_OUTER_BOUND('',#801,.T.);
#451=PLANE('',#802);
#452=FACE_OUTER_BOUND('',#803,.T.);
#453=PLANE('',#804);
#454=FACE_OUTER_BOUND('',#805,.T.);
#455=PLANE('',#806);
#456=FACE_OUTER_BOUND('',#807,.T.);
#457=PLANE('',#808);
#458=FACE_OUTER_BOUND('',#809,.T.);
#459=PLANE('',#810);
#460=FACE_OUTER_BOUND('',#811,.T.);
#461=PLANE('',#812);
#462=FACE_OUTER_BOUND('',#813,.T.);
#463=PLANE('',#814);
#464=FACE_OUTER_BOUND('',#815,.T.);
#465=PLANE('',#816);
#466=FACE_OUTER_BOUND('',#817,.T.);
#467=PLANE('',#818);
#468=FACE_OUTER_BOUND('',#819,.T.);
#469=PLANE('',#820);
#470=FACE_OUTER_BOUND('',#821,.T.);
#471=PLANE('',#822);
#472=FACE_OUTER_BOUND('',#823,.T.);
#473=PLANE('',#824);
#474=FACE_OUTER_BOUND('',#825,.T.);
#475=PLANE('',#826);
#476=FACE_OUTER_BOUND('',#827,.T.);
#477=PLANE('',#828);
#478=FACE_OUTER_BOUND('',#829,.T.);
#479=PLANE('',#830);
#480=FACE_OUTER_BOUND('',#831,.T.);
#481=PLANE('',#832);
#482=FACE_OUTER_BOUND('',#833,.T.);
#483=PLANE('',#834);
#484=FACE_OUTER_BOUND('',#835,.T.);
#485=PLANE('',#836);
#486=FACE_OUTER_BOUND('',#837,.T.);
#487=FACE_BOUND('',#838,.T.);
#488=PLANE('',#839);
#489=FACE_OUTER_BOUND('',#840,.T.);
#490=PLANE('',#841);
#491=FACE_OUTER_BOUND('',#842,.T.);
#492=PLANE('',#843);
#493=FACE_OUTER_BOUND('',#844,.T.);
#494=PLANE('',#845);
#495=FACE_OUTER_BOUND('',#846,.T.);
#496=PLANE('',#847);
#497=FACE_OUTER_BOUND('',#848,.T.);
#498=PLANE('',#849);
#499=FACE_OUTER_BOUND('',#850,.T.);
#500=PLANE('',#851);
#501=FACE_OUTER_BOUND('',#852,.T.);
#502=PLANE('',#853);
#503=FACE_OUTER_BOUND('',#854,.T.);
#504=PLANE('',#855);
#505=FACE_OUTER_BOUND('',#856,.T.);
#506=PLANE('',#857);
#507=FACE_OUTER_BOUND('',#858,.T.);
#508=PLANE('',#859);
#509=FACE_OUTER_BOUND('',#860,.T.);
#510=PLANE('',#861);
#511=FACE_OUTER_BOUND('',#862,.T.);
#512=PLANE('',#863);
#513=FACE_OUTER_BOUND('',#864,.T.);
#514=PLANE('',#865);
#515=FACE_OUTER_BOUND('',#866,.T.);
#516=PLANE('',#867);
#517=FACE_OUTER_BOUND('',#868,.T.);
#518=PLANE('',#869);
#519=FACE_OUTER_BOUND('',#870,.T.);
#520=PLANE('',#871);
#521=FACE_OUTER_BOUND('',#872,.T.);
#522=PLANE('',#873);
#523=FACE_OUTER_BOUND('',#874,.T.);
#524=PLANE('',#875);
#525=FACE_OUTER_BOUND('',#876,.T.);
#526=PLANE('',#877);
#527=FACE_OUTER_BOUND('',#878,.T.);
#528=PLANE('',#879);
#529=FACE_OUTER_BOUND('',#880,.T.);
#530=PLANE('',#881);
#531=FACE_OUTER_BOUND('',#882,.T.);
#532=PLANE('',#883);
#533=FACE_OUTER_BOUND('',#884,.T.);
#534=PLANE('',#885);
#535=FACE_OUTER_BOUND('',#886,.T.);
#536=PLANE('',#887);
#537=FACE_OUTER_BOUND('',#888,.T.);
#538=PLANE('',#889);
#539=FACE_OUTER_BOUND('',#890,.T.);
#540=PLANE('',#891);
#541=FACE_OUTER_BOUND('',#892,.T.);
#542=PLANE('',#893);
#543=FACE_OUTER_BOUND('',#894,.T.);
#544=PLANE('',#895);
#545=FACE_OUTER_BOUND('',#896,.T.);
#546=PLANE('',#897);
#547=FACE_OUTER_BOUND('',#898,.T.);
#548=PLANE('',#899);
#549=FACE_OUTER_BOUND('',#900,.T.);
#550=PLANE('',#901);
#551=FACE_OUTER_BOUND('',#902,.T.);
#552=PLANE('',#903);
#553=FACE_OUTER_BOUND('',#904,.T.);
#554=PLANE('',#905);
#555=FACE_OUTER_BOUND('',#906,.T.);
#556=PLANE('',#907);
#557=FACE_OUTER_BOUND('',#908,.T.);
#558=PLANE('',#909);
#559=FACE_OUTER_BOUND('',#910,.T.);
#560=PLANE('',#911);
#561=FACE_OUTER_BOUND('',#912,.T.);
#562=PLANE('',#913);
#563=FACE_OUTER_BOUND('',#914,.T.);
#564=PLANE('',#915);
#565=FACE_OUTER_BOUND('',#916,.T.);
#566=PLANE('',#917);
#567=FACE_OUTER_BOUND('',#918,.T.);
#568=PLANE('',#919);
#569=FACE_OUTER_BOUND('',#920,.T.);
#570=PLANE('',#921);
#571=FACE_OUTER_BOUND('',#922,.T.);
#572=PLANE('',#923);
#573=FACE_OUTER_BOUND('',#924,.T.);
#574=PLANE('',#925);
#575=FACE_OUTER_BOUND('',#926,.T.);
#576=PLANE('',#927);
#577=FACE_OUTER_BOUND('',#928,.T.);
#578=PLANE('',#929);
#579=FACE_OUTER_BOUND('',#930,.T.);
#580=PLANE('',#931);
#581=FACE_OUTER_BOUND('',#932,.T.);
#582=PLANE('',#933);
#583=FACE_OUTER_BOUND('',#934,.T.);
#584=PLANE('',#935);
#585=FACE_OUTER_BOUND('',#936,.T.);
#586=PLANE('',#937);
#587=FACE_OUTER_BOUND('',#938,.T.);
#588=PLANE('',#939);
#589=FACE_OUTER_BOUND('',#940,.T.);
#590=PLANE('',#941);
#591=FACE_OUTER_BOUND('',#942,.T.);
#592=PLANE('',#943);
#593=FACE_OUTER_BOUND('',#944,.T.);
#594=PLANE('',#945);
#595=FACE_OUTER_BOUND('',#946,.T.);
#596=PLANE('',#947);
#597=FACE_OUTER_BOUND('',#948,.T.);
#598=PLANE('',#949);
#599=EDGE_LOOP('',(#950,#951,#952,#953,#954,#955));
#600=AXIS2_PLACEMENT_3D('',#956,#957,#958);
#601=EDGE_LOOP('',(#959,#960,#961,#962));
#602=EDGE_LOOP('',(#963,#964,#965,#966,#967,#968,#969,#970));
#603=EDGE_LOOP('',(#971,#972,#973,#974,#975,#976,#977,#978));
#604=EDGE_LOOP('',(#979,#980,#981,#982,#983,#984,#985,#986));
#605=EDGE_LOOP('',(#987,#988,#989,#990,#991,#992,#993));
#606=EDGE_LOOP('',(#994,#995,#996,#997,#998,#999,#1000,#1001,#1002,#1003,#1004,#1005,#1006,#1007,#1008,#1009,#1010,#1011,#1012,#1013,#1014,#1015,#1016,#1017));
#607=EDGE_LOOP('',(#1018,#1019,#1020,#1021,#1022,#1023,#1024,#1025,#1026,#1027));
#608=AXIS2_PLACEMENT_3D('',#1028,#1029,#1030);
#609=EDGE_LOOP('',(#1031,#1032,#1033,#1034,#1035,#1036,#1037,#1038,#1039,#1040,#1041,#1042,#1043,#1044,#1045,#1046,#1047,#1048,#1049,#1050));
#610=AXIS2_PLACEMENT_3D('',#1051,#1052,#1053);
#611=EDGE_LOOP('',(#1054,#1055,#1056,#1057,#1058,#1059,#1060,#1061,#1062,#1063));
#612=AXIS2_PLACEMENT_3D('',#1064,#1065,#1066);
#613=EDGE_LOOP('',(#1067,#1068,#1069,#1070));
#614=AXIS2_PLACEMENT_3D('',#1071,#1072,#1073);
#615=EDGE_LOOP('',(#1074,#1075,#1076,#1077,#1078));
#616=AXIS2_PLACEMENT_3D('',#1079,#1080,#1081);
#617=EDGE_LOOP('',(#1082,#1083,#1084,#1085,#1086));
#618=AXIS2_PLACEMENT_3D('',#1087,#1088,#1089);
#619=EDGE_LOOP('',(#1090,#1091,#1092,#1093,#1094,#1095,#1096,#1097));
#620=AXIS2_PLACEMENT_3D('',#1098,#1099,#1100);
#621=EDGE_LOOP('',(#1101,#1102,#1103,#1104,#1105));
#622=AXIS2_PLACEMENT_3D('',#1106,#1107,#1108);
#623=EDGE_LOOP('',(#1109,#1110,#1111,#1112,#1113));
#624=AXIS2_PLACEMENT_3D('',#1114,#1115,#1116);
#625=EDGE_LOOP('',(#1117,#1118,#1119,#1120,#1121,#1122,#1123,#1124,#1125,#1126,#1127,#1128,#1129,#1130,#1131,#1132));
#626=AXIS2_PLACEMENT_3D('',#1133,#1134,#1135);
#627=EDGE_LOOP('',(#1136,#1137,#1138,#1139,#1140,#1141,#1142,#1143));
#628=AXIS2_PLACEMENT_3D('',#1144,#1145,#1146);
#629=EDGE_LOOP('',(#1147,#1148,#1149,#1150));
#630=AXIS2_PLACEMENT_3D('',#1151,#1152,#1153);
#631=EDGE_LOOP('',(#1154,#1155,#1156,#1157));
#632=AXIS2_PLACEMENT_3D('',#1158,#1159,#1160);
#633=EDGE_LOOP('',(#1161,#1162,#1163,#1164));
#634=AXIS2_PLACEMENT_3D('',#1165,#1166,#1167);
#635=EDGE_LOOP('',(#1168,#1169,#1170,#1171));
#636=AXIS2_PLACEMENT_3D('',#1172,#1173,#1174);
#637=EDGE_LOOP('',(#1175,#1176,#1177,#1178,#1179,#1180,#1181,#1182));
#638=AXIS2_PLACEMENT_3D('',#1183,#1184,#1185);
#639=EDGE_LOOP('',(#1186,#1187,#1188,#1189));
#640=AXIS2_PLACEMENT_3D('',#1190,#1191,#1192);
#641=EDGE_LOOP('',(#1193,#1194,#1195,#1196,#1197,#1198,#1199,#1200,#1201,#1202));
#642=AXIS2_PLACEMENT_3D('',#1203,#1204,#1205);
#643=EDGE_LOOP('',(#1206,#1207,#1208,#1209,#1210,#1211,#1212,#1213,#1214,#1215,#1216,#1217,#1218,#1219,#1220,#1221));
#644=AXIS2_PLACEMENT_3D('',#1222,#1223,#1224);
#645=EDGE_LOOP('',(#1225,#1226,#1227,#1228,#1229,#1230));
#646=AXIS2_PLACEMENT_3D('',#1231,#1232,#1233);
#647=EDGE_LOOP('',(#1234,#1235,#1236,#1237));
#648=AXIS2_PLACEMENT_3D('',#1238,#1239,#1240);
#649=EDGE_LOOP('',(#1241,#1242,#1243,#1244,#1245));
#650=AXIS2_PLACEMENT_3D('',#1246,#1247,#1248);
#651=EDGE_LOOP('',(#1249,#1250,#1251,#1252,#1253));
#652=AXIS2_PLACEMENT_3D('',#1254,#1255,#1256);
#653=EDGE_LOOP('',(#1257,#1258,#1259,#1260));
#654=AXIS2_PLACEMENT_3D('',#1261,#1262,#1263);
#655=EDGE_LOOP('',(#1264,#1265,#1266,#1267,#1268));
#656=AXIS2_PLACEMENT_3D('',#1269,#1270,#1271);
#657=EDGE_LOOP('',(#1272,#1273,#1274,#1275,#1276));
#658=AXIS2_PLACEMENT_3D('',#1277,#1278,#1279);
#659=EDGE_LOOP('',(#1280,#1281,#1282,#1283,#1284,#1285,#1286,#1287));
#660=AXIS2_PLACEMENT_3D('',#1288,#1289,#1290);
#661=EDGE_LOOP('',(#1291,#1292,#1293,#1294));
#662=AXIS2_PLACEMENT_3D('',#1295,#1296,#1297);
#663=EDGE_LOOP('',(#1298,#1299,#1300,#1301));
#664=AXIS2_PLACEMENT_3D('',#1302,#1303,#1304);
#665=EDGE_LOOP('',(#1305,#1306,#1307,#1308,#1309,#1310,#1311,#1312));
#666=AXIS2_PLACEMENT_3D('',#1313,#1314,#1315);
#667=EDGE_LOOP('',(#1316,#1317,#1318,#1319));
#668=AXIS2_PLACEMENT_3D('',#1320,#1321,#1322);
#669=EDGE_LOOP('',(#1323,#1324,#1325,#1326));
#670=AXIS2_PLACEMENT_3D('',#1327,#1328,#1329);
#671=EDGE_LOOP('',(#1330,#1331,#1332,#1333));
#672=AXIS2_PLACEMENT_3D('',#1334,#1335,#1336);
#673=EDGE_LOOP('',(#1337,#1338,#1339,#1340,#1341,#1342,#1343,#1344));
#674=AXIS2_PLACEMENT_3D('',#1345,#1346,#1347);
#675=EDGE_LOOP('',(#1348,#1349,#1350,#1351));
#676=AXIS2_PLACEMENT_3D('',#1352,#1353,#1354);
#677=EDGE_LOOP('',(#1355,#1356,#1357,#1358));
#678=AXIS2_PLACEMENT_3D('',#1359,#1360,#1361);
#679=EDGE_LOOP('',(#1362,#1363,#1364,#1365));
#680=AXIS2_PLACEMENT_3D('',#1366,#1367,#1368);
#681=EDGE_LOOP('',(#1369,#1370,#1371,#1372,#1373,#1374,#1375,#1376));
#682=AXIS2_PLACEMENT_3D('',#1377,#1378,#1379);
#683=EDGE_LOOP('',(#1380,#1381,#1382,#1383));
#684=AXIS2_PLACEMENT_3D('',#1384,#1385,#1386);
#685=EDGE_LOOP('',(#1387,#1388,#1389,#1390));
#686=AXIS2_PLACEMENT_3D('',#1391,#1392,#1393);
#687=EDGE_LOOP('',(#1394,#1395,#1396,#1397));
#688=AXIS2_PLACEMENT_3D('',#1398,#1399,#1400);
#689=EDGE_LOOP('',(#1401,#1402,#1403,#1404,#1405));
#690=AXIS2_PLACEMENT_3D('',#1406,#1407,#1408);
#691=EDGE_LOOP('',(#1409,#1410,#1411,#1412,#1413));
#692=AXIS2_PLACEMENT_3D('',#1414,#1415,#1416);
#693=EDGE_LOOP('',(#1417,#1418,#1419,#1420));
#694=AXIS2_PLACEMENT_3D('',#1421,#1422,#1423);
#695=EDGE_LOOP('',(#1424,#1425,#1426,#1427,#1428));
#696=AXIS2_PLACEMENT_3D('',#1429,#1430,#1431);
#697=EDGE_LOOP('',(#1432,#1433,#1434,#1435,#1436));
#698=AXIS2_PLACEMENT_3D('',#1437,#1438,#1439);
#699=EDGE_LOOP('',(#1440,#1441,#1442,#1443,#1444,#1445,#1446,#1447));
#700=AXIS2_PLACEMENT_3D('',#1448,#1449,#1450);
#701=EDGE_LOOP('',(#1451,#1452,#1453,#1454));
#702=AXIS2_PLACEMENT_3D('',#1455,#1456,#1457);
#703=EDGE_LOOP('',(#1458,#1459,#1460,#1461));
#704=AXIS2_PLACEMENT_3D('',#1462,#1463,#1464);
#705=EDGE_LOOP('',(#1465,#1466,#1467,#1468));
#706=AXIS2_PLACEMENT_3D('',#1469,#1470,#1471);
#707=EDGE_LOOP('',(#1472,#1473,#1474,#1475));
#708=AXIS2_PLACEMENT_3D('',#1476,#1477,#1478);
#709=EDGE_LOOP('',(#1479,#1480,#1481,#1482,#1483,#1484,#1485,#1486));
#710=AXIS2_PLACEMENT_3D('',#1487,#1488,#1489);
#711=EDGE_LOOP('',(#1490,#1491,#1492,#1493));
#712=AXIS2_PLACEMENT_3D('',#1494,#1495,#1496);
#713=EDGE_LOOP('',(#1497,#1498,#1499,#1500));
#714=AXIS2_PLACEMENT_3D('',#1501,#1502,#1503);
#715=EDGE_LOOP('',(#1504,#1505,#1506,#1507));
#716=AXIS2_PLACEMENT_3D('',#1508,#1509,#1510);
#717=EDGE_LOOP('',(#1511,#1512,#1513,#1514));
#718=AXIS2_PLACEMENT_3D('',#1515,#1516,#1517);
#719=EDGE_LOOP('',(#1518,#1519,#1520,#1521));
#720=AXIS2_PLACEMENT_3D('',#1522,#1523,#1524);
#721=EDGE_LOOP('',(#1525,#1526,#1527,#1528,#1529,#1530,#1531,#1532));
#722=AXIS2_PLACEMENT_3D('',#1533,#1534,#1535);
#723=EDGE_LOOP('',(#1536,#1537,#1538,#1539));
#724=AXIS2_PLACEMENT_3D('',#1540,#1541,#1542);
#725=EDGE_LOOP('',(#1543,#1544,#1545,#1546));
#726=AXIS2_PLACEMENT_3D('',#1547,#1548,#1549);
#727=EDGE_LOOP('',(#1550,#1551,#1552,#1553,#1554,#1555,#1556,#1557));
#728=AXIS2_PLACEMENT_3D('',#1558,#1559,#1560);
#729=EDGE_LOOP('',(#1561,#1562,#1563,#1564,#1565,#1566,#1567,#1568));
#730=AXIS2_PLACEMENT_3D('',#1569,#1570,#1571);
#731=EDGE_LOOP('',(#1572,#1573,#1574,#1575));
#732=AXIS2_PLACEMENT_3D('',#1576,#1577,#1578);
#733=EDGE_LOOP('',(#1579,#1580,#1581,#1582));
#734=AXIS2_PLACEMENT_3D('',#1583,#1584,#1585);
#735=EDGE_LOOP('',(#1586,#1587,#1588,#1589));
#736=AXIS2_PLACEMENT_3D('',#1590,#1591,#1592);
#737=EDGE_LOOP('',(#1593,#1594,#1595,#1596));
#738=AXIS2_PLACEMENT_3D('',#1597,#1598,#1599);
#739=EDGE_LOOP('',(#1600,#1601,#1602,#1603));
#740=AXIS2_PLACEMENT_3D('',#1604,#1605,#1606);
#741=EDGE_LOOP('',(#1607,#1608,#1609,#1610));
#742=AXIS2_PLACEMENT_3D('',#1611,#1612,#1613);
#743=EDGE_LOOP('',(#1614,#1615,#1616));
#744=AXIS2_PLACEMENT_3D('',#1617,#1618,#1619);
#745=EDGE_LOOP('',(#1620,#1621,#1622,#1623,#1624));
#746=AXIS2_PLACEMENT_3D('',#1625,#1626,#1627);
#747=EDGE_LOOP('',(#1628,#1629,#1630,#1631,#1632,#1633));
#748=AXIS2_PLACEMENT_3D('',#1634,#1635,#1636);
#749=EDGE_LOOP('',(#1637,#1638,#1639));
#750=AXIS2_PLACEMENT_3D('',#1640,#1641,#1642);
#751=EDGE_LOOP('',(#1643,#1644,#1645,#1646,#1647));
#752=AXIS2_PLACEMENT_3D('',#1648,#1649,#1650);
#753=EDGE_LOOP('',(#1651,#1652,#1653,#1654));
#754=AXIS2_PLACEMENT_3D('',#1655,#1656,#1657);
#755=EDGE_LOOP('',(#1658,#1659,#1660,#1661,#1662,#1663));
#756=AXIS2_PLACEMENT_3D('',#1664,#1665,#1666);
#757=EDGE_LOOP('',(#1667,#1668,#1669,#1670));
#758=AXIS2_PLACEMENT_3D('',#1671,#1672,#1673);
#759=EDGE_LOOP('',(#1674,#1675,#1676,#1677));
#760=AXIS2_PLACEMENT_3D('',#1678,#1679,#1680);
#761=EDGE_LOOP('',(#1681,#1682,#1683,#1684));
#762=AXIS2_PLACEMENT_3D('',#1685,#1686,#1687);
#763=EDGE_LOOP('',(#1688,#1689,#1690,#1691));
#764=AXIS2_PLACEMENT_3D('',#1692,#1693,#1694);
#765=EDGE_LOOP('',(#1695,#1696,#1697,#1698));
#766=AXIS2_PLACEMENT_3D('',#1699,#1700,#1701);
#767=EDGE_LOOP('',(#1702,#1703,#1704,#1705));
#768=AXIS2_PLACEMENT_3D('',#1706,#1707,#1708);
#769=EDGE_LOOP('',(#1709,#1710,#1711));
#770=AXIS2_PLACEMENT_3D('',#1712,#1713,#1714);
#771=EDGE_LOOP('',(#1715,#1716,#1717,#1718,#1719));
#772=AXIS2_PLACEMENT_3D('',#1720,#1721,#1722);
#773=EDGE_LOOP('',(#1723,#1724,#1725,#1726,#1727,#1728));
#774=AXIS2_PLACEMENT_3D('',#1729,#1730,#1731);
#775=EDGE_LOOP('',(#1732,#1733,#1734,#1735));
#776=AXIS2_PLACEMENT_3D('',#1736,#1737,#1738);
#777=EDGE_LOOP('',(#1739,#1740,#1741,#1742));
#778=AXIS2_PLACEMENT_3D('',#1743,#1744,#1745);
#779=EDGE_LOOP('',(#1746,#1747,#1748,#1749));
#780=AXIS2_PLACEMENT_3D('',#1750,#1751,#1752);
#781=EDGE_LOOP('',(#1753,#1754,#1755,#1756,#1757,#1758));
#782=AXIS2_PLACEMENT_3D('',#1759,#1760,#1761);
#783=EDGE_LOOP('',(#1762,#1763,#1764));
#784=AXIS2_PLACEMENT_3D('',#1765,#1766,#1767);
#785=EDGE_LOOP('',(#1768,#1769,#1770,#1771,#1772));
#786=AXIS2_PLACEMENT_3D('',#1773,#1774,#1775);
#787=EDGE_LOOP('',(#1776,#1777,#1778,#1779));
#788=AXIS2_PLACEMENT_3D('',#1780,#1781,#1782);
#789=EDGE_LOOP('',(#1783,#1784,#1785,#1786));
#790=AXIS2_PLACEMENT_3D('',#1787,#1788,#1789);
#791=EDGE_LOOP('',(#1790,#1791,#1792,#1793));
#792=AXIS2_PLACEMENT_3D('',#1794,#1795,#1796);
#793=EDGE_LOOP('',(#1797,#1798,#1799,#1800));
#794=AXIS2_PLACEMENT_3D('',#1801,#1802,#1803);
#795=EDGE_LOOP('',(#1804,#1805,#1806));
#796=AXIS2_PLACEMENT_3D('',#1807,#1808,#1809);
#797=EDGE_LOOP('',(#1810,#1811,#1812,#1813,#1814));
#798=AXIS2_PLACEMENT_3D('',#1815,#1816,#1817);
#799=EDGE_LOOP('',(#1818,#1819,#1820,#1821,#1822,#1823));
#800=AXIS2_PLACEMENT_3D('',#1824,#1825,#1826);
#801=EDGE_LOOP('',(#1827,#1828,#1829,#1830));
#802=AXIS2_PLACEMENT_3D('',#1831,#1832,#1833);
#803=EDGE_LOOP('',(#1834,#1835,#1836,#1837));
#804=AXIS2_PLACEMENT_3D('',#1838,#1839,#1840);
#805=EDGE_LOOP('',(#1841,#1842,#1843,#1844));
#806=AXIS2_PLACEMENT_3D('',#1845,#1846,#1847);
#807=EDGE_LOOP('',(#1848,#1849,#1850,#1851,#1852,#1853));
#808=AXIS2_PLACEMENT_3D('',#1854,#1855,#1856);
#809=EDGE_LOOP('',(#1857,#1858,#1859));
#810=AXIS2_PLACEMENT_3D('',#1860,#1861,#1862);
#811=EDGE_LOOP('',(#1863,#1864,#1865,#1866,#1867));
#812=AXIS2_PLACEMENT_3D('',#1868,#1869,#1870);
#813=EDGE_LOOP('',(#1871,#1872,#1873,#1874));
#814=AXIS2_PLACEMENT_3D('',#1875,#1876,#1877);
#815=EDGE_LOOP('',(#1878,#1879,#1880,#1881));
#816=AXIS2_PLACEMENT_3D('',#1882,#1883,#1884);
#817=EDGE_LOOP('',(#1885,#1886,#1887,#1888));
#818=AXIS2_PLACEMENT_3D('',#1889,#1890,#1891);
#819=EDGE_LOOP('',(#1892,#1893,#1894,#1895));
#820=AXIS2_PLACEMENT_3D('',#1896,#1897,#1898);
#821=EDGE_LOOP('',(#1899,#1900,#1901,#1902));
#822=AXIS2_PLACEMENT_3D('',#1903,#1904,#1905);
#823=EDGE_LOOP('',(#1906,#1907,#1908,#1909));
#824=AXIS2_PLACEMENT_3D('',#1910,#1911,#1912);
#825=EDGE_LOOP('',(#1913,#1914,#1915,#1916));
#826=AXIS2_PLACEMENT_3D('',#1917,#1918,#1919);
#827=EDGE_LOOP('',(#1920,#1921,#1922,#1923));
#828=AXIS2_PLACEMENT_3D('',#1924,#1925,#1926);
#829=EDGE_LOOP('',(#1927,#1928,#1929,#1930));
#830=AXIS2_PLACEMENT_3D('',#1931,#1932,#1933);
#831=EDGE_LOOP('',(#1934,#1935,#1936,#1937));
#832=AXIS2_PLACEMENT_3D('',#1938,#1939,#1940);
#833=EDGE_LOOP('',(#1941,#1942,#1943,#1944));
#834=AXIS2_PLACEMENT_3D('',#1945,#1946,#1947);
#835=EDGE_LOOP('',(#1948,#1949,#1950,#1951,#1952,#1953,#1954));
#836=AXIS2_PLACEMENT_3D('',#1955,#1956,#1957);
#837=EDGE_LOOP('',(#1958,#1959,#1960,#1961,#1962,#1963,#1964,#1965,#1966,#1967,#1968,#1969,#1970,#1971,#1972,#1973,#1974,#1975,#1976,#1977,#1978,#1979,#1980,#1981));
#838=EDGE_LOOP('',(#1982,#1983,#1984,#1985,#1986,#1987,#1988,#1989,#1990,#1991,#1992,#1993,#1994,#1995,#1996,#1997,#1998,#1999,#2000,#2001));
#839=AXIS2_PLACEMENT_3D('',#2002,#2003,#2004);
#840=EDGE_LOOP('',(#2005,#2006,#2007,#2008,#2009,#2010,#2011,#2012,#2013,#2014));
#841=AXIS2_PLACEMENT_3D('',#2015,#2016,#2017);
#842=EDGE_LOOP('',(#2018,#2019,#2020,#2021));
#843=AXIS2_PLACEMENT_3D('',#2022,#2023,#2024);
#844=EDGE_LOOP('',(#2025,#2026,#2027,#2028));
#845=AXIS2_PLACEMENT_3D('',#2029,#2030,#2031);
#846=EDGE_LOOP('',(#2032,#2033,#2034,#2035));
#847=AXIS2_PLACEMENT_3D('',#2036,#2037,#2038);
#848=EDGE_LOOP('',(#2039,#2040,#2041,#2042));
#849=AXIS2_PLACEMENT_3D('',#2043,#2044,#2045);
#850=EDGE_LOOP('',(#2046,#2047,#2048,#2049));
#851=AXIS2_PLACEMENT_3D('',#2050,#2051,#2052);
#852=EDGE_LOOP('',(#2053,#2054,#2055,#2056));
#853=AXIS2_PLACEMENT_3D('',#2057,#2058,#2059);
#854=EDGE_LOOP('',(#2060,#2061,#2062,#2063));
#855=AXIS2_PLACEMENT_3D('',#2064,#2065,#2066);
#856=EDGE_LOOP('',(#2067,#2068,#2069,#2070));
#857=AXIS2_PLACEMENT_3D('',#2071,#2072,#2073);
#858=EDGE_LOOP('',(#2074,#2075,#2076,#2077));
#859=AXIS2_PLACEMENT_3D('',#2078,#2079,#2080);
#860=EDGE_LOOP('',(#2081,#2082,#2083,#2084));
#861=AXIS2_PLACEMENT_3D('',#2085,#2086,#2087);
#862=EDGE_LOOP('',(#2088,#2089,#2090,#2091));
#863=AXIS2_PLACEMENT_3D('',#2092,#2093,#2094);
#864=EDGE_LOOP('',(#2095,#2096,#2097,#2098));
#865=AXIS2_PLACEMENT_3D('',#2099,#2100,#2101);
#866=EDGE_LOOP('',(#2102,#2103,#2104,#2105));
#867=AXIS2_PLACEMENT_3D('',#2106,#2107,#2108);
#868=EDGE_LOOP('',(#2109,#2110,#2111,#2112));
#869=AXIS2_PLACEMENT_3D('',#2113,#2114,#2115);
#870=EDGE_LOOP('',(#2116,#2117,#2118,#2119));
#871=AXIS2_PLACEMENT_3D('',#2120,#2121,#2122);
#872=EDGE_LOOP('',(#2123,#2124,#2125,#2126));
#873=AXIS2_PLACEMENT_3D('',#2127,#2128,#2129);
#874=EDGE_LOOP('',(#2130,#2131,#2132,#2133));
#875=AXIS2_PLACEMENT_3D('',#2134,#2135,#2136);
#876=EDGE_LOOP('',(#2137,#2138,#2139,#2140));
#877=AXIS2_PLACEMENT_3D('',#2141,#2142,#2143);
#878=EDGE_LOOP('',(#2144,#2145,#2146,#2147));
#879=AXIS2_PLACEMENT_3D('',#2148,#2149,#2150);
#880=EDGE_LOOP('',(#2151,#2152,#2153,#2154));
#881=AXIS2_PLACEMENT_3D('',#2155,#2156,#2157);
#882=EDGE_LOOP('',(#2158,#2159,#2160,#2161));
#883=AXIS2_PLACEMENT_3D('',#2162,#2163,#2164);
#884=EDGE_LOOP('',(#2165,#2166,#2167,#2168));
#885=AXIS2_PLACEMENT_3D('',#2169,#2170,#2171);
#886=EDGE_LOOP('',(#2172,#2173,#2174,#2175));
#887=AXIS2_PLACEMENT_3D('',#2176,#2177,#2178);
#888=EDGE_LOOP('',(#2179,#2180,#2181,#2182));
#889=AXIS2_PLACEMENT_3D('',#2183,#2184,#2185);
#890=EDGE_LOOP('',(#2186,#2187,#2188,#2189));
#891=AXIS2_PLACEMENT_3D('',#2190,#2191,#2192);
#892=EDGE_LOOP('',(#2193,#2194,#2195,#2196));
#893=AXIS2_PLACEMENT_3D('',#2197,#2198,#2199);
#894=EDGE_LOOP('',(#2200,#2201,#2202,#2203));
#895=AXIS2_PLACEMENT_3D('',#2204,#2205,#2206);
#896=EDGE_LOOP('',(#2207,#2208,#2209,#2210));
#897=AXIS2_PLACEMENT_3D('',#2211,#2212,#2213);
#898=EDGE_LOOP('',(#2214,#2215,#2216,#2217));
#899=AXIS2_PLACEMENT_3D('',#2218,#2219,#2220);
#900=EDGE_LOOP('',(#2221,#2222,#2223,#2224));
#901=AXIS2_PLACEMENT_3D('',#2225,#2226,#2227);
#902=EDGE_LOOP('',(#2228,#2229,#2230,#2231));
#903=AXIS2_PLACEMENT_3D('',#2232,#2233,#2234);
#904=EDGE_LOOP('',(#2235,#2236,#2237,#2238));
#905=AXIS2_PLACEMENT_3D('',#2239,#2240,#2241);
#906=EDGE_LOOP('',(#2242,#2243,#2244,#2245));
#907=AXIS2_PLACEMENT_3D('',#2246,#2247,#2248);
#908=EDGE_LOOP('',(#2249,#2250,#2251,#2252));
#909=AXIS2_PLACEMENT_3D('',#2253,#2254,#2255);
#910=EDGE_LOOP('',(#2256,#2257,#2258,#2259));
#911=AXIS2_PLACEMENT_3D('',#2260,#2261,#2262);
#912=EDGE_LOOP('',(#2263,#2264,#2265,#2266));
#913=AXIS2_PLACEMENT_3D('',#2267,#2268,#2269);
#914=EDGE_LOOP('',(#2270,#2271,#2272,#2273));
#915=AXIS2_PLACEMENT_3D('',#2274,#2275,#2276);
#916=EDGE_LOOP('',(#2277,#2278,#2279,#2280));
#917=AXIS2_PLACEMENT_3D('',#2281,#2282,#2283);
#918=EDGE_LOOP('',(#2284,#2285,#2286,#2287));
#919=AXIS2_PLACEMENT_3D('',#2288,#2289,#2290);
#920=EDGE_LOOP('',(#2291,#2292,#2293,#2294));
#921=AXIS2_PLACEMENT_3D('',#2295,#2296,#2297);
#922=EDGE_LOOP('',(#2298,#2299,#2300,#2301));
#923=AXIS2_PLACEMENT_3D('',#2302,#2303,#2304);
#924=EDGE_LOOP('',(#2305,#2306,#2307,#2308));
#925=AXIS2_PLACEMENT_3D('',#2309,#2310,#2311);
#926=EDGE_LOOP('',(#2312,#2313,#2314,#2315));
#927=AXIS2_PLACEMENT_3D('',#2316,#2317,#2318);
#928=EDGE_LOOP('',(#2319,#2320,#2321,#2322));
#929=AXIS2_PLACEMENT_3D('',#2323,#2324,#2325);
#930=EDGE_LOOP('',(#2326,#2327,#2328,#2329));
#931=AXIS2_PLACEMENT_3D('',#2330,#2331,#2332);
#932=EDGE_LOOP('',(#2333,#2334,#2335,#2336));
#933=AXIS2_PLACEMENT_3D('',#2337,#2338,#2339);
#934=EDGE_LOOP('',(#2340,#2341,#2342,#2343));
#935=AXIS2_PLACEMENT_3D('',#2344,#2345,#2346);
#936=EDGE_LOOP('',(#2347,#2348,#2349,#2350));
#937=AXIS2_PLACEMENT_3D('',#2351,#2352,#2353);
#938=EDGE_LOOP('',(#2354,#2355,#2356,#2357));
#939=AXIS2_PLACEMENT_3D('',#2358,#2359,#2360);
#940=EDGE_LOOP('',(#2361,#2362,#2363,#2364));
#941=AXIS2_PLACEMENT_3D('',#2365,#2366,#2367);
#942=EDGE_LOOP('',(#2368,#2369,#2370,#2371));
#943=AXIS2_PLACEMENT_3D('',#2372,#2373,#2374);
#944=EDGE_LOOP('',(#2375,#2376,#2377,#2378));
#945=AXIS2_PLACEMENT_3D('',#2379,#2380,#2381);
#946=EDGE_LOOP('',(#2382,#2383,#2384,#2385));
#947=AXIS2_PLACEMENT_3D('',#2386,#2387,#2388);
#948=EDGE_LOOP('',(#2389,#2390,#2391,#2392));
#949=AXIS2_PLACEMENT_3D('',#2393,#2394,#2395);
#950=ORIENTED_EDGE('',*,*,#2396,.F.);
#951=ORIENTED_EDGE('',*,*,#2397,.F.);
#952=ORIENTED_EDGE('',*,*,#2398,.F.);
#953=ORIENTED_EDGE('',*,*,#2399,.F.);
#954=ORIENTED_EDGE('',*,*,#2400,.F.);
#955=ORIENTED_EDGE('',*,*,#2401,.F.);
#956=CARTESIAN_POINT('',(-4.8006,0.0,0.0));
#957=DIRECTION('',(1.0,0.0,0.0));
#958=DIRECTION('',(0.0,1.0,0.0));
#959=ORIENTED_EDGE('',*,*,#2402,.T.);
#960=ORIENTED_EDGE('',*,*,#2403,.F.);
#961=ORIENTED_EDGE('',*,*,#2404,.F.);
#962=ORIENTED_EDGE('',*,*,#2401,.T.);
#963=ORIENTED_EDGE('',*,*,#2405,.F.);
#964=ORIENTED_EDGE('',*,*,#2406,.T.);
#965=ORIENTED_EDGE('',*,*,#2407,.T.);
#966=ORIENTED_EDGE('',*,*,#2408,.F.);
#967=ORIENTED_EDGE('',*,*,#2409,.T.);
#968=ORIENTED_EDGE('',*,*,#2410,.F.);
#969=ORIENTED_EDGE('',*,*,#2411,.F.);
#970=ORIENTED_EDGE('',*,*,#2412,.T.);
#971=ORIENTED_EDGE('',*,*,#2413,.F.);
#972=ORIENTED_EDGE('',*,*,#2414,.F.);
#973=ORIENTED_EDGE('',*,*,#2415,.T.);
#974=ORIENTED_EDGE('',*,*,#2416,.T.);
#975=ORIENTED_EDGE('',*,*,#2417,.T.);
#976=ORIENTED_EDGE('',*,*,#2418,.T.);
#977=ORIENTED_EDGE('',*,*,#2419,.F.);
#978=ORIENTED_EDGE('',*,*,#2420,.F.);
#979=ORIENTED_EDGE('',*,*,#2421,.F.);
#980=ORIENTED_EDGE('',*,*,#2422,.F.);
#981=ORIENTED_EDGE('',*,*,#2423,.T.);
#982=ORIENTED_EDGE('',*,*,#2424,.T.);
#983=ORIENTED_EDGE('',*,*,#2425,.T.);
#984=ORIENTED_EDGE('',*,*,#2426,.T.);
#985=ORIENTED_EDGE('',*,*,#2427,.F.);
#986=ORIENTED_EDGE('',*,*,#2428,.F.);
#987=ORIENTED_EDGE('',*,*,#2429,.F.);
#988=ORIENTED_EDGE('',*,*,#2430,.F.);
#989=ORIENTED_EDGE('',*,*,#2431,.F.);
#990=ORIENTED_EDGE('',*,*,#2432,.F.);
#991=ORIENTED_EDGE('',*,*,#2433,.F.);
#992=ORIENTED_EDGE('',*,*,#2434,.F.);
#993=ORIENTED_EDGE('',*,*,#2435,.F.);
#994=ORIENTED_EDGE('',*,*,#2436,.F.);
#995=ORIENTED_EDGE('',*,*,#2437,.F.);
#996=ORIENTED_EDGE('',*,*,#2438,.F.);
#997=ORIENTED_EDGE('',*,*,#2439,.F.);
#998=ORIENTED_EDGE('',*,*,#2440,.F.);
#999=ORIENTED_EDGE('',*,*,#2441,.F.);
#1000=ORIENTED_EDGE('',*,*,#2442,.F.);
#1001=ORIENTED_EDGE('',*,*,#2443,.F.);
#1002=ORIENTED_EDGE('',*,*,#2444,.F.);
#1003=ORIENTED_EDGE('',*,*,#2445,.F.);
#1004=ORIENTED_EDGE('',*,*,#2446,.F.);
#1005=ORIENTED_EDGE('',*,*,#2447,.F.);
#1006=ORIENTED_EDGE('',*,*,#2448,.F.);
#1007=ORIENTED_EDGE('',*,*,#2449,.F.);
#1008=ORIENTED_EDGE('',*,*,#2450,.F.);
#1009=ORIENTED_EDGE('',*,*,#2451,.F.);
#1010=ORIENTED_EDGE('',*,*,#2452,.F.);
#1011=ORIENTED_EDGE('',*,*,#2453,.F.);
#1012=ORIENTED_EDGE('',*,*,#2454,.F.);
#1013=ORIENTED_EDGE('',*,*,#2455,.F.);
#1014=ORIENTED_EDGE('',*,*,#2456,.F.);
#1015=ORIENTED_EDGE('',*,*,#2457,.F.);
#1016=ORIENTED_EDGE('',*,*,#2458,.F.);
#1017=ORIENTED_EDGE('',*,*,#2459,.F.);
#1018=ORIENTED_EDGE('',*,*,#2460,.F.);
#1019=ORIENTED_EDGE('',*,*,#2461,.F.);
#1020=ORIENTED_EDGE('',*,*,#2462,.F.);
#1021=ORIENTED_EDGE('',*,*,#2463,.F.);
#1022=ORIENTED_EDGE('',*,*,#2464,.F.);
#1023=ORIENTED_EDGE('',*,*,#2465,.F.);
#1024=ORIENTED_EDGE('',*,*,#2466,.F.);
#1025=ORIENTED_EDGE('',*,*,#2467,.F.);
#1026=ORIENTED_EDGE('',*,*,#2468,.F.);
#1027=ORIENTED_EDGE('',*,*,#2469,.F.);
#1028=CARTESIAN_POINT('',(-4.8006,3.6100000000008,0.0));
#1029=DIRECTION('',(0.0,0.0,1.0));
#1030=DIRECTION('',(1.0,0.0,0.0));
#1031=ORIENTED_EDGE('',*,*,#2470,.F.);
#1032=ORIENTED_EDGE('',*,*,#2471,.F.);
#1033=ORIENTED_EDGE('',*,*,#2472,.F.);
#1034=ORIENTED_EDGE('',*,*,#2473,.F.);
#1035=ORIENTED_EDGE('',*,*,#2474,.F.);
#1036=ORIENTED_EDGE('',*,*,#2475,.F.);
#1037=ORIENTED_EDGE('',*,*,#2476,.F.);
#1038=ORIENTED_EDGE('',*,*,#2477,.F.);
#1039=ORIENTED_EDGE('',*,*,#2478,.F.);
#1040=ORIENTED_EDGE('',*,*,#2479,.F.);
#1041=ORIENTED_EDGE('',*,*,#2480,.F.);
#1042=ORIENTED_EDGE('',*,*,#2481,.F.);
#1043=ORIENTED_EDGE('',*,*,#2482,.F.);
#1044=ORIENTED_EDGE('',*,*,#2483,.F.);
#1045=ORIENTED_EDGE('',*,*,#2484,.F.);
#1046=ORIENTED_EDGE('',*,*,#2485,.F.);
#1047=ORIENTED_EDGE('',*,*,#2486,.F.);
#1048=ORIENTED_EDGE('',*,*,#2487,.F.);
#1049=ORIENTED_EDGE('',*,*,#2488,.F.);
#1050=ORIENTED_EDGE('',*,*,#2489,.F.);
#1051=CARTESIAN_POINT('',(-4.8006,3.6100000000008,0.0));
#1052=DIRECTION('',(0.0,0.0,1.0));
#1053=DIRECTION('',(1.0,0.0,0.0));
#1054=ORIENTED_EDGE('',*,*,#2490,.F.);
#1055=ORIENTED_EDGE('',*,*,#2491,.F.);
#1056=ORIENTED_EDGE('',*,*,#2492,.F.);
#1057=ORIENTED_EDGE('',*,*,#2493,.F.);
#1058=ORIENTED_EDGE('',*,*,#2494,.F.);
#1059=ORIENTED_EDGE('',*,*,#2396,.T.);
#1060=ORIENTED_EDGE('',*,*,#2404,.T.);
#1061=ORIENTED_EDGE('',*,*,#2495,.F.);
#1062=ORIENTED_EDGE('',*,*,#2496,.F.);
#1063=ORIENTED_EDGE('',*,*,#2497,.F.);
#1064=CARTESIAN_POINT('',(-4.8006,3.74000000000028,-2.49999999999991));
#1065=DIRECTION('',(0.0,0.998650735692267,0.0519298382559983));
#1066=DIRECTION('',(1.0,0.0,-0.0));
#1067=ORIENTED_EDGE('',*,*,#2498,.F.);
#1068=ORIENTED_EDGE('',*,*,#2499,.F.);
#1069=ORIENTED_EDGE('',*,*,#2497,.T.);
#1070=ORIENTED_EDGE('',*,*,#2500,.F.);
#1071=CARTESIAN_POINT('',(-17.31672432,3.63534078380478,-2.7862682107138));
#1072=DIRECTION('',(-1.0,0.0,0.0));
#1073=DIRECTION('',(0.0,0.998519885496186,0.0543878503774793));
#1074=ORIENTED_EDGE('',*,*,#2501,.F.);
#1075=ORIENTED_EDGE('',*,*,#2502,.F.);
#1076=ORIENTED_EDGE('',*,*,#2503,.T.);
#1077=ORIENTED_EDGE('',*,*,#2504,.F.);
#1078=ORIENTED_EDGE('',*,*,#2500,.T.);
#1079=CARTESIAN_POINT('',(3.47439999999992,0.0,0.0));
#1080=DIRECTION('',(-1.0,0.0,0.0));
#1081=DIRECTION('',(0.0,0.0,1.0));
#1082=ORIENTED_EDGE('',*,*,#2505,.F.);
#1083=ORIENTED_EDGE('',*,*,#2506,.T.);
#1084=ORIENTED_EDGE('',*,*,#2507,.F.);
#1085=ORIENTED_EDGE('',*,*,#2508,.F.);
#1086=ORIENTED_EDGE('',*,*,#2509,.T.);
#1087=CARTESIAN_POINT('',(3.47439999999992,0.0,0.0));
#1088=DIRECTION('',(-1.0,0.0,0.0));
#1089=DIRECTION('',(0.0,0.0,1.0));
#1090=ORIENTED_EDGE('',*,*,#2504,.T.);
#1091=ORIENTED_EDGE('',*,*,#2510,.F.);
#1092=ORIENTED_EDGE('',*,*,#2511,.F.);
#1093=ORIENTED_EDGE('',*,*,#2512,.T.);
#1094=ORIENTED_EDGE('',*,*,#2513,.T.);
#1095=ORIENTED_EDGE('',*,*,#2514,.F.);
#1096=ORIENTED_EDGE('',*,*,#2515,.F.);
#1097=ORIENTED_EDGE('',*,*,#2498,.T.);
#1098=CARTESIAN_POINT('',(3.47439999999992,3.92499999999954,-2.49999999999991));
#1099=DIRECTION('',(0.0,0.998519885496187,0.0543878503774693));
#1100=DIRECTION('',(1.0,0.0,-0.0));
#1101=ORIENTED_EDGE('',*,*,#2515,.T.);
#1102=ORIENTED_EDGE('',*,*,#2516,.F.);
#1103=ORIENTED_EDGE('',*,*,#2517,.T.);
#1104=ORIENTED_EDGE('',*,*,#2518,.T.);
#1105=ORIENTED_EDGE('',*,*,#2499,.T.);
#1106=CARTESIAN_POINT('',(1.88439999999993,0.0,0.0));
#1107=DIRECTION('',(-1.0,0.0,0.0));
#1108=DIRECTION('',(0.0,0.0,1.0));
#1109=ORIENTED_EDGE('',*,*,#2519,.T.);
#1110=ORIENTED_EDGE('',*,*,#2520,.T.);
#1111=ORIENTED_EDGE('',*,*,#2521,.F.);
#1112=ORIENTED_EDGE('',*,*,#2522,.T.);
#1113=ORIENTED_EDGE('',*,*,#2523,.T.);
#1114=CARTESIAN_POINT('',(1.88439999999993,0.0,0.0));
#1115=DIRECTION('',(-1.0,0.0,0.0));
#1116=DIRECTION('',(0.0,0.0,1.0));
#1117=ORIENTED_EDGE('',*,*,#2496,.T.);
#1118=ORIENTED_EDGE('',*,*,#2524,.F.);
#1119=ORIENTED_EDGE('',*,*,#2525,.F.);
#1120=ORIENTED_EDGE('',*,*,#2397,.T.);
#1121=ORIENTED_EDGE('',*,*,#2494,.T.);
#1122=ORIENTED_EDGE('',*,*,#2526,.F.);
#1123=ORIENTED_EDGE('',*,*,#2527,.F.);
#1124=ORIENTED_EDGE('',*,*,#2528,.T.);
#1125=ORIENTED_EDGE('',*,*,#2492,.T.);
#1126=ORIENTED_EDGE('',*,*,#2529,.F.);
#1127=ORIENTED_EDGE('',*,*,#2530,.F.);
#1128=ORIENTED_EDGE('',*,*,#2531,.T.);
#1129=ORIENTED_EDGE('',*,*,#2490,.T.);
#1130=ORIENTED_EDGE('',*,*,#2518,.F.);
#1131=ORIENTED_EDGE('',*,*,#2532,.F.);
#1132=ORIENTED_EDGE('',*,*,#2501,.T.);
#1133=CARTESIAN_POINT('',(-4.8006,3.55000000000104,-3.5052));
#1134=DIRECTION('',(0.0,0.982601115639937,-0.185728424165907));
#1135=DIRECTION('',(-1.0,0.0,0.0));
#1136=ORIENTED_EDGE('',*,*,#2533,.F.);
#1137=ORIENTED_EDGE('',*,*,#2534,.F.);
#1138=ORIENTED_EDGE('',*,*,#2535,.T.);
#1139=ORIENTED_EDGE('',*,*,#2536,.T.);
#1140=ORIENTED_EDGE('',*,*,#2502,.T.);
#1141=ORIENTED_EDGE('',*,*,#2532,.T.);
#1142=ORIENTED_EDGE('',*,*,#2517,.F.);
#1143=ORIENTED_EDGE('',*,*,#2537,.T.);
#1144=CARTESIAN_POINT('',(3.47439999999992,3.93999999999948,-7.3651999999998));
#1145=DIRECTION('',(0.0,-0.998519885496187,-0.0543878503774693));
#1146=DIRECTION('',(0.0,0.0543878503774693,-0.998519885496187));
#1147=ORIENTED_EDGE('',*,*,#2538,.F.);
#1148=ORIENTED_EDGE('',*,*,#2521,.T.);
#1149=ORIENTED_EDGE('',*,*,#2539,.T.);
#1150=ORIENTED_EDGE('',*,*,#2540,.F.);
#1151=CARTESIAN_POINT('',(1.88439999999993,-4.49999999999978,-3.5052));
#1152=DIRECTION('',(0.922375671865694,0.0,0.386294084798498));
#1153=DIRECTION('',(0.0,-1.0,0.0));
#1154=ORIENTED_EDGE('',*,*,#2537,.F.);
#1155=ORIENTED_EDGE('',*,*,#2516,.T.);
#1156=ORIENTED_EDGE('',*,*,#2514,.T.);
#1157=ORIENTED_EDGE('',*,*,#2541,.F.);
#1158=CARTESIAN_POINT('',(1.88439999999993,-4.49999999999978,-3.5052));
#1159=DIRECTION('',(0.922375671865694,0.0,0.386294084798498));
#1160=DIRECTION('',(0.0,-1.0,0.0));
#1161=ORIENTED_EDGE('',*,*,#2542,.F.);
#1162=ORIENTED_EDGE('',*,*,#2543,.T.);
#1163=ORIENTED_EDGE('',*,*,#2544,.T.);
#1164=ORIENTED_EDGE('',*,*,#2540,.T.);
#1165=CARTESIAN_POINT('',(2.3744,-4.49999999999978,-4.6752000000004));
#1166=DIRECTION('',(1.0,0.0,0.0));
#1167=DIRECTION('',(0.0,1.0,0.0));
#1168=ORIENTED_EDGE('',*,*,#2513,.F.);
#1169=ORIENTED_EDGE('',*,*,#2545,.T.);
#1170=ORIENTED_EDGE('',*,*,#2533,.T.);
#1171=ORIENTED_EDGE('',*,*,#2541,.T.);
#1172=CARTESIAN_POINT('',(2.3744,-4.49999999999978,-4.6752000000004));
#1173=DIRECTION('',(1.0,0.0,0.0));
#1174=DIRECTION('',(0.0,1.0,0.0));
#1175=ORIENTED_EDGE('',*,*,#2522,.F.);
#1176=ORIENTED_EDGE('',*,*,#2538,.T.);
#1177=ORIENTED_EDGE('',*,*,#2544,.F.);
#1178=ORIENTED_EDGE('',*,*,#2546,.F.);
#1179=ORIENTED_EDGE('',*,*,#2547,.T.);
#1180=ORIENTED_EDGE('',*,*,#2548,.T.);
#1181=ORIENTED_EDGE('',*,*,#2505,.T.);
#1182=ORIENTED_EDGE('',*,*,#2549,.F.);
#1183=CARTESIAN_POINT('',(3.47439999999992,-4.19000000000102,-7.3651999999998));
#1184=DIRECTION('',(0.0,-0.998519885496187,0.0543878503774693));
#1185=DIRECTION('',(-1.0,0.0,0.0));
#1186=ORIENTED_EDGE('',*,*,#2550,.F.);
#1187=ORIENTED_EDGE('',*,*,#2523,.F.);
#1188=ORIENTED_EDGE('',*,*,#2549,.T.);
#1189=ORIENTED_EDGE('',*,*,#2509,.F.);
#1190=CARTESIAN_POINT('',(-17.31672432,-3.63534078380478,-2.7862682107138));
#1191=DIRECTION('',(-1.0,0.0,0.0));
#1192=DIRECTION('',(0.0,-0.343370131873104,0.939200166384912));
#1193=ORIENTED_EDGE('',*,*,#2551,.T.);
#1194=ORIENTED_EDGE('',*,*,#2552,.F.);
#1195=ORIENTED_EDGE('',*,*,#2402,.F.);
#1196=ORIENTED_EDGE('',*,*,#2400,.T.);
#1197=ORIENTED_EDGE('',*,*,#2553,.T.);
#1198=ORIENTED_EDGE('',*,*,#2554,.T.);
#1199=ORIENTED_EDGE('',*,*,#2555,.T.);
#1200=ORIENTED_EDGE('',*,*,#2556,.T.);
#1201=ORIENTED_EDGE('',*,*,#2557,.T.);
#1202=ORIENTED_EDGE('',*,*,#2550,.T.);
#1203=CARTESIAN_POINT('',(-4.8006,-3.6100000000008,0.0));
#1204=DIRECTION('',(0.0,-0.998650735692267,0.0519298382559983));
#1205=DIRECTION('',(-1.0,0.0,0.0));
#1206=ORIENTED_EDGE('',*,*,#2558,.T.);
#1207=ORIENTED_EDGE('',*,*,#2519,.F.);
#1208=ORIENTED_EDGE('',*,*,#2557,.F.);
#1209=ORIENTED_EDGE('',*,*,#2559,.T.);
#1210=ORIENTED_EDGE('',*,*,#2560,.T.);
#1211=ORIENTED_EDGE('',*,*,#2561,.F.);
#1212=ORIENTED_EDGE('',*,*,#2555,.F.);
#1213=ORIENTED_EDGE('',*,*,#2562,.T.);
#1214=ORIENTED_EDGE('',*,*,#2563,.T.);
#1215=ORIENTED_EDGE('',*,*,#2564,.F.);
#1216=ORIENTED_EDGE('',*,*,#2553,.F.);
#1217=ORIENTED_EDGE('',*,*,#2399,.T.);
#1218=ORIENTED_EDGE('',*,*,#2565,.T.);
#1219=ORIENTED_EDGE('',*,*,#2566,.F.);
#1220=ORIENTED_EDGE('',*,*,#2551,.F.);
#1221=ORIENTED_EDGE('',*,*,#2508,.T.);
#1222=CARTESIAN_POINT('',(-4.8006,-3.74000000000028,-2.49999999999991));
#1223=DIRECTION('',(0.0,-0.982601115639937,-0.185728424165907));
#1224=DIRECTION('',(0.0,0.185728424165907,-0.982601115639937));
#1225=ORIENTED_EDGE('',*,*,#2552,.T.);
#1226=ORIENTED_EDGE('',*,*,#2566,.T.);
#1227=ORIENTED_EDGE('',*,*,#2567,.T.);
#1228=ORIENTED_EDGE('',*,*,#2524,.T.);
#1229=ORIENTED_EDGE('',*,*,#2495,.T.);
#1230=ORIENTED_EDGE('',*,*,#2403,.T.);
#1231=CARTESIAN_POINT('',(4.8006,0.0,0.0));
#1232=DIRECTION('',(1.0,0.0,0.0));
#1233=DIRECTION('',(0.0,1.0,0.0));
#1234=ORIENTED_EDGE('',*,*,#2525,.T.);
#1235=ORIENTED_EDGE('',*,*,#2567,.F.);
#1236=ORIENTED_EDGE('',*,*,#2565,.F.);
#1237=ORIENTED_EDGE('',*,*,#2398,.T.);
#1238=CARTESIAN_POINT('',(-4.8006,-3.55000000000104,-3.5052));
#1239=DIRECTION('',(0.0,0.0,-1.0));
#1240=DIRECTION('',(0.0,-1.0,0.0));
#1241=ORIENTED_EDGE('',*,*,#2568,.T.);
#1242=ORIENTED_EDGE('',*,*,#2569,.F.);
#1243=ORIENTED_EDGE('',*,*,#2570,.T.);
#1244=ORIENTED_EDGE('',*,*,#2526,.T.);
#1245=ORIENTED_EDGE('',*,*,#2571,.T.);
#1246=CARTESIAN_POINT('',(-3.1955999999988,0.0,0.0));
#1247=DIRECTION('',(-1.0,0.0,0.0));
#1248=DIRECTION('',(0.0,0.0,1.0));
#1249=ORIENTED_EDGE('',*,*,#2564,.T.);
#1250=ORIENTED_EDGE('',*,*,#2572,.T.);
#1251=ORIENTED_EDGE('',*,*,#2573,.F.);
#1252=ORIENTED_EDGE('',*,*,#2574,.T.);
#1253=ORIENTED_EDGE('',*,*,#2575,.T.);
#1254=CARTESIAN_POINT('',(-3.1955999999988,0.0,0.0));
#1255=DIRECTION('',(-1.0,0.0,0.0));
#1256=DIRECTION('',(0.0,0.0,1.0));
#1257=ORIENTED_EDGE('',*,*,#2576,.F.);
#1258=ORIENTED_EDGE('',*,*,#2571,.F.);
#1259=ORIENTED_EDGE('',*,*,#2493,.T.);
#1260=ORIENTED_EDGE('',*,*,#2577,.F.);
#1261=CARTESIAN_POINT('',(-17.31672432,3.63534078380478,-2.7862682107138));
#1262=DIRECTION('',(-1.0,0.0,0.0));
#1263=DIRECTION('',(0.0,0.998519885496187,0.0543878503774693));
#1264=ORIENTED_EDGE('',*,*,#2528,.F.);
#1265=ORIENTED_EDGE('',*,*,#2578,.F.);
#1266=ORIENTED_EDGE('',*,*,#2579,.T.);
#1267=ORIENTED_EDGE('',*,*,#2580,.F.);
#1268=ORIENTED_EDGE('',*,*,#2577,.T.);
#1269=CARTESIAN_POINT('',(-1.60560000000008,0.0,0.0));
#1270=DIRECTION('',(-1.0,0.0,0.0));
#1271=DIRECTION('',(0.0,0.0,1.0));
#1272=ORIENTED_EDGE('',*,*,#2581,.F.);
#1273=ORIENTED_EDGE('',*,*,#2582,.T.);
#1274=ORIENTED_EDGE('',*,*,#2583,.F.);
#1275=ORIENTED_EDGE('',*,*,#2562,.F.);
#1276=ORIENTED_EDGE('',*,*,#2584,.T.);
#1277=CARTESIAN_POINT('',(-1.60560000000008,0.0,0.0));
#1278=DIRECTION('',(-1.0,0.0,0.0));
#1279=DIRECTION('',(0.0,0.0,1.0));
#1280=ORIENTED_EDGE('',*,*,#2580,.T.);
#1281=ORIENTED_EDGE('',*,*,#2585,.F.);
#1282=ORIENTED_EDGE('',*,*,#2586,.F.);
#1283=ORIENTED_EDGE('',*,*,#2587,.T.);
#1284=ORIENTED_EDGE('',*,*,#2588,.T.);
#1285=ORIENTED_EDGE('',*,*,#2589,.F.);
#1286=ORIENTED_EDGE('',*,*,#2568,.F.);
#1287=ORIENTED_EDGE('',*,*,#2576,.T.);
#1288=CARTESIAN_POINT('',(-1.60560000000008,3.92499999999954,-2.49999999999991));
#1289=DIRECTION('',(0.0,0.998519885496187,0.0543878503774693));
#1290=DIRECTION('',(1.0,0.0,-0.0));
#1291=ORIENTED_EDGE('',*,*,#2590,.T.);
#1292=ORIENTED_EDGE('',*,*,#2591,.F.);
#1293=ORIENTED_EDGE('',*,*,#2592,.F.);
#1294=ORIENTED_EDGE('',*,*,#2573,.T.);
#1295=CARTESIAN_POINT('',(-3.1955999999988,-4.49999999999978,-3.5052));
#1296=DIRECTION('',(0.922375671865694,0.0,0.386294084798498));
#1297=DIRECTION('',(0.0,-1.0,0.0));
#1298=ORIENTED_EDGE('',*,*,#2589,.T.);
#1299=ORIENTED_EDGE('',*,*,#2593,.F.);
#1300=ORIENTED_EDGE('',*,*,#2594,.F.);
#1301=ORIENTED_EDGE('',*,*,#2569,.T.);
#1302=CARTESIAN_POINT('',(-3.1955999999988,-4.49999999999978,-3.5052));
#1303=DIRECTION('',(0.922375671865694,0.0,0.386294084798498));
#1304=DIRECTION('',(0.0,-1.0,0.0));
#1305=ORIENTED_EDGE('',*,*,#2574,.F.);
#1306=ORIENTED_EDGE('',*,*,#2592,.T.);
#1307=ORIENTED_EDGE('',*,*,#2595,.F.);
#1308=ORIENTED_EDGE('',*,*,#2596,.F.);
#1309=ORIENTED_EDGE('',*,*,#2597,.T.);
#1310=ORIENTED_EDGE('',*,*,#2598,.T.);
#1311=ORIENTED_EDGE('',*,*,#2581,.T.);
#1312=ORIENTED_EDGE('',*,*,#2599,.F.);
#1313=CARTESIAN_POINT('',(-1.60560000000008,-4.19000000000102,-7.3651999999998));
#1314=DIRECTION('',(0.0,-0.998519885496187,0.0543878503774693));
#1315=DIRECTION('',(-1.0,0.0,0.0));
#1316=ORIENTED_EDGE('',*,*,#2554,.F.);
#1317=ORIENTED_EDGE('',*,*,#2575,.F.);
#1318=ORIENTED_EDGE('',*,*,#2599,.T.);
#1319=ORIENTED_EDGE('',*,*,#2584,.F.);
#1320=CARTESIAN_POINT('',(-17.31672432,-3.63534078380478,-2.7862682107138));
#1321=DIRECTION('',(-1.0,0.0,0.0));
#1322=DIRECTION('',(0.0,-0.343370131873104,0.939200166384912));
#1323=ORIENTED_EDGE('',*,*,#2598,.F.);
#1324=ORIENTED_EDGE('',*,*,#2600,.T.);
#1325=ORIENTED_EDGE('',*,*,#2601,.T.);
#1326=ORIENTED_EDGE('',*,*,#2582,.F.);
#1327=CARTESIAN_POINT('',(-2.0955999999999,-4.49999999999978,-4.6752000000004));
#1328=DIRECTION('',(-0.922375671865694,0.0,0.386294084798498));
#1329=DIRECTION('',(0.0,1.0,0.0));
#1330=ORIENTED_EDGE('',*,*,#2602,.F.);
#1331=ORIENTED_EDGE('',*,*,#2603,.T.);
#1332=ORIENTED_EDGE('',*,*,#2585,.T.);
#1333=ORIENTED_EDGE('',*,*,#2579,.F.);
#1334=CARTESIAN_POINT('',(-2.0955999999999,-4.49999999999978,-4.6752000000004));
#1335=DIRECTION('',(-0.922375671865694,0.0,0.386294084798498));
#1336=DIRECTION('',(0.0,1.0,0.0));
#1337=ORIENTED_EDGE('',*,*,#2572,.F.);
#1338=ORIENTED_EDGE('',*,*,#2563,.F.);
#1339=ORIENTED_EDGE('',*,*,#2583,.T.);
#1340=ORIENTED_EDGE('',*,*,#2601,.F.);
#1341=ORIENTED_EDGE('',*,*,#2604,.F.);
#1342=ORIENTED_EDGE('',*,*,#2605,.T.);
#1343=ORIENTED_EDGE('',*,*,#2606,.T.);
#1344=ORIENTED_EDGE('',*,*,#2590,.F.);
#1345=CARTESIAN_POINT('',(-1.60560000000008,-3.68954069901154,-2.7669562597518));
#1346=DIRECTION('',(0.0,0.998519885496187,-0.0543878503774693));
#1347=DIRECTION('',(-1.0,0.0,0.0));
#1348=ORIENTED_EDGE('',*,*,#2607,.T.);
#1349=ORIENTED_EDGE('',*,*,#2593,.T.);
#1350=ORIENTED_EDGE('',*,*,#2588,.F.);
#1351=ORIENTED_EDGE('',*,*,#2608,.T.);
#1352=CARTESIAN_POINT('',(-2.70560000000076,-4.49999999999978,-4.6752000000004));
#1353=DIRECTION('',(1.0,0.0,0.0));
#1354=DIRECTION('',(0.0,1.0,0.0));
#1355=ORIENTED_EDGE('',*,*,#2591,.T.);
#1356=ORIENTED_EDGE('',*,*,#2606,.F.);
#1357=ORIENTED_EDGE('',*,*,#2609,.T.);
#1358=ORIENTED_EDGE('',*,*,#2595,.T.);
#1359=CARTESIAN_POINT('',(-2.70560000000076,-4.49999999999978,-4.6752000000004));
#1360=DIRECTION('',(1.0,0.0,0.0));
#1361=DIRECTION('',(0.0,1.0,0.0));
#1362=ORIENTED_EDGE('',*,*,#2587,.F.);
#1363=ORIENTED_EDGE('',*,*,#2610,.T.);
#1364=ORIENTED_EDGE('',*,*,#2611,.T.);
#1365=ORIENTED_EDGE('',*,*,#2608,.F.);
#1366=CARTESIAN_POINT('',(-1.60560000000008,4.19000000000102,-7.3651999999998));
#1367=DIRECTION('',(0.0,0.0,-1.0));
#1368=DIRECTION('',(0.0,-1.0,0.0));
#1369=ORIENTED_EDGE('',*,*,#2607,.F.);
#1370=ORIENTED_EDGE('',*,*,#2611,.F.);
#1371=ORIENTED_EDGE('',*,*,#2612,.T.);
#1372=ORIENTED_EDGE('',*,*,#2602,.T.);
#1373=ORIENTED_EDGE('',*,*,#2578,.T.);
#1374=ORIENTED_EDGE('',*,*,#2527,.T.);
#1375=ORIENTED_EDGE('',*,*,#2570,.F.);
#1376=ORIENTED_EDGE('',*,*,#2594,.T.);
#1377=CARTESIAN_POINT('',(-1.60560000000008,3.93999999999948,-7.3651999999998));
#1378=DIRECTION('',(0.0,-0.998519885496187,-0.0543878503774693));
#1379=DIRECTION('',(0.0,0.0543878503774693,-0.998519885496187));
#1380=ORIENTED_EDGE('',*,*,#2586,.T.);
#1381=ORIENTED_EDGE('',*,*,#2603,.F.);
#1382=ORIENTED_EDGE('',*,*,#2612,.F.);
#1383=ORIENTED_EDGE('',*,*,#2610,.F.);
#1384=CARTESIAN_POINT('',(-2.0955999999999,-4.49999999999978,-7.3651999999998));
#1385=DIRECTION('',(-1.0,0.0,0.0));
#1386=DIRECTION('',(0.0,0.0,1.0));
#1387=ORIENTED_EDGE('',*,*,#2613,.F.);
#1388=ORIENTED_EDGE('',*,*,#2604,.T.);
#1389=ORIENTED_EDGE('',*,*,#2600,.F.);
#1390=ORIENTED_EDGE('',*,*,#2597,.F.);
#1391=CARTESIAN_POINT('',(-2.0955999999999,-4.49999999999978,-7.3651999999998));
#1392=DIRECTION('',(-1.0,0.0,0.0));
#1393=DIRECTION('',(0.0,0.0,1.0));
#1394=ORIENTED_EDGE('',*,*,#2605,.F.);
#1395=ORIENTED_EDGE('',*,*,#2613,.T.);
#1396=ORIENTED_EDGE('',*,*,#2596,.T.);
#1397=ORIENTED_EDGE('',*,*,#2609,.F.);
#1398=CARTESIAN_POINT('',(-1.60560000000008,-3.93999999999948,-7.3651999999998));
#1399=DIRECTION('',(0.0,0.0,-1.0));
#1400=DIRECTION('',(0.0,-1.0,0.0));
#1401=ORIENTED_EDGE('',*,*,#2614,.T.);
#1402=ORIENTED_EDGE('',*,*,#2615,.F.);
#1403=ORIENTED_EDGE('',*,*,#2616,.T.);
#1404=ORIENTED_EDGE('',*,*,#2529,.T.);
#1405=ORIENTED_EDGE('',*,*,#2617,.T.);
#1406=CARTESIAN_POINT('',(-0.65560000000007,0.0,0.0));
#1407=DIRECTION('',(-1.0,0.0,0.0));
#1408=DIRECTION('',(0.0,0.0,1.0));
#1409=ORIENTED_EDGE('',*,*,#2561,.T.);
#1410=ORIENTED_EDGE('',*,*,#2618,.T.);
#1411=ORIENTED_EDGE('',*,*,#2619,.F.);
#1412=ORIENTED_EDGE('',*,*,#2620,.T.);
#1413=ORIENTED_EDGE('',*,*,#2621,.T.);
#1414=CARTESIAN_POINT('',(-0.65560000000007,0.0,0.0));
#1415=DIRECTION('',(-1.0,0.0,0.0));
#1416=DIRECTION('',(0.0,0.0,1.0));
#1417=ORIENTED_EDGE('',*,*,#2622,.F.);
#1418=ORIENTED_EDGE('',*,*,#2617,.F.);
#1419=ORIENTED_EDGE('',*,*,#2491,.T.);
#1420=ORIENTED_EDGE('',*,*,#2623,.F.);
#1421=CARTESIAN_POINT('',(-17.31672432,3.63534078380478,-2.7862682107138));
#1422=DIRECTION('',(-1.0,0.0,0.0));
#1423=DIRECTION('',(0.0,0.998519885496186,0.0543878503774793));
#1424=ORIENTED_EDGE('',*,*,#2531,.F.);
#1425=ORIENTED_EDGE('',*,*,#2624,.F.);
#1426=ORIENTED_EDGE('',*,*,#2625,.T.);
#1427=ORIENTED_EDGE('',*,*,#2626,.F.);
#1428=ORIENTED_EDGE('',*,*,#2623,.T.);
#1429=CARTESIAN_POINT('',(0.93439999999992,0.0,0.0));
#1430=DIRECTION('',(-1.0,0.0,0.0));
#1431=DIRECTION('',(0.0,0.0,1.0));
#1432=ORIENTED_EDGE('',*,*,#2627,.F.);
#1433=ORIENTED_EDGE('',*,*,#2628,.T.);
#1434=ORIENTED_EDGE('',*,*,#2629,.F.);
#1435=ORIENTED_EDGE('',*,*,#2559,.F.);
#1436=ORIENTED_EDGE('',*,*,#2630,.T.);
#1437=CARTESIAN_POINT('',(0.93439999999992,0.0,0.0));
#1438=DIRECTION('',(-1.0,0.0,0.0));
#1439=DIRECTION('',(0.0,0.0,1.0));
#1440=ORIENTED_EDGE('',*,*,#2626,.T.);
#1441=ORIENTED_EDGE('',*,*,#2631,.F.);
#1442=ORIENTED_EDGE('',*,*,#2632,.F.);
#1443=ORIENTED_EDGE('',*,*,#2633,.T.);
#1444=ORIENTED_EDGE('',*,*,#2634,.T.);
#1445=ORIENTED_EDGE('',*,*,#2635,.F.);
#1446=ORIENTED_EDGE('',*,*,#2614,.F.);
#1447=ORIENTED_EDGE('',*,*,#2622,.T.);
#1448=CARTESIAN_POINT('',(0.93439999999992,3.92499999999954,-2.49999999999991));
#1449=DIRECTION('',(0.0,0.998519885496187,0.0543878503774693));
#1450=DIRECTION('',(1.0,0.0,-0.0));
#1451=ORIENTED_EDGE('',*,*,#2636,.F.);
#1452=ORIENTED_EDGE('',*,*,#2619,.T.);
#1453=ORIENTED_EDGE('',*,*,#2637,.T.);
#1454=ORIENTED_EDGE('',*,*,#2638,.F.);
#1455=CARTESIAN_POINT('',(-0.65560000000007,-4.49999999999978,-3.5052));
#1456=DIRECTION('',(0.922375671865694,0.0,0.386294084798498));
#1457=DIRECTION('',(0.0,-1.0,0.0));
#1458=ORIENTED_EDGE('',*,*,#2639,.F.);
#1459=ORIENTED_EDGE('',*,*,#2615,.T.);
#1460=ORIENTED_EDGE('',*,*,#2635,.T.);
#1461=ORIENTED_EDGE('',*,*,#2640,.F.);
#1462=CARTESIAN_POINT('',(-0.65560000000007,-4.49999999999978,-3.5052));
#1463=DIRECTION('',(0.922375671865694,0.0,0.386294084798498));
#1464=DIRECTION('',(0.0,-1.0,0.0));
#1465=ORIENTED_EDGE('',*,*,#2641,.F.);
#1466=ORIENTED_EDGE('',*,*,#2642,.T.);
#1467=ORIENTED_EDGE('',*,*,#2643,.T.);
#1468=ORIENTED_EDGE('',*,*,#2638,.T.);
#1469=CARTESIAN_POINT('',(-0.165599999999998,-4.49999999999978,-4.6752000000004));
#1470=DIRECTION('',(1.0,0.0,0.0));
#1471=DIRECTION('',(0.0,1.0,0.0));
#1472=ORIENTED_EDGE('',*,*,#2634,.F.);
#1473=ORIENTED_EDGE('',*,*,#2644,.T.);
#1474=ORIENTED_EDGE('',*,*,#2645,.T.);
#1475=ORIENTED_EDGE('',*,*,#2640,.T.);
#1476=CARTESIAN_POINT('',(-0.165599999999998,-4.49999999999978,-4.6752000000004));
#1477=DIRECTION('',(1.0,0.0,0.0));
#1478=DIRECTION('',(0.0,1.0,0.0));
#1479=ORIENTED_EDGE('',*,*,#2620,.F.);
#1480=ORIENTED_EDGE('',*,*,#2636,.T.);
#1481=ORIENTED_EDGE('',*,*,#2643,.F.);
#1482=ORIENTED_EDGE('',*,*,#2646,.F.);
#1483=ORIENTED_EDGE('',*,*,#2647,.T.);
#1484=ORIENTED_EDGE('',*,*,#2648,.T.);
#1485=ORIENTED_EDGE('',*,*,#2627,.T.);
#1486=ORIENTED_EDGE('',*,*,#2649,.F.);
#1487=CARTESIAN_POINT('',(0.93439999999992,-4.19000000000102,-7.3651999999998));
#1488=DIRECTION('',(0.0,-0.998519885496187,0.0543878503774693));
#1489=DIRECTION('',(-1.0,0.0,0.0));
#1490=ORIENTED_EDGE('',*,*,#2556,.F.);
#1491=ORIENTED_EDGE('',*,*,#2621,.F.);
#1492=ORIENTED_EDGE('',*,*,#2649,.T.);
#1493=ORIENTED_EDGE('',*,*,#2630,.F.);
#1494=CARTESIAN_POINT('',(-17.31672432,-3.63534078380478,-2.7862682107138));
#1495=DIRECTION('',(-1.0,0.0,0.0));
#1496=DIRECTION('',(0.0,-0.343370131873104,0.939200166384912));
#1497=ORIENTED_EDGE('',*,*,#2650,.T.);
#1498=ORIENTED_EDGE('',*,*,#2628,.F.);
#1499=ORIENTED_EDGE('',*,*,#2648,.F.);
#1500=ORIENTED_EDGE('',*,*,#2651,.T.);
#1501=CARTESIAN_POINT('',(0.444400000000102,-4.49999999999978,-4.6752000000004));
#1502=DIRECTION('',(-0.922375671865694,0.0,0.386294084798498));
#1503=DIRECTION('',(0.0,1.0,0.0));
#1504=ORIENTED_EDGE('',*,*,#2631,.T.);
#1505=ORIENTED_EDGE('',*,*,#2625,.F.);
#1506=ORIENTED_EDGE('',*,*,#2652,.F.);
#1507=ORIENTED_EDGE('',*,*,#2653,.T.);
#1508=CARTESIAN_POINT('',(0.444400000000102,-4.49999999999978,-4.6752000000004));
#1509=DIRECTION('',(-0.922375671865694,0.0,0.386294084798498));
#1510=DIRECTION('',(0.0,1.0,0.0));
#1511=ORIENTED_EDGE('',*,*,#2647,.F.);
#1512=ORIENTED_EDGE('',*,*,#2654,.F.);
#1513=ORIENTED_EDGE('',*,*,#2655,.T.);
#1514=ORIENTED_EDGE('',*,*,#2651,.F.);
#1515=CARTESIAN_POINT('',(0.444400000000102,-4.49999999999978,-7.3651999999998));
#1516=DIRECTION('',(-1.0,0.0,0.0));
#1517=DIRECTION('',(0.0,0.0,1.0));
#1518=ORIENTED_EDGE('',*,*,#2656,.F.);
#1519=ORIENTED_EDGE('',*,*,#2657,.F.);
#1520=ORIENTED_EDGE('',*,*,#2632,.T.);
#1521=ORIENTED_EDGE('',*,*,#2653,.F.);
#1522=CARTESIAN_POINT('',(0.444400000000102,-4.49999999999978,-7.3651999999998));
#1523=DIRECTION('',(-1.0,0.0,0.0));
#1524=DIRECTION('',(0.0,0.0,1.0));
#1525=ORIENTED_EDGE('',*,*,#2618,.F.);
#1526=ORIENTED_EDGE('',*,*,#2560,.F.);
#1527=ORIENTED_EDGE('',*,*,#2629,.T.);
#1528=ORIENTED_EDGE('',*,*,#2650,.F.);
#1529=ORIENTED_EDGE('',*,*,#2655,.F.);
#1530=ORIENTED_EDGE('',*,*,#2658,.T.);
#1531=ORIENTED_EDGE('',*,*,#2641,.T.);
#1532=ORIENTED_EDGE('',*,*,#2637,.F.);
#1533=CARTESIAN_POINT('',(0.93439999999992,-3.68954069901154,-2.7669562597518));
#1534=DIRECTION('',(0.0,0.998519885496187,-0.0543878503774693));
#1535=DIRECTION('',(-1.0,0.0,0.0));
#1536=ORIENTED_EDGE('',*,*,#2658,.F.);
#1537=ORIENTED_EDGE('',*,*,#2654,.T.);
#1538=ORIENTED_EDGE('',*,*,#2646,.T.);
#1539=ORIENTED_EDGE('',*,*,#2642,.F.);
#1540=CARTESIAN_POINT('',(0.93439999999992,-3.93999999999948,-7.3651999999998));
#1541=DIRECTION('',(0.0,0.0,-1.0));
#1542=DIRECTION('',(0.0,-1.0,0.0));
#1543=ORIENTED_EDGE('',*,*,#2633,.F.);
#1544=ORIENTED_EDGE('',*,*,#2657,.T.);
#1545=ORIENTED_EDGE('',*,*,#2659,.T.);
#1546=ORIENTED_EDGE('',*,*,#2644,.F.);
#1547=CARTESIAN_POINT('',(0.93439999999992,4.19000000000102,-7.3651999999998));
#1548=DIRECTION('',(0.0,0.0,-1.0));
#1549=DIRECTION('',(0.0,-1.0,0.0));
#1550=ORIENTED_EDGE('',*,*,#2645,.F.);
#1551=ORIENTED_EDGE('',*,*,#2659,.F.);
#1552=ORIENTED_EDGE('',*,*,#2656,.T.);
#1553=ORIENTED_EDGE('',*,*,#2652,.T.);
#1554=ORIENTED_EDGE('',*,*,#2624,.T.);
#1555=ORIENTED_EDGE('',*,*,#2530,.T.);
#1556=ORIENTED_EDGE('',*,*,#2616,.F.);
#1557=ORIENTED_EDGE('',*,*,#2639,.T.);
#1558=CARTESIAN_POINT('',(0.93439999999992,3.93999999999948,-7.3651999999998));
#1559=DIRECTION('',(0.0,-0.998519885496187,-0.0543878503774693));
#1560=DIRECTION('',(0.0,0.0543878503774693,-0.998519885496187));
#1561=ORIENTED_EDGE('',*,*,#2520,.F.);
#1562=ORIENTED_EDGE('',*,*,#2558,.F.);
#1563=ORIENTED_EDGE('',*,*,#2507,.T.);
#1564=ORIENTED_EDGE('',*,*,#2660,.F.);
#1565=ORIENTED_EDGE('',*,*,#2661,.F.);
#1566=ORIENTED_EDGE('',*,*,#2662,.T.);
#1567=ORIENTED_EDGE('',*,*,#2542,.T.);
#1568=ORIENTED_EDGE('',*,*,#2539,.F.);
#1569=CARTESIAN_POINT('',(3.47439999999992,-3.68954069901154,-2.7669562597518));
#1570=DIRECTION('',(0.0,0.998519885496187,-0.0543878503774693));
#1571=DIRECTION('',(-1.0,0.0,0.0));
#1572=ORIENTED_EDGE('',*,*,#2662,.F.);
#1573=ORIENTED_EDGE('',*,*,#2663,.T.);
#1574=ORIENTED_EDGE('',*,*,#2546,.T.);
#1575=ORIENTED_EDGE('',*,*,#2543,.F.);
#1576=CARTESIAN_POINT('',(3.47439999999992,-3.93999999999948,-7.3651999999998));
#1577=DIRECTION('',(0.0,0.0,-1.0));
#1578=DIRECTION('',(0.0,-1.0,0.0));
#1579=ORIENTED_EDGE('',*,*,#2547,.F.);
#1580=ORIENTED_EDGE('',*,*,#2663,.F.);
#1581=ORIENTED_EDGE('',*,*,#2661,.T.);
#1582=ORIENTED_EDGE('',*,*,#2664,.F.);
#1583=CARTESIAN_POINT('',(2.98439999999934,-4.49999999999978,-7.3651999999998));
#1584=DIRECTION('',(-1.0,0.0,0.0));
#1585=DIRECTION('',(0.0,0.0,1.0));
#1586=ORIENTED_EDGE('',*,*,#2535,.F.);
#1587=ORIENTED_EDGE('',*,*,#2665,.F.);
#1588=ORIENTED_EDGE('',*,*,#2511,.T.);
#1589=ORIENTED_EDGE('',*,*,#2666,.F.);
#1590=CARTESIAN_POINT('',(2.98439999999934,-4.49999999999978,-7.3651999999998));
#1591=DIRECTION('',(-1.0,0.0,0.0));
#1592=DIRECTION('',(0.0,0.0,1.0));
#1593=ORIENTED_EDGE('',*,*,#2660,.T.);
#1594=ORIENTED_EDGE('',*,*,#2506,.F.);
#1595=ORIENTED_EDGE('',*,*,#2548,.F.);
#1596=ORIENTED_EDGE('',*,*,#2664,.T.);
#1597=CARTESIAN_POINT('',(2.98439999999934,-4.49999999999978,-4.6752000000004));
#1598=DIRECTION('',(-0.922375671865694,0.0,0.386294084798498));
#1599=DIRECTION('',(0.0,1.0,0.0));
#1600=ORIENTED_EDGE('',*,*,#2510,.T.);
#1601=ORIENTED_EDGE('',*,*,#2503,.F.);
#1602=ORIENTED_EDGE('',*,*,#2536,.F.);
#1603=ORIENTED_EDGE('',*,*,#2666,.T.);
#1604=CARTESIAN_POINT('',(2.98439999999934,-4.49999999999978,-4.6752000000004));
#1605=DIRECTION('',(-0.922375671865694,0.0,0.386294084798498));
#1606=DIRECTION('',(0.0,1.0,0.0));
#1607=ORIENTED_EDGE('',*,*,#2512,.F.);
#1608=ORIENTED_EDGE('',*,*,#2665,.T.);
#1609=ORIENTED_EDGE('',*,*,#2534,.T.);
#1610=ORIENTED_EDGE('',*,*,#2545,.F.);
#1611=CARTESIAN_POINT('',(3.47439999999992,4.19000000000102,-7.3651999999998));
#1612=DIRECTION('',(0.0,0.0,-1.0));
#1613=DIRECTION('',(0.0,-1.0,0.0));
#1614=ORIENTED_EDGE('',*,*,#2667,.T.);
#1615=ORIENTED_EDGE('',*,*,#2406,.F.);
#1616=ORIENTED_EDGE('',*,*,#2668,.F.);
#1617=CARTESIAN_POINT('',(-1.70060000000046,0.0,0.0));
#1618=DIRECTION('',(-1.0,0.0,0.0));
#1619=DIRECTION('',(0.0,0.0,1.0));
#1620=ORIENTED_EDGE('',*,*,#2412,.F.);
#1621=ORIENTED_EDGE('',*,*,#2669,.T.);
#1622=ORIENTED_EDGE('',*,*,#2670,.T.);
#1623=ORIENTED_EDGE('',*,*,#2671,.T.);
#1624=ORIENTED_EDGE('',*,*,#2672,.T.);
#1625=CARTESIAN_POINT('',(-1.70060000000046,0.0,0.0));
#1626=DIRECTION('',(-1.0,0.0,0.0));
#1627=DIRECTION('',(0.0,0.0,1.0));
#1628=ORIENTED_EDGE('',*,*,#2673,.F.);
#1629=ORIENTED_EDGE('',*,*,#2668,.T.);
#1630=ORIENTED_EDGE('',*,*,#2674,.T.);
#1631=ORIENTED_EDGE('',*,*,#2675,.T.);
#1632=ORIENTED_EDGE('',*,*,#2676,.F.);
#1633=ORIENTED_EDGE('',*,*,#2677,.F.);
#1634=CARTESIAN_POINT('',(-1.70060000000046,-1.14499999999999,-1.00000000000006));
#1635=DIRECTION('',(0.0,-1.0,0.0));
#1636=DIRECTION('',(0.0,0.0,-1.0));
#1637=ORIENTED_EDGE('',*,*,#2408,.T.);
#1638=ORIENTED_EDGE('',*,*,#2678,.F.);
#1639=ORIENTED_EDGE('',*,*,#2677,.T.);
#1640=CARTESIAN_POINT('',(-3.10059999999918,0.0,0.0));
#1641=DIRECTION('',(-1.0,0.0,0.0));
#1642=DIRECTION('',(0.0,0.0,1.0));
#1643=ORIENTED_EDGE('',*,*,#2679,.F.);
#1644=ORIENTED_EDGE('',*,*,#2680,.F.);
#1645=ORIENTED_EDGE('',*,*,#2681,.F.);
#1646=ORIENTED_EDGE('',*,*,#2410,.T.);
#1647=ORIENTED_EDGE('',*,*,#2682,.F.);
#1648=CARTESIAN_POINT('',(-3.10059999999918,0.0,0.0));
#1649=DIRECTION('',(-1.0,0.0,0.0));
#1650=DIRECTION('',(0.0,0.0,1.0));
#1651=ORIENTED_EDGE('',*,*,#2678,.T.);
#1652=ORIENTED_EDGE('',*,*,#2407,.F.);
#1653=ORIENTED_EDGE('',*,*,#2667,.F.);
#1654=ORIENTED_EDGE('',*,*,#2673,.T.);
#1655=CARTESIAN_POINT('',(-3.10059999999918,-1.14499999999999,-0.435899453238212));
#1656=DIRECTION('',(0.0,-0.500000000000017,-0.866025403784429));
#1657=DIRECTION('',(0.0,-0.866025403784429,0.500000000000017));
#1658=ORIENTED_EDGE('',*,*,#2683,.F.);
#1659=ORIENTED_EDGE('',*,*,#2684,.F.);
#1660=ORIENTED_EDGE('',*,*,#2685,.T.);
#1661=ORIENTED_EDGE('',*,*,#2672,.F.);
#1662=ORIENTED_EDGE('',*,*,#2686,.T.);
#1663=ORIENTED_EDGE('',*,*,#2682,.T.);
#1664=CARTESIAN_POINT('',(-1.70060000000046,-0.15499999999999,0.990000000000104));
#1665=DIRECTION('',(-0.0,1.0,0.0));
#1666=DIRECTION('',(1.0,0.0,0.0));
#1667=ORIENTED_EDGE('',*,*,#2671,.F.);
#1668=ORIENTED_EDGE('',*,*,#2687,.F.);
#1669=ORIENTED_EDGE('',*,*,#2679,.T.);
#1670=ORIENTED_EDGE('',*,*,#2686,.F.);
#1671=CARTESIAN_POINT('',(-3.10059999999918,1.14499999999999,-1.00000000000006));
#1672=DIRECTION('',(0.0,0.0,-1.0));
#1673=DIRECTION('',(0.0,-1.0,0.0));
#1674=ORIENTED_EDGE('',*,*,#2687,.T.);
#1675=ORIENTED_EDGE('',*,*,#2670,.F.);
#1676=ORIENTED_EDGE('',*,*,#2688,.F.);
#1677=ORIENTED_EDGE('',*,*,#2680,.T.);
#1678=CARTESIAN_POINT('',(-3.10059999999918,1.14499999999999,-0.435899453238212));
#1679=DIRECTION('',(-0.0,1.0,0.0));
#1680=DIRECTION('',(1.0,0.0,0.0));
#1681=ORIENTED_EDGE('',*,*,#2681,.T.);
#1682=ORIENTED_EDGE('',*,*,#2688,.T.);
#1683=ORIENTED_EDGE('',*,*,#2669,.F.);
#1684=ORIENTED_EDGE('',*,*,#2411,.T.);
#1685=CARTESIAN_POINT('',(-3.10059999999918,1.90000000000002,0.0));
#1686=DIRECTION('',(0.0,0.500000000000017,-0.866025403784429));
#1687=DIRECTION('',(-1.0,0.0,0.0));
#1688=ORIENTED_EDGE('',*,*,#2685,.F.);
#1689=ORIENTED_EDGE('',*,*,#2689,.F.);
#1690=ORIENTED_EDGE('',*,*,#2674,.F.);
#1691=ORIENTED_EDGE('',*,*,#2405,.T.);
#1692=CARTESIAN_POINT('',(-1.70060000000046,0.0,0.0));
#1693=DIRECTION('',(-1.0,0.0,0.0));
#1694=DIRECTION('',(0.0,0.0,1.0));
#1695=ORIENTED_EDGE('',*,*,#2684,.T.);
#1696=ORIENTED_EDGE('',*,*,#2690,.F.);
#1697=ORIENTED_EDGE('',*,*,#2675,.F.);
#1698=ORIENTED_EDGE('',*,*,#2689,.T.);
#1699=CARTESIAN_POINT('',(-1.70060000000046,-1.14499999999999,0.990000000000104));
#1700=DIRECTION('',(0.0,0.0,1.0));
#1701=DIRECTION('',(1.0,0.0,0.0));
#1702=ORIENTED_EDGE('',*,*,#2676,.T.);
#1703=ORIENTED_EDGE('',*,*,#2690,.T.);
#1704=ORIENTED_EDGE('',*,*,#2683,.T.);
#1705=ORIENTED_EDGE('',*,*,#2409,.F.);
#1706=CARTESIAN_POINT('',(-3.10059999999918,0.0,0.0));
#1707=DIRECTION('',(-1.0,0.0,0.0));
#1708=DIRECTION('',(0.0,0.0,1.0));
#1709=ORIENTED_EDGE('',*,*,#2691,.T.);
#1710=ORIENTED_EDGE('',*,*,#2414,.T.);
#1711=ORIENTED_EDGE('',*,*,#2692,.F.);
#1712=CARTESIAN_POINT('',(0.839399999999538,0.0,0.0));
#1713=DIRECTION('',(-1.0,0.0,0.0));
#1714=DIRECTION('',(0.0,0.0,1.0));
#1715=ORIENTED_EDGE('',*,*,#2420,.T.);
#1716=ORIENTED_EDGE('',*,*,#2693,.T.);
#1717=ORIENTED_EDGE('',*,*,#2694,.T.);
#1718=ORIENTED_EDGE('',*,*,#2695,.T.);
#1719=ORIENTED_EDGE('',*,*,#2696,.T.);
#1720=CARTESIAN_POINT('',(0.839399999999538,0.0,0.0));
#1721=DIRECTION('',(-1.0,0.0,0.0));
#1722=DIRECTION('',(0.0,0.0,1.0));
#1723=ORIENTED_EDGE('',*,*,#2697,.T.);
#1724=ORIENTED_EDGE('',*,*,#2698,.F.);
#1725=ORIENTED_EDGE('',*,*,#2699,.F.);
#1726=ORIENTED_EDGE('',*,*,#2700,.F.);
#1727=ORIENTED_EDGE('',*,*,#2692,.T.);
#1728=ORIENTED_EDGE('',*,*,#2701,.T.);
#1729=CARTESIAN_POINT('',(0.839399999999538,-1.14499999999999,-1.00000000000006));
#1730=DIRECTION('',(0.0,-1.0,0.0));
#1731=DIRECTION('',(0.0,0.0,-1.0));
#1732=ORIENTED_EDGE('',*,*,#2413,.T.);
#1733=ORIENTED_EDGE('',*,*,#2702,.F.);
#1734=ORIENTED_EDGE('',*,*,#2703,.F.);
#1735=ORIENTED_EDGE('',*,*,#2701,.F.);
#1736=CARTESIAN_POINT('',(0.839399999999538,0.0,0.0));
#1737=DIRECTION('',(-1.0,0.0,0.0));
#1738=DIRECTION('',(0.0,0.0,1.0));
#1739=ORIENTED_EDGE('',*,*,#2704,.T.);
#1740=ORIENTED_EDGE('',*,*,#2705,.F.);
#1741=ORIENTED_EDGE('',*,*,#2697,.F.);
#1742=ORIENTED_EDGE('',*,*,#2703,.T.);
#1743=CARTESIAN_POINT('',(0.839399999999538,-1.14499999999999,0.990000000000104));
#1744=DIRECTION('',(0.0,0.0,1.0));
#1745=DIRECTION('',(1.0,0.0,0.0));
#1746=ORIENTED_EDGE('',*,*,#2705,.T.);
#1747=ORIENTED_EDGE('',*,*,#2706,.T.);
#1748=ORIENTED_EDGE('',*,*,#2417,.F.);
#1749=ORIENTED_EDGE('',*,*,#2698,.T.);
#1750=CARTESIAN_POINT('',(-0.560599999999942,0.0,0.0));
#1751=DIRECTION('',(-1.0,0.0,0.0));
#1752=DIRECTION('',(0.0,0.0,1.0));
#1753=ORIENTED_EDGE('',*,*,#2696,.F.);
#1754=ORIENTED_EDGE('',*,*,#2707,.T.);
#1755=ORIENTED_EDGE('',*,*,#2708,.T.);
#1756=ORIENTED_EDGE('',*,*,#2706,.F.);
#1757=ORIENTED_EDGE('',*,*,#2704,.F.);
#1758=ORIENTED_EDGE('',*,*,#2702,.T.);
#1759=CARTESIAN_POINT('',(0.839399999999538,-0.15499999999999,0.990000000000104));
#1760=DIRECTION('',(-0.0,1.0,0.0));
#1761=DIRECTION('',(1.0,0.0,0.0));
#1762=ORIENTED_EDGE('',*,*,#2416,.F.);
#1763=ORIENTED_EDGE('',*,*,#2709,.F.);
#1764=ORIENTED_EDGE('',*,*,#2699,.T.);
#1765=CARTESIAN_POINT('',(-0.560599999999942,0.0,0.0));
#1766=DIRECTION('',(-1.0,0.0,0.0));
#1767=DIRECTION('',(0.0,0.0,1.0));
#1768=ORIENTED_EDGE('',*,*,#2710,.F.);
#1769=ORIENTED_EDGE('',*,*,#2711,.F.);
#1770=ORIENTED_EDGE('',*,*,#2712,.F.);
#1771=ORIENTED_EDGE('',*,*,#2418,.F.);
#1772=ORIENTED_EDGE('',*,*,#2708,.F.);
#1773=CARTESIAN_POINT('',(-0.560599999999942,0.0,0.0));
#1774=DIRECTION('',(-1.0,0.0,0.0));
#1775=DIRECTION('',(0.0,0.0,1.0));
#1776=ORIENTED_EDGE('',*,*,#2709,.T.);
#1777=ORIENTED_EDGE('',*,*,#2415,.F.);
#1778=ORIENTED_EDGE('',*,*,#2691,.F.);
#1779=ORIENTED_EDGE('',*,*,#2700,.T.);
#1780=CARTESIAN_POINT('',(-0.560599999999942,-1.14499999999999,-0.435899453238212));
#1781=DIRECTION('',(0.0,-0.500000000000017,-0.866025403784429));
#1782=DIRECTION('',(0.0,-0.866025403784429,0.500000000000017));
#1783=ORIENTED_EDGE('',*,*,#2713,.T.);
#1784=ORIENTED_EDGE('',*,*,#2693,.F.);
#1785=ORIENTED_EDGE('',*,*,#2419,.T.);
#1786=ORIENTED_EDGE('',*,*,#2712,.T.);
#1787=CARTESIAN_POINT('',(-0.560599999999942,1.90000000000002,0.0));
#1788=DIRECTION('',(0.0,0.500000000000017,-0.866025403784429));
#1789=DIRECTION('',(-1.0,0.0,0.0));
#1790=ORIENTED_EDGE('',*,*,#2714,.T.);
#1791=ORIENTED_EDGE('',*,*,#2694,.F.);
#1792=ORIENTED_EDGE('',*,*,#2713,.F.);
#1793=ORIENTED_EDGE('',*,*,#2711,.T.);
#1794=CARTESIAN_POINT('',(-0.560599999999942,1.14499999999999,-0.435899453238212));
#1795=DIRECTION('',(-0.0,1.0,0.0));
#1796=DIRECTION('',(1.0,0.0,0.0));
#1797=ORIENTED_EDGE('',*,*,#2695,.F.);
#1798=ORIENTED_EDGE('',*,*,#2714,.F.);
#1799=ORIENTED_EDGE('',*,*,#2710,.T.);
#1800=ORIENTED_EDGE('',*,*,#2707,.F.);
#1801=CARTESIAN_POINT('',(-0.560599999999942,1.14499999999999,-1.00000000000006));
#1802=DIRECTION('',(0.0,0.0,-1.0));
#1803=DIRECTION('',(0.0,-1.0,0.0));
#1804=ORIENTED_EDGE('',*,*,#2715,.T.);
#1805=ORIENTED_EDGE('',*,*,#2422,.T.);
#1806=ORIENTED_EDGE('',*,*,#2716,.F.);
#1807=CARTESIAN_POINT('',(3.3794000000003,0.0,0.0));
#1808=DIRECTION('',(-1.0,0.0,0.0));
#1809=DIRECTION('',(0.0,0.0,1.0));
#1810=ORIENTED_EDGE('',*,*,#2428,.T.);
#1811=ORIENTED_EDGE('',*,*,#2717,.T.);
#1812=ORIENTED_EDGE('',*,*,#2718,.T.);
#1813=ORIENTED_EDGE('',*,*,#2719,.T.);
#1814=ORIENTED_EDGE('',*,*,#2720,.T.);
#1815=CARTESIAN_POINT('',(3.3794000000003,0.0,0.0));
#1816=DIRECTION('',(-1.0,0.0,0.0));
#1817=DIRECTION('',(0.0,0.0,1.0));
#1818=ORIENTED_EDGE('',*,*,#2721,.T.);
#1819=ORIENTED_EDGE('',*,*,#2722,.F.);
#1820=ORIENTED_EDGE('',*,*,#2723,.F.);
#1821=ORIENTED_EDGE('',*,*,#2724,.F.);
#1822=ORIENTED_EDGE('',*,*,#2716,.T.);
#1823=ORIENTED_EDGE('',*,*,#2725,.T.);
#1824=CARTESIAN_POINT('',(3.3794000000003,-1.14499999999999,-1.00000000000006));
#1825=DIRECTION('',(0.0,-1.0,0.0));
#1826=DIRECTION('',(0.0,0.0,-1.0));
#1827=ORIENTED_EDGE('',*,*,#2421,.T.);
#1828=ORIENTED_EDGE('',*,*,#2726,.F.);
#1829=ORIENTED_EDGE('',*,*,#2727,.F.);
#1830=ORIENTED_EDGE('',*,*,#2725,.F.);
#1831=CARTESIAN_POINT('',(3.3794000000003,0.0,0.0));
#1832=DIRECTION('',(-1.0,0.0,0.0));
#1833=DIRECTION('',(0.0,0.0,1.0));
#1834=ORIENTED_EDGE('',*,*,#2728,.T.);
#1835=ORIENTED_EDGE('',*,*,#2729,.F.);
#1836=ORIENTED_EDGE('',*,*,#2721,.F.);
#1837=ORIENTED_EDGE('',*,*,#2727,.T.);
#1838=CARTESIAN_POINT('',(3.3794000000003,-1.14499999999999,0.990000000000104));
#1839=DIRECTION('',(0.0,0.0,1.0));
#1840=DIRECTION('',(1.0,0.0,0.0));
#1841=ORIENTED_EDGE('',*,*,#2729,.T.);
#1842=ORIENTED_EDGE('',*,*,#2730,.T.);
#1843=ORIENTED_EDGE('',*,*,#2425,.F.);
#1844=ORIENTED_EDGE('',*,*,#2722,.T.);
#1845=CARTESIAN_POINT('',(1.97940000000006,0.0,0.0));
#1846=DIRECTION('',(-1.0,0.0,0.0));
#1847=DIRECTION('',(0.0,0.0,1.0));
#1848=ORIENTED_EDGE('',*,*,#2720,.F.);
#1849=ORIENTED_EDGE('',*,*,#2731,.T.);
#1850=ORIENTED_EDGE('',*,*,#2732,.T.);
#1851=ORIENTED_EDGE('',*,*,#2730,.F.);
#1852=ORIENTED_EDGE('',*,*,#2728,.F.);
#1853=ORIENTED_EDGE('',*,*,#2726,.T.);
#1854=CARTESIAN_POINT('',(3.3794000000003,-0.15499999999999,0.990000000000104));
#1855=DIRECTION('',(-0.0,1.0,0.0));
#1856=DIRECTION('',(1.0,0.0,0.0));
#1857=ORIENTED_EDGE('',*,*,#2424,.F.);
#1858=ORIENTED_EDGE('',*,*,#2733,.F.);
#1859=ORIENTED_EDGE('',*,*,#2723,.T.);
#1860=CARTESIAN_POINT('',(1.97940000000006,0.0,0.0));
#1861=DIRECTION('',(-1.0,0.0,0.0));
#1862=DIRECTION('',(0.0,0.0,1.0));
#1863=ORIENTED_EDGE('',*,*,#2734,.F.);
#1864=ORIENTED_EDGE('',*,*,#2735,.F.);
#1865=ORIENTED_EDGE('',*,*,#2736,.F.);
#1866=ORIENTED_EDGE('',*,*,#2426,.F.);
#1867=ORIENTED_EDGE('',*,*,#2732,.F.);
#1868=CARTESIAN_POINT('',(1.97940000000006,0.0,0.0));
#1869=DIRECTION('',(-1.0,0.0,0.0));
#1870=DIRECTION('',(0.0,0.0,1.0));
#1871=ORIENTED_EDGE('',*,*,#2733,.T.);
#1872=ORIENTED_EDGE('',*,*,#2423,.F.);
#1873=ORIENTED_EDGE('',*,*,#2715,.F.);
#1874=ORIENTED_EDGE('',*,*,#2724,.T.);
#1875=CARTESIAN_POINT('',(1.97940000000006,-1.14499999999999,-0.435899453238212));
#1876=DIRECTION('',(0.0,-0.500000000000017,-0.866025403784429));
#1877=DIRECTION('',(0.0,-0.866025403784429,0.500000000000017));
#1878=ORIENTED_EDGE('',*,*,#2737,.T.);
#1879=ORIENTED_EDGE('',*,*,#2717,.F.);
#1880=ORIENTED_EDGE('',*,*,#2427,.T.);
#1881=ORIENTED_EDGE('',*,*,#2736,.T.);
#1882=CARTESIAN_POINT('',(1.97940000000006,1.90000000000002,0.0));
#1883=DIRECTION('',(0.0,0.500000000000017,-0.866025403784429));
#1884=DIRECTION('',(-1.0,0.0,0.0));
#1885=ORIENTED_EDGE('',*,*,#2738,.T.);
#1886=ORIENTED_EDGE('',*,*,#2718,.F.);
#1887=ORIENTED_EDGE('',*,*,#2737,.F.);
#1888=ORIENTED_EDGE('',*,*,#2735,.T.);
#1889=CARTESIAN_POINT('',(1.97940000000006,1.14499999999999,-0.435899453238212));
#1890=DIRECTION('',(-0.0,1.0,0.0));
#1891=DIRECTION('',(1.0,0.0,0.0));
#1892=ORIENTED_EDGE('',*,*,#2719,.F.);
#1893=ORIENTED_EDGE('',*,*,#2738,.F.);
#1894=ORIENTED_EDGE('',*,*,#2734,.T.);
#1895=ORIENTED_EDGE('',*,*,#2731,.F.);
#1896=CARTESIAN_POINT('',(1.97940000000006,1.14499999999999,-1.00000000000006));
#1897=DIRECTION('',(0.0,0.0,-1.0));
#1898=DIRECTION('',(0.0,-1.0,0.0));
#1899=ORIENTED_EDGE('',*,*,#2739,.T.);
#1900=ORIENTED_EDGE('',*,*,#2740,.F.);
#1901=ORIENTED_EDGE('',*,*,#2741,.F.);
#1902=ORIENTED_EDGE('',*,*,#2435,.T.);
#1903=CARTESIAN_POINT('',(-2.0701,-3.175,0.0));
#1904=DIRECTION('',(1.0,0.0,0.0));
#1905=DIRECTION('',(0.0,1.0,0.0));
#1906=ORIENTED_EDGE('',*,*,#2741,.T.);
#1907=ORIENTED_EDGE('',*,*,#2742,.F.);
#1908=ORIENTED_EDGE('',*,*,#2743,.F.);
#1909=ORIENTED_EDGE('',*,*,#2429,.T.);
#1910=CARTESIAN_POINT('',(-2.16535,-3.175,0.0));
#1911=DIRECTION('',(0.0,-1.0,0.0));
#1912=DIRECTION('',(0.0,0.0,-1.0));
#1913=ORIENTED_EDGE('',*,*,#2743,.T.);
#1914=ORIENTED_EDGE('',*,*,#2744,.F.);
#1915=ORIENTED_EDGE('',*,*,#2745,.F.);
#1916=ORIENTED_EDGE('',*,*,#2430,.T.);
#1917=CARTESIAN_POINT('',(-2.16535,-2.542702112198,0.0));
#1918=DIRECTION('',(-1.0,0.0,0.0));
#1919=DIRECTION('',(0.0,0.0,1.0));
#1920=ORIENTED_EDGE('',*,*,#2745,.T.);
#1921=ORIENTED_EDGE('',*,*,#2746,.F.);
#1922=ORIENTED_EDGE('',*,*,#2747,.F.);
#1923=ORIENTED_EDGE('',*,*,#2431,.T.);
#1924=CARTESIAN_POINT('',(-2.2606,-2.65619150579026,0.0));
#1925=DIRECTION('',(0.765974342782488,-0.64287114276419,0.0));
#1926=DIRECTION('',(0.0,0.0,-1.0));
#1927=ORIENTED_EDGE('',*,*,#2747,.T.);
#1928=ORIENTED_EDGE('',*,*,#2748,.F.);
#1929=ORIENTED_EDGE('',*,*,#2749,.F.);
#1930=ORIENTED_EDGE('',*,*,#2432,.T.);
#1931=CARTESIAN_POINT('',(-2.2606,-2.52648934817325,0.0));
#1932=DIRECTION('',(-1.0,0.0,0.0));
#1933=DIRECTION('',(0.0,0.0,1.0));
#1934=ORIENTED_EDGE('',*,*,#2749,.T.);
#1935=ORIENTED_EDGE('',*,*,#2750,.F.);
#1936=ORIENTED_EDGE('',*,*,#2751,.F.);
#1937=ORIENTED_EDGE('',*,*,#2433,.T.);
#1938=CARTESIAN_POINT('',(-2.16535,-2.413,0.0));
#1939=DIRECTION('',(-0.765974216092578,0.642871293713882,0.0));
#1940=DIRECTION('',(0.0,0.0,1.0));
#1941=ORIENTED_EDGE('',*,*,#2751,.T.);
#1942=ORIENTED_EDGE('',*,*,#2752,.F.);
#1943=ORIENTED_EDGE('',*,*,#2739,.F.);
#1944=ORIENTED_EDGE('',*,*,#2434,.T.);
#1945=CARTESIAN_POINT('',(-2.0701,-2.413,0.0));
#1946=DIRECTION('',(-0.0,1.0,0.0));
#1947=DIRECTION('',(1.0,0.0,0.0));
#1948=ORIENTED_EDGE('',*,*,#2752,.T.);
#1949=ORIENTED_EDGE('',*,*,#2750,.T.);
#1950=ORIENTED_EDGE('',*,*,#2748,.T.);
#1951=ORIENTED_EDGE('',*,*,#2746,.T.);
#1952=ORIENTED_EDGE('',*,*,#2744,.T.);
#1953=ORIENTED_EDGE('',*,*,#2742,.T.);
#1954=ORIENTED_EDGE('',*,*,#2740,.T.);
#1955=CARTESIAN_POINT('',(-4.8006,0.0,-0.127));
#1956=DIRECTION('',(0.0,0.0,1.0));
#1957=DIRECTION('',(1.0,0.0,0.0));
#1958=ORIENTED_EDGE('',*,*,#2753,.T.);
#1959=ORIENTED_EDGE('',*,*,#2754,.T.);
#1960=ORIENTED_EDGE('',*,*,#2755,.T.);
#1961=ORIENTED_EDGE('',*,*,#2756,.T.);
#1962=ORIENTED_EDGE('',*,*,#2757,.T.);
#1963=ORIENTED_EDGE('',*,*,#2758,.T.);
#1964=ORIENTED_EDGE('',*,*,#2759,.T.);
#1965=ORIENTED_EDGE('',*,*,#2760,.T.);
#1966=ORIENTED_EDGE('',*,*,#2761,.T.);
#1967=ORIENTED_EDGE('',*,*,#2762,.T.);
#1968=ORIENTED_EDGE('',*,*,#2763,.T.);
#1969=ORIENTED_EDGE('',*,*,#2764,.T.);
#1970=ORIENTED_EDGE('',*,*,#2765,.T.);
#1971=ORIENTED_EDGE('',*,*,#2766,.T.);
#1972=ORIENTED_EDGE('',*,*,#2767,.T.);
#1973=ORIENTED_EDGE('',*,*,#2768,.T.);
#1974=ORIENTED_EDGE('',*,*,#2769,.T.);
#1975=ORIENTED_EDGE('',*,*,#2770,.T.);
#1976=ORIENTED_EDGE('',*,*,#2771,.T.);
#1977=ORIENTED_EDGE('',*,*,#2772,.T.);
#1978=ORIENTED_EDGE('',*,*,#2773,.T.);
#1979=ORIENTED_EDGE('',*,*,#2774,.T.);
#1980=ORIENTED_EDGE('',*,*,#2775,.T.);
#1981=ORIENTED_EDGE('',*,*,#2776,.T.);
#1982=ORIENTED_EDGE('',*,*,#2777,.T.);
#1983=ORIENTED_EDGE('',*,*,#2778,.T.);
#1984=ORIENTED_EDGE('',*,*,#2779,.T.);
#1985=ORIENTED_EDGE('',*,*,#2780,.T.);
#1986=ORIENTED_EDGE('',*,*,#2781,.T.);
#1987=ORIENTED_EDGE('',*,*,#2782,.T.);
#1988=ORIENTED_EDGE('',*,*,#2783,.T.);
#1989=ORIENTED_EDGE('',*,*,#2784,.T.);
#1990=ORIENTED_EDGE('',*,*,#2785,.T.);
#1991=ORIENTED_EDGE('',*,*,#2786,.T.);
#1992=ORIENTED_EDGE('',*,*,#2787,.T.);
#1993=ORIENTED_EDGE('',*,*,#2788,.T.);
#1994=ORIENTED_EDGE('',*,*,#2789,.T.);
#1995=ORIENTED_EDGE('',*,*,#2790,.T.);
#1996=ORIENTED_EDGE('',*,*,#2791,.T.);
#1997=ORIENTED_EDGE('',*,*,#2792,.T.);
#1998=ORIENTED_EDGE('',*,*,#2793,.T.);
#1999=ORIENTED_EDGE('',*,*,#2794,.T.);
#2000=ORIENTED_EDGE('',*,*,#2795,.T.);
#2001=ORIENTED_EDGE('',*,*,#2796,.T.);
#2002=CARTESIAN_POINT('',(-4.8006,0.0,-0.127));
#2003=DIRECTION('',(0.0,0.0,1.0));
#2004=DIRECTION('',(1.0,0.0,0.0));
#2005=ORIENTED_EDGE('',*,*,#2797,.T.);
#2006=ORIENTED_EDGE('',*,*,#2798,.T.);
#2007=ORIENTED_EDGE('',*,*,#2799,.T.);
#2008=ORIENTED_EDGE('',*,*,#2800,.T.);
#2009=ORIENTED_EDGE('',*,*,#2801,.T.);
#2010=ORIENTED_EDGE('',*,*,#2802,.T.);
#2011=ORIENTED_EDGE('',*,*,#2803,.T.);
#2012=ORIENTED_EDGE('',*,*,#2804,.T.);
#2013=ORIENTED_EDGE('',*,*,#2805,.T.);
#2014=ORIENTED_EDGE('',*,*,#2806,.T.);
#2015=CARTESIAN_POINT('',(-4.8006,0.0,-0.127));
#2016=DIRECTION('',(0.0,0.0,1.0));
#2017=DIRECTION('',(1.0,0.0,0.0));
#2018=ORIENTED_EDGE('',*,*,#2807,.T.);
#2019=ORIENTED_EDGE('',*,*,#2776,.F.);
#2020=ORIENTED_EDGE('',*,*,#2808,.F.);
#2021=ORIENTED_EDGE('',*,*,#2459,.T.);
#2022=CARTESIAN_POINT('',(-4.0385999924308,3.302,0.0));
#2023=DIRECTION('',(-0.200123345899402,0.979770711149312,0.0));
#2024=DIRECTION('',(0.0,0.0,1.0));
#2025=ORIENTED_EDGE('',*,*,#2808,.T.);
#2026=ORIENTED_EDGE('',*,*,#2775,.F.);
#2027=ORIENTED_EDGE('',*,*,#2809,.F.);
#2028=ORIENTED_EDGE('',*,*,#2436,.T.);
#2029=CARTESIAN_POINT('',(-3.9116,3.302,0.0));
#2030=DIRECTION('',(-0.0,1.0,0.0));
#2031=DIRECTION('',(1.0,0.0,0.0));
#2032=ORIENTED_EDGE('',*,*,#2809,.T.);
#2033=ORIENTED_EDGE('',*,*,#2774,.F.);
#2034=ORIENTED_EDGE('',*,*,#2810,.F.);
#2035=ORIENTED_EDGE('',*,*,#2437,.T.);
#2036=CARTESIAN_POINT('',(-3.8322249848616,3.28578723597652,0.0));
#2037=DIRECTION('',(0.200123318418007,0.979770716762532,0.0));
#2038=DIRECTION('',(0.0,0.0,-1.0));
#2039=ORIENTED_EDGE('',*,*,#2810,.T.);
#2040=ORIENTED_EDGE('',*,*,#2773,.F.);
#2041=ORIENTED_EDGE('',*,*,#2811,.F.);
#2042=ORIENTED_EDGE('',*,*,#2438,.T.);
#2043=CARTESIAN_POINT('',(-3.768725,3.25336170792702,0.0));
#2044=DIRECTION('',(0.454777199549793,0.890605242949786,0.0));
#2045=DIRECTION('',(0.0,0.0,-1.0));
#2046=ORIENTED_EDGE('',*,*,#2811,.T.);
#2047=ORIENTED_EDGE('',*,*,#2772,.F.);
#2048=ORIENTED_EDGE('',*,*,#2812,.F.);
#2049=ORIENTED_EDGE('',*,*,#2439,.T.);
#2050=CARTESIAN_POINT('',(-3.7052250151384,3.18851065182802,0.0));
#2051=DIRECTION('',(0.714510468185125,0.699624750029524,0.0));
#2052=DIRECTION('',(0.0,0.0,-1.0));
#2053=ORIENTED_EDGE('',*,*,#2812,.T.);
#2054=ORIENTED_EDGE('',*,*,#2771,.F.);
#2055=ORIENTED_EDGE('',*,*,#2813,.F.);
#2056=ORIENTED_EDGE('',*,*,#2440,.T.);
#2057=CARTESIAN_POINT('',(-3.673475,3.12365959572902,0.0));
#2058=DIRECTION('',(0.898138014366625,0.439713664956612,0.0));
#2059=DIRECTION('',(0.0,0.0,-1.0));
#2060=ORIENTED_EDGE('',*,*,#2813,.T.);
#2061=ORIENTED_EDGE('',*,*,#2770,.F.);
#2062=ORIENTED_EDGE('',*,*,#2814,.F.);
#2063=ORIENTED_EDGE('',*,*,#2441,.T.);
#2064=CARTESIAN_POINT('',(-3.6576000151384,3.04259573018626,0.0));
#2065=DIRECTION('',(0.981359189367733,0.192182573204506,0.0));
#2066=DIRECTION('',(0.0,0.0,-1.0));
#2067=ORIENTED_EDGE('',*,*,#2814,.T.);
#2068=ORIENTED_EDGE('',*,*,#2769,.F.);
#2069=ORIENTED_EDGE('',*,*,#2815,.F.);
#2070=ORIENTED_EDGE('',*,*,#2442,.T.);
#2071=CARTESIAN_POINT('',(-3.6576000151384,2.79940424710614,0.0));
#2072=DIRECTION('',(1.0,0.0,0.0));
#2073=DIRECTION('',(0.0,1.0,0.0));
#2074=ORIENTED_EDGE('',*,*,#2815,.T.);
#2075=ORIENTED_EDGE('',*,*,#2768,.F.);
#2076=ORIENTED_EDGE('',*,*,#2816,.F.);
#2077=ORIENTED_EDGE('',*,*,#2443,.T.);
#2078=CARTESIAN_POINT('',(-3.673475,2.71834042698112,0.0));
#2079=DIRECTION('',(0.98135916905988,-0.192182676904296,0.0));
#2080=DIRECTION('',(0.0,0.0,-1.0));
#2081=ORIENTED_EDGE('',*,*,#2816,.T.);
#2082=ORIENTED_EDGE('',*,*,#2767,.F.);
#2083=ORIENTED_EDGE('',*,*,#2817,.F.);
#2084=ORIENTED_EDGE('',*,*,#2444,.T.);
#2085=CARTESIAN_POINT('',(-3.7052250151384,2.65348935952832,0.0));
#2086=DIRECTION('',(0.898138044771331,-0.439713602853415,0.0));
#2087=DIRECTION('',(0.0,0.0,-1.0));
#2088=ORIENTED_EDGE('',*,*,#2817,.T.);
#2089=ORIENTED_EDGE('',*,*,#2766,.F.);
#2090=ORIENTED_EDGE('',*,*,#2818,.F.);
#2091=ORIENTED_EDGE('',*,*,#2445,.T.);
#2092=CARTESIAN_POINT('',(-3.768725,2.58863829775242,0.0));
#2093=DIRECTION('',(0.714510498802455,-0.699624718760756,0.0));
#2094=DIRECTION('',(0.0,0.0,-1.0));
#2095=ORIENTED_EDGE('',*,*,#2818,.T.);
#2096=ORIENTED_EDGE('',*,*,#2765,.F.);
#2097=ORIENTED_EDGE('',*,*,#2819,.F.);
#2098=ORIENTED_EDGE('',*,*,#2446,.T.);
#2099=CARTESIAN_POINT('',(-3.8322249848616,2.55621276544334,0.0));
#2100=DIRECTION('',(0.454777246918104,-0.890605218761708,0.0));
#2101=DIRECTION('',(0.0,0.0,-1.0));
#2102=ORIENTED_EDGE('',*,*,#2819,.T.);
#2103=ORIENTED_EDGE('',*,*,#2764,.F.);
#2104=ORIENTED_EDGE('',*,*,#2820,.F.);
#2105=ORIENTED_EDGE('',*,*,#2447,.T.);
#2106=CARTESIAN_POINT('',(-3.9116,2.54,0.0));
#2107=DIRECTION('',(0.20012333523609,-0.97977071332735,0.0));
#2108=DIRECTION('',(0.0,0.0,-1.0));
#2109=ORIENTED_EDGE('',*,*,#2820,.T.);
#2110=ORIENTED_EDGE('',*,*,#2763,.F.);
#2111=ORIENTED_EDGE('',*,*,#2821,.F.);
#2112=ORIENTED_EDGE('',*,*,#2448,.T.);
#2113=CARTESIAN_POINT('',(-4.0385999924308,2.54,0.0));
#2114=DIRECTION('',(0.0,-1.0,0.0));
#2115=DIRECTION('',(0.0,0.0,-1.0));
#2116=ORIENTED_EDGE('',*,*,#2821,.T.);
#2117=ORIENTED_EDGE('',*,*,#2762,.F.);
#2118=ORIENTED_EDGE('',*,*,#2822,.F.);
#2119=ORIENTED_EDGE('',*,*,#2449,.T.);
#2120=CARTESIAN_POINT('',(-4.1179749962154,2.55621276544334,0.0));
#2121=DIRECTION('',(-0.200123362717409,-0.979770707714145,0.0));
#2122=DIRECTION('',(-0.979770707714145,0.200123362717409,0.0));
#2123=ORIENTED_EDGE('',*,*,#2822,.T.);
#2124=ORIENTED_EDGE('',*,*,#2761,.F.);
#2125=ORIENTED_EDGE('',*,*,#2823,.F.);
#2126=ORIENTED_EDGE('',*,*,#2450,.T.);
#2127=CARTESIAN_POINT('',(-4.1814750037846,2.58863829775242,0.0));
#2128=DIRECTION('',(-0.454777117914896,-0.890605284635691,0.0));
#2129=DIRECTION('',(-0.890605284635691,0.454777117914896,0.0));
#2130=ORIENTED_EDGE('',*,*,#2823,.T.);
#2131=ORIENTED_EDGE('',*,*,#2760,.F.);
#2132=ORIENTED_EDGE('',*,*,#2824,.F.);
#2133=ORIENTED_EDGE('',*,*,#2451,.T.);
#2134=CARTESIAN_POINT('',(-4.244975,2.65348935952832,0.0));
#2135=DIRECTION('',(-0.714510436265001,-0.699624782628801,0.0));
#2136=DIRECTION('',(-0.699624782628801,0.714510436265001,0.0));
#2137=ORIENTED_EDGE('',*,*,#2824,.T.);
#2138=ORIENTED_EDGE('',*,*,#2759,.F.);
#2139=ORIENTED_EDGE('',*,*,#2825,.F.);
#2140=ORIENTED_EDGE('',*,*,#2452,.T.);
#2141=CARTESIAN_POINT('',(-4.27672499952756,2.71834042698112,0.0));
#2142=DIRECTION('',(-0.898138130163244,-0.439713428435921,0.0));
#2143=DIRECTION('',(-0.439713428435921,0.898138130163244,0.0));
#2144=ORIENTED_EDGE('',*,*,#2825,.T.);
#2145=ORIENTED_EDGE('',*,*,#2758,.F.);
#2146=ORIENTED_EDGE('',*,*,#2826,.F.);
#2147=ORIENTED_EDGE('',*,*,#2453,.T.);
#2148=CARTESIAN_POINT('',(-4.2926,2.79940424710614,0.0));
#2149=DIRECTION('',(-0.981359133413016,-0.192182858930903,0.0));
#2150=DIRECTION('',(-0.192182858930903,0.981359133413016,0.0));
#2151=ORIENTED_EDGE('',*,*,#2826,.T.);
#2152=ORIENTED_EDGE('',*,*,#2757,.F.);
#2153=ORIENTED_EDGE('',*,*,#2827,.F.);
#2154=ORIENTED_EDGE('',*,*,#2454,.T.);
#2155=CARTESIAN_POINT('',(-4.2926,3.04259573018626,0.0));
#2156=DIRECTION('',(-1.0,0.0,0.0));
#2157=DIRECTION('',(0.0,0.0,1.0));
#2158=ORIENTED_EDGE('',*,*,#2827,.T.);
#2159=ORIENTED_EDGE('',*,*,#2756,.F.);
#2160=ORIENTED_EDGE('',*,*,#2828,.F.);
#2161=ORIENTED_EDGE('',*,*,#2455,.T.);
#2162=CARTESIAN_POINT('',(-4.27672499952756,3.12365959572902,0.0));
#2163=DIRECTION('',(-0.98135915372091,0.192182755231002,0.0));
#2164=DIRECTION('',(0.0,0.0,1.0));
#2165=ORIENTED_EDGE('',*,*,#2828,.T.);
#2166=ORIENTED_EDGE('',*,*,#2755,.F.);
#2167=ORIENTED_EDGE('',*,*,#2829,.F.);
#2168=ORIENTED_EDGE('',*,*,#2456,.T.);
#2169=CARTESIAN_POINT('',(-4.244975,3.18851065182802,0.0));
#2170=DIRECTION('',(-0.89813809975855,0.439713490539124,0.0));
#2171=DIRECTION('',(0.0,0.0,1.0));
#2172=ORIENTED_EDGE('',*,*,#2829,.T.);
#2173=ORIENTED_EDGE('',*,*,#2754,.F.);
#2174=ORIENTED_EDGE('',*,*,#2830,.F.);
#2175=ORIENTED_EDGE('',*,*,#2457,.T.);
#2176=CARTESIAN_POINT('',(-4.1814750037846,3.25336170792702,0.0));
#2177=DIRECTION('',(-0.714510405647667,0.699624813897568,0.0));
#2178=DIRECTION('',(0.0,0.0,1.0));
#2179=ORIENTED_EDGE('',*,*,#2830,.T.);
#2180=ORIENTED_EDGE('',*,*,#2753,.F.);
#2181=ORIENTED_EDGE('',*,*,#2807,.F.);
#2182=ORIENTED_EDGE('',*,*,#2458,.T.);
#2183=CARTESIAN_POINT('',(-4.1179749962154,3.28578723597652,0.0));
#2184=DIRECTION('',(-0.454777070546502,0.890605308823803,0.0));
#2185=DIRECTION('',(0.0,0.0,1.0));
#2186=ORIENTED_EDGE('',*,*,#2831,.T.);
#2187=ORIENTED_EDGE('',*,*,#2796,.F.);
#2188=ORIENTED_EDGE('',*,*,#2832,.F.);
#2189=ORIENTED_EDGE('',*,*,#2489,.T.);
#2190=CARTESIAN_POINT('',(-4.0385999924308,3.2047234158515,0.0));
#2191=DIRECTION('',(0.0,-1.0,0.0));
#2192=DIRECTION('',(0.0,0.0,-1.0));
#2193=ORIENTED_EDGE('',*,*,#2832,.T.);
#2194=ORIENTED_EDGE('',*,*,#2795,.F.);
#2195=ORIENTED_EDGE('',*,*,#2833,.F.);
#2196=ORIENTED_EDGE('',*,*,#2470,.T.);
#2197=CARTESIAN_POINT('',(-4.1021,3.18851065182802,0.0));
#2198=DIRECTION('',(0.247383189894599,-0.968917724761795,0.0));
#2199=DIRECTION('',(0.0,0.0,-1.0));
#2200=ORIENTED_EDGE('',*,*,#2833,.T.);
#2201=ORIENTED_EDGE('',*,*,#2794,.F.);
#2202=ORIENTED_EDGE('',*,*,#2834,.F.);
#2203=ORIENTED_EDGE('',*,*,#2471,.T.);
#2204=CARTESIAN_POINT('',(-4.149725,3.15608512377852,0.0));
#2205=DIRECTION('',(0.562790931241723,-0.826599278799634,0.0));
#2206=DIRECTION('',(0.0,0.0,-1.0));
#2207=ORIENTED_EDGE('',*,*,#2834,.T.);
#2208=ORIENTED_EDGE('',*,*,#2793,.F.);
#2209=ORIENTED_EDGE('',*,*,#2835,.F.);
#2210=ORIENTED_EDGE('',*,*,#2472,.T.);
#2211=CARTESIAN_POINT('',(-4.1814750037846,3.10744678628526,0.0));
#2212=DIRECTION('',(0.837379324358132,-0.54662223439732,0.0));
#2213=DIRECTION('',(0.0,0.0,-1.0));
#2214=ORIENTED_EDGE('',*,*,#2835,.T.);
#2215=ORIENTED_EDGE('',*,*,#2792,.F.);
#2216=ORIENTED_EDGE('',*,*,#2836,.F.);
#2217=ORIENTED_EDGE('',*,*,#2473,.T.);
#2218=CARTESIAN_POINT('',(-4.19735,3.04259573018626,0.0));
#2219=DIRECTION('',(0.971321166957486,-0.237771298983597,0.0));
#2220=DIRECTION('',(0.0,0.0,-1.0));
#2221=ORIENTED_EDGE('',*,*,#2836,.T.);
#2222=ORIENTED_EDGE('',*,*,#2791,.F.);
#2223=ORIENTED_EDGE('',*,*,#2837,.F.);
#2224=ORIENTED_EDGE('',*,*,#2474,.T.);
#2225=CARTESIAN_POINT('',(-4.19735,2.79940424710614,0.0));
#2226=DIRECTION('',(1.0,0.0,0.0));
#2227=DIRECTION('',(0.0,1.0,0.0));
#2228=ORIENTED_EDGE('',*,*,#2837,.T.);
#2229=ORIENTED_EDGE('',*,*,#2790,.F.);
#2230=ORIENTED_EDGE('',*,*,#2838,.F.);
#2231=ORIENTED_EDGE('',*,*,#2475,.T.);
#2232=CARTESIAN_POINT('',(-4.1814750037846,2.73455319100714,0.0));
#2233=DIRECTION('',(0.971321166957486,0.237771298983597,0.0));
#2234=DIRECTION('',(0.0,0.0,-1.0));
#2235=ORIENTED_EDGE('',*,*,#2838,.T.);
#2236=ORIENTED_EDGE('',*,*,#2789,.F.);
#2237=ORIENTED_EDGE('',*,*,#2839,.F.);
#2238=ORIENTED_EDGE('',*,*,#2476,.T.);
#2239=CARTESIAN_POINT('',(-4.149725,2.68591489893162,0.0));
#2240=DIRECTION('',(0.837379090714679,0.546622592319287,0.0));
#2241=DIRECTION('',(0.0,0.0,-1.0));
#2242=ORIENTED_EDGE('',*,*,#2839,.T.);
#2243=ORIENTED_EDGE('',*,*,#2788,.F.);
#2244=ORIENTED_EDGE('',*,*,#2840,.F.);
#2245=ORIENTED_EDGE('',*,*,#2477,.T.);
#2246=CARTESIAN_POINT('',(-4.1021,2.65348935952832,0.0));
#2247=DIRECTION('',(0.5627910658975,0.8265991871191,0.0));
#2248=DIRECTION('',(0.0,0.0,-1.0));
#2249=ORIENTED_EDGE('',*,*,#2840,.T.);
#2250=ORIENTED_EDGE('',*,*,#2787,.F.);
#2251=ORIENTED_EDGE('',*,*,#2841,.F.);
#2252=ORIENTED_EDGE('',*,*,#2478,.T.);
#2253=CARTESIAN_POINT('',(-4.0385999924308,2.6372765955023,0.0));
#2254=DIRECTION('',(0.247383189894599,0.968917724761795,0.0));
#2255=DIRECTION('',(0.0,0.0,-1.0));
#2256=ORIENTED_EDGE('',*,*,#2841,.T.);
#2257=ORIENTED_EDGE('',*,*,#2786,.F.);
#2258=ORIENTED_EDGE('',*,*,#2842,.F.);
#2259=ORIENTED_EDGE('',*,*,#2479,.T.);
#2260=CARTESIAN_POINT('',(-3.9116,2.6372765955023,0.0));
#2261=DIRECTION('',(-0.0,1.0,0.0));
#2262=DIRECTION('',(1.0,0.0,0.0));
#2263=ORIENTED_EDGE('',*,*,#2842,.T.);
#2264=ORIENTED_EDGE('',*,*,#2785,.F.);
#2265=ORIENTED_EDGE('',*,*,#2843,.F.);
#2266=ORIENTED_EDGE('',*,*,#2480,.T.);
#2267=CARTESIAN_POINT('',(-3.8481000151384,2.65348935952832,0.0));
#2268=DIRECTION('',(-0.247383272951401,0.968917703555804,0.0));
#2269=DIRECTION('',(0.0,0.0,1.0));
#2270=ORIENTED_EDGE('',*,*,#2843,.T.);
#2271=ORIENTED_EDGE('',*,*,#2784,.F.);
#2272=ORIENTED_EDGE('',*,*,#2844,.F.);
#2273=ORIENTED_EDGE('',*,*,#2481,.T.);
#2274=CARTESIAN_POINT('',(-3.8004750151384,2.68591489893162,0.0));
#2275=DIRECTION('',(-0.5627910658975,0.8265991871191,0.0));
#2276=DIRECTION('',(0.0,0.0,1.0));
#2277=ORIENTED_EDGE('',*,*,#2844,.T.);
#2278=ORIENTED_EDGE('',*,*,#2783,.F.);
#2279=ORIENTED_EDGE('',*,*,#2845,.F.);
#2280=ORIENTED_EDGE('',*,*,#2482,.T.);
#2281=CARTESIAN_POINT('',(-3.768725,2.73455319100714,0.0));
#2282=DIRECTION('',(-0.837379001234158,0.546622729395773,0.0));
#2283=DIRECTION('',(0.0,0.0,1.0));
#2284=ORIENTED_EDGE('',*,*,#2845,.T.);
#2285=ORIENTED_EDGE('',*,*,#2782,.F.);
#2286=ORIENTED_EDGE('',*,*,#2846,.F.);
#2287=ORIENTED_EDGE('',*,*,#2483,.T.);
#2288=CARTESIAN_POINT('',(-3.7528500151384,2.79940424710614,0.0));
#2289=DIRECTION('',(-0.971321206234925,0.237771138531006,0.0));
#2290=DIRECTION('',(0.0,0.0,1.0));
#2291=ORIENTED_EDGE('',*,*,#2846,.T.);
#2292=ORIENTED_EDGE('',*,*,#2781,.F.);
#2293=ORIENTED_EDGE('',*,*,#2847,.F.);
#2294=ORIENTED_EDGE('',*,*,#2484,.T.);
#2295=CARTESIAN_POINT('',(-3.7528500151384,3.04259573018626,0.0));
#2296=DIRECTION('',(-1.0,0.0,0.0));
#2297=DIRECTION('',(0.0,0.0,1.0));
#2298=ORIENTED_EDGE('',*,*,#2847,.T.);
#2299=ORIENTED_EDGE('',*,*,#2780,.F.);
#2300=ORIENTED_EDGE('',*,*,#2848,.F.);
#2301=ORIENTED_EDGE('',*,*,#2485,.T.);
#2302=CARTESIAN_POINT('',(-3.768725,3.10744678628526,0.0));
#2303=DIRECTION('',(-0.971321206234925,-0.237771138531006,0.0));
#2304=DIRECTION('',(-0.237771138531006,0.971321206234925,0.0));
#2305=ORIENTED_EDGE('',*,*,#2848,.T.);
#2306=ORIENTED_EDGE('',*,*,#2779,.F.);
#2307=ORIENTED_EDGE('',*,*,#2849,.F.);
#2308=ORIENTED_EDGE('',*,*,#2486,.T.);
#2309=CARTESIAN_POINT('',(-3.8004750151384,3.15608512377852,0.0));
#2310=DIRECTION('',(-0.837379234877699,-0.546622371473799,0.0));
#2311=DIRECTION('',(-0.546622371473799,0.837379234877699,0.0));
#2312=ORIENTED_EDGE('',*,*,#2849,.T.);
#2313=ORIENTED_EDGE('',*,*,#2778,.F.);
#2314=ORIENTED_EDGE('',*,*,#2850,.F.);
#2315=ORIENTED_EDGE('',*,*,#2487,.T.);
#2316=CARTESIAN_POINT('',(-3.8481000151384,3.18851065182802,0.0));
#2317=DIRECTION('',(-0.562790931241723,-0.826599278799634,0.0));
#2318=DIRECTION('',(-0.826599278799634,0.562790931241723,0.0));
#2319=ORIENTED_EDGE('',*,*,#2850,.T.);
#2320=ORIENTED_EDGE('',*,*,#2777,.F.);
#2321=ORIENTED_EDGE('',*,*,#2831,.F.);
#2322=ORIENTED_EDGE('',*,*,#2488,.T.);
#2323=CARTESIAN_POINT('',(-3.9116,3.2047234158515,0.0));
#2324=DIRECTION('',(-0.247383272951401,-0.968917703555804,0.0));
#2325=DIRECTION('',(-0.968917703555804,0.247383272951401,0.0));
#2326=ORIENTED_EDGE('',*,*,#2851,.T.);
#2327=ORIENTED_EDGE('',*,*,#2806,.F.);
#2328=ORIENTED_EDGE('',*,*,#2852,.F.);
#2329=ORIENTED_EDGE('',*,*,#2469,.T.);
#2330=CARTESIAN_POINT('',(-3.43535,2.54,0.0));
#2331=DIRECTION('',(1.0,0.0,0.0));
#2332=DIRECTION('',(0.0,1.0,0.0));
#2333=ORIENTED_EDGE('',*,*,#2852,.T.);
#2334=ORIENTED_EDGE('',*,*,#2805,.F.);
#2335=ORIENTED_EDGE('',*,*,#2853,.F.);
#2336=ORIENTED_EDGE('',*,*,#2460,.T.);
#2337=CARTESIAN_POINT('',(-3.5306,2.54,0.0));
#2338=DIRECTION('',(0.0,-1.0,0.0));
#2339=DIRECTION('',(0.0,0.0,-1.0));
#2340=ORIENTED_EDGE('',*,*,#2853,.T.);
#2341=ORIENTED_EDGE('',*,*,#2804,.F.);
#2342=ORIENTED_EDGE('',*,*,#2854,.F.);
#2343=ORIENTED_EDGE('',*,*,#2461,.T.);
#2344=CARTESIAN_POINT('',(-3.5306,3.302,0.0));
#2345=DIRECTION('',(-1.0,0.0,0.0));
#2346=DIRECTION('',(0.0,0.0,1.0));
#2347=ORIENTED_EDGE('',*,*,#2854,.T.);
#2348=ORIENTED_EDGE('',*,*,#2803,.F.);
#2349=ORIENTED_EDGE('',*,*,#2855,.F.);
#2350=ORIENTED_EDGE('',*,*,#2462,.T.);
#2351=CARTESIAN_POINT('',(-3.387725,3.302,0.0));
#2352=DIRECTION('',(-0.0,1.0,0.0));
#2353=DIRECTION('',(1.0,0.0,0.0));
#2354=ORIENTED_EDGE('',*,*,#2855,.T.);
#2355=ORIENTED_EDGE('',*,*,#2802,.F.);
#2356=ORIENTED_EDGE('',*,*,#2856,.F.);
#2357=ORIENTED_EDGE('',*,*,#2463,.T.);
#2358=CARTESIAN_POINT('',(-2.99084996972066,2.65348935952832,0.0));
#2359=DIRECTION('',(0.852952205592599,0.521989018059499,0.0));
#2360=DIRECTION('',(0.0,0.0,-1.0));
#2361=ORIENTED_EDGE('',*,*,#2856,.T.);
#2362=ORIENTED_EDGE('',*,*,#2801,.F.);
#2363=ORIENTED_EDGE('',*,*,#2857,.F.);
#2364=ORIENTED_EDGE('',*,*,#2464,.T.);
#2365=CARTESIAN_POINT('',(-2.99084996972066,3.302,0.0));
#2366=DIRECTION('',(-1.0,0.0,0.0));
#2367=DIRECTION('',(0.0,0.0,1.0));
#2368=ORIENTED_EDGE('',*,*,#2857,.T.);
#2369=ORIENTED_EDGE('',*,*,#2800,.F.);
#2370=ORIENTED_EDGE('',*,*,#2858,.F.);
#2371=ORIENTED_EDGE('',*,*,#2465,.T.);
#2372=CARTESIAN_POINT('',(-2.89559996972066,3.302,0.0));
#2373=DIRECTION('',(-0.0,1.0,0.0));
#2374=DIRECTION('',(1.0,0.0,0.0));
#2375=ORIENTED_EDGE('',*,*,#2858,.T.);
#2376=ORIENTED_EDGE('',*,*,#2799,.F.);
#2377=ORIENTED_EDGE('',*,*,#2859,.F.);
#2378=ORIENTED_EDGE('',*,*,#2466,.T.);
#2379=CARTESIAN_POINT('',(-2.89559996972066,2.54,0.0));
#2380=DIRECTION('',(1.0,0.0,0.0));
#2381=DIRECTION('',(0.0,1.0,0.0));
#2382=ORIENTED_EDGE('',*,*,#2859,.T.);
#2383=ORIENTED_EDGE('',*,*,#2798,.F.);
#2384=ORIENTED_EDGE('',*,*,#2860,.F.);
#2385=ORIENTED_EDGE('',*,*,#2467,.T.);
#2386=CARTESIAN_POINT('',(-3.03847496972066,2.54,0.0));
#2387=DIRECTION('',(0.0,-1.0,0.0));
#2388=DIRECTION('',(0.0,0.0,-1.0));
#2389=ORIENTED_EDGE('',*,*,#2860,.T.);
#2390=ORIENTED_EDGE('',*,*,#2797,.F.);
#2391=ORIENTED_EDGE('',*,*,#2851,.F.);
#2392=ORIENTED_EDGE('',*,*,#2468,.T.);
#2393=CARTESIAN_POINT('',(-3.43535,3.2047234158515,0.0));
#2394=DIRECTION('',(-0.858607268047378,-0.512633942746887,0.0));
#2395=DIRECTION('',(-0.512633942746887,0.858607268047378,0.0));
#2396=EDGE_CURVE('',#2861,#2862,#2863,.T.);
#2397=EDGE_CURVE('',#2864,#2861,#2865,.T.);
#2398=EDGE_CURVE('',#2866,#2864,#2867,.T.);
#2399=EDGE_CURVE('',#2868,#2866,#2869,.T.);
#2400=EDGE_CURVE('',#2870,#2868,#2871,.T.);
#2401=EDGE_CURVE('',#2862,#2870,#2872,.T.);
#2402=EDGE_CURVE('',#2870,#2873,#2874,.T.);
#2403=EDGE_CURVE('',#2875,#2873,#2876,.T.);
#2404=EDGE_CURVE('',#2862,#2875,#2877,.T.);
#2405=EDGE_CURVE('',#2878,#2879,#2880,.T.);
#2406=EDGE_CURVE('',#2878,#2881,#2882,.T.);
#2407=EDGE_CURVE('',#2881,#2883,#2884,.T.);
#2408=EDGE_CURVE('',#2885,#2883,#2886,.T.);
#2409=EDGE_CURVE('',#2885,#2887,#2888,.T.);
#2410=EDGE_CURVE('',#2889,#2887,#2890,.T.);
#2411=EDGE_CURVE('',#2891,#2889,#2892,.T.);
#2412=EDGE_CURVE('',#2891,#2879,#2893,.T.);
#2413=EDGE_CURVE('',#2894,#2895,#2896,.T.);
#2414=EDGE_CURVE('',#2897,#2894,#2898,.T.);
#2415=EDGE_CURVE('',#2897,#2899,#2900,.T.);
#2416=EDGE_CURVE('',#2899,#2901,#2902,.T.);
#2417=EDGE_CURVE('',#2901,#2903,#2904,.T.);
#2418=EDGE_CURVE('',#2903,#2905,#2906,.T.);
#2419=EDGE_CURVE('',#2907,#2905,#2908,.T.);
#2420=EDGE_CURVE('',#2895,#2907,#2909,.T.);
#2421=EDGE_CURVE('',#2910,#2911,#2912,.T.);
#2422=EDGE_CURVE('',#2913,#2910,#2914,.T.);
#2423=EDGE_CURVE('',#2913,#2915,#2916,.T.);
#2424=EDGE_CURVE('',#2915,#2917,#2918,.T.);
#2425=EDGE_CURVE('',#2917,#2919,#2920,.T.);
#2426=EDGE_CURVE('',#2919,#2921,#2922,.T.);
#2427=EDGE_CURVE('',#2923,#2921,#2924,.T.);
#2428=EDGE_CURVE('',#2911,#2923,#2925,.T.);
#2429=EDGE_CURVE('',#2926,#2927,#2928,.T.);
#2430=EDGE_CURVE('',#2929,#2926,#2930,.T.);
#2431=EDGE_CURVE('',#2931,#2929,#2932,.T.);
#2432=EDGE_CURVE('',#2933,#2931,#2934,.T.);
#2433=EDGE_CURVE('',#2935,#2933,#2936,.T.);
#2434=EDGE_CURVE('',#2937,#2935,#2938,.T.);
#2435=EDGE_CURVE('',#2927,#2937,#2939,.T.);
#2436=EDGE_CURVE('',#2940,#2941,#2942,.T.);
#2437=EDGE_CURVE('',#2943,#2940,#2944,.T.);
#2438=EDGE_CURVE('',#2945,#2943,#2946,.T.);
#2439=EDGE_CURVE('',#2947,#2945,#2948,.T.);
#2440=EDGE_CURVE('',#2949,#2947,#2950,.T.);
#2441=EDGE_CURVE('',#2951,#2949,#2952,.T.);
#2442=EDGE_CURVE('',#2953,#2951,#2954,.T.);
#2443=EDGE_CURVE('',#2955,#2953,#2956,.T.);
#2444=EDGE_CURVE('',#2957,#2955,#2958,.T.);
#2445=EDGE_CURVE('',#2959,#2957,#2960,.T.);
#2446=EDGE_CURVE('',#2961,#2959,#2962,.T.);
#2447=EDGE_CURVE('',#2963,#2961,#2964,.T.);
#2448=EDGE_CURVE('',#2965,#2963,#2966,.T.);
#2449=EDGE_CURVE('',#2967,#2965,#2968,.T.);
#2450=EDGE_CURVE('',#2969,#2967,#2970,.T.);
#2451=EDGE_CURVE('',#2971,#2969,#2972,.T.);
#2452=EDGE_CURVE('',#2973,#2971,#2974,.T.);
#2453=EDGE_CURVE('',#2975,#2973,#2976,.T.);
#2454=EDGE_CURVE('',#2977,#2975,#2978,.T.);
#2455=EDGE_CURVE('',#2979,#2977,#2980,.T.);
#2456=EDGE_CURVE('',#2981,#2979,#2982,.T.);
#2457=EDGE_CURVE('',#2983,#2981,#2984,.T.);
#2458=EDGE_CURVE('',#2985,#2983,#2986,.T.);
#2459=EDGE_CURVE('',#2941,#2985,#2987,.T.);
#2460=EDGE_CURVE('',#2988,#2989,#2990,.T.);
#2461=EDGE_CURVE('',#2991,#2988,#2992,.T.);
#2462=EDGE_CURVE('',#2993,#2991,#2994,.T.);
#2463=EDGE_CURVE('',#2995,#2993,#2996,.T.);
#2464=EDGE_CURVE('',#2997,#2995,#2998,.T.);
#2465=EDGE_CURVE('',#2999,#2997,#3000,.T.);
#2466=EDGE_CURVE('',#3001,#2999,#3002,.T.);
#2467=EDGE_CURVE('',#3003,#3001,#3004,.T.);
#2468=EDGE_CURVE('',#3005,#3003,#3006,.T.);
#2469=EDGE_CURVE('',#2989,#3005,#3007,.T.);
#2470=EDGE_CURVE('',#3008,#3009,#3010,.T.);
#2471=EDGE_CURVE('',#3011,#3008,#3012,.T.);
#2472=EDGE_CURVE('',#3013,#3011,#3014,.T.);
#2473=EDGE_CURVE('',#3015,#3013,#3016,.T.);
#2474=EDGE_CURVE('',#3017,#3015,#3018,.T.);
#2475=EDGE_CURVE('',#3019,#3017,#3020,.T.);
#2476=EDGE_CURVE('',#3021,#3019,#3022,.T.);
#2477=EDGE_CURVE('',#3023,#3021,#3024,.T.);
#2478=EDGE_CURVE('',#3025,#3023,#3026,.T.);
#2479=EDGE_CURVE('',#3027,#3025,#3028,.T.);
#2480=EDGE_CURVE('',#3029,#3027,#3030,.T.);
#2481=EDGE_CURVE('',#3031,#3029,#3032,.T.);
#2482=EDGE_CURVE('',#3033,#3031,#3034,.T.);
#2483=EDGE_CURVE('',#3035,#3033,#3036,.T.);
#2484=EDGE_CURVE('',#3037,#3035,#3038,.T.);
#2485=EDGE_CURVE('',#3039,#3037,#3040,.T.);
#2486=EDGE_CURVE('',#3041,#3039,#3042,.T.);
#2487=EDGE_CURVE('',#3043,#3041,#3044,.T.);
#2488=EDGE_CURVE('',#3045,#3043,#3046,.T.);
#2489=EDGE_CURVE('',#3009,#3045,#3047,.T.);
#2490=EDGE_CURVE('',#3048,#3049,#3050,.T.);
#2491=EDGE_CURVE('',#3051,#3048,#3052,.T.);
#2492=EDGE_CURVE('',#3053,#3051,#3054,.T.);
#2493=EDGE_CURVE('',#3055,#3053,#3056,.T.);
#2494=EDGE_CURVE('',#2861,#3055,#3057,.T.);
#2495=EDGE_CURVE('',#3058,#2875,#3059,.T.);
#2496=EDGE_CURVE('',#3060,#3058,#3061,.T.);
#2497=EDGE_CURVE('',#3049,#3060,#3062,.T.);
#2498=EDGE_CURVE('',#3063,#3064,#3065,.T.);
#2499=EDGE_CURVE('',#3049,#3063,#3066,.T.);
#2500=EDGE_CURVE('',#3064,#3060,#3067,.T.);
#2501=EDGE_CURVE('',#3068,#3060,#3069,.T.);
#2502=EDGE_CURVE('',#3070,#3068,#3071,.T.);
#2503=EDGE_CURVE('',#3070,#3072,#3073,.T.);
#2504=EDGE_CURVE('',#3064,#3072,#3074,.T.);
#2505=EDGE_CURVE('',#3075,#3076,#3077,.T.);
#2506=EDGE_CURVE('',#3075,#3078,#3079,.T.);
#2507=EDGE_CURVE('',#3080,#3078,#3081,.T.);
#2508=EDGE_CURVE('',#3082,#3080,#3083,.T.);
#2509=EDGE_CURVE('',#3082,#3076,#3084,.T.);
#2510=EDGE_CURVE('',#3085,#3072,#3086,.T.);
#2511=EDGE_CURVE('',#3087,#3085,#3088,.T.);
#2512=EDGE_CURVE('',#3087,#3089,#3090,.T.);
#2513=EDGE_CURVE('',#3089,#3091,#3092,.T.);
#2514=EDGE_CURVE('',#3093,#3091,#3094,.T.);
#2515=EDGE_CURVE('',#3063,#3093,#3095,.T.);
#2516=EDGE_CURVE('',#3096,#3093,#3097,.T.);
#2517=EDGE_CURVE('',#3096,#3098,#3099,.T.);
#2518=EDGE_CURVE('',#3098,#3049,#3100,.T.);
#2519=EDGE_CURVE('',#3101,#3102,#3103,.T.);
#2520=EDGE_CURVE('',#3102,#3104,#3105,.T.);
#2521=EDGE_CURVE('',#3106,#3104,#3107,.T.);
#2522=EDGE_CURVE('',#3106,#3108,#3109,.T.);
#2523=EDGE_CURVE('',#3108,#3101,#3110,.T.);
#2524=EDGE_CURVE('',#3111,#3058,#3112,.T.);
#2525=EDGE_CURVE('',#2864,#3111,#3113,.T.);
#2526=EDGE_CURVE('',#3114,#3055,#3115,.T.);
#2527=EDGE_CURVE('',#3116,#3114,#3117,.T.);
#2528=EDGE_CURVE('',#3116,#3053,#3118,.T.);
#2529=EDGE_CURVE('',#3119,#3051,#3120,.T.);
#2530=EDGE_CURVE('',#3121,#3119,#3122,.T.);
#2531=EDGE_CURVE('',#3121,#3048,#3123,.T.);
#2532=EDGE_CURVE('',#3068,#3098,#3124,.T.);
#2533=EDGE_CURVE('',#3125,#3126,#3127,.T.);
#2534=EDGE_CURVE('',#3128,#3125,#3129,.T.);
#2535=EDGE_CURVE('',#3128,#3130,#3131,.T.);
#2536=EDGE_CURVE('',#3130,#3070,#3132,.T.);
#2537=EDGE_CURVE('',#3096,#3126,#3133,.T.);
#2538=EDGE_CURVE('',#3106,#3134,#3135,.T.);
#2539=EDGE_CURVE('',#3104,#3136,#3137,.T.);
#2540=EDGE_CURVE('',#3134,#3136,#3138,.T.);
#2541=EDGE_CURVE('',#3126,#3091,#3139,.T.);
#2542=EDGE_CURVE('',#3140,#3136,#3141,.T.);
#2543=EDGE_CURVE('',#3140,#3142,#3143,.T.);
#2544=EDGE_CURVE('',#3142,#3134,#3144,.T.);
#2545=EDGE_CURVE('',#3089,#3125,#3145,.T.);
#2546=EDGE_CURVE('',#3146,#3142,#3147,.T.);
#2547=EDGE_CURVE('',#3146,#3148,#3149,.T.);
#2548=EDGE_CURVE('',#3148,#3075,#3150,.T.);
#2549=EDGE_CURVE('',#3108,#3076,#3151,.T.);
#2550=EDGE_CURVE('',#3101,#3082,#3152,.T.);
#2551=EDGE_CURVE('',#3082,#3153,#3154,.T.);
#2552=EDGE_CURVE('',#2873,#3153,#3155,.T.);
#2553=EDGE_CURVE('',#2868,#3156,#3157,.T.);
#2554=EDGE_CURVE('',#3156,#3158,#3159,.T.);
#2555=EDGE_CURVE('',#3158,#3160,#3161,.T.);
#2556=EDGE_CURVE('',#3160,#3162,#3163,.T.);
#2557=EDGE_CURVE('',#3162,#3101,#3164,.T.);
#2558=EDGE_CURVE('',#3080,#3102,#3165,.T.);
#2559=EDGE_CURVE('',#3162,#3166,#3167,.T.);
#2560=EDGE_CURVE('',#3166,#3168,#3169,.T.);
#2561=EDGE_CURVE('',#3160,#3168,#3170,.T.);
#2562=EDGE_CURVE('',#3158,#3171,#3172,.T.);
#2563=EDGE_CURVE('',#3171,#3173,#3174,.T.);
#2564=EDGE_CURVE('',#3156,#3173,#3175,.T.);
#2565=EDGE_CURVE('',#2866,#3176,#3177,.T.);
#2566=EDGE_CURVE('',#3153,#3176,#3178,.T.);
#2567=EDGE_CURVE('',#3176,#3111,#3179,.T.);
#2568=EDGE_CURVE('',#3180,#3181,#3182,.T.);
#2569=EDGE_CURVE('',#3183,#3181,#3184,.T.);
#2570=EDGE_CURVE('',#3183,#3114,#3185,.T.);
#2571=EDGE_CURVE('',#3055,#3180,#3186,.T.);
#2572=EDGE_CURVE('',#3173,#3187,#3188,.T.);
#2573=EDGE_CURVE('',#3189,#3187,#3190,.T.);
#2574=EDGE_CURVE('',#3189,#3191,#3192,.T.);
#2575=EDGE_CURVE('',#3191,#3156,#3193,.T.);
#2576=EDGE_CURVE('',#3180,#3194,#3195,.T.);
#2577=EDGE_CURVE('',#3194,#3053,#3196,.T.);
#2578=EDGE_CURVE('',#3197,#3116,#3198,.T.);
#2579=EDGE_CURVE('',#3197,#3199,#3200,.T.);
#2580=EDGE_CURVE('',#3194,#3199,#3201,.T.);
#2581=EDGE_CURVE('',#3202,#3203,#3204,.T.);
#2582=EDGE_CURVE('',#3202,#3205,#3206,.T.);
#2583=EDGE_CURVE('',#3171,#3205,#3207,.T.);
#2584=EDGE_CURVE('',#3158,#3203,#3208,.T.);
#2585=EDGE_CURVE('',#3209,#3199,#3210,.T.);
#2586=EDGE_CURVE('',#3211,#3209,#3212,.T.);
#2587=EDGE_CURVE('',#3211,#3213,#3214,.T.);
#2588=EDGE_CURVE('',#3213,#3215,#3216,.T.);
#2589=EDGE_CURVE('',#3181,#3215,#3217,.T.);
#2590=EDGE_CURVE('',#3187,#3218,#3219,.T.);
#2591=EDGE_CURVE('',#3220,#3218,#3221,.T.);
#2592=EDGE_CURVE('',#3189,#3220,#3222,.T.);
#2593=EDGE_CURVE('',#3223,#3215,#3224,.T.);
#2594=EDGE_CURVE('',#3183,#3223,#3225,.T.);
#2595=EDGE_CURVE('',#3226,#3220,#3227,.T.);
#2596=EDGE_CURVE('',#3228,#3226,#3229,.T.);
#2597=EDGE_CURVE('',#3228,#3230,#3231,.T.);
#2598=EDGE_CURVE('',#3230,#3202,#3232,.T.);
#2599=EDGE_CURVE('',#3191,#3203,#3233,.T.);
#2600=EDGE_CURVE('',#3230,#3234,#3235,.T.);
#2601=EDGE_CURVE('',#3234,#3205,#3236,.T.);
#2602=EDGE_CURVE('',#3237,#3197,#3238,.T.);
#2603=EDGE_CURVE('',#3237,#3209,#3239,.T.);
#2604=EDGE_CURVE('',#3240,#3234,#3241,.T.);
#2605=EDGE_CURVE('',#3240,#3242,#3243,.T.);
#2606=EDGE_CURVE('',#3242,#3218,#3244,.T.);
#2607=EDGE_CURVE('',#3245,#3223,#3246,.T.);
#2608=EDGE_CURVE('',#3213,#3245,#3247,.T.);
#2609=EDGE_CURVE('',#3242,#3226,#3248,.T.);
#2610=EDGE_CURVE('',#3211,#3249,#3250,.T.);
#2611=EDGE_CURVE('',#3249,#3245,#3251,.T.);
#2612=EDGE_CURVE('',#3249,#3237,#3252,.T.);
#2613=EDGE_CURVE('',#3240,#3228,#3253,.T.);
#2614=EDGE_CURVE('',#3254,#3255,#3256,.T.);
#2615=EDGE_CURVE('',#3257,#3255,#3258,.T.);
#2616=EDGE_CURVE('',#3257,#3119,#3259,.T.);
#2617=EDGE_CURVE('',#3051,#3254,#3260,.T.);
#2618=EDGE_CURVE('',#3168,#3261,#3262,.T.);
#2619=EDGE_CURVE('',#3263,#3261,#3264,.T.);
#2620=EDGE_CURVE('',#3263,#3265,#3266,.T.);
#2621=EDGE_CURVE('',#3265,#3160,#3267,.T.);
#2622=EDGE_CURVE('',#3254,#3268,#3269,.T.);
#2623=EDGE_CURVE('',#3268,#3048,#3270,.T.);
#2624=EDGE_CURVE('',#3271,#3121,#3272,.T.);
#2625=EDGE_CURVE('',#3271,#3273,#3274,.T.);
#2626=EDGE_CURVE('',#3268,#3273,#3275,.T.);
#2627=EDGE_CURVE('',#3276,#3277,#3278,.T.);
#2628=EDGE_CURVE('',#3276,#3279,#3280,.T.);
#2629=EDGE_CURVE('',#3166,#3279,#3281,.T.);
#2630=EDGE_CURVE('',#3162,#3277,#3282,.T.);
#2631=EDGE_CURVE('',#3283,#3273,#3284,.T.);
#2632=EDGE_CURVE('',#3285,#3283,#3286,.T.);
#2633=EDGE_CURVE('',#3285,#3287,#3288,.T.);
#2634=EDGE_CURVE('',#3287,#3289,#3290,.T.);
#2635=EDGE_CURVE('',#3255,#3289,#3291,.T.);
#2636=EDGE_CURVE('',#3263,#3292,#3293,.T.);
#2637=EDGE_CURVE('',#3261,#3294,#3295,.T.);
#2638=EDGE_CURVE('',#3292,#3294,#3296,.T.);
#2639=EDGE_CURVE('',#3257,#3297,#3298,.T.);
#2640=EDGE_CURVE('',#3297,#3289,#3299,.T.);
#2641=EDGE_CURVE('',#3300,#3294,#3301,.T.);
#2642=EDGE_CURVE('',#3300,#3302,#3303,.T.);
#2643=EDGE_CURVE('',#3302,#3292,#3304,.T.);
#2644=EDGE_CURVE('',#3287,#3305,#3306,.T.);
#2645=EDGE_CURVE('',#3305,#3297,#3307,.T.);
#2646=EDGE_CURVE('',#3308,#3302,#3309,.T.);
#2647=EDGE_CURVE('',#3308,#3310,#3311,.T.);
#2648=EDGE_CURVE('',#3310,#3276,#3312,.T.);
#2649=EDGE_CURVE('',#3265,#3277,#3313,.T.);
#2650=EDGE_CURVE('',#3314,#3279,#3315,.T.);
#2651=EDGE_CURVE('',#3310,#3314,#3316,.T.);
#2652=EDGE_CURVE('',#3317,#3271,#3318,.T.);
#2653=EDGE_CURVE('',#3317,#3283,#3319,.T.);
#2654=EDGE_CURVE('',#3320,#3308,#3321,.T.);
#2655=EDGE_CURVE('',#3320,#3314,#3322,.T.);
#2656=EDGE_CURVE('',#3323,#3317,#3324,.T.);
#2657=EDGE_CURVE('',#3285,#3323,#3325,.T.);
#2658=EDGE_CURVE('',#3320,#3300,#3326,.T.);
#2659=EDGE_CURVE('',#3323,#3305,#3327,.T.);
#2660=EDGE_CURVE('',#3328,#3078,#3329,.T.);
#2661=EDGE_CURVE('',#3330,#3328,#3331,.T.);
#2662=EDGE_CURVE('',#3330,#3140,#3332,.T.);
#2663=EDGE_CURVE('',#3330,#3146,#3333,.T.);
#2664=EDGE_CURVE('',#3148,#3328,#3334,.T.);
#2665=EDGE_CURVE('',#3087,#3128,#3335,.T.);
#2666=EDGE_CURVE('',#3130,#3085,#3336,.T.);
#2667=EDGE_CURVE('',#3337,#2881,#3338,.T.);
#2668=EDGE_CURVE('',#3337,#2878,#3339,.T.);
#2669=EDGE_CURVE('',#2891,#3340,#3341,.T.);
#2670=EDGE_CURVE('',#3340,#3342,#3343,.T.);
#2671=EDGE_CURVE('',#3342,#3344,#3345,.T.);
#2672=EDGE_CURVE('',#3344,#2879,#3346,.T.);
#2673=EDGE_CURVE('',#3337,#3347,#3348,.T.);
#2674=EDGE_CURVE('',#2878,#3349,#3350,.T.);
#2675=EDGE_CURVE('',#3349,#3351,#3352,.T.);
#2676=EDGE_CURVE('',#2885,#3351,#3353,.T.);
#2677=EDGE_CURVE('',#3347,#2885,#3354,.T.);
#2678=EDGE_CURVE('',#3347,#2883,#3355,.T.);
#2679=EDGE_CURVE('',#3356,#3357,#3358,.T.);
#2680=EDGE_CURVE('',#3359,#3356,#3360,.T.);
#2681=EDGE_CURVE('',#2889,#3359,#3361,.T.);
#2682=EDGE_CURVE('',#3357,#2887,#3362,.T.);
#2683=EDGE_CURVE('',#3363,#2887,#3364,.T.);
#2684=EDGE_CURVE('',#3365,#3363,#3366,.T.);
#2685=EDGE_CURVE('',#3365,#2879,#3367,.T.);
#2686=EDGE_CURVE('',#3344,#3357,#3368,.T.);
#2687=EDGE_CURVE('',#3356,#3342,#3369,.T.);
#2688=EDGE_CURVE('',#3359,#3340,#3370,.T.);
#2689=EDGE_CURVE('',#3349,#3365,#3371,.T.);
#2690=EDGE_CURVE('',#3351,#3363,#3372,.T.);
#2691=EDGE_CURVE('',#3373,#2897,#3374,.T.);
#2692=EDGE_CURVE('',#3373,#2894,#3375,.T.);
#2693=EDGE_CURVE('',#2907,#3376,#3377,.T.);
#2694=EDGE_CURVE('',#3376,#3378,#3379,.T.);
#2695=EDGE_CURVE('',#3378,#3380,#3381,.T.);
#2696=EDGE_CURVE('',#3380,#2895,#3382,.T.);
#2697=EDGE_CURVE('',#3383,#3384,#3385,.T.);
#2698=EDGE_CURVE('',#2901,#3384,#3386,.T.);
#2699=EDGE_CURVE('',#3387,#2901,#3388,.T.);
#2700=EDGE_CURVE('',#3373,#3387,#3389,.T.);
#2701=EDGE_CURVE('',#2894,#3383,#3390,.T.);
#2702=EDGE_CURVE('',#3391,#2895,#3392,.T.);
#2703=EDGE_CURVE('',#3383,#3391,#3393,.T.);
#2704=EDGE_CURVE('',#3391,#3394,#3395,.T.);
#2705=EDGE_CURVE('',#3384,#3394,#3396,.T.);
#2706=EDGE_CURVE('',#3394,#2903,#3397,.T.);
#2707=EDGE_CURVE('',#3380,#3398,#3399,.T.);
#2708=EDGE_CURVE('',#3398,#2903,#3400,.T.);
#2709=EDGE_CURVE('',#3387,#2899,#3401,.T.);
#2710=EDGE_CURVE('',#3402,#3398,#3403,.T.);
#2711=EDGE_CURVE('',#3404,#3402,#3405,.T.);
#2712=EDGE_CURVE('',#2905,#3404,#3406,.T.);
#2713=EDGE_CURVE('',#3404,#3376,#3407,.T.);
#2714=EDGE_CURVE('',#3402,#3378,#3408,.T.);
#2715=EDGE_CURVE('',#3409,#2913,#3410,.T.);
#2716=EDGE_CURVE('',#3409,#2910,#3411,.T.);
#2717=EDGE_CURVE('',#2923,#3412,#3413,.T.);
#2718=EDGE_CURVE('',#3412,#3414,#3415,.T.);
#2719=EDGE_CURVE('',#3414,#3416,#3417,.T.);
#2720=EDGE_CURVE('',#3416,#2911,#3418,.T.);
#2721=EDGE_CURVE('',#3419,#3420,#3421,.T.);
#2722=EDGE_CURVE('',#2917,#3420,#3422,.T.);
#2723=EDGE_CURVE('',#3423,#2917,#3424,.T.);
#2724=EDGE_CURVE('',#3409,#3423,#3425,.T.);
#2725=EDGE_CURVE('',#2910,#3419,#3426,.T.);
#2726=EDGE_CURVE('',#3427,#2911,#3428,.T.);
#2727=EDGE_CURVE('',#3419,#3427,#3429,.T.);
#2728=EDGE_CURVE('',#3427,#3430,#3431,.T.);
#2729=EDGE_CURVE('',#3420,#3430,#3432,.T.);
#2730=EDGE_CURVE('',#3430,#2919,#3433,.T.);
#2731=EDGE_CURVE('',#3416,#3434,#3435,.T.);
#2732=EDGE_CURVE('',#3434,#2919,#3436,.T.);
#2733=EDGE_CURVE('',#3423,#2915,#3437,.T.);
#2734=EDGE_CURVE('',#3438,#3434,#3439,.T.);
#2735=EDGE_CURVE('',#3440,#3438,#3441,.T.);
#2736=EDGE_CURVE('',#2921,#3440,#3442,.T.);
#2737=EDGE_CURVE('',#3440,#3412,#3443,.T.);
#2738=EDGE_CURVE('',#3438,#3414,#3444,.T.);
#2739=EDGE_CURVE('',#2937,#3445,#3446,.T.);
#2740=EDGE_CURVE('',#3447,#3445,#3448,.T.);
#2741=EDGE_CURVE('',#2927,#3447,#3449,.T.);
#2742=EDGE_CURVE('',#3450,#3447,#3451,.T.);
#2743=EDGE_CURVE('',#2926,#3450,#3452,.T.);
#2744=EDGE_CURVE('',#3453,#3450,#3454,.T.);
#2745=EDGE_CURVE('',#2929,#3453,#3455,.T.);
#2746=EDGE_CURVE('',#3456,#3453,#3457,.T.);
#2747=EDGE_CURVE('',#2931,#3456,#3458,.T.);
#2748=EDGE_CURVE('',#3459,#3456,#3460,.T.);
#2749=EDGE_CURVE('',#2933,#3459,#3461,.T.);
#2750=EDGE_CURVE('',#3462,#3459,#3463,.T.);
#2751=EDGE_CURVE('',#2935,#3462,#3464,.T.);
#2752=EDGE_CURVE('',#3445,#3462,#3465,.T.);
#2753=EDGE_CURVE('',#3466,#3467,#3468,.T.);
#2754=EDGE_CURVE('',#3467,#3469,#3470,.T.);
#2755=EDGE_CURVE('',#3469,#3471,#3472,.T.);
#2756=EDGE_CURVE('',#3471,#3473,#3474,.T.);
#2757=EDGE_CURVE('',#3473,#3475,#3476,.T.);
#2758=EDGE_CURVE('',#3475,#3477,#3478,.T.);
#2759=EDGE_CURVE('',#3477,#3479,#3480,.T.);
#2760=EDGE_CURVE('',#3479,#3481,#3482,.T.);
#2761=EDGE_CURVE('',#3481,#3483,#3484,.T.);
#2762=EDGE_CURVE('',#3483,#3485,#3486,.T.);
#2763=EDGE_CURVE('',#3485,#3487,#3488,.T.);
#2764=EDGE_CURVE('',#3487,#3489,#3490,.T.);
#2765=EDGE_CURVE('',#3489,#3491,#3492,.T.);
#2766=EDGE_CURVE('',#3491,#3493,#3494,.T.);
#2767=EDGE_CURVE('',#3493,#3495,#3496,.T.);
#2768=EDGE_CURVE('',#3495,#3497,#3498,.T.);
#2769=EDGE_CURVE('',#3497,#3499,#3500,.T.);
#2770=EDGE_CURVE('',#3499,#3501,#3502,.T.);
#2771=EDGE_CURVE('',#3501,#3503,#3504,.T.);
#2772=EDGE_CURVE('',#3503,#3505,#3506,.T.);
#2773=EDGE_CURVE('',#3505,#3507,#3508,.T.);
#2774=EDGE_CURVE('',#3507,#3509,#3510,.T.);
#2775=EDGE_CURVE('',#3509,#3511,#3512,.T.);
#2776=EDGE_CURVE('',#3511,#3466,#3513,.T.);
#2777=EDGE_CURVE('',#3514,#3515,#3516,.T.);
#2778=EDGE_CURVE('',#3515,#3517,#3518,.T.);
#2779=EDGE_CURVE('',#3517,#3519,#3520,.T.);
#2780=EDGE_CURVE('',#3519,#3521,#3522,.T.);
#2781=EDGE_CURVE('',#3521,#3523,#3524,.T.);
#2782=EDGE_CURVE('',#3523,#3525,#3526,.T.);
#2783=EDGE_CURVE('',#3525,#3527,#3528,.T.);
#2784=EDGE_CURVE('',#3527,#3529,#3530,.T.);
#2785=EDGE_CURVE('',#3529,#3531,#3532,.T.);
#2786=EDGE_CURVE('',#3531,#3533,#3534,.T.);
#2787=EDGE_CURVE('',#3533,#3535,#3536,.T.);
#2788=EDGE_CURVE('',#3535,#3537,#3538,.T.);
#2789=EDGE_CURVE('',#3537,#3539,#3540,.T.);
#2790=EDGE_CURVE('',#3539,#3541,#3542,.T.);
#2791=EDGE_CURVE('',#3541,#3543,#3544,.T.);
#2792=EDGE_CURVE('',#3543,#3545,#3546,.T.);
#2793=EDGE_CURVE('',#3545,#3547,#3548,.T.);
#2794=EDGE_CURVE('',#3547,#3549,#3550,.T.);
#2795=EDGE_CURVE('',#3549,#3551,#3552,.T.);
#2796=EDGE_CURVE('',#3551,#3514,#3553,.T.);
#2797=EDGE_CURVE('',#3554,#3555,#3556,.T.);
#2798=EDGE_CURVE('',#3555,#3557,#3558,.T.);
#2799=EDGE_CURVE('',#3557,#3559,#3560,.T.);
#2800=EDGE_CURVE('',#3559,#3561,#3562,.T.);
#2801=EDGE_CURVE('',#3561,#3563,#3564,.T.);
#2802=EDGE_CURVE('',#3563,#3565,#3566,.T.);
#2803=EDGE_CURVE('',#3565,#3567,#3568,.T.);
#2804=EDGE_CURVE('',#3567,#3569,#3570,.T.);
#2805=EDGE_CURVE('',#3569,#3571,#3572,.T.);
#2806=EDGE_CURVE('',#3571,#3554,#3573,.T.);
#2807=EDGE_CURVE('',#2985,#3466,#3574,.T.);
#2808=EDGE_CURVE('',#2941,#3511,#3575,.T.);
#2809=EDGE_CURVE('',#2940,#3509,#3576,.T.);
#2810=EDGE_CURVE('',#2943,#3507,#3577,.T.);
#2811=EDGE_CURVE('',#2945,#3505,#3578,.T.);
#2812=EDGE_CURVE('',#2947,#3503,#3579,.T.);
#2813=EDGE_CURVE('',#2949,#3501,#3580,.T.);
#2814=EDGE_CURVE('',#2951,#3499,#3581,.T.);
#2815=EDGE_CURVE('',#2953,#3497,#3582,.T.);
#2816=EDGE_CURVE('',#2955,#3495,#3583,.T.);
#2817=EDGE_CURVE('',#2957,#3493,#3584,.T.);
#2818=EDGE_CURVE('',#2959,#3491,#3585,.T.);
#2819=EDGE_CURVE('',#2961,#3489,#3586,.T.);
#2820=EDGE_CURVE('',#2963,#3487,#3587,.T.);
#2821=EDGE_CURVE('',#2965,#3485,#3588,.T.);
#2822=EDGE_CURVE('',#2967,#3483,#3589,.T.);
#2823=EDGE_CURVE('',#2969,#3481,#3590,.T.);
#2824=EDGE_CURVE('',#2971,#3479,#3591,.T.);
#2825=EDGE_CURVE('',#2973,#3477,#3592,.T.);
#2826=EDGE_CURVE('',#2975,#3475,#3593,.T.);
#2827=EDGE_CURVE('',#2977,#3473,#3594,.T.);
#2828=EDGE_CURVE('',#2979,#3471,#3595,.T.);
#2829=EDGE_CURVE('',#2981,#3469,#3596,.T.);
#2830=EDGE_CURVE('',#2983,#3467,#3597,.T.);
#2831=EDGE_CURVE('',#3045,#3514,#3598,.T.);
#2832=EDGE_CURVE('',#3009,#3551,#3599,.T.);
#2833=EDGE_CURVE('',#3008,#3549,#3600,.T.);
#2834=EDGE_CURVE('',#3011,#3547,#3601,.T.);
#2835=EDGE_CURVE('',#3013,#3545,#3602,.T.);
#2836=EDGE_CURVE('',#3015,#3543,#3603,.T.);
#2837=EDGE_CURVE('',#3017,#3541,#3604,.T.);
#2838=EDGE_CURVE('',#3019,#3539,#3605,.T.);
#2839=EDGE_CURVE('',#3021,#3537,#3606,.T.);
#2840=EDGE_CURVE('',#3023,#3535,#3607,.T.);
#2841=EDGE_CURVE('',#3025,#3533,#3608,.T.);
#2842=EDGE_CURVE('',#3027,#3531,#3609,.T.);
#2843=EDGE_CURVE('',#3029,#3529,#3610,.T.);
#2844=EDGE_CURVE('',#3031,#3527,#3611,.T.);
#2845=EDGE_CURVE('',#3033,#3525,#3612,.T.);
#2846=EDGE_CURVE('',#3035,#3523,#3613,.T.);
#2847=EDGE_CURVE('',#3037,#3521,#3614,.T.);
#2848=EDGE_CURVE('',#3039,#3519,#3615,.T.);
#2849=EDGE_CURVE('',#3041,#3517,#3616,.T.);
#2850=EDGE_CURVE('',#3043,#3515,#3617,.T.);
#2851=EDGE_CURVE('',#3005,#3554,#3618,.T.);
#2852=EDGE_CURVE('',#2989,#3571,#3619,.T.);
#2853=EDGE_CURVE('',#2988,#3569,#3620,.T.);
#2854=EDGE_CURVE('',#2991,#3567,#3621,.T.);
#2855=EDGE_CURVE('',#2993,#3565,#3622,.T.);
#2856=EDGE_CURVE('',#2995,#3563,#3623,.T.);
#2857=EDGE_CURVE('',#2997,#3561,#3624,.T.);
#2858=EDGE_CURVE('',#2999,#3559,#3625,.T.);
#2859=EDGE_CURVE('',#3001,#3557,#3626,.T.);
#2860=EDGE_CURVE('',#3003,#3555,#3627,.T.);
#2861=VERTEX_POINT('',#3628);
#2862=VERTEX_POINT('',#3629);
#2863=LINE('',#3630,#3631);
#2864=VERTEX_POINT('',#3632);
#2865=LINE('',#3633,#3634);
#2866=VERTEX_POINT('',#3635);
#2867=LINE('',#3636,#3637);
#2868=VERTEX_POINT('',#3638);
#2869=LINE('',#3639,#3640);
#2870=VERTEX_POINT('',#3641);
#2871=LINE('',#3642,#3643);
#2872=LINE('',#3644,#3645);
#2873=VERTEX_POINT('',#3646);
#2874=LINE('',#3647,#3648);
#2875=VERTEX_POINT('',#3649);
#2876=LINE('',#3650,#3651);
#2877=LINE('',#3652,#3653);
#2878=VERTEX_POINT('',#3654);
#2879=VERTEX_POINT('',#3655);
#2880=LINE('',#3656,#3657);
#2881=VERTEX_POINT('',#3658);
#2882=LINE('',#3659,#3660);
#2883=VERTEX_POINT('',#3661);
#2884=LINE('',#3662,#3663);
#2885=VERTEX_POINT('',#3664);
#2886=LINE('',#3665,#3666);
#2887=VERTEX_POINT('',#3667);
#2888=LINE('',#3668,#3669);
#2889=VERTEX_POINT('',#3670);
#2890=LINE('',#3671,#3672);
#2891=VERTEX_POINT('',#3673);
#2892=LINE('',#3674,#3675);
#2893=LINE('',#3676,#3677);
#2894=VERTEX_POINT('',#3678);
#2895=VERTEX_POINT('',#3679);
#2896=LINE('',#3680,#3681);
#2897=VERTEX_POINT('',#3682);
#2898=LINE('',#3683,#3684);
#2899=VERTEX_POINT('',#3685);
#2900=LINE('',#3686,#3687);
#2901=VERTEX_POINT('',#3688);
#2902=LINE('',#3689,#3690);
#2903=VERTEX_POINT('',#3691);
#2904=LINE('',#3692,#3693);
#2905=VERTEX_POINT('',#3694);
#2906=LINE('',#3695,#3696);
#2907=VERTEX_POINT('',#3697);
#2908=LINE('',#3698,#3699);
#2909=LINE('',#3700,#3701);
#2910=VERTEX_POINT('',#3702);
#2911=VERTEX_POINT('',#3703);
#2912=LINE('',#3704,#3705);
#2913=VERTEX_POINT('',#3706);
#2914=LINE('',#3707,#3708);
#2915=VERTEX_POINT('',#3709);
#2916=LINE('',#3710,#3711);
#2917=VERTEX_POINT('',#3712);
#2918=LINE('',#3713,#3714);
#2919=VERTEX_POINT('',#3715);
#2920=LINE('',#3716,#3717);
#2921=VERTEX_POINT('',#3718);
#2922=LINE('',#3719,#3720);
#2923=VERTEX_POINT('',#3721);
#2924=LINE('',#3722,#3723);
#2925=LINE('',#3724,#3725);
#2926=VERTEX_POINT('',#3726);
#2927=VERTEX_POINT('',#3727);
#2928=LINE('',#3728,#3729);
#2929=VERTEX_POINT('',#3730);
#2930=LINE('',#3731,#3732);
#2931=VERTEX_POINT('',#3733);
#2932=LINE('',#3734,#3735);
#2933=VERTEX_POINT('',#3736);
#2934=LINE('',#3737,#3738);
#2935=VERTEX_POINT('',#3739);
#2936=LINE('',#3740,#3741);
#2937=VERTEX_POINT('',#3742);
#2938=LINE('',#3743,#3744);
#2939=LINE('',#3745,#3746);
#2940=VERTEX_POINT('',#3747);
#2941=VERTEX_POINT('',#3748);
#2942=LINE('',#3749,#3750);
#2943=VERTEX_POINT('',#3751);
#2944=LINE('',#3752,#3753);
#2945=VERTEX_POINT('',#3754);
#2946=LINE('',#3755,#3756);
#2947=VERTEX_POINT('',#3757);
#2948=LINE('',#3758,#3759);
#2949=VERTEX_POINT('',#3760);
#2950=LINE('',#3761,#3762);
#2951=VERTEX_POINT('',#3763);
#2952=LINE('',#3764,#3765);
#2953=VERTEX_POINT('',#3766);
#2954=LINE('',#3767,#3768);
#2955=VERTEX_POINT('',#3769);
#2956=LINE('',#3770,#3771);
#2957=VERTEX_POINT('',#3772);
#2958=LINE('',#3773,#3774);
#2959=VERTEX_POINT('',#3775);
#2960=LINE('',#3776,#3777);
#2961=VERTEX_POINT('',#3778);
#2962=LINE('',#3779,#3780);
#2963=VERTEX_POINT('',#3781);
#2964=LINE('',#3782,#3783);
#2965=VERTEX_POINT('',#3784);
#2966=LINE('',#3785,#3786);
#2967=VERTEX_POINT('',#3787);
#2968=LINE('',#3788,#3789);
#2969=VERTEX_POINT('',#3790);
#2970=LINE('',#3791,#3792);
#2971=VERTEX_POINT('',#3793);
#2972=LINE('',#3794,#3795);
#2973=VERTEX_POINT('',#3796);
#2974=LINE('',#3797,#3798);
#2975=VERTEX_POINT('',#3799);
#2976=LINE('',#3800,#3801);
#2977=VERTEX_POINT('',#3802);
#2978=LINE('',#3803,#3804);
#2979=VERTEX_POINT('',#3805);
#2980=LINE('',#3806,#3807);
#2981=VERTEX_POINT('',#3808);
#2982=LINE('',#3809,#3810);
#2983=VERTEX_POINT('',#3811);
#2984=LINE('',#3812,#3813);
#2985=VERTEX_POINT('',#3814);
#2986=LINE('',#3815,#3816);
#2987=LINE('',#3817,#3818);
#2988=VERTEX_POINT('',#3819);
#2989=VERTEX_POINT('',#3820);
#2990=LINE('',#3821,#3822);
#2991=VERTEX_POINT('',#3823);
#2992=LINE('',#3824,#3825);
#2993=VERTEX_POINT('',#3826);
#2994=LINE('',#3827,#3828);
#2995=VERTEX_POINT('',#3829);
#2996=LINE('',#3830,#3831);
#2997=VERTEX_POINT('',#3832);
#2998=LINE('',#3833,#3834);
#2999=VERTEX_POINT('',#3835);
#3000=LINE('',#3836,#3837);
#3001=VERTEX_POINT('',#3838);
#3002=LINE('',#3839,#3840);
#3003=VERTEX_POINT('',#3841);
#3004=LINE('',#3842,#3843);
#3005=VERTEX_POINT('',#3844);
#3006=LINE('',#3845,#3846);
#3007=LINE('',#3847,#3848);
#3008=VERTEX_POINT('',#3849);
#3009=VERTEX_POINT('',#3850);
#3010=LINE('',#3851,#3852);
#3011=VERTEX_POINT('',#3853);
#3012=LINE('',#3854,#3855);
#3013=VERTEX_POINT('',#3856);
#3014=LINE('',#3857,#3858);
#3015=VERTEX_POINT('',#3859);
#3016=LINE('',#3860,#3861);
#3017=VERTEX_POINT('',#3862);
#3018=LINE('',#3863,#3864);
#3019=VERTEX_POINT('',#3865);
#3020=LINE('',#3866,#3867);
#3021=VERTEX_POINT('',#3868);
#3022=LINE('',#3869,#3870);
#3023=VERTEX_POINT('',#3871);
#3024=LINE('',#3872,#3873);
#3025=VERTEX_POINT('',#3874);
#3026=LINE('',#3875,#3876);
#3027=VERTEX_POINT('',#3877);
#3028=LINE('',#3878,#3879);
#3029=VERTEX_POINT('',#3880);
#3030=LINE('',#3881,#3882);
#3031=VERTEX_POINT('',#3883);
#3032=LINE('',#3884,#3885);
#3033=VERTEX_POINT('',#3886);
#3034=LINE('',#3887,#3888);
#3035=VERTEX_POINT('',#3889);
#3036=LINE('',#3890,#3891);
#3037=VERTEX_POINT('',#3892);
#3038=LINE('',#3893,#3894);
#3039=VERTEX_POINT('',#3895);
#3040=LINE('',#3896,#3897);
#3041=VERTEX_POINT('',#3898);
#3042=LINE('',#3899,#3900);
#3043=VERTEX_POINT('',#3901);
#3044=LINE('',#3902,#3903);
#3045=VERTEX_POINT('',#3904);
#3046=LINE('',#3905,#3906);
#3047=LINE('',#3907,#3908);
#3048=VERTEX_POINT('',#3909);
#3049=VERTEX_POINT('',#3910);
#3050=LINE('',#3911,#3912);
#3051=VERTEX_POINT('',#3913);
#3052=LINE('',#3914,#3915);
#3053=VERTEX_POINT('',#3916);
#3054=LINE('',#3917,#3918);
#3055=VERTEX_POINT('',#3919);
#3056=LINE('',#3920,#3921);
#3057=LINE('',#3922,#3923);
#3058=VERTEX_POINT('',#3924);
#3059=LINE('',#3925,#3926);
#3060=VERTEX_POINT('',#3927);
#3061=LINE('',#3928,#3929);
#3062=LINE('',#3930,#3931);
#3063=VERTEX_POINT('',#3932);
#3064=VERTEX_POINT('',#3933);
#3065=LINE('',#3934,#3935);
#3066=CIRCLE('',#3936,0.3048);
#3067=CIRCLE('',#3937,0.3048);
#3068=VERTEX_POINT('',#3938);
#3069=LINE('',#3939,#3940);
#3070=VERTEX_POINT('',#3941);
#3071=LINE('',#3942,#3943);
#3072=VERTEX_POINT('',#3944);
#3073=LINE('',#3945,#3946);
#3074=LINE('',#3947,#3948);
#3075=VERTEX_POINT('',#3949);
#3076=VERTEX_POINT('',#3950);
#3077=LINE('',#3951,#3952);
#3078=VERTEX_POINT('',#3953);
#3079=LINE('',#3954,#3955);
#3080=VERTEX_POINT('',#3956);
#3081=LINE('',#3957,#3958);
#3082=VERTEX_POINT('',#3959);
#3083=LINE('',#3960,#3961);
#3084=CIRCLE('',#3962,0.3048);
#3085=VERTEX_POINT('',#3963);
#3086=LINE('',#3964,#3965);
#3087=VERTEX_POINT('',#3966);
#3088=LINE('',#3967,#3968);
#3089=VERTEX_POINT('',#3969);
#3090=LINE('',#3970,#3971);
#3091=VERTEX_POINT('',#3972);
#3092=LINE('',#3973,#3974);
#3093=VERTEX_POINT('',#3975);
#3094=LINE('',#3976,#3977);
#3095=LINE('',#3978,#3979);
#3096=VERTEX_POINT('',#3980);
#3097=LINE('',#3981,#3982);
#3098=VERTEX_POINT('',#3983);
#3099=LINE('',#3984,#3985);
#3100=LINE('',#3986,#3987);
#3101=VERTEX_POINT('',#3988);
#3102=VERTEX_POINT('',#3989);
#3103=LINE('',#3990,#3991);
#3104=VERTEX_POINT('',#3992);
#3105=LINE('',#3993,#3994);
#3106=VERTEX_POINT('',#3995);
#3107=LINE('',#3996,#3997);
#3108=VERTEX_POINT('',#3998);
#3109=LINE('',#3999,#4000);
#3110=CIRCLE('',#4001,0.3048);
#3111=VERTEX_POINT('',#4002);
#3112=LINE('',#4003,#4004);
#3113=LINE('',#4005,#4006);
#3114=VERTEX_POINT('',#4007);
#3115=LINE('',#4008,#4009);
#3116=VERTEX_POINT('',#4010);
#3117=LINE('',#4011,#4012);
#3118=LINE('',#4013,#4014);
#3119=VERTEX_POINT('',#4015);
#3120=LINE('',#4016,#4017);
#3121=VERTEX_POINT('',#4018);
#3122=LINE('',#4019,#4020);
#3123=LINE('',#4021,#4022);
#3124=LINE('',#4023,#4024);
#3125=VERTEX_POINT('',#4025);
#3126=VERTEX_POINT('',#4026);
#3127=LINE('',#4027,#4028);
#3128=VERTEX_POINT('',#4029);
#3129=LINE('',#4030,#4031);
#3130=VERTEX_POINT('',#4032);
#3131=LINE('',#4033,#4034);
#3132=LINE('',#4035,#4036);
#3133=LINE('',#4037,#4038);
#3134=VERTEX_POINT('',#4039);
#3135=LINE('',#4040,#4041);
#3136=VERTEX_POINT('',#4042);
#3137=LINE('',#4043,#4044);
#3138=LINE('',#4045,#4046);
#3139=LINE('',#4047,#4048);
#3140=VERTEX_POINT('',#4049);
#3141=LINE('',#4050,#4051);
#3142=VERTEX_POINT('',#4052);
#3143=LINE('',#4053,#4054);
#3144=LINE('',#4055,#4056);
#3145=LINE('',#4057,#4058);
#3146=VERTEX_POINT('',#4059);
#3147=LINE('',#4060,#4061);
#3148=VERTEX_POINT('',#4062);
#3149=LINE('',#4063,#4064);
#3150=LINE('',#4065,#4066);
#3151=LINE('',#4067,#4068);
#3152=LINE('',#4069,#4070);
#3153=VERTEX_POINT('',#4071);
#3154=LINE('',#4072,#4073);
#3155=LINE('',#4074,#4075);
#3156=VERTEX_POINT('',#4076);
#3157=LINE('',#4077,#4078);
#3158=VERTEX_POINT('',#4079);
#3159=LINE('',#4080,#4081);
#3160=VERTEX_POINT('',#4082);
#3161=LINE('',#4083,#4084);
#3162=VERTEX_POINT('',#4085);
#3163=LINE('',#4086,#4087);
#3164=LINE('',#4088,#4089);
#3165=LINE('',#4090,#4091);
#3166=VERTEX_POINT('',#4092);
#3167=LINE('',#4093,#4094);
#3168=VERTEX_POINT('',#4095);
#3169=LINE('',#4096,#4097);
#3170=LINE('',#4098,#4099);
#3171=VERTEX_POINT('',#4100);
#3172=LINE('',#4101,#4102);
#3173=VERTEX_POINT('',#4103);
#3174=LINE('',#4104,#4105);
#3175=LINE('',#4106,#4107);
#3176=VERTEX_POINT('',#4108);
#3177=LINE('',#4109,#4110);
#3178=LINE('',#4111,#4112);
#3179=LINE('',#4113,#4114);
#3180=VERTEX_POINT('',#4115);
#3181=VERTEX_POINT('',#4116);
#3182=LINE('',#4117,#4118);
#3183=VERTEX_POINT('',#4119);
#3184=LINE('',#4120,#4121);
#3185=LINE('',#4122,#4123);
#3186=CIRCLE('',#4124,0.3048);
#3187=VERTEX_POINT('',#4125);
#3188=LINE('',#4126,#4127);
#3189=VERTEX_POINT('',#4128);
#3190=LINE('',#4129,#4130);
#3191=VERTEX_POINT('',#4131);
#3192=LINE('',#4132,#4133);
#3193=CIRCLE('',#4134,0.3048);
#3194=VERTEX_POINT('',#4135);
#3195=LINE('',#4136,#4137);
#3196=CIRCLE('',#4138,0.3048);
#3197=VERTEX_POINT('',#4139);
#3198=LINE('',#4140,#4141);
#3199=VERTEX_POINT('',#4142);
#3200=LINE('',#4143,#4144);
#3201=LINE('',#4145,#4146);
#3202=VERTEX_POINT('',#4147);
#3203=VERTEX_POINT('',#4148);
#3204=LINE('',#4149,#4150);
#3205=VERTEX_POINT('',#4151);
#3206=LINE('',#4152,#4153);
#3207=LINE('',#4154,#4155);
#3208=CIRCLE('',#4156,0.3048);
#3209=VERTEX_POINT('',#4157);
#3210=LINE('',#4158,#4159);
#3211=VERTEX_POINT('',#4160);
#3212=LINE('',#4161,#4162);
#3213=VERTEX_POINT('',#4163);
#3214=LINE('',#4164,#4165);
#3215=VERTEX_POINT('',#4166);
#3216=LINE('',#4167,#4168);
#3217=LINE('',#4169,#4170);
#3218=VERTEX_POINT('',#4171);
#3219=LINE('',#4172,#4173);
#3220=VERTEX_POINT('',#4174);
#3221=LINE('',#4175,#4176);
#3222=LINE('',#4177,#4178);
#3223=VERTEX_POINT('',#4179);
#3224=LINE('',#4180,#4181);
#3225=LINE('',#4182,#4183);
#3226=VERTEX_POINT('',#4184);
#3227=LINE('',#4185,#4186);
#3228=VERTEX_POINT('',#4187);
#3229=LINE('',#4188,#4189);
#3230=VERTEX_POINT('',#4190);
#3231=LINE('',#4191,#4192);
#3232=LINE('',#4193,#4194);
#3233=LINE('',#4195,#4196);
#3234=VERTEX_POINT('',#4197);
#3235=LINE('',#4198,#4199);
#3236=LINE('',#4200,#4201);
#3237=VERTEX_POINT('',#4202);
#3238=LINE('',#4203,#4204);
#3239=LINE('',#4205,#4206);
#3240=VERTEX_POINT('',#4207);
#3241=LINE('',#4208,#4209);
#3242=VERTEX_POINT('',#4210);
#3243=LINE('',#4211,#4212);
#3244=LINE('',#4213,#4214);
#3245=VERTEX_POINT('',#4215);
#3246=LINE('',#4216,#4217);
#3247=LINE('',#4218,#4219);
#3248=LINE('',#4220,#4221);
#3249=VERTEX_POINT('',#4222);
#3250=LINE('',#4223,#4224);
#3251=LINE('',#4225,#4226);
#3252=LINE('',#4227,#4228);
#3253=LINE('',#4229,#4230);
#3254=VERTEX_POINT('',#4231);
#3255=VERTEX_POINT('',#4232);
#3256=LINE('',#4233,#4234);
#3257=VERTEX_POINT('',#4235);
#3258=LINE('',#4236,#4237);
#3259=LINE('',#4238,#4239);
#3260=CIRCLE('',#4240,0.3048);
#3261=VERTEX_POINT('',#4241);
#3262=LINE('',#4242,#4243);
#3263=VERTEX_POINT('',#4244);
#3264=LINE('',#4245,#4246);
#3265=VERTEX_POINT('',#4247);
#3266=LINE('',#4248,#4249);
#3267=CIRCLE('',#4250,0.3048);
#3268=VERTEX_POINT('',#4251);
#3269=LINE('',#4252,#4253);
#3270=CIRCLE('',#4254,0.3048);
#3271=VERTEX_POINT('',#4255);
#3272=LINE('',#4256,#4257);
#3273=VERTEX_POINT('',#4258);
#3274=LINE('',#4259,#4260);
#3275=LINE('',#4261,#4262);
#3276=VERTEX_POINT('',#4263);
#3277=VERTEX_POINT('',#4264);
#3278=LINE('',#4265,#4266);
#3279=VERTEX_POINT('',#4267);
#3280=LINE('',#4268,#4269);
#3281=LINE('',#4270,#4271);
#3282=CIRCLE('',#4272,0.3048);
#3283=VERTEX_POINT('',#4273);
#3284=LINE('',#4274,#4275);
#3285=VERTEX_POINT('',#4276);
#3286=LINE('',#4277,#4278);
#3287=VERTEX_POINT('',#4279);
#3288=LINE('',#4280,#4281);
#3289=VERTEX_POINT('',#4282);
#3290=LINE('',#4283,#4284);
#3291=LINE('',#4285,#4286);
#3292=VERTEX_POINT('',#4287);
#3293=LINE('',#4288,#4289);
#3294=VERTEX_POINT('',#4290);
#3295=LINE('',#4291,#4292);
#3296=LINE('',#4293,#4294);
#3297=VERTEX_POINT('',#4295);
#3298=LINE('',#4296,#4297);
#3299=LINE('',#4298,#4299);
#3300=VERTEX_POINT('',#4300);
#3301=LINE('',#4301,#4302);
#3302=VERTEX_POINT('',#4303);
#3303=LINE('',#4304,#4305);
#3304=LINE('',#4306,#4307);
#3305=VERTEX_POINT('',#4308);
#3306=LINE('',#4309,#4310);
#3307=LINE('',#4311,#4312);
#3308=VERTEX_POINT('',#4313);
#3309=LINE('',#4314,#4315);
#3310=VERTEX_POINT('',#4316);
#3311=LINE('',#4317,#4318);
#3312=LINE('',#4319,#4320);
#3313=LINE('',#4321,#4322);
#3314=VERTEX_POINT('',#4323);
#3315=LINE('',#4324,#4325);
#3316=LINE('',#4326,#4327);
#3317=VERTEX_POINT('',#4328);
#3318=LINE('',#4329,#4330);
#3319=LINE('',#4331,#4332);
#3320=VERTEX_POINT('',#4333);
#3321=LINE('',#4334,#4335);
#3322=LINE('',#4336,#4337);
#3323=VERTEX_POINT('',#4338);
#3324=LINE('',#4339,#4340);
#3325=LINE('',#4341,#4342);
#3326=LINE('',#4343,#4344);
#3327=LINE('',#4345,#4346);
#3328=VERTEX_POINT('',#4347);
#3329=LINE('',#4348,#4349);
#3330=VERTEX_POINT('',#4350);
#3331=LINE('',#4351,#4352);
#3332=LINE('',#4353,#4354);
#3333=LINE('',#4355,#4356);
#3334=LINE('',#4357,#4358);
#3335=LINE('',#4359,#4360);
#3336=LINE('',#4361,#4362);
#3337=VERTEX_POINT('',#4363);
#3338=LINE('',#4364,#4365);
#3339=LINE('',#4366,#4367);
#3340=VERTEX_POINT('',#4368);
#3341=LINE('',#4369,#4370);
#3342=VERTEX_POINT('',#4371);
#3343=LINE('',#4372,#4373);
#3344=VERTEX_POINT('',#4374);
#3345=LINE('',#4375,#4376);
#3346=LINE('',#4377,#4378);
#3347=VERTEX_POINT('',#4379);
#3348=LINE('',#4380,#4381);
#3349=VERTEX_POINT('',#4382);
#3350=LINE('',#4383,#4384);
#3351=VERTEX_POINT('',#4385);
#3352=LINE('',#4386,#4387);
#3353=LINE('',#4388,#4389);
#3354=LINE('',#4390,#4391);
#3355=LINE('',#4392,#4393);
#3356=VERTEX_POINT('',#4394);
#3357=VERTEX_POINT('',#4395);
#3358=LINE('',#4396,#4397);
#3359=VERTEX_POINT('',#4398);
#3360=LINE('',#4399,#4400);
#3361=LINE('',#4401,#4402);
#3362=LINE('',#4403,#4404);
#3363=VERTEX_POINT('',#4405);
#3364=LINE('',#4406,#4407);
#3365=VERTEX_POINT('',#4408);
#3366=LINE('',#4409,#4410);
#3367=LINE('',#4411,#4412);
#3368=LINE('',#4413,#4414);
#3369=LINE('',#4415,#4416);
#3370=LINE('',#4417,#4418);
#3371=LINE('',#4419,#4420);
#3372=LINE('',#4421,#4422);
#3373=VERTEX_POINT('',#4423);
#3374=LINE('',#4424,#4425);
#3375=LINE('',#4426,#4427);
#3376=VERTEX_POINT('',#4428);
#3377=LINE('',#4429,#4430);
#3378=VERTEX_POINT('',#4431);
#3379=LINE('',#4432,#4433);
#3380=VERTEX_POINT('',#4434);
#3381=LINE('',#4435,#4436);
#3382=LINE('',#4437,#4438);
#3383=VERTEX_POINT('',#4439);
#3384=VERTEX_POINT('',#4440);
#3385=LINE('',#4441,#4442);
#3386=LINE('',#4443,#4444);
#3387=VERTEX_POINT('',#4445);
#3388=LINE('',#4446,#4447);
#3389=LINE('',#4448,#4449);
#3390=LINE('',#4450,#4451);
#3391=VERTEX_POINT('',#4452);
#3392=LINE('',#4453,#4454);
#3393=LINE('',#4455,#4456);
#3394=VERTEX_POINT('',#4457);
#3395=LINE('',#4458,#4459);
#3396=LINE('',#4460,#4461);
#3397=LINE('',#4462,#4463);
#3398=VERTEX_POINT('',#4464);
#3399=LINE('',#4465,#4466);
#3400=LINE('',#4467,#4468);
#3401=LINE('',#4469,#4470);
#3402=VERTEX_POINT('',#4471);
#3403=LINE('',#4472,#4473);
#3404=VERTEX_POINT('',#4474);
#3405=LINE('',#4475,#4476);
#3406=LINE('',#4477,#4478);
#3407=LINE('',#4479,#4480);
#3408=LINE('',#4481,#4482);
#3409=VERTEX_POINT('',#4483);
#3410=LINE('',#4484,#4485);
#3411=LINE('',#4486,#4487);
#3412=VERTEX_POINT('',#4488);
#3413=LINE('',#4489,#4490);
#3414=VERTEX_POINT('',#4491);
#3415=LINE('',#4492,#4493);
#3416=VERTEX_POINT('',#4494);
#3417=LINE('',#4495,#4496);
#3418=LINE('',#4497,#4498);
#3419=VERTEX_POINT('',#4499);
#3420=VERTEX_POINT('',#4500);
#3421=LINE('',#4501,#4502);
#3422=LINE('',#4503,#4504);
#3423=VERTEX_POINT('',#4505);
#3424=LINE('',#4506,#4507);
#3425=LINE('',#4508,#4509);
#3426=LINE('',#4510,#4511);
#3427=VERTEX_POINT('',#4512);
#3428=LINE('',#4513,#4514);
#3429=LINE('',#4515,#4516);
#3430=VERTEX_POINT('',#4517);
#3431=LINE('',#4518,#4519);
#3432=LINE('',#4520,#4521);
#3433=LINE('',#4522,#4523);
#3434=VERTEX_POINT('',#4524);
#3435=LINE('',#4525,#4526);
#3436=LINE('',#4527,#4528);
#3437=LINE('',#4529,#4530);
#3438=VERTEX_POINT('',#4531);
#3439=LINE('',#4532,#4533);
#3440=VERTEX_POINT('',#4534);
#3441=LINE('',#4535,#4536);
#3442=LINE('',#4537,#4538);
#3443=LINE('',#4539,#4540);
#3444=LINE('',#4541,#4542);
#3445=VERTEX_POINT('',#4543);
#3446=LINE('',#4544,#4545);
#3447=VERTEX_POINT('',#4546);
#3448=LINE('',#4547,#4548);
#3449=LINE('',#4549,#4550);
#3450=VERTEX_POINT('',#4551);
#3451=LINE('',#4552,#4553);
#3452=LINE('',#4554,#4555);
#3453=VERTEX_POINT('',#4556);
#3454=LINE('',#4557,#4558);
#3455=LINE('',#4559,#4560);
#3456=VERTEX_POINT('',#4561);
#3457=LINE('',#4562,#4563);
#3458=LINE('',#4564,#4565);
#3459=VERTEX_POINT('',#4566);
#3460=LINE('',#4567,#4568);
#3461=LINE('',#4569,#4570);
#3462=VERTEX_POINT('',#4571);
#3463=LINE('',#4572,#4573);
#3464=LINE('',#4574,#4575);
#3465=LINE('',#4576,#4577);
#3466=VERTEX_POINT('',#4578);
#3467=VERTEX_POINT('',#4579);
#3468=LINE('',#4580,#4581);
#3469=VERTEX_POINT('',#4582);
#3470=LINE('',#4583,#4584);
#3471=VERTEX_POINT('',#4585);
#3472=LINE('',#4586,#4587);
#3473=VERTEX_POINT('',#4588);
#3474=LINE('',#4589,#4590);
#3475=VERTEX_POINT('',#4591);
#3476=LINE('',#4592,#4593);
#3477=VERTEX_POINT('',#4594);
#3478=LINE('',#4595,#4596);
#3479=VERTEX_POINT('',#4597);
#3480=LINE('',#4598,#4599);
#3481=VERTEX_POINT('',#4600);
#3482=LINE('',#4601,#4602);
#3483=VERTEX_POINT('',#4603);
#3484=LINE('',#4604,#4605);
#3485=VERTEX_POINT('',#4606);
#3486=LINE('',#4607,#4608);
#3487=VERTEX_POINT('',#4609);
#3488=LINE('',#4610,#4611);
#3489=VERTEX_POINT('',#4612);
#3490=LINE('',#4613,#4614);
#3491=VERTEX_POINT('',#4615);
#3492=LINE('',#4616,#4617);
#3493=VERTEX_POINT('',#4618);
#3494=LINE('',#4619,#4620);
#3495=VERTEX_POINT('',#4621);
#3496=LINE('',#4622,#4623);
#3497=VERTEX_POINT('',#4624);
#3498=LINE('',#4625,#4626);
#3499=VERTEX_POINT('',#4627);
#3500=LINE('',#4628,#4629);
#3501=VERTEX_POINT('',#4630);
#3502=LINE('',#4631,#4632);
#3503=VERTEX_POINT('',#4633);
#3504=LINE('',#4634,#4635);
#3505=VERTEX_POINT('',#4636);
#3506=LINE('',#4637,#4638);
#3507=VERTEX_POINT('',#4639);
#3508=LINE('',#4640,#4641);
#3509=VERTEX_POINT('',#4642);
#3510=LINE('',#4643,#4644);
#3511=VERTEX_POINT('',#4645);
#3512=LINE('',#4646,#4647);
#3513=LINE('',#4648,#4649);
#3514=VERTEX_POINT('',#4650);
#3515=VERTEX_POINT('',#4651);
#3516=LINE('',#4652,#4653);
#3517=VERTEX_POINT('',#4654);
#3518=LINE('',#4655,#4656);
#3519=VERTEX_POINT('',#4657);
#3520=LINE('',#4658,#4659);
#3521=VERTEX_POINT('',#4660);
#3522=LINE('',#4661,#4662);
#3523=VERTEX_POINT('',#4663);
#3524=LINE('',#4664,#4665);
#3525=VERTEX_POINT('',#4666);
#3526=LINE('',#4667,#4668);
#3527=VERTEX_POINT('',#4669);
#3528=LINE('',#4670,#4671);
#3529=VERTEX_POINT('',#4672);
#3530=LINE('',#4673,#4674);
#3531=VERTEX_POINT('',#4675);
#3532=LINE('',#4676,#4677);
#3533=VERTEX_POINT('',#4678);
#3534=LINE('',#4679,#4680);
#3535=VERTEX_POINT('',#4681);
#3536=LINE('',#4682,#4683);
#3537=VERTEX_POINT('',#4684);
#3538=LINE('',#4685,#4686);
#3539=VERTEX_POINT('',#4687);
#3540=LINE('',#4688,#4689);
#3541=VERTEX_POINT('',#4690);
#3542=LINE('',#4691,#4692);
#3543=VERTEX_POINT('',#4693);
#3544=LINE('',#4694,#4695);
#3545=VERTEX_POINT('',#4696);
#3546=LINE('',#4697,#4698);
#3547=VERTEX_POINT('',#4699);
#3548=LINE('',#4700,#4701);
#3549=VERTEX_POINT('',#4702);
#3550=LINE('',#4703,#4704);
#3551=VERTEX_POINT('',#4705);
#3552=LINE('',#4706,#4707);
#3553=LINE('',#4708,#4709);
#3554=VERTEX_POINT('',#4710);
#3555=VERTEX_POINT('',#4711);
#3556=LINE('',#4712,#4713);
#3557=VERTEX_POINT('',#4714);
#3558=LINE('',#4715,#4716);
#3559=VERTEX_POINT('',#4717);
#3560=LINE('',#4718,#4719);
#3561=VERTEX_POINT('',#4720);
#3562=LINE('',#4721,#4722);
#3563=VERTEX_POINT('',#4723);
#3564=LINE('',#4724,#4725);
#3565=VERTEX_POINT('',#4726);
#3566=LINE('',#4727,#4728);
#3567=VERTEX_POINT('',#4729);
#3568=LINE('',#4730,#4731);
#3569=VERTEX_POINT('',#4732);
#3570=LINE('',#4733,#4734);
#3571=VERTEX_POINT('',#4735);
#3572=LINE('',#4736,#4737);
#3573=LINE('',#4738,#4739);
#3574=LINE('',#4740,#4741);
#3575=LINE('',#4742,#4743);
#3576=LINE('',#4744,#4745);
#3577=LINE('',#4746,#4747);
#3578=LINE('',#4748,#4749);
#3579=LINE('',#4750,#4751);
#3580=LINE('',#4752,#4753);
#3581=LINE('',#4754,#4755);
#3582=LINE('',#4756,#4757);
#3583=LINE('',#4758,#4759);
#3584=LINE('',#4760,#4761);
#3585=LINE('',#4762,#4763);
#3586=LINE('',#4764,#4765);
#3587=LINE('',#4766,#4767);
#3588=LINE('',#4768,#4769);
#3589=LINE('',#4770,#4771);
#3590=LINE('',#4772,#4773);
#3591=LINE('',#4774,#4775);
#3592=LINE('',#4776,#4777);
#3593=LINE('',#4778,#4779);
#3594=LINE('',#4780,#4781);
#3595=LINE('',#4782,#4783);
#3596=LINE('',#4784,#4785);
#3597=LINE('',#4786,#4787);
#3598=LINE('',#4788,#4789);
#3599=LINE('',#4790,#4791);
#3600=LINE('',#4792,#4793);
#3601=LINE('',#4794,#4795);
#3602=LINE('',#4796,#4797);
#3603=LINE('',#4798,#4799);
#3604=LINE('',#4800,#4801);
#3605=LINE('',#4802,#4803);
#3606=LINE('',#4804,#4805);
#3607=LINE('',#4806,#4807);
#3608=LINE('',#4808,#4809);
#3609=LINE('',#4810,#4811);
#3610=LINE('',#4812,#4813);
#3611=LINE('',#4814,#4815);
#3612=LINE('',#4816,#4817);
#3613=LINE('',#4818,#4819);
#3614=LINE('',#4820,#4821);
#3615=LINE('',#4822,#4823);
#3616=LINE('',#4824,#4825);
#3617=LINE('',#4826,#4827);
#3618=LINE('',#4828,#4829);
#3619=LINE('',#4830,#4831);
#3620=LINE('',#4832,#4833);
#3621=LINE('',#4834,#4835);
#3622=LINE('',#4836,#4837);
#3623=LINE('',#4838,#4839);
#3624=LINE('',#4840,#4841);
#3625=LINE('',#4842,#4843);
#3626=LINE('',#4844,#4845);
#3627=LINE('',#4846,#4847);
#3628=CARTESIAN_POINT('',(-4.8006,3.74000000000028,-2.49999999999991));
#3629=CARTESIAN_POINT('',(-4.8006,3.6100000000008,0.0));
#3630=CARTESIAN_POINT('',(-4.8006,3.74000000000028,-2.49999999999991));
#3631=VECTOR('',#4848,2.50337771820407);
#3632=CARTESIAN_POINT('',(-4.8006,3.55000000000104,-3.5052));
#3633=CARTESIAN_POINT('',(-4.8006,3.55000000000104,-3.5052));
#3634=VECTOR('',#4849,1.02299904203288);
#3635=CARTESIAN_POINT('',(-4.8006,-3.55000000000104,-3.5052));
#3636=CARTESIAN_POINT('',(-4.8006,-3.55000000000104,-3.5052));
#3637=VECTOR('',#4850,7.09999999999954);
#3638=CARTESIAN_POINT('',(-4.8006,-3.74000000000028,-2.49999999999991));
#3639=CARTESIAN_POINT('',(-4.8006,-3.74000000000028,-2.49999999999991));
#3640=VECTOR('',#4851,1.02299904203288);
#3641=CARTESIAN_POINT('',(-4.8006,-3.6100000000008,0.0));
#3642=CARTESIAN_POINT('',(-4.8006,-3.6100000000008,0.0));
#3643=VECTOR('',#4852,2.50337771820407);
#3644=CARTESIAN_POINT('',(-4.8006,3.6100000000008,0.0));
#3645=VECTOR('',#4853,7.21999999999906);
#3646=CARTESIAN_POINT('',(4.8006,-3.6100000000008,0.0));
#3647=CARTESIAN_POINT('',(-4.8006,-3.6100000000008,0.0));
#3648=VECTOR('',#4854,9.6012);
#3649=CARTESIAN_POINT('',(4.8006,3.6100000000008,0.0));
#3650=CARTESIAN_POINT('',(4.8006,3.6100000000008,0.0));
#3651=VECTOR('',#4855,7.21999999999906);
#3652=CARTESIAN_POINT('',(-4.8006,3.6100000000008,0.0));
#3653=VECTOR('',#4856,9.6012);
#3654=CARTESIAN_POINT('',(-1.70060000000046,-1.14499999999999,0.0));
#3655=CARTESIAN_POINT('',(-1.70060000000046,-0.15499999999999,0.0));
#3656=CARTESIAN_POINT('',(-1.70060000000046,-1.14499999999999,0.0));
#3657=VECTOR('',#4857,0.990000000000104);
#3658=CARTESIAN_POINT('',(-1.70060000000046,-1.90000000000002,0.0));
#3659=CARTESIAN_POINT('',(-1.70060000000046,-1.14499999999999,0.0));
#3660=VECTOR('',#4858,0.755000000000028);
#3661=CARTESIAN_POINT('',(-3.10059999999918,-1.90000000000002,0.0));
#3662=CARTESIAN_POINT('',(-1.70060000000046,-1.90000000000002,0.0));
#3663=VECTOR('',#4859,1.39999999999948);
#3664=CARTESIAN_POINT('',(-3.10059999999918,-1.14499999999999,0.0));
#3665=CARTESIAN_POINT('',(-3.10059999999918,-1.14499999999999,0.0));
#3666=VECTOR('',#4860,0.755000000000028);
#3667=CARTESIAN_POINT('',(-3.10059999999918,-0.15499999999999,0.0));
#3668=CARTESIAN_POINT('',(-3.10059999999918,-1.14499999999999,0.0));
#3669=VECTOR('',#4861,0.990000000000104);
#3670=CARTESIAN_POINT('',(-3.10059999999918,1.90000000000002,0.0));
#3671=CARTESIAN_POINT('',(-3.10059999999918,1.90000000000002,0.0));
#3672=VECTOR('',#4862,2.05499999999991);
#3673=CARTESIAN_POINT('',(-1.70060000000046,1.90000000000002,0.0));
#3674=CARTESIAN_POINT('',(-1.70060000000046,1.90000000000002,0.0));
#3675=VECTOR('',#4863,1.39999999999948);
#3676=CARTESIAN_POINT('',(-1.70060000000046,1.90000000000002,0.0));
#3677=VECTOR('',#4864,2.05499999999991);
#3678=CARTESIAN_POINT('',(0.839399999999538,-1.14499999999999,0.0));
#3679=CARTESIAN_POINT('',(0.839399999999538,-0.15499999999999,0.0));
#3680=CARTESIAN_POINT('',(0.839399999999538,-1.14499999999999,0.0));
#3681=VECTOR('',#4865,0.990000000000104);
#3682=CARTESIAN_POINT('',(0.839399999999538,-1.90000000000002,0.0));
#3683=CARTESIAN_POINT('',(0.839399999999538,-1.90000000000002,0.0));
#3684=VECTOR('',#4866,0.755000000000028);
#3685=CARTESIAN_POINT('',(-0.560599999999942,-1.90000000000002,0.0));
#3686=CARTESIAN_POINT('',(0.839399999999538,-1.90000000000002,0.0));
#3687=VECTOR('',#4867,1.39999999999948);
#3688=CARTESIAN_POINT('',(-0.560599999999942,-1.14499999999999,0.0));
#3689=CARTESIAN_POINT('',(-0.560599999999942,-1.90000000000002,0.0));
#3690=VECTOR('',#4868,0.755000000000028);
#3691=CARTESIAN_POINT('',(-0.560599999999942,-0.15499999999999,0.0));
#3692=CARTESIAN_POINT('',(-0.560599999999942,-1.14499999999999,0.0));
#3693=VECTOR('',#4869,0.990000000000104);
#3694=CARTESIAN_POINT('',(-0.560599999999942,1.90000000000002,0.0));
#3695=CARTESIAN_POINT('',(-0.560599999999942,-0.15499999999999,0.0));
#3696=VECTOR('',#4870,2.05499999999991);
#3697=CARTESIAN_POINT('',(0.839399999999538,1.90000000000002,0.0));
#3698=CARTESIAN_POINT('',(0.839399999999538,1.90000000000002,0.0));
#3699=VECTOR('',#4871,1.39999999999948);
#3700=CARTESIAN_POINT('',(0.839399999999538,-0.15499999999999,0.0));
#3701=VECTOR('',#4872,2.05499999999991);
#3702=CARTESIAN_POINT('',(3.3794000000003,-1.14499999999999,0.0));
#3703=CARTESIAN_POINT('',(3.3794000000003,-0.15499999999999,0.0));
#3704=CARTESIAN_POINT('',(3.3794000000003,-1.14499999999999,0.0));
#3705=VECTOR('',#4873,0.990000000000104);
#3706=CARTESIAN_POINT('',(3.3794000000003,-1.90000000000002,0.0));
#3707=CARTESIAN_POINT('',(3.3794000000003,-1.90000000000002,0.0));
#3708=VECTOR('',#4874,0.755000000000028);
#3709=CARTESIAN_POINT('',(1.97940000000006,-1.90000000000002,0.0));
#3710=CARTESIAN_POINT('',(3.3794000000003,-1.90000000000002,0.0));
#3711=VECTOR('',#4875,1.39999999999948);
#3712=CARTESIAN_POINT('',(1.97940000000006,-1.14499999999999,0.0));
#3713=CARTESIAN_POINT('',(1.97940000000006,-1.90000000000002,0.0));
#3714=VECTOR('',#4876,0.755000000000028);
#3715=CARTESIAN_POINT('',(1.97940000000006,-0.15499999999999,0.0));
#3716=CARTESIAN_POINT('',(1.97940000000006,-1.14499999999999,0.0));
#3717=VECTOR('',#4877,0.990000000000104);
#3718=CARTESIAN_POINT('',(1.97940000000006,1.90000000000002,0.0));
#3719=CARTESIAN_POINT('',(1.97940000000006,-0.15499999999999,0.0));
#3720=VECTOR('',#4878,2.05499999999991);
#3721=CARTESIAN_POINT('',(3.3794000000003,1.90000000000002,0.0));
#3722=CARTESIAN_POINT('',(3.3794000000003,1.90000000000002,0.0));
#3723=VECTOR('',#4879,1.39999999999948);
#3724=CARTESIAN_POINT('',(3.3794000000003,-0.15499999999999,0.0));
#3725=VECTOR('',#4880,2.05499999999991);
#3726=CARTESIAN_POINT('',(-2.16535,-3.175,0.0));
#3727=CARTESIAN_POINT('',(-2.0701,-3.175,0.0));
#3728=CARTESIAN_POINT('',(-2.16535,-3.175,0.0));
#3729=VECTOR('',#4881,0.09525);
#3730=CARTESIAN_POINT('',(-2.16535,-2.542702112198,0.0));
#3731=CARTESIAN_POINT('',(-2.16535,-2.542702112198,0.0));
#3732=VECTOR('',#4882,0.632297887802);
#3733=CARTESIAN_POINT('',(-2.2606,-2.65619150579026,0.0));
#3734=CARTESIAN_POINT('',(-2.2606,-2.65619150579026,0.0));
#3735=VECTOR('',#4883,0.148163440017612);
#3736=CARTESIAN_POINT('',(-2.2606,-2.52648934817325,0.0));
#3737=CARTESIAN_POINT('',(-2.2606,-2.52648934817325,0.0));
#3738=VECTOR('',#4884,0.129702157616604);
#3739=CARTESIAN_POINT('',(-2.16535,-2.413,0.0));
#3740=CARTESIAN_POINT('',(-2.16535,-2.413,0.0));
#3741=VECTOR('',#4885,0.14816340522802);
#3742=CARTESIAN_POINT('',(-2.0701,-2.413,0.0));
#3743=CARTESIAN_POINT('',(-2.0701,-2.413,0.0));
#3744=VECTOR('',#4886,0.09525);
#3745=CARTESIAN_POINT('',(-2.0701,-3.175,0.0));
#3746=VECTOR('',#4887,0.762);
#3747=CARTESIAN_POINT('',(-3.9116,3.302,0.0));
#3748=CARTESIAN_POINT('',(-4.0385999924308,3.302,0.0));
#3749=CARTESIAN_POINT('',(-3.9116,3.302,0.0));
#3750=VECTOR('',#4888,0.126999992430216);
#3751=CARTESIAN_POINT('',(-3.8322249848616,3.28578723597652,0.0));
#3752=CARTESIAN_POINT('',(-3.8322249848616,3.28578723597652,0.0));
#3753=VECTOR('',#4889,0.0810138676136984);
#3754=CARTESIAN_POINT('',(-3.768725,3.25336170792702,0.0));
#3755=CARTESIAN_POINT('',(-3.768725,3.25336170792702,0.0));
#3756=VECTOR('',#4890,0.0712998102841938);
#3757=CARTESIAN_POINT('',(-3.7052250151384,3.18851065182802,0.0));
#3758=CARTESIAN_POINT('',(-3.7052250151384,3.18851065182802,0.0));
#3759=VECTOR('',#4891,0.0907629194904096);
#3760=CARTESIAN_POINT('',(-3.673475,3.12365959572902,0.0));
#3761=CARTESIAN_POINT('',(-3.673475,3.12365959572902,0.0));
#3762=VECTOR('',#4892,0.0722061142737412);
#3763=CARTESIAN_POINT('',(-3.6576000151384,3.04259573018626,0.0));
#3764=CARTESIAN_POINT('',(-3.6576000151384,3.04259573018626,0.0));
#3765=VECTOR('',#4893,0.0826036648157842);
#3766=CARTESIAN_POINT('',(-3.6576000151384,2.79940424710614,0.0));
#3767=CARTESIAN_POINT('',(-3.6576000151384,2.79940424710614,0.0));
#3768=VECTOR('',#4894,0.243191483080374);
#3769=CARTESIAN_POINT('',(-3.673475,2.71834042698112,0.0));
#3770=CARTESIAN_POINT('',(-3.673475,2.71834042698112,0.0));
#3771=VECTOR('',#4895,0.0826036202436864);
#3772=CARTESIAN_POINT('',(-3.7052250151384,2.65348935952832,0.0));
#3773=CARTESIAN_POINT('',(-3.7052250151384,2.65348935952832,0.0));
#3774=VECTOR('',#4896,0.0722061244718158);
#3775=CARTESIAN_POINT('',(-3.768725,2.58863829775242,0.0));
#3776=CARTESIAN_POINT('',(-3.768725,2.58863829775242,0.0));
#3777=VECTOR('',#4897,0.0907629235469166);
#3778=CARTESIAN_POINT('',(-3.8322249848616,2.55621276544334,0.0));
#3779=CARTESIAN_POINT('',(-3.8322249848616,2.55621276544334,0.0));
#3780=VECTOR('',#4898,0.071299812220639);
#3781=CARTESIAN_POINT('',(-3.9116,2.54,0.0));
#3782=CARTESIAN_POINT('',(-3.9116,2.54,0.0));
#3783=VECTOR('',#4899,0.0810138678977466);
#3784=CARTESIAN_POINT('',(-4.0385999924308,2.54,0.0));
#3785=CARTESIAN_POINT('',(-4.0385999924308,2.54,0.0));
#3786=VECTOR('',#4900,0.126999992430216);
#3787=CARTESIAN_POINT('',(-4.1179749962154,2.55621276544334,0.0));
#3788=CARTESIAN_POINT('',(-4.1179749962154,2.55621276544334,0.0));
#3789=VECTOR('',#4901,0.0810138567727498);
#3790=CARTESIAN_POINT('',(-4.1814750037846,2.58863829775242,0.0));
#3791=CARTESIAN_POINT('',(-4.1814750037846,2.58863829775242,0.0));
#3792=VECTOR('',#4902,0.0712998324457192);
#3793=CARTESIAN_POINT('',(-4.244975,2.65348935952832,0.0));
#3794=CARTESIAN_POINT('',(-4.244975,2.65348935952832,0.0));
#3795=VECTOR('',#4903,0.0907629314909444);
#3796=CARTESIAN_POINT('',(-4.27672499952756,2.71834042698112,0.0));
#3797=CARTESIAN_POINT('',(-4.27672499952756,2.71834042698112,0.0));
#3798=VECTOR('',#4904,0.0722061176067038);
#3799=CARTESIAN_POINT('',(-4.2926,2.79940424710614,0.0));
#3800=CARTESIAN_POINT('',(-4.2926,2.79940424710614,0.0));
#3801=VECTOR('',#4905,0.082603623244163);
#3802=CARTESIAN_POINT('',(-4.2926,3.04259573018626,0.0));
#3803=CARTESIAN_POINT('',(-4.2926,3.04259573018626,0.0));
#3804=VECTOR('',#4906,0.243191483080399);
#3805=CARTESIAN_POINT('',(-4.27672499952756,3.12365959572902,0.0));
#3806=CARTESIAN_POINT('',(-4.27672499952756,3.12365959572902,0.0));
#3807=VECTOR('',#4907,0.0826036678162608);
#3808=CARTESIAN_POINT('',(-4.244975,3.18851065182802,0.0));
#3809=CARTESIAN_POINT('',(-4.244975,3.18851065182802,0.0));
#3810=VECTOR('',#4908,0.0722061074086292);
#3811=CARTESIAN_POINT('',(-4.1814750037846,3.25336170792702,0.0));
#3812=CARTESIAN_POINT('',(-4.1814750037846,3.25336170792702,0.0));
#3813=VECTOR('',#4909,0.090762927434412);
#3814=CARTESIAN_POINT('',(-4.1179749962154,3.28578723597652,0.0));
#3815=CARTESIAN_POINT('',(-4.1179749962154,3.28578723597652,0.0));
#3816=VECTOR('',#4910,0.071299830509274);
#3817=CARTESIAN_POINT('',(-4.0385999924308,3.302,0.0));
#3818=VECTOR('',#4911,0.0810138564887016);
#3819=CARTESIAN_POINT('',(-3.5306,2.54,0.0));
#3820=CARTESIAN_POINT('',(-3.43535,2.54,0.0));
#3821=CARTESIAN_POINT('',(-3.5306,2.54,0.0));
#3822=VECTOR('',#4912,0.09525);
#3823=CARTESIAN_POINT('',(-3.5306,3.302,0.0));
#3824=CARTESIAN_POINT('',(-3.5306,3.302,0.0));
#3825=VECTOR('',#4913,0.762);
#3826=CARTESIAN_POINT('',(-3.387725,3.302,0.0));
#3827=CARTESIAN_POINT('',(-3.387725,3.302,0.0));
#3828=VECTOR('',#4914,0.142875);
#3829=CARTESIAN_POINT('',(-2.99084996972066,2.65348935952832,0.0));
#3830=CARTESIAN_POINT('',(-2.99084996972066,2.65348935952832,0.0));
#3831=VECTOR('',#4915,0.760312988488838);
#3832=CARTESIAN_POINT('',(-2.99084996972066,3.302,0.0));
#3833=CARTESIAN_POINT('',(-2.99084996972066,3.302,0.0));
#3834=VECTOR('',#4916,0.648510640472188);
#3835=CARTESIAN_POINT('',(-2.89559996972066,3.302,0.0));
#3836=CARTESIAN_POINT('',(-2.89559996972066,3.302,0.0));
#3837=VECTOR('',#4917,0.09525);
#3838=CARTESIAN_POINT('',(-2.89559996972066,2.54,0.0));
#3839=CARTESIAN_POINT('',(-2.89559996972066,2.54,0.0));
#3840=VECTOR('',#4918,0.762);
#3841=CARTESIAN_POINT('',(-3.03847496972066,2.54,0.0));
#3842=CARTESIAN_POINT('',(-3.03847496972066,2.54,0.0));
#3843=VECTOR('',#4919,0.142875);
#3844=CARTESIAN_POINT('',(-3.43535,3.2047234158515,0.0));
#3845=CARTESIAN_POINT('',(-3.43535,3.2047234158515,0.0));
#3846=VECTOR('',#4920,0.774187967641288);
#3847=CARTESIAN_POINT('',(-3.43535,2.54,0.0));
#3848=VECTOR('',#4921,0.6647234158515);
#3849=CARTESIAN_POINT('',(-4.1021,3.18851065182802,0.0));
#3850=CARTESIAN_POINT('',(-4.0385999924308,3.2047234158515,0.0));
#3851=CARTESIAN_POINT('',(-4.1021,3.18851065182802,0.0));
#3852=VECTOR('',#4922,0.0655370481383162);
#3853=CARTESIAN_POINT('',(-4.149725,3.15608512377852,0.0));
#3854=CARTESIAN_POINT('',(-4.149725,3.15608512377852,0.0));
#3855=VECTOR('',#4923,0.0576155837798034);
#3856=CARTESIAN_POINT('',(-4.1814750037846,3.10744678628526,0.0));
#3857=CARTESIAN_POINT('',(-4.1814750037846,3.10744678628526,0.0));
#3858=VECTOR('',#4924,0.0580839961987552);
#3859=CARTESIAN_POINT('',(-4.19735,3.04259573018626,0.0));
#3860=CARTESIAN_POINT('',(-4.19735,3.04259573018626,0.0));
#3861=VECTOR('',#4925,0.0667658219598594);
#3862=CARTESIAN_POINT('',(-4.19735,2.79940424710614,0.0));
#3863=CARTESIAN_POINT('',(-4.19735,2.79940424710614,0.0));
#3864=VECTOR('',#4926,0.243191483080374);
#3865=CARTESIAN_POINT('',(-4.1814750037846,2.73455319100714,0.0));
#3866=CARTESIAN_POINT('',(-4.1814750037846,2.73455319100714,0.0));
#3867=VECTOR('',#4927,0.0667658219598848);
#3868=CARTESIAN_POINT('',(-4.149725,2.68591489893162,0.0));
#3869=CARTESIAN_POINT('',(-4.149725,2.68591489893162,0.0));
#3870=VECTOR('',#4928,0.0580839581660652);
#3871=CARTESIAN_POINT('',(-4.1021,2.65348935952832,0.0));
#3872=CARTESIAN_POINT('',(-4.1021,2.65348935952832,0.0));
#3873=VECTOR('',#4929,0.0576155901701132);
#3874=CARTESIAN_POINT('',(-4.0385999924308,2.6372765955023,0.0));
#3875=CARTESIAN_POINT('',(-4.0385999924308,2.6372765955023,0.0));
#3876=VECTOR('',#4930,0.0655370481383162);
#3877=CARTESIAN_POINT('',(-3.9116,2.6372765955023,0.0));
#3878=CARTESIAN_POINT('',(-3.9116,2.6372765955023,0.0));
#3879=VECTOR('',#4931,0.126999992430216);
#3880=CARTESIAN_POINT('',(-3.8481000151384,2.65348935952832,0.0));
#3881=CARTESIAN_POINT('',(-3.8481000151384,2.65348935952832,0.0));
#3882=VECTOR('',#4932,0.0655370261348042);
#3883=CARTESIAN_POINT('',(-3.8004750151384,2.68591489893162,0.0));
#3884=CARTESIAN_POINT('',(-3.8004750151384,2.68591489893162,0.0));
#3885=VECTOR('',#4933,0.0576155901701132);
#3886=CARTESIAN_POINT('',(-3.768725,2.73455319100714,0.0));
#3887=CARTESIAN_POINT('',(-3.768725,2.73455319100714,0.0));
#3888=VECTOR('',#4934,0.0580839643727838);
#3889=CARTESIAN_POINT('',(-3.7528500151384,2.79940424710614,0.0));
#3890=CARTESIAN_POINT('',(-3.7528500151384,2.79940424710614,0.0));
#3891=VECTOR('',#4935,0.0667658192600426);
#3892=CARTESIAN_POINT('',(-3.7528500151384,3.04259573018626,0.0));
#3893=CARTESIAN_POINT('',(-3.7528500151384,3.04259573018626,0.0));
#3894=VECTOR('',#4936,0.243191483080399);
#3895=CARTESIAN_POINT('',(-3.768725,3.10744678628526,0.0));
#3896=CARTESIAN_POINT('',(-3.768725,3.10744678628526,0.0));
#3897=VECTOR('',#4937,0.0667658192600426);
#3898=CARTESIAN_POINT('',(-3.8004750151384,3.15608512377852,0.0));
#3899=CARTESIAN_POINT('',(-3.8004750151384,3.15608512377852,0.0));
#3900=VECTOR('',#4938,0.0580840024054992);
#3901=CARTESIAN_POINT('',(-3.8481000151384,3.18851065182802,0.0));
#3902=CARTESIAN_POINT('',(-3.8481000151384,3.18851065182802,0.0));
#3903=VECTOR('',#4939,0.0576155837798034);
#3904=CARTESIAN_POINT('',(-3.9116,3.2047234158515,0.0));
#3905=CARTESIAN_POINT('',(-3.9116,3.2047234158515,0.0));
#3906=VECTOR('',#4940,0.0655370261348042);
#3907=CARTESIAN_POINT('',(-4.0385999924308,3.2047234158515,0.0));
#3908=VECTOR('',#4941,0.126999992430216);
#3909=CARTESIAN_POINT('',(0.93439999999992,3.74000000000028,-2.49999999999991));
#3910=CARTESIAN_POINT('',(1.88439999999993,3.74000000000028,-2.49999999999991));
#3911=CARTESIAN_POINT('',(0.93439999999992,3.74000000000028,-2.49999999999991));
#3912=VECTOR('',#4942,0.95000000000001);
#3913=CARTESIAN_POINT('',(-0.65560000000007,3.74000000000028,-2.49999999999991));
#3914=CARTESIAN_POINT('',(-0.65560000000007,3.74000000000028,-2.49999999999991));
#3915=VECTOR('',#4943,1.58999999999999);
#3916=CARTESIAN_POINT('',(-1.60560000000008,3.74000000000028,-2.49999999999991));
#3917=CARTESIAN_POINT('',(-1.60560000000008,3.74000000000028,-2.49999999999991));
#3918=VECTOR('',#4944,0.95000000000001);
#3919=CARTESIAN_POINT('',(-3.1955999999988,3.74000000000028,-2.49999999999991));
#3920=CARTESIAN_POINT('',(-3.1955999999988,3.74000000000028,-2.49999999999991));
#3921=VECTOR('',#4945,1.58999999999999);
#3922=CARTESIAN_POINT('',(-4.8006,3.74000000000028,-2.49999999999991));
#3923=VECTOR('',#4946,1.60499999999993);
#3924=CARTESIAN_POINT('',(4.8006,3.74000000000028,-2.49999999999991));
#3925=CARTESIAN_POINT('',(4.8006,3.74000000000028,-2.49999999999991));
#3926=VECTOR('',#4947,2.50337771820407);
#3927=CARTESIAN_POINT('',(3.47439999999992,3.74000000000028,-2.49999999999991));
#3928=CARTESIAN_POINT('',(3.47439999999992,3.74000000000028,-2.49999999999991));
#3929=VECTOR('',#4948,1.32620000000008);
#3930=CARTESIAN_POINT('',(1.88439999999993,3.74000000000028,-2.49999999999991));
#3931=VECTOR('',#4949,1.58999999999999);
#3932=CARTESIAN_POINT('',(1.88439999999993,3.93968964490518,-2.7696907939195));
#3933=CARTESIAN_POINT('',(3.47439999999992,3.93968964490518,-2.7696907939195));
#3934=CARTESIAN_POINT('',(1.88439999999993,3.93968964490518,-2.7696907939195));
#3935=VECTOR('',#4950,1.58999999999999);
#3936=AXIS2_PLACEMENT_3D('',#4951,#4952,#4953);
#3937=AXIS2_PLACEMENT_3D('',#4954,#4955,#4956);
#3938=CARTESIAN_POINT('',(3.47439999999992,3.68954069901154,-2.7669562597518));
#3939=CARTESIAN_POINT('',(3.47439999999992,3.68954069901154,-2.7669562597518));
#3940=VECTOR('',#4957,0.271683245116548);
#3941=CARTESIAN_POINT('',(3.47439999999992,3.72975170599348,-3.5052));
#3942=CARTESIAN_POINT('',(3.47439999999992,3.72975170599348,-3.5052));
#3943=VECTOR('',#4958,0.739338045211732);
#3944=CARTESIAN_POINT('',(3.47439999999992,3.97975170599248,-3.5052));
#3945=CARTESIAN_POINT('',(3.47439999999992,3.72975170599348,-3.5052));
#3946=VECTOR('',#4959,0.249999999999991);
#3947=CARTESIAN_POINT('',(3.47439999999992,3.93968964490518,-2.7696907939195));
#3948=VECTOR('',#4960,0.736599457621608);
#3949=CARTESIAN_POINT('',(3.47439999999992,-3.97975170599248,-3.5052));
#3950=CARTESIAN_POINT('',(3.47439999999992,-3.93968964490518,-2.7696907939195));
#3951=CARTESIAN_POINT('',(3.47439999999992,-3.97975170599248,-3.5052));
#3952=VECTOR('',#4961,0.736599457621608);
#3953=CARTESIAN_POINT('',(3.47439999999992,-3.72975170599348,-3.5052));
#3954=CARTESIAN_POINT('',(3.47439999999992,-3.97975170599248,-3.5052));
#3955=VECTOR('',#4962,0.249999999999991);
#3956=CARTESIAN_POINT('',(3.47439999999992,-3.68954069901154,-2.7669562597518));
#3957=CARTESIAN_POINT('',(3.47439999999992,-3.68954069901154,-2.7669562597518));
#3958=VECTOR('',#4963,0.739338045211732);
#3959=CARTESIAN_POINT('',(3.47439999999992,-3.74000000000028,-2.49999999999991));
#3960=CARTESIAN_POINT('',(3.47439999999992,-3.74000000000028,-2.49999999999991));
#3961=VECTOR('',#4964,0.271683245116548);
#3962=AXIS2_PLACEMENT_3D('',#4965,#4966,#4967);
#3963=CARTESIAN_POINT('',(2.98439999999934,4.04347981583598,-4.6752000000004));
#3964=CARTESIAN_POINT('',(2.98439999999934,4.04347981583598,-4.6752000000004));
#3965=VECTOR('',#4968,1.27006349132006);
#3966=CARTESIAN_POINT('',(2.98439999999934,4.19000000000102,-7.3651999999998));
#3967=CARTESIAN_POINT('',(2.98439999999934,4.19000000000102,-7.3651999999998));
#3968=VECTOR('',#4969,2.69398740983762);
#3969=CARTESIAN_POINT('',(2.3744,4.19000000000102,-7.3651999999998));
#3970=CARTESIAN_POINT('',(2.98439999999934,4.19000000000102,-7.3651999999998));
#3971=VECTOR('',#4970,0.6100000000001);
#3972=CARTESIAN_POINT('',(2.3744,4.04347981583598,-4.6752000000004));
#3973=CARTESIAN_POINT('',(2.3744,4.19000000000102,-7.3651999999998));
#3974=VECTOR('',#4971,2.69398740983762);
#3975=CARTESIAN_POINT('',(1.88439999999993,3.97975170599248,-3.5052));
#3976=CARTESIAN_POINT('',(1.88439999999993,3.97975170599248,-3.5052));
#3977=VECTOR('',#4972,1.27006349132006);
#3978=CARTESIAN_POINT('',(1.88439999999993,3.93968964490518,-2.7696907939195));
#3979=VECTOR('',#4973,0.736599457621608);
#3980=CARTESIAN_POINT('',(1.88439999999993,3.72975170599348,-3.5052));
#3981=CARTESIAN_POINT('',(1.88439999999993,3.72975170599348,-3.5052));
#3982=VECTOR('',#4974,0.249999999999991);
#3983=CARTESIAN_POINT('',(1.88439999999993,3.68954069901154,-2.7669562597518));
#3984=CARTESIAN_POINT('',(1.88439999999993,3.72975170599348,-3.5052));
#3985=VECTOR('',#4975,0.739338045211732);
#3986=CARTESIAN_POINT('',(1.88439999999993,3.68954069901154,-2.7669562597518));
#3987=VECTOR('',#4976,0.271683245116548);
#3988=CARTESIAN_POINT('',(1.88439999999993,-3.74000000000028,-2.49999999999991));
#3989=CARTESIAN_POINT('',(1.88439999999993,-3.68954069901154,-2.7669562597518));
#3990=CARTESIAN_POINT('',(1.88439999999993,-3.74000000000028,-2.49999999999991));
#3991=VECTOR('',#4977,0.271683245116548);
#3992=CARTESIAN_POINT('',(1.88439999999993,-3.72975170599348,-3.5052));
#3993=CARTESIAN_POINT('',(1.88439999999993,-3.68954069901154,-2.7669562597518));
#3994=VECTOR('',#4978,0.739338045211732);
#3995=CARTESIAN_POINT('',(1.88439999999993,-3.97975170599248,-3.5052));
#3996=CARTESIAN_POINT('',(1.88439999999993,-3.97975170599248,-3.5052));
#3997=VECTOR('',#4979,0.249999999999991);
#3998=CARTESIAN_POINT('',(1.88439999999993,-3.93968964490518,-2.7696907939195));
#3999=CARTESIAN_POINT('',(1.88439999999993,-3.97975170599248,-3.5052));
#4000=VECTOR('',#4980,0.736599457621608);
#4001=AXIS2_PLACEMENT_3D('',#4981,#4982,#4983);
#4002=CARTESIAN_POINT('',(4.8006,3.55000000000104,-3.5052));
#4003=CARTESIAN_POINT('',(4.8006,3.55000000000104,-3.5052));
#4004=VECTOR('',#4984,1.02299904203288);
#4005=CARTESIAN_POINT('',(-4.8006,3.55000000000104,-3.5052));
#4006=VECTOR('',#4985,9.6012);
#4007=CARTESIAN_POINT('',(-3.1955999999988,3.68954069901154,-2.7669562597518));
#4008=CARTESIAN_POINT('',(-3.1955999999988,3.68954069901154,-2.7669562597518));
#4009=VECTOR('',#4986,0.271683245116548);
#4010=CARTESIAN_POINT('',(-1.60560000000008,3.68954069901154,-2.7669562597518));
#4011=CARTESIAN_POINT('',(-1.60560000000008,3.68954069901154,-2.7669562597518));
#4012=VECTOR('',#4987,1.58999999999999);
#4013=CARTESIAN_POINT('',(-1.60560000000008,3.68954069901154,-2.7669562597518));
#4014=VECTOR('',#4988,0.271683245116548);
#4015=CARTESIAN_POINT('',(-0.65560000000007,3.68954069901154,-2.7669562597518));
#4016=CARTESIAN_POINT('',(-0.65560000000007,3.68954069901154,-2.7669562597518));
#4017=VECTOR('',#4989,0.271683245116548);
#4018=CARTESIAN_POINT('',(0.93439999999992,3.68954069901154,-2.7669562597518));
#4019=CARTESIAN_POINT('',(0.93439999999992,3.68954069901154,-2.7669562597518));
#4020=VECTOR('',#4990,1.58999999999999);
#4021=CARTESIAN_POINT('',(0.93439999999992,3.68954069901154,-2.7669562597518));
#4022=VECTOR('',#4991,0.271683245116548);
#4023=CARTESIAN_POINT('',(3.47439999999992,3.68954069901154,-2.7669562597518));
#4024=VECTOR('',#4992,1.58999999999999);
#4025=CARTESIAN_POINT('',(2.3744,3.93999999999948,-7.3651999999998));
#4026=CARTESIAN_POINT('',(2.3744,3.79347981583444,-4.6752000000004));
#4027=CARTESIAN_POINT('',(2.3744,3.93999999999948,-7.3651999999998));
#4028=VECTOR('',#4993,2.69398740983762);
#4029=CARTESIAN_POINT('',(2.98439999999934,3.93999999999948,-7.3651999999998));
#4030=CARTESIAN_POINT('',(2.98439999999934,3.93999999999948,-7.3651999999998));
#4031=VECTOR('',#4994,0.6100000000001);
#4032=CARTESIAN_POINT('',(2.98439999999934,3.79347981583444,-4.6752000000004));
#4033=CARTESIAN_POINT('',(2.98439999999934,3.93999999999948,-7.3651999999998));
#4034=VECTOR('',#4995,2.69398740983762);
#4035=CARTESIAN_POINT('',(2.98439999999934,3.79347981583444,-4.6752000000004));
#4036=VECTOR('',#4996,1.27006349132006);
#4037=CARTESIAN_POINT('',(1.88439999999993,3.72975170599348,-3.5052));
#4038=VECTOR('',#4997,1.27006349132006);
#4039=CARTESIAN_POINT('',(2.3744,-4.04347981583598,-4.6752000000004));
#4040=CARTESIAN_POINT('',(1.88439999999993,-3.97975170599248,-3.5052));
#4041=VECTOR('',#4998,1.27006349132006);
#4042=CARTESIAN_POINT('',(2.3744,-3.79347981583444,-4.6752000000004));
#4043=CARTESIAN_POINT('',(1.88439999999993,-3.72975170599348,-3.5052));
#4044=VECTOR('',#4999,1.27006349132006);
#4045=CARTESIAN_POINT('',(2.3744,-4.04347981583598,-4.6752000000004));
#4046=VECTOR('',#5000,0.249999999999991);
#4047=CARTESIAN_POINT('',(2.3744,3.79347981583444,-4.6752000000004));
#4048=VECTOR('',#5001,0.249999999999991);
#4049=CARTESIAN_POINT('',(2.3744,-3.93999999999948,-7.3651999999998));
#4050=CARTESIAN_POINT('',(2.3744,-3.93999999999948,-7.3651999999998));
#4051=VECTOR('',#5002,2.69398740983762);
#4052=CARTESIAN_POINT('',(2.3744,-4.19000000000102,-7.3651999999998));
#4053=CARTESIAN_POINT('',(2.3744,-3.93999999999948,-7.3651999999998));
#4054=VECTOR('',#5003,0.249999999999991);
#4055=CARTESIAN_POINT('',(2.3744,-4.19000000000102,-7.3651999999998));
#4056=VECTOR('',#5004,2.69398740983762);
#4057=CARTESIAN_POINT('',(2.3744,4.19000000000102,-7.3651999999998));
#4058=VECTOR('',#5005,0.249999999999991);
#4059=CARTESIAN_POINT('',(2.98439999999934,-4.19000000000102,-7.3651999999998));
#4060=CARTESIAN_POINT('',(2.98439999999934,-4.19000000000102,-7.3651999999998));
#4061=VECTOR('',#5006,0.6100000000001);
#4062=CARTESIAN_POINT('',(2.98439999999934,-4.04347981583598,-4.6752000000004));
#4063=CARTESIAN_POINT('',(2.98439999999934,-4.19000000000102,-7.3651999999998));
#4064=VECTOR('',#5007,2.69398740983762);
#4065=CARTESIAN_POINT('',(2.98439999999934,-4.04347981583598,-4.6752000000004));
#4066=VECTOR('',#5008,1.27006349132006);
#4067=CARTESIAN_POINT('',(1.88439999999993,-3.93968964490518,-2.7696907939195));
#4068=VECTOR('',#5009,1.58999999999999);
#4069=CARTESIAN_POINT('',(1.88439999999993,-3.74000000000028,-2.49999999999991));
#4070=VECTOR('',#5010,1.58999999999999);
#4071=CARTESIAN_POINT('',(4.8006,-3.74000000000028,-2.49999999999991));
#4072=CARTESIAN_POINT('',(3.47439999999992,-3.74000000000028,-2.49999999999991));
#4073=VECTOR('',#5011,1.32620000000008);
#4074=CARTESIAN_POINT('',(4.8006,-3.6100000000008,0.0));
#4075=VECTOR('',#5012,2.50337771820407);
#4076=CARTESIAN_POINT('',(-3.1955999999988,-3.74000000000028,-2.49999999999991));
#4077=CARTESIAN_POINT('',(-4.8006,-3.74000000000028,-2.49999999999991));
#4078=VECTOR('',#5013,1.60499999999993);
#4079=CARTESIAN_POINT('',(-1.60560000000008,-3.74000000000028,-2.49999999999991));
#4080=CARTESIAN_POINT('',(-3.1955999999988,-3.74000000000028,-2.49999999999991));
#4081=VECTOR('',#5014,1.58999999999999);
#4082=CARTESIAN_POINT('',(-0.65560000000007,-3.74000000000028,-2.49999999999991));
#4083=CARTESIAN_POINT('',(-1.60560000000008,-3.74000000000028,-2.49999999999991));
#4084=VECTOR('',#5015,0.95000000000001);
#4085=CARTESIAN_POINT('',(0.93439999999992,-3.74000000000028,-2.49999999999991));
#4086=CARTESIAN_POINT('',(-0.65560000000007,-3.74000000000028,-2.49999999999991));
#4087=VECTOR('',#5016,1.58999999999999);
#4088=CARTESIAN_POINT('',(0.93439999999992,-3.74000000000028,-2.49999999999991));
#4089=VECTOR('',#5017,0.95000000000001);
#4090=CARTESIAN_POINT('',(3.47439999999992,-3.68954069901154,-2.7669562597518));
#4091=VECTOR('',#5018,1.58999999999999);
#4092=CARTESIAN_POINT('',(0.93439999999992,-3.68954069901154,-2.7669562597518));
#4093=CARTESIAN_POINT('',(0.93439999999992,-3.74000000000028,-2.49999999999991));
#4094=VECTOR('',#5019,0.271683245116548);
#4095=CARTESIAN_POINT('',(-0.65560000000007,-3.68954069901154,-2.7669562597518));
#4096=CARTESIAN_POINT('',(0.93439999999992,-3.68954069901154,-2.7669562597518));
#4097=VECTOR('',#5020,1.58999999999999);
#4098=CARTESIAN_POINT('',(-0.65560000000007,-3.74000000000028,-2.49999999999991));
#4099=VECTOR('',#5021,0.271683245116548);
#4100=CARTESIAN_POINT('',(-1.60560000000008,-3.68954069901154,-2.7669562597518));
#4101=CARTESIAN_POINT('',(-1.60560000000008,-3.74000000000028,-2.49999999999991));
#4102=VECTOR('',#5022,0.271683245116548);
#4103=CARTESIAN_POINT('',(-3.1955999999988,-3.68954069901154,-2.7669562597518));
#4104=CARTESIAN_POINT('',(-1.60560000000008,-3.68954069901154,-2.7669562597518));
#4105=VECTOR('',#5023,1.58999999999999);
#4106=CARTESIAN_POINT('',(-3.1955999999988,-3.74000000000028,-2.49999999999991));
#4107=VECTOR('',#5024,0.271683245116548);
#4108=CARTESIAN_POINT('',(4.8006,-3.55000000000104,-3.5052));
#4109=CARTESIAN_POINT('',(-4.8006,-3.55000000000104,-3.5052));
#4110=VECTOR('',#5025,9.6012);
#4111=CARTESIAN_POINT('',(4.8006,-3.74000000000028,-2.49999999999991));
#4112=VECTOR('',#5026,1.02299904203288);
#4113=CARTESIAN_POINT('',(4.8006,-3.55000000000104,-3.5052));
#4114=VECTOR('',#5027,7.09999999999954);
#4115=CARTESIAN_POINT('',(-3.1955999999988,3.93968964490518,-2.7696907939195));
#4116=CARTESIAN_POINT('',(-3.1955999999988,3.97975170599248,-3.5052));
#4117=CARTESIAN_POINT('',(-3.1955999999988,3.93968964490518,-2.7696907939195));
#4118=VECTOR('',#5028,0.736599457621608);
#4119=CARTESIAN_POINT('',(-3.1955999999988,3.72975170599348,-3.5052));
#4120=CARTESIAN_POINT('',(-3.1955999999988,3.72975170599348,-3.5052));
#4121=VECTOR('',#5029,0.249999999999991);
#4122=CARTESIAN_POINT('',(-3.1955999999988,3.72975170599348,-3.5052));
#4123=VECTOR('',#5030,0.739338045211732);
#4124=AXIS2_PLACEMENT_3D('',#5031,#5032,#5033);
#4125=CARTESIAN_POINT('',(-3.1955999999988,-3.72975170599348,-3.5052));
#4126=CARTESIAN_POINT('',(-3.1955999999988,-3.68954069901154,-2.7669562597518));
#4127=VECTOR('',#5034,0.739338045211732);
#4128=CARTESIAN_POINT('',(-3.1955999999988,-3.97975170599248,-3.5052));
#4129=CARTESIAN_POINT('',(-3.1955999999988,-3.97975170599248,-3.5052));
#4130=VECTOR('',#5035,0.249999999999991);
#4131=CARTESIAN_POINT('',(-3.1955999999988,-3.93968964490518,-2.7696907939195));
#4132=CARTESIAN_POINT('',(-3.1955999999988,-3.97975170599248,-3.5052));
#4133=VECTOR('',#5036,0.736599457621608);
#4134=AXIS2_PLACEMENT_3D('',#5037,#5038,#5039);
#4135=CARTESIAN_POINT('',(-1.60560000000008,3.93968964490518,-2.7696907939195));
#4136=CARTESIAN_POINT('',(-3.1955999999988,3.93968964490518,-2.7696907939195));
#4137=VECTOR('',#5040,1.58999999999999);
#4138=AXIS2_PLACEMENT_3D('',#5041,#5042,#5043);
#4139=CARTESIAN_POINT('',(-1.60560000000008,3.72975170599348,-3.5052));
#4140=CARTESIAN_POINT('',(-1.60560000000008,3.72975170599348,-3.5052));
#4141=VECTOR('',#5044,0.739338045211732);
#4142=CARTESIAN_POINT('',(-1.60560000000008,3.97975170599248,-3.5052));
#4143=CARTESIAN_POINT('',(-1.60560000000008,3.72975170599348,-3.5052));
#4144=VECTOR('',#5045,0.249999999999991);
#4145=CARTESIAN_POINT('',(-1.60560000000008,3.93968964490518,-2.7696907939195));
#4146=VECTOR('',#5046,0.736599457621608);
#4147=CARTESIAN_POINT('',(-1.60560000000008,-3.97975170599248,-3.5052));
#4148=CARTESIAN_POINT('',(-1.60560000000008,-3.93968964490518,-2.7696907939195));
#4149=CARTESIAN_POINT('',(-1.60560000000008,-3.97975170599248,-3.5052));
#4150=VECTOR('',#5047,0.736599457621608);
#4151=CARTESIAN_POINT('',(-1.60560000000008,-3.72975170599348,-3.5052));
#4152=CARTESIAN_POINT('',(-1.60560000000008,-3.97975170599248,-3.5052));
#4153=VECTOR('',#5048,0.249999999999991);
#4154=CARTESIAN_POINT('',(-1.60560000000008,-3.68954069901154,-2.7669562597518));
#4155=VECTOR('',#5049,0.739338045211732);
#4156=AXIS2_PLACEMENT_3D('',#5050,#5051,#5052);
#4157=CARTESIAN_POINT('',(-2.0955999999999,4.04347981583598,-4.6752000000004));
#4158=CARTESIAN_POINT('',(-2.0955999999999,4.04347981583598,-4.6752000000004));
#4159=VECTOR('',#5053,1.27006349132006);
#4160=CARTESIAN_POINT('',(-2.0955999999999,4.19000000000102,-7.3651999999998));
#4161=CARTESIAN_POINT('',(-2.0955999999999,4.19000000000102,-7.3651999999998));
#4162=VECTOR('',#5054,2.69398740983762);
#4163=CARTESIAN_POINT('',(-2.70560000000076,4.19000000000102,-7.3651999999998));
#4164=CARTESIAN_POINT('',(-2.0955999999999,4.19000000000102,-7.3651999999998));
#4165=VECTOR('',#5055,0.6100000000001);
#4166=CARTESIAN_POINT('',(-2.70560000000076,4.04347981583598,-4.6752000000004));
#4167=CARTESIAN_POINT('',(-2.70560000000076,4.19000000000102,-7.3651999999998));
#4168=VECTOR('',#5056,2.69398740983762);
#4169=CARTESIAN_POINT('',(-3.1955999999988,3.97975170599248,-3.5052));
#4170=VECTOR('',#5057,1.27006349132006);
#4171=CARTESIAN_POINT('',(-2.70560000000076,-3.79347981583444,-4.6752000000004));
#4172=CARTESIAN_POINT('',(-3.1955999999988,-3.72975170599348,-3.5052));
#4173=VECTOR('',#5058,1.27006349132006);
#4174=CARTESIAN_POINT('',(-2.70560000000076,-4.04347981583598,-4.6752000000004));
#4175=CARTESIAN_POINT('',(-2.70560000000076,-4.04347981583598,-4.6752000000004));
#4176=VECTOR('',#5059,0.249999999999991);
#4177=CARTESIAN_POINT('',(-3.1955999999988,-3.97975170599248,-3.5052));
#4178=VECTOR('',#5060,1.27006349132006);
#4179=CARTESIAN_POINT('',(-2.70560000000076,3.79347981583444,-4.6752000000004));
#4180=CARTESIAN_POINT('',(-2.70560000000076,3.79347981583444,-4.6752000000004));
#4181=VECTOR('',#5061,0.249999999999991);
#4182=CARTESIAN_POINT('',(-3.1955999999988,3.72975170599348,-3.5052));
#4183=VECTOR('',#5062,1.27006349132006);
#4184=CARTESIAN_POINT('',(-2.70560000000076,-4.19000000000102,-7.3651999999998));
#4185=CARTESIAN_POINT('',(-2.70560000000076,-4.19000000000102,-7.3651999999998));
#4186=VECTOR('',#5063,2.69398740983762);
#4187=CARTESIAN_POINT('',(-2.0955999999999,-4.19000000000102,-7.3651999999998));
#4188=CARTESIAN_POINT('',(-2.0955999999999,-4.19000000000102,-7.3651999999998));
#4189=VECTOR('',#5064,0.6100000000001);
#4190=CARTESIAN_POINT('',(-2.0955999999999,-4.04347981583598,-4.6752000000004));
#4191=CARTESIAN_POINT('',(-2.0955999999999,-4.19000000000102,-7.3651999999998));
#4192=VECTOR('',#5065,2.69398740983762);
#4193=CARTESIAN_POINT('',(-2.0955999999999,-4.04347981583598,-4.6752000000004));
#4194=VECTOR('',#5066,1.27006349132006);
#4195=CARTESIAN_POINT('',(-3.1955999999988,-3.93968964490518,-2.7696907939195));
#4196=VECTOR('',#5067,1.58999999999999);
#4197=CARTESIAN_POINT('',(-2.0955999999999,-3.79347981583444,-4.6752000000004));
#4198=CARTESIAN_POINT('',(-2.0955999999999,-4.04347981583598,-4.6752000000004));
#4199=VECTOR('',#5068,0.249999999999991);
#4200=CARTESIAN_POINT('',(-2.0955999999999,-3.79347981583444,-4.6752000000004));
#4201=VECTOR('',#5069,1.27006349132006);
#4202=CARTESIAN_POINT('',(-2.0955999999999,3.79347981583444,-4.6752000000004));
#4203=CARTESIAN_POINT('',(-2.0955999999999,3.79347981583444,-4.6752000000004));
#4204=VECTOR('',#5070,1.27006349132006);
#4205=CARTESIAN_POINT('',(-2.0955999999999,3.79347981583444,-4.6752000000004));
#4206=VECTOR('',#5071,0.249999999999991);
#4207=CARTESIAN_POINT('',(-2.0955999999999,-3.93999999999948,-7.3651999999998));
#4208=CARTESIAN_POINT('',(-2.0955999999999,-3.93999999999948,-7.3651999999998));
#4209=VECTOR('',#5072,2.69398740983762);
#4210=CARTESIAN_POINT('',(-2.70560000000076,-3.93999999999948,-7.3651999999998));
#4211=CARTESIAN_POINT('',(-2.0955999999999,-3.93999999999948,-7.3651999999998));
#4212=VECTOR('',#5073,0.6100000000001);
#4213=CARTESIAN_POINT('',(-2.70560000000076,-3.93999999999948,-7.3651999999998));
#4214=VECTOR('',#5074,2.69398740983762);
#4215=CARTESIAN_POINT('',(-2.70560000000076,3.93999999999948,-7.3651999999998));
#4216=CARTESIAN_POINT('',(-2.70560000000076,3.93999999999948,-7.3651999999998));
#4217=VECTOR('',#5075,2.69398740983762);
#4218=CARTESIAN_POINT('',(-2.70560000000076,4.19000000000102,-7.3651999999998));
#4219=VECTOR('',#5076,0.249999999999991);
#4220=CARTESIAN_POINT('',(-2.70560000000076,-3.93999999999948,-7.3651999999998));
#4221=VECTOR('',#5077,0.249999999999991);
#4222=CARTESIAN_POINT('',(-2.0955999999999,3.93999999999948,-7.3651999999998));
#4223=CARTESIAN_POINT('',(-2.0955999999999,4.19000000000102,-7.3651999999998));
#4224=VECTOR('',#5078,0.249999999999991);
#4225=CARTESIAN_POINT('',(-2.0955999999999,3.93999999999948,-7.3651999999998));
#4226=VECTOR('',#5079,0.6100000000001);
#4227=CARTESIAN_POINT('',(-2.0955999999999,3.93999999999948,-7.3651999999998));
#4228=VECTOR('',#5080,2.69398740983762);
#4229=CARTESIAN_POINT('',(-2.0955999999999,-3.93999999999948,-7.3651999999998));
#4230=VECTOR('',#5081,0.249999999999991);
#4231=CARTESIAN_POINT('',(-0.65560000000007,3.93968964490518,-2.7696907939195));
#4232=CARTESIAN_POINT('',(-0.65560000000007,3.97975170599248,-3.5052));
#4233=CARTESIAN_POINT('',(-0.65560000000007,3.93968964490518,-2.7696907939195));
#4234=VECTOR('',#5082,0.736599457621608);
#4235=CARTESIAN_POINT('',(-0.65560000000007,3.72975170599348,-3.5052));
#4236=CARTESIAN_POINT('',(-0.65560000000007,3.72975170599348,-3.5052));
#4237=VECTOR('',#5083,0.249999999999991);
#4238=CARTESIAN_POINT('',(-0.65560000000007,3.72975170599348,-3.5052));
#4239=VECTOR('',#5084,0.739338045211732);
#4240=AXIS2_PLACEMENT_3D('',#5085,#5086,#5087);
#4241=CARTESIAN_POINT('',(-0.65560000000007,-3.72975170599348,-3.5052));
#4242=CARTESIAN_POINT('',(-0.65560000000007,-3.68954069901154,-2.7669562597518));
#4243=VECTOR('',#5088,0.739338045211732);
#4244=CARTESIAN_POINT('',(-0.65560000000007,-3.97975170599248,-3.5052));
#4245=CARTESIAN_POINT('',(-0.65560000000007,-3.97975170599248,-3.5052));
#4246=VECTOR('',#5089,0.249999999999991);
#4247=CARTESIAN_POINT('',(-0.65560000000007,-3.93968964490518,-2.7696907939195));
#4248=CARTESIAN_POINT('',(-0.65560000000007,-3.97975170599248,-3.5052));
#4249=VECTOR('',#5090,0.736599457621608);
#4250=AXIS2_PLACEMENT_3D('',#5091,#5092,#5093);
#4251=CARTESIAN_POINT('',(0.93439999999992,3.93968964490518,-2.7696907939195));
#4252=CARTESIAN_POINT('',(-0.65560000000007,3.93968964490518,-2.7696907939195));
#4253=VECTOR('',#5094,1.58999999999999);
#4254=AXIS2_PLACEMENT_3D('',#5095,#5096,#5097);
#4255=CARTESIAN_POINT('',(0.93439999999992,3.72975170599348,-3.5052));
#4256=CARTESIAN_POINT('',(0.93439999999992,3.72975170599348,-3.5052));
#4257=VECTOR('',#5098,0.739338045211732);
#4258=CARTESIAN_POINT('',(0.93439999999992,3.97975170599248,-3.5052));
#4259=CARTESIAN_POINT('',(0.93439999999992,3.72975170599348,-3.5052));
#4260=VECTOR('',#5099,0.249999999999991);
#4261=CARTESIAN_POINT('',(0.93439999999992,3.93968964490518,-2.7696907939195));
#4262=VECTOR('',#5100,0.736599457621608);
#4263=CARTESIAN_POINT('',(0.93439999999992,-3.97975170599248,-3.5052));
#4264=CARTESIAN_POINT('',(0.93439999999992,-3.93968964490518,-2.7696907939195));
#4265=CARTESIAN_POINT('',(0.93439999999992,-3.97975170599248,-3.5052));
#4266=VECTOR('',#5101,0.736599457621608);
#4267=CARTESIAN_POINT('',(0.93439999999992,-3.72975170599348,-3.5052));
#4268=CARTESIAN_POINT('',(0.93439999999992,-3.97975170599248,-3.5052));
#4269=VECTOR('',#5102,0.249999999999991);
#4270=CARTESIAN_POINT('',(0.93439999999992,-3.68954069901154,-2.7669562597518));
#4271=VECTOR('',#5103,0.739338045211732);
#4272=AXIS2_PLACEMENT_3D('',#5104,#5105,#5106);
#4273=CARTESIAN_POINT('',(0.444400000000102,4.04347981583598,-4.6752000000004));
#4274=CARTESIAN_POINT('',(0.444400000000102,4.04347981583598,-4.6752000000004));
#4275=VECTOR('',#5107,1.27006349132006);
#4276=CARTESIAN_POINT('',(0.444400000000102,4.19000000000102,-7.3651999999998));
#4277=CARTESIAN_POINT('',(0.444400000000102,4.19000000000102,-7.3651999999998));
#4278=VECTOR('',#5108,2.69398740983762);
#4279=CARTESIAN_POINT('',(-0.165599999999998,4.19000000000102,-7.3651999999998));
#4280=CARTESIAN_POINT('',(0.444400000000102,4.19000000000102,-7.3651999999998));
#4281=VECTOR('',#5109,0.6100000000001);
#4282=CARTESIAN_POINT('',(-0.165599999999998,4.04347981583598,-4.6752000000004));
#4283=CARTESIAN_POINT('',(-0.165599999999998,4.19000000000102,-7.3651999999998));
#4284=VECTOR('',#5110,2.69398740983762);
#4285=CARTESIAN_POINT('',(-0.65560000000007,3.97975170599248,-3.5052));
#4286=VECTOR('',#5111,1.27006349132006);
#4287=CARTESIAN_POINT('',(-0.165599999999998,-4.04347981583598,-4.6752000000004));
#4288=CARTESIAN_POINT('',(-0.65560000000007,-3.97975170599248,-3.5052));
#4289=VECTOR('',#5112,1.27006349132006);
#4290=CARTESIAN_POINT('',(-0.165599999999998,-3.79347981583444,-4.6752000000004));
#4291=CARTESIAN_POINT('',(-0.65560000000007,-3.72975170599348,-3.5052));
#4292=VECTOR('',#5113,1.27006349132006);
#4293=CARTESIAN_POINT('',(-0.165599999999998,-4.04347981583598,-4.6752000000004));
#4294=VECTOR('',#5114,0.249999999999991);
#4295=CARTESIAN_POINT('',(-0.165599999999998,3.79347981583444,-4.6752000000004));
#4296=CARTESIAN_POINT('',(-0.65560000000007,3.72975170599348,-3.5052));
#4297=VECTOR('',#5115,1.27006349132006);
#4298=CARTESIAN_POINT('',(-0.165599999999998,3.79347981583444,-4.6752000000004));
#4299=VECTOR('',#5116,0.249999999999991);
#4300=CARTESIAN_POINT('',(-0.165599999999998,-3.93999999999948,-7.3651999999998));
#4301=CARTESIAN_POINT('',(-0.165599999999998,-3.93999999999948,-7.3651999999998));
#4302=VECTOR('',#5117,2.69398740983762);
#4303=CARTESIAN_POINT('',(-0.165599999999998,-4.19000000000102,-7.3651999999998));
#4304=CARTESIAN_POINT('',(-0.165599999999998,-3.93999999999948,-7.3651999999998));
#4305=VECTOR('',#5118,0.249999999999991);
#4306=CARTESIAN_POINT('',(-0.165599999999998,-4.19000000000102,-7.3651999999998));
#4307=VECTOR('',#5119,2.69398740983762);
#4308=CARTESIAN_POINT('',(-0.165599999999998,3.93999999999948,-7.3651999999998));
#4309=CARTESIAN_POINT('',(-0.165599999999998,4.19000000000102,-7.3651999999998));
#4310=VECTOR('',#5120,0.249999999999991);
#4311=CARTESIAN_POINT('',(-0.165599999999998,3.93999999999948,-7.3651999999998));
#4312=VECTOR('',#5121,2.69398740983762);
#4313=CARTESIAN_POINT('',(0.444400000000102,-4.19000000000102,-7.3651999999998));
#4314=CARTESIAN_POINT('',(0.444400000000102,-4.19000000000102,-7.3651999999998));
#4315=VECTOR('',#5122,0.6100000000001);
#4316=CARTESIAN_POINT('',(0.444400000000102,-4.04347981583598,-4.6752000000004));
#4317=CARTESIAN_POINT('',(0.444400000000102,-4.19000000000102,-7.3651999999998));
#4318=VECTOR('',#5123,2.69398740983762);
#4319=CARTESIAN_POINT('',(0.444400000000102,-4.04347981583598,-4.6752000000004));
#4320=VECTOR('',#5124,1.27006349132006);
#4321=CARTESIAN_POINT('',(-0.65560000000007,-3.93968964490518,-2.7696907939195));
#4322=VECTOR('',#5125,1.58999999999999);
#4323=CARTESIAN_POINT('',(0.444400000000102,-3.79347981583444,-4.6752000000004));
#4324=CARTESIAN_POINT('',(0.444400000000102,-3.79347981583444,-4.6752000000004));
#4325=VECTOR('',#5126,1.27006349132006);
#4326=CARTESIAN_POINT('',(0.444400000000102,-4.04347981583598,-4.6752000000004));
#4327=VECTOR('',#5127,0.249999999999991);
#4328=CARTESIAN_POINT('',(0.444400000000102,3.79347981583444,-4.6752000000004));
#4329=CARTESIAN_POINT('',(0.444400000000102,3.79347981583444,-4.6752000000004));
#4330=VECTOR('',#5128,1.27006349132006);
#4331=CARTESIAN_POINT('',(0.444400000000102,3.79347981583444,-4.6752000000004));
#4332=VECTOR('',#5129,0.249999999999991);
#4333=CARTESIAN_POINT('',(0.444400000000102,-3.93999999999948,-7.3651999999998));
#4334=CARTESIAN_POINT('',(0.444400000000102,-3.93999999999948,-7.3651999999998));
#4335=VECTOR('',#5130,0.249999999999991);
#4336=CARTESIAN_POINT('',(0.444400000000102,-3.93999999999948,-7.3651999999998));
#4337=VECTOR('',#5131,2.69398740983762);
#4338=CARTESIAN_POINT('',(0.444400000000102,3.93999999999948,-7.3651999999998));
#4339=CARTESIAN_POINT('',(0.444400000000102,3.93999999999948,-7.3651999999998));
#4340=VECTOR('',#5132,2.69398740983762);
#4341=CARTESIAN_POINT('',(0.444400000000102,4.19000000000102,-7.3651999999998));
#4342=VECTOR('',#5133,0.249999999999991);
#4343=CARTESIAN_POINT('',(0.444400000000102,-3.93999999999948,-7.3651999999998));
#4344=VECTOR('',#5134,0.6100000000001);
#4345=CARTESIAN_POINT('',(0.444400000000102,3.93999999999948,-7.3651999999998));
#4346=VECTOR('',#5135,0.6100000000001);
#4347=CARTESIAN_POINT('',(2.98439999999934,-3.79347981583444,-4.6752000000004));
#4348=CARTESIAN_POINT('',(2.98439999999934,-3.79347981583444,-4.6752000000004));
#4349=VECTOR('',#5136,1.27006349132006);
#4350=CARTESIAN_POINT('',(2.98439999999934,-3.93999999999948,-7.3651999999998));
#4351=CARTESIAN_POINT('',(2.98439999999934,-3.93999999999948,-7.3651999999998));
#4352=VECTOR('',#5137,2.69398740983762);
#4353=CARTESIAN_POINT('',(2.98439999999934,-3.93999999999948,-7.3651999999998));
#4354=VECTOR('',#5138,0.6100000000001);
#4355=CARTESIAN_POINT('',(2.98439999999934,-3.93999999999948,-7.3651999999998));
#4356=VECTOR('',#5139,0.249999999999991);
#4357=CARTESIAN_POINT('',(2.98439999999934,-4.04347981583598,-4.6752000000004));
#4358=VECTOR('',#5140,0.249999999999991);
#4359=CARTESIAN_POINT('',(2.98439999999934,4.19000000000102,-7.3651999999998));
#4360=VECTOR('',#5141,0.249999999999991);
#4361=CARTESIAN_POINT('',(2.98439999999934,3.79347981583444,-4.6752000000004));
#4362=VECTOR('',#5142,0.249999999999991);
#4363=CARTESIAN_POINT('',(-1.70060000000046,-1.14499999999999,-0.435899453238212));
#4364=CARTESIAN_POINT('',(-1.70060000000046,-1.14499999999999,-0.435899453238212));
#4365=VECTOR('',#5143,0.871798906476424);
#4366=CARTESIAN_POINT('',(-1.70060000000046,-1.14499999999999,-0.435899453238212));
#4367=VECTOR('',#5144,0.435899453238212);
#4368=CARTESIAN_POINT('',(-1.70060000000046,1.14499999999999,-0.435899453238212));
#4369=CARTESIAN_POINT('',(-1.70060000000046,1.90000000000002,0.0));
#4370=VECTOR('',#5145,0.871798906476424);
#4371=CARTESIAN_POINT('',(-1.70060000000046,1.14499999999999,-1.00000000000006));
#4372=CARTESIAN_POINT('',(-1.70060000000046,1.14499999999999,-0.435899453238212));
#4373=VECTOR('',#5146,0.564100546761852);
#4374=CARTESIAN_POINT('',(-1.70060000000046,-0.15499999999999,-1.00000000000006));
#4375=CARTESIAN_POINT('',(-1.70060000000046,1.14499999999999,-1.00000000000006));
#4376=VECTOR('',#5147,1.29999999999988);
#4377=CARTESIAN_POINT('',(-1.70060000000046,-0.15499999999999,-1.00000000000006));
#4378=VECTOR('',#5148,1.00000000000006);
#4379=CARTESIAN_POINT('',(-3.10059999999918,-1.14499999999999,-0.435899453238212));
#4380=CARTESIAN_POINT('',(-1.70060000000046,-1.14499999999999,-0.435899453238212));
#4381=VECTOR('',#5149,1.39999999999948);
#4382=CARTESIAN_POINT('',(-1.70060000000046,-1.14499999999999,0.990000000000104));
#4383=CARTESIAN_POINT('',(-1.70060000000046,-1.14499999999999,0.0));
#4384=VECTOR('',#5150,0.990000000000104);
#4385=CARTESIAN_POINT('',(-3.10059999999918,-1.14499999999999,0.990000000000104));
#4386=CARTESIAN_POINT('',(-1.70060000000046,-1.14499999999999,0.990000000000104));
#4387=VECTOR('',#5151,1.39999999999948);
#4388=CARTESIAN_POINT('',(-3.10059999999918,-1.14499999999999,0.0));
#4389=VECTOR('',#5152,0.990000000000104);
#4390=CARTESIAN_POINT('',(-3.10059999999918,-1.14499999999999,-0.435899453238212));
#4391=VECTOR('',#5153,0.435899453238212);
#4392=CARTESIAN_POINT('',(-3.10059999999918,-1.14499999999999,-0.435899453238212));
#4393=VECTOR('',#5154,0.871798906476424);
#4394=CARTESIAN_POINT('',(-3.10059999999918,1.14499999999999,-1.00000000000006));
#4395=CARTESIAN_POINT('',(-3.10059999999918,-0.15499999999999,-1.00000000000006));
#4396=CARTESIAN_POINT('',(-3.10059999999918,1.14499999999999,-1.00000000000006));
#4397=VECTOR('',#5155,1.29999999999988);
#4398=CARTESIAN_POINT('',(-3.10059999999918,1.14499999999999,-0.435899453238212));
#4399=CARTESIAN_POINT('',(-3.10059999999918,1.14499999999999,-0.435899453238212));
#4400=VECTOR('',#5156,0.564100546761852);
#4401=CARTESIAN_POINT('',(-3.10059999999918,1.90000000000002,0.0));
#4402=VECTOR('',#5157,0.871798906476424);
#4403=CARTESIAN_POINT('',(-3.10059999999918,-0.15499999999999,-1.00000000000006));
#4404=VECTOR('',#5158,1.00000000000006);
#4405=CARTESIAN_POINT('',(-3.10059999999918,-0.15499999999999,0.990000000000104));
#4406=CARTESIAN_POINT('',(-3.10059999999918,-0.15499999999999,0.990000000000104));
#4407=VECTOR('',#5159,0.990000000000104);
#4408=CARTESIAN_POINT('',(-1.70060000000046,-0.15499999999999,0.990000000000104));
#4409=CARTESIAN_POINT('',(-1.70060000000046,-0.15499999999999,0.990000000000104));
#4410=VECTOR('',#5160,1.39999999999948);
#4411=CARTESIAN_POINT('',(-1.70060000000046,-0.15499999999999,0.990000000000104));
#4412=VECTOR('',#5161,0.990000000000104);
#4413=CARTESIAN_POINT('',(-1.70060000000046,-0.15499999999999,-1.00000000000006));
#4414=VECTOR('',#5162,1.39999999999948);
#4415=CARTESIAN_POINT('',(-3.10059999999918,1.14499999999999,-1.00000000000006));
#4416=VECTOR('',#5163,1.39999999999948);
#4417=CARTESIAN_POINT('',(-3.10059999999918,1.14499999999999,-0.435899453238212));
#4418=VECTOR('',#5164,1.39999999999948);
#4419=CARTESIAN_POINT('',(-1.70060000000046,-1.14499999999999,0.990000000000104));
#4420=VECTOR('',#5165,0.990000000000104);
#4421=CARTESIAN_POINT('',(-3.10059999999918,-1.14499999999999,0.990000000000104));
#4422=VECTOR('',#5166,0.990000000000104);
#4423=CARTESIAN_POINT('',(0.839399999999538,-1.14499999999999,-0.435899453238212));
#4424=CARTESIAN_POINT('',(0.839399999999538,-1.14499999999999,-0.435899453238212));
#4425=VECTOR('',#5167,0.871798906476424);
#4426=CARTESIAN_POINT('',(0.839399999999538,-1.14499999999999,-0.435899453238212));
#4427=VECTOR('',#5168,0.435899453238212);
#4428=CARTESIAN_POINT('',(0.839399999999538,1.14499999999999,-0.435899453238212));
#4429=CARTESIAN_POINT('',(0.839399999999538,1.90000000000002,0.0));
#4430=VECTOR('',#5169,0.871798906476424);
#4431=CARTESIAN_POINT('',(0.839399999999538,1.14499999999999,-1.00000000000006));
#4432=CARTESIAN_POINT('',(0.839399999999538,1.14499999999999,-0.435899453238212));
#4433=VECTOR('',#5170,0.564100546761852);
#4434=CARTESIAN_POINT('',(0.839399999999538,-0.15499999999999,-1.00000000000006));
#4435=CARTESIAN_POINT('',(0.839399999999538,1.14499999999999,-1.00000000000006));
#4436=VECTOR('',#5171,1.29999999999988);
#4437=CARTESIAN_POINT('',(0.839399999999538,-0.15499999999999,-1.00000000000006));
#4438=VECTOR('',#5172,1.00000000000006);
#4439=CARTESIAN_POINT('',(0.839399999999538,-1.14499999999999,0.990000000000104));
#4440=CARTESIAN_POINT('',(-0.560599999999942,-1.14499999999999,0.990000000000104));
#4441=CARTESIAN_POINT('',(0.839399999999538,-1.14499999999999,0.990000000000104));
#4442=VECTOR('',#5173,1.39999999999948);
#4443=CARTESIAN_POINT('',(-0.560599999999942,-1.14499999999999,0.0));
#4444=VECTOR('',#5174,0.990000000000104);
#4445=CARTESIAN_POINT('',(-0.560599999999942,-1.14499999999999,-0.435899453238212));
#4446=CARTESIAN_POINT('',(-0.560599999999942,-1.14499999999999,-0.435899453238212));
#4447=VECTOR('',#5175,0.435899453238212);
#4448=CARTESIAN_POINT('',(0.839399999999538,-1.14499999999999,-0.435899453238212));
#4449=VECTOR('',#5176,1.39999999999948);
#4450=CARTESIAN_POINT('',(0.839399999999538,-1.14499999999999,0.0));
#4451=VECTOR('',#5177,0.990000000000104);
#4452=CARTESIAN_POINT('',(0.839399999999538,-0.15499999999999,0.990000000000104));
#4453=CARTESIAN_POINT('',(0.839399999999538,-0.15499999999999,0.990000000000104));
#4454=VECTOR('',#5178,0.990000000000104);
#4455=CARTESIAN_POINT('',(0.839399999999538,-1.14499999999999,0.990000000000104));
#4456=VECTOR('',#5179,0.990000000000104);
#4457=CARTESIAN_POINT('',(-0.560599999999942,-0.15499999999999,0.990000000000104));
#4458=CARTESIAN_POINT('',(0.839399999999538,-0.15499999999999,0.990000000000104));
#4459=VECTOR('',#5180,1.39999999999948);
#4460=CARTESIAN_POINT('',(-0.560599999999942,-1.14499999999999,0.990000000000104));
#4461=VECTOR('',#5181,0.990000000000104);
#4462=CARTESIAN_POINT('',(-0.560599999999942,-0.15499999999999,0.990000000000104));
#4463=VECTOR('',#5182,0.990000000000104);
#4464=CARTESIAN_POINT('',(-0.560599999999942,-0.15499999999999,-1.00000000000006));
#4465=CARTESIAN_POINT('',(0.839399999999538,-0.15499999999999,-1.00000000000006));
#4466=VECTOR('',#5183,1.39999999999948);
#4467=CARTESIAN_POINT('',(-0.560599999999942,-0.15499999999999,-1.00000000000006));
#4468=VECTOR('',#5184,1.00000000000006);
#4469=CARTESIAN_POINT('',(-0.560599999999942,-1.14499999999999,-0.435899453238212));
#4470=VECTOR('',#5185,0.871798906476424);
#4471=CARTESIAN_POINT('',(-0.560599999999942,1.14499999999999,-1.00000000000006));
#4472=CARTESIAN_POINT('',(-0.560599999999942,1.14499999999999,-1.00000000000006));
#4473=VECTOR('',#5186,1.29999999999988);
#4474=CARTESIAN_POINT('',(-0.560599999999942,1.14499999999999,-0.435899453238212));
#4475=CARTESIAN_POINT('',(-0.560599999999942,1.14499999999999,-0.435899453238212));
#4476=VECTOR('',#5187,0.564100546761852);
#4477=CARTESIAN_POINT('',(-0.560599999999942,1.90000000000002,0.0));
#4478=VECTOR('',#5188,0.871798906476424);
#4479=CARTESIAN_POINT('',(-0.560599999999942,1.14499999999999,-0.435899453238212));
#4480=VECTOR('',#5189,1.39999999999948);
#4481=CARTESIAN_POINT('',(-0.560599999999942,1.14499999999999,-1.00000000000006));
#4482=VECTOR('',#5190,1.39999999999948);
#4483=CARTESIAN_POINT('',(3.3794000000003,-1.14499999999999,-0.435899453238212));
#4484=CARTESIAN_POINT('',(3.3794000000003,-1.14499999999999,-0.435899453238212));
#4485=VECTOR('',#5191,0.871798906476424);
#4486=CARTESIAN_POINT('',(3.3794000000003,-1.14499999999999,-0.435899453238212));
#4487=VECTOR('',#5192,0.435899453238212);
#4488=CARTESIAN_POINT('',(3.3794000000003,1.14499999999999,-0.435899453238212));
#4489=CARTESIAN_POINT('',(3.3794000000003,1.90000000000002,0.0));
#4490=VECTOR('',#5193,0.871798906476424);
#4491=CARTESIAN_POINT('',(3.3794000000003,1.14499999999999,-1.00000000000006));
#4492=CARTESIAN_POINT('',(3.3794000000003,1.14499999999999,-0.435899453238212));
#4493=VECTOR('',#5194,0.564100546761852);
#4494=CARTESIAN_POINT('',(3.3794000000003,-0.15499999999999,-1.00000000000006));
#4495=CARTESIAN_POINT('',(3.3794000000003,1.14499999999999,-1.00000000000006));
#4496=VECTOR('',#5195,1.29999999999988);
#4497=CARTESIAN_POINT('',(3.3794000000003,-0.15499999999999,-1.00000000000006));
#4498=VECTOR('',#5196,1.00000000000006);
#4499=CARTESIAN_POINT('',(3.3794000000003,-1.14499999999999,0.990000000000104));
#4500=CARTESIAN_POINT('',(1.97940000000006,-1.14499999999999,0.990000000000104));
#4501=CARTESIAN_POINT('',(3.3794000000003,-1.14499999999999,0.990000000000104));
#4502=VECTOR('',#5197,1.39999999999948);
#4503=CARTESIAN_POINT('',(1.97940000000006,-1.14499999999999,0.0));
#4504=VECTOR('',#5198,0.990000000000104);
#4505=CARTESIAN_POINT('',(1.97940000000006,-1.14499999999999,-0.435899453238212));
#4506=CARTESIAN_POINT('',(1.97940000000006,-1.14499999999999,-0.435899453238212));
#4507=VECTOR('',#5199,0.435899453238212);
#4508=CARTESIAN_POINT('',(3.3794000000003,-1.14499999999999,-0.435899453238212));
#4509=VECTOR('',#5200,1.39999999999948);
#4510=CARTESIAN_POINT('',(3.3794000000003,-1.14499999999999,0.0));
#4511=VECTOR('',#5201,0.990000000000104);
#4512=CARTESIAN_POINT('',(3.3794000000003,-0.15499999999999,0.990000000000104));
#4513=CARTESIAN_POINT('',(3.3794000000003,-0.15499999999999,0.990000000000104));
#4514=VECTOR('',#5202,0.990000000000104);
#4515=CARTESIAN_POINT('',(3.3794000000003,-1.14499999999999,0.990000000000104));
#4516=VECTOR('',#5203,0.990000000000104);
#4517=CARTESIAN_POINT('',(1.97940000000006,-0.15499999999999,0.990000000000104));
#4518=CARTESIAN_POINT('',(3.3794000000003,-0.15499999999999,0.990000000000104));
#4519=VECTOR('',#5204,1.39999999999948);
#4520=CARTESIAN_POINT('',(1.97940000000006,-1.14499999999999,0.990000000000104));
#4521=VECTOR('',#5205,0.990000000000104);
#4522=CARTESIAN_POINT('',(1.97940000000006,-0.15499999999999,0.990000000000104));
#4523=VECTOR('',#5206,0.990000000000104);
#4524=CARTESIAN_POINT('',(1.97940000000006,-0.15499999999999,-1.00000000000006));
#4525=CARTESIAN_POINT('',(3.3794000000003,-0.15499999999999,-1.00000000000006));
#4526=VECTOR('',#5207,1.39999999999948);
#4527=CARTESIAN_POINT('',(1.97940000000006,-0.15499999999999,-1.00000000000006));
#4528=VECTOR('',#5208,1.00000000000006);
#4529=CARTESIAN_POINT('',(1.97940000000006,-1.14499999999999,-0.435899453238212));
#4530=VECTOR('',#5209,0.871798906476424);
#4531=CARTESIAN_POINT('',(1.97940000000006,1.14499999999999,-1.00000000000006));
#4532=CARTESIAN_POINT('',(1.97940000000006,1.14499999999999,-1.00000000000006));
#4533=VECTOR('',#5210,1.29999999999988);
#4534=CARTESIAN_POINT('',(1.97940000000006,1.14499999999999,-0.435899453238212));
#4535=CARTESIAN_POINT('',(1.97940000000006,1.14499999999999,-0.435899453238212));
#4536=VECTOR('',#5211,0.564100546761852);
#4537=CARTESIAN_POINT('',(1.97940000000006,1.90000000000002,0.0));
#4538=VECTOR('',#5212,0.871798906476424);
#4539=CARTESIAN_POINT('',(1.97940000000006,1.14499999999999,-0.435899453238212));
#4540=VECTOR('',#5213,1.39999999999948);
#4541=CARTESIAN_POINT('',(1.97940000000006,1.14499999999999,-1.00000000000006));
#4542=VECTOR('',#5214,1.39999999999948);
#4543=CARTESIAN_POINT('',(-2.0701,-2.413,-0.127));
#4544=CARTESIAN_POINT('',(-2.0701,-2.413,0.0));
#4545=VECTOR('',#5215,0.127);
#4546=CARTESIAN_POINT('',(-2.0701,-3.175,-0.127));
#4547=CARTESIAN_POINT('',(-2.0701,-3.175,-0.127));
#4548=VECTOR('',#5216,0.762);
#4549=CARTESIAN_POINT('',(-2.0701,-3.175,0.0));
#4550=VECTOR('',#5217,0.127);
#4551=CARTESIAN_POINT('',(-2.16535,-3.175,-0.127));
#4552=CARTESIAN_POINT('',(-2.16535,-3.175,-0.127));
#4553=VECTOR('',#5218,0.09525);
#4554=CARTESIAN_POINT('',(-2.16535,-3.175,0.0));
#4555=VECTOR('',#5219,0.127);
#4556=CARTESIAN_POINT('',(-2.16535,-2.542702112198,-0.127));
#4557=CARTESIAN_POINT('',(-2.16535,-2.542702112198,-0.127));
#4558=VECTOR('',#5220,0.632297887802);
#4559=CARTESIAN_POINT('',(-2.16535,-2.542702112198,0.0));
#4560=VECTOR('',#5221,0.127);
#4561=CARTESIAN_POINT('',(-2.2606,-2.65619150579026,-0.127));
#4562=CARTESIAN_POINT('',(-2.2606,-2.65619150579026,-0.127));
#4563=VECTOR('',#5222,0.148163440017612);
#4564=CARTESIAN_POINT('',(-2.2606,-2.65619150579026,0.0));
#4565=VECTOR('',#5223,0.127);
#4566=CARTESIAN_POINT('',(-2.2606,-2.52648934817325,-0.127));
#4567=CARTESIAN_POINT('',(-2.2606,-2.52648934817325,-0.127));
#4568=VECTOR('',#5224,0.129702157616604);
#4569=CARTESIAN_POINT('',(-2.2606,-2.52648934817325,0.0));
#4570=VECTOR('',#5225,0.127);
#4571=CARTESIAN_POINT('',(-2.16535,-2.413,-0.127));
#4572=CARTESIAN_POINT('',(-2.16535,-2.413,-0.127));
#4573=VECTOR('',#5226,0.14816340522802);
#4574=CARTESIAN_POINT('',(-2.16535,-2.413,0.0));
#4575=VECTOR('',#5227,0.127);
#4576=CARTESIAN_POINT('',(-2.0701,-2.413,-0.127));
#4577=VECTOR('',#5228,0.09525);
#4578=CARTESIAN_POINT('',(-4.1179749962154,3.28578723597652,-0.127));
#4579=CARTESIAN_POINT('',(-4.1814750037846,3.25336170792702,-0.127));
#4580=CARTESIAN_POINT('',(-4.1179749962154,3.28578723597652,-0.127));
#4581=VECTOR('',#5229,0.071299830509274);
#4582=CARTESIAN_POINT('',(-4.244975,3.18851065182802,-0.127));
#4583=CARTESIAN_POINT('',(-4.1814750037846,3.25336170792702,-0.127));
#4584=VECTOR('',#5230,0.090762927434412);
#4585=CARTESIAN_POINT('',(-4.27672499952756,3.12365959572902,-0.127));
#4586=CARTESIAN_POINT('',(-4.244975,3.18851065182802,-0.127));
#4587=VECTOR('',#5231,0.0722061074086292);
#4588=CARTESIAN_POINT('',(-4.2926,3.04259573018626,-0.127));
#4589=CARTESIAN_POINT('',(-4.27672499952756,3.12365959572902,-0.127));
#4590=VECTOR('',#5232,0.0826036678162608);
#4591=CARTESIAN_POINT('',(-4.2926,2.79940424710614,-0.127));
#4592=CARTESIAN_POINT('',(-4.2926,3.04259573018626,-0.127));
#4593=VECTOR('',#5233,0.243191483080374);
#4594=CARTESIAN_POINT('',(-4.27672499952756,2.71834042698112,-0.127));
#4595=CARTESIAN_POINT('',(-4.2926,2.79940424710614,-0.127));
#4596=VECTOR('',#5234,0.082603623244163);
#4597=CARTESIAN_POINT('',(-4.244975,2.65348935952832,-0.127));
#4598=CARTESIAN_POINT('',(-4.27672499952756,2.71834042698112,-0.127));
#4599=VECTOR('',#5235,0.0722061176067038);
#4600=CARTESIAN_POINT('',(-4.1814750037846,2.58863829775242,-0.127));
#4601=CARTESIAN_POINT('',(-4.244975,2.65348935952832,-0.127));
#4602=VECTOR('',#5236,0.0907629314909444);
#4603=CARTESIAN_POINT('',(-4.1179749962154,2.55621276544334,-0.127));
#4604=CARTESIAN_POINT('',(-4.1814750037846,2.58863829775242,-0.127));
#4605=VECTOR('',#5237,0.0712998324457192);
#4606=CARTESIAN_POINT('',(-4.0385999924308,2.54,-0.127));
#4607=CARTESIAN_POINT('',(-4.1179749962154,2.55621276544334,-0.127));
#4608=VECTOR('',#5238,0.0810138567727498);
#4609=CARTESIAN_POINT('',(-3.9116,2.54,-0.127));
#4610=CARTESIAN_POINT('',(-4.0385999924308,2.54,-0.127));
#4611=VECTOR('',#5239,0.126999992430216);
#4612=CARTESIAN_POINT('',(-3.8322249848616,2.55621276544334,-0.127));
#4613=CARTESIAN_POINT('',(-3.9116,2.54,-0.127));
#4614=VECTOR('',#5240,0.0810138678977466);
#4615=CARTESIAN_POINT('',(-3.768725,2.58863829775242,-0.127));
#4616=CARTESIAN_POINT('',(-3.8322249848616,2.55621276544334,-0.127));
#4617=VECTOR('',#5241,0.071299812220639);
#4618=CARTESIAN_POINT('',(-3.7052250151384,2.65348935952832,-0.127));
#4619=CARTESIAN_POINT('',(-3.768725,2.58863829775242,-0.127));
#4620=VECTOR('',#5242,0.0907629235469166);
#4621=CARTESIAN_POINT('',(-3.673475,2.71834042698112,-0.127));
#4622=CARTESIAN_POINT('',(-3.7052250151384,2.65348935952832,-0.127));
#4623=VECTOR('',#5243,0.0722061244718158);
#4624=CARTESIAN_POINT('',(-3.6576000151384,2.79940424710614,-0.127));
#4625=CARTESIAN_POINT('',(-3.673475,2.71834042698112,-0.127));
#4626=VECTOR('',#5244,0.0826036202436864);
#4627=CARTESIAN_POINT('',(-3.6576000151384,3.04259573018626,-0.127));
#4628=CARTESIAN_POINT('',(-3.6576000151384,2.79940424710614,-0.127));
#4629=VECTOR('',#5245,0.243191483080374);
#4630=CARTESIAN_POINT('',(-3.673475,3.12365959572902,-0.127));
#4631=CARTESIAN_POINT('',(-3.6576000151384,3.04259573018626,-0.127));
#4632=VECTOR('',#5246,0.0826036648157842);
#4633=CARTESIAN_POINT('',(-3.7052250151384,3.18851065182802,-0.127));
#4634=CARTESIAN_POINT('',(-3.673475,3.12365959572902,-0.127));
#4635=VECTOR('',#5247,0.0722061142737412);
#4636=CARTESIAN_POINT('',(-3.768725,3.25336170792702,-0.127));
#4637=CARTESIAN_POINT('',(-3.7052250151384,3.18851065182802,-0.127));
#4638=VECTOR('',#5248,0.0907629194904096);
#4639=CARTESIAN_POINT('',(-3.8322249848616,3.28578723597652,-0.127));
#4640=CARTESIAN_POINT('',(-3.768725,3.25336170792702,-0.127));
#4641=VECTOR('',#5249,0.0712998102841938);
#4642=CARTESIAN_POINT('',(-3.9116,3.302,-0.127));
#4643=CARTESIAN_POINT('',(-3.8322249848616,3.28578723597652,-0.127));
#4644=VECTOR('',#5250,0.0810138676136984);
#4645=CARTESIAN_POINT('',(-4.0385999924308,3.302,-0.127));
#4646=CARTESIAN_POINT('',(-3.9116,3.302,-0.127));
#4647=VECTOR('',#5251,0.126999992430216);
#4648=CARTESIAN_POINT('',(-4.0385999924308,3.302,-0.127));
#4649=VECTOR('',#5252,0.0810138564887016);
#4650=CARTESIAN_POINT('',(-3.9116,3.2047234158515,-0.127));
#4651=CARTESIAN_POINT('',(-3.8481000151384,3.18851065182802,-0.127));
#4652=CARTESIAN_POINT('',(-3.9116,3.2047234158515,-0.127));
#4653=VECTOR('',#5253,0.0655370261348042);
#4654=CARTESIAN_POINT('',(-3.8004750151384,3.15608512377852,-0.127));
#4655=CARTESIAN_POINT('',(-3.8481000151384,3.18851065182802,-0.127));
#4656=VECTOR('',#5254,0.0576155837798034);
#4657=CARTESIAN_POINT('',(-3.768725,3.10744678628526,-0.127));
#4658=CARTESIAN_POINT('',(-3.8004750151384,3.15608512377852,-0.127));
#4659=VECTOR('',#5255,0.0580840024054992);
#4660=CARTESIAN_POINT('',(-3.7528500151384,3.04259573018626,-0.127));
#4661=CARTESIAN_POINT('',(-3.768725,3.10744678628526,-0.127));
#4662=VECTOR('',#5256,0.0667658192600426);
#4663=CARTESIAN_POINT('',(-3.7528500151384,2.79940424710614,-0.127));
#4664=CARTESIAN_POINT('',(-3.7528500151384,3.04259573018626,-0.127));
#4665=VECTOR('',#5257,0.243191483080374);
#4666=CARTESIAN_POINT('',(-3.768725,2.73455319100714,-0.127));
#4667=CARTESIAN_POINT('',(-3.7528500151384,2.79940424710614,-0.127));
#4668=VECTOR('',#5258,0.0667658192600426);
#4669=CARTESIAN_POINT('',(-3.8004750151384,2.68591489893162,-0.127));
#4670=CARTESIAN_POINT('',(-3.768725,2.73455319100714,-0.127));
#4671=VECTOR('',#5259,0.0580839643727838);
#4672=CARTESIAN_POINT('',(-3.8481000151384,2.65348935952832,-0.127));
#4673=CARTESIAN_POINT('',(-3.8004750151384,2.68591489893162,-0.127));
#4674=VECTOR('',#5260,0.0576155901701132);
#4675=CARTESIAN_POINT('',(-3.9116,2.6372765955023,-0.127));
#4676=CARTESIAN_POINT('',(-3.8481000151384,2.65348935952832,-0.127));
#4677=VECTOR('',#5261,0.0655370261348042);
#4678=CARTESIAN_POINT('',(-4.0385999924308,2.6372765955023,-0.127));
#4679=CARTESIAN_POINT('',(-3.9116,2.6372765955023,-0.127));
#4680=VECTOR('',#5262,0.126999992430216);
#4681=CARTESIAN_POINT('',(-4.1021,2.65348935952832,-0.127));
#4682=CARTESIAN_POINT('',(-4.0385999924308,2.6372765955023,-0.127));
#4683=VECTOR('',#5263,0.0655370481383162);
#4684=CARTESIAN_POINT('',(-4.149725,2.68591489893162,-0.127));
#4685=CARTESIAN_POINT('',(-4.1021,2.65348935952832,-0.127));
#4686=VECTOR('',#5264,0.0576155901701132);
#4687=CARTESIAN_POINT('',(-4.1814750037846,2.73455319100714,-0.127));
#4688=CARTESIAN_POINT('',(-4.149725,2.68591489893162,-0.127));
#4689=VECTOR('',#5265,0.0580839581660652);
#4690=CARTESIAN_POINT('',(-4.19735,2.79940424710614,-0.127));
#4691=CARTESIAN_POINT('',(-4.1814750037846,2.73455319100714,-0.127));
#4692=VECTOR('',#5266,0.0667658219598594);
#4693=CARTESIAN_POINT('',(-4.19735,3.04259573018626,-0.127));
#4694=CARTESIAN_POINT('',(-4.19735,2.79940424710614,-0.127));
#4695=VECTOR('',#5267,0.243191483080374);
#4696=CARTESIAN_POINT('',(-4.1814750037846,3.10744678628526,-0.127));
#4697=CARTESIAN_POINT('',(-4.19735,3.04259573018626,-0.127));
#4698=VECTOR('',#5268,0.0667658219598594);
#4699=CARTESIAN_POINT('',(-4.149725,3.15608512377852,-0.127));
#4700=CARTESIAN_POINT('',(-4.1814750037846,3.10744678628526,-0.127));
#4701=VECTOR('',#5269,0.0580839961987552);
#4702=CARTESIAN_POINT('',(-4.1021,3.18851065182802,-0.127));
#4703=CARTESIAN_POINT('',(-4.149725,3.15608512377852,-0.127));
#4704=VECTOR('',#5270,0.0576155837798034);
#4705=CARTESIAN_POINT('',(-4.0385999924308,3.2047234158515,-0.127));
#4706=CARTESIAN_POINT('',(-4.1021,3.18851065182802,-0.127));
#4707=VECTOR('',#5271,0.0655370481383162);
#4708=CARTESIAN_POINT('',(-4.0385999924308,3.2047234158515,-0.127));
#4709=VECTOR('',#5272,0.126999992430216);
#4710=CARTESIAN_POINT('',(-3.43535,3.2047234158515,-0.127));
#4711=CARTESIAN_POINT('',(-3.03847496972066,2.54,-0.127));
#4712=CARTESIAN_POINT('',(-3.43535,3.2047234158515,-0.127));
#4713=VECTOR('',#5273,0.774187967641288);
#4714=CARTESIAN_POINT('',(-2.89559996972066,2.54,-0.127));
#4715=CARTESIAN_POINT('',(-3.03847496972066,2.54,-0.127));
#4716=VECTOR('',#5274,0.142875);
#4717=CARTESIAN_POINT('',(-2.89559996972066,3.302,-0.127));
#4718=CARTESIAN_POINT('',(-2.89559996972066,2.54,-0.127));
#4719=VECTOR('',#5275,0.762);
#4720=CARTESIAN_POINT('',(-2.99084996972066,3.302,-0.127));
#4721=CARTESIAN_POINT('',(-2.89559996972066,3.302,-0.127));
#4722=VECTOR('',#5276,0.09525);
#4723=CARTESIAN_POINT('',(-2.99084996972066,2.65348935952832,-0.127));
#4724=CARTESIAN_POINT('',(-2.99084996972066,3.302,-0.127));
#4725=VECTOR('',#5277,0.648510640472188);
#4726=CARTESIAN_POINT('',(-3.387725,3.302,-0.127));
#4727=CARTESIAN_POINT('',(-2.99084996972066,2.65348935952832,-0.127));
#4728=VECTOR('',#5278,0.760312988488838);
#4729=CARTESIAN_POINT('',(-3.5306,3.302,-0.127));
#4730=CARTESIAN_POINT('',(-3.387725,3.302,-0.127));
#4731=VECTOR('',#5279,0.142875);
#4732=CARTESIAN_POINT('',(-3.5306,2.54,-0.127));
#4733=CARTESIAN_POINT('',(-3.5306,3.302,-0.127));
#4734=VECTOR('',#5280,0.762);
#4735=CARTESIAN_POINT('',(-3.43535,2.54,-0.127));
#4736=CARTESIAN_POINT('',(-3.5306,2.54,-0.127));
#4737=VECTOR('',#5281,0.09525);
#4738=CARTESIAN_POINT('',(-3.43535,2.54,-0.127));
#4739=VECTOR('',#5282,0.6647234158515);
#4740=CARTESIAN_POINT('',(-4.1179749962154,3.28578723597652,0.0));
#4741=VECTOR('',#5283,0.127);
#4742=CARTESIAN_POINT('',(-4.0385999924308,3.302,0.0));
#4743=VECTOR('',#5284,0.127);
#4744=CARTESIAN_POINT('',(-3.9116,3.302,0.0));
#4745=VECTOR('',#5285,0.127);
#4746=CARTESIAN_POINT('',(-3.8322249848616,3.28578723597652,0.0));
#4747=VECTOR('',#5286,0.127);
#4748=CARTESIAN_POINT('',(-3.768725,3.25336170792702,0.0));
#4749=VECTOR('',#5287,0.127);
#4750=CARTESIAN_POINT('',(-3.7052250151384,3.18851065182802,0.0));
#4751=VECTOR('',#5288,0.127);
#4752=CARTESIAN_POINT('',(-3.673475,3.12365959572902,0.0));
#4753=VECTOR('',#5289,0.127);
#4754=CARTESIAN_POINT('',(-3.6576000151384,3.04259573018626,0.0));
#4755=VECTOR('',#5290,0.127);
#4756=CARTESIAN_POINT('',(-3.6576000151384,2.79940424710614,0.0));
#4757=VECTOR('',#5291,0.127);
#4758=CARTESIAN_POINT('',(-3.673475,2.71834042698112,0.0));
#4759=VECTOR('',#5292,0.127);
#4760=CARTESIAN_POINT('',(-3.7052250151384,2.65348935952832,0.0));
#4761=VECTOR('',#5293,0.127);
#4762=CARTESIAN_POINT('',(-3.768725,2.58863829775242,0.0));
#4763=VECTOR('',#5294,0.127);
#4764=CARTESIAN_POINT('',(-3.8322249848616,2.55621276544334,0.0));
#4765=VECTOR('',#5295,0.127);
#4766=CARTESIAN_POINT('',(-3.9116,2.54,0.0));
#4767=VECTOR('',#5296,0.127);
#4768=CARTESIAN_POINT('',(-4.0385999924308,2.54,0.0));
#4769=VECTOR('',#5297,0.127);
#4770=CARTESIAN_POINT('',(-4.1179749962154,2.55621276544334,0.0));
#4771=VECTOR('',#5298,0.127);
#4772=CARTESIAN_POINT('',(-4.1814750037846,2.58863829775242,0.0));
#4773=VECTOR('',#5299,0.127);
#4774=CARTESIAN_POINT('',(-4.244975,2.65348935952832,0.0));
#4775=VECTOR('',#5300,0.127);
#4776=CARTESIAN_POINT('',(-4.27672499952756,2.71834042698112,0.0));
#4777=VECTOR('',#5301,0.127);
#4778=CARTESIAN_POINT('',(-4.2926,2.79940424710614,0.0));
#4779=VECTOR('',#5302,0.127);
#4780=CARTESIAN_POINT('',(-4.2926,3.04259573018626,0.0));
#4781=VECTOR('',#5303,0.127);
#4782=CARTESIAN_POINT('',(-4.27672499952756,3.12365959572902,0.0));
#4783=VECTOR('',#5304,0.127);
#4784=CARTESIAN_POINT('',(-4.244975,3.18851065182802,0.0));
#4785=VECTOR('',#5305,0.127);
#4786=CARTESIAN_POINT('',(-4.1814750037846,3.25336170792702,0.0));
#4787=VECTOR('',#5306,0.127);
#4788=CARTESIAN_POINT('',(-3.9116,3.2047234158515,0.0));
#4789=VECTOR('',#5307,0.127);
#4790=CARTESIAN_POINT('',(-4.0385999924308,3.2047234158515,0.0));
#4791=VECTOR('',#5308,0.127);
#4792=CARTESIAN_POINT('',(-4.1021,3.18851065182802,0.0));
#4793=VECTOR('',#5309,0.127);
#4794=CARTESIAN_POINT('',(-4.149725,3.15608512377852,0.0));
#4795=VECTOR('',#5310,0.127);
#4796=CARTESIAN_POINT('',(-4.1814750037846,3.10744678628526,0.0));
#4797=VECTOR('',#5311,0.127);
#4798=CARTESIAN_POINT('',(-4.19735,3.04259573018626,0.0));
#4799=VECTOR('',#5312,0.127);
#4800=CARTESIAN_POINT('',(-4.19735,2.79940424710614,0.0));
#4801=VECTOR('',#5313,0.127);
#4802=CARTESIAN_POINT('',(-4.1814750037846,2.73455319100714,0.0));
#4803=VECTOR('',#5314,0.127);
#4804=CARTESIAN_POINT('',(-4.149725,2.68591489893162,0.0));
#4805=VECTOR('',#5315,0.127);
#4806=CARTESIAN_POINT('',(-4.1021,2.65348935952832,0.0));
#4807=VECTOR('',#5316,0.127);
#4808=CARTESIAN_POINT('',(-4.0385999924308,2.6372765955023,0.0));
#4809=VECTOR('',#5317,0.127);
#4810=CARTESIAN_POINT('',(-3.9116,2.6372765955023,0.0));
#4811=VECTOR('',#5318,0.127);
#4812=CARTESIAN_POINT('',(-3.8481000151384,2.65348935952832,0.0));
#4813=VECTOR('',#5319,0.127);
#4814=CARTESIAN_POINT('',(-3.8004750151384,2.68591489893162,0.0));
#4815=VECTOR('',#5320,0.127);
#4816=CARTESIAN_POINT('',(-3.768725,2.73455319100714,0.0));
#4817=VECTOR('',#5321,0.127);
#4818=CARTESIAN_POINT('',(-3.7528500151384,2.79940424710614,0.0));
#4819=VECTOR('',#5322,0.127);
#4820=CARTESIAN_POINT('',(-3.7528500151384,3.04259573018626,0.0));
#4821=VECTOR('',#5323,0.127);
#4822=CARTESIAN_POINT('',(-3.768725,3.10744678628526,0.0));
#4823=VECTOR('',#5324,0.127);
#4824=CARTESIAN_POINT('',(-3.8004750151384,3.15608512377852,0.0));
#4825=VECTOR('',#5325,0.127);
#4826=CARTESIAN_POINT('',(-3.8481000151384,3.18851065182802,0.0));
#4827=VECTOR('',#5326,0.127);
#4828=CARTESIAN_POINT('',(-3.43535,3.2047234158515,0.0));
#4829=VECTOR('',#5327,0.127);
#4830=CARTESIAN_POINT('',(-3.43535,2.54,0.0));
#4831=VECTOR('',#5328,0.127);
#4832=CARTESIAN_POINT('',(-3.5306,2.54,0.0));
#4833=VECTOR('',#5329,0.127);
#4834=CARTESIAN_POINT('',(-3.5306,3.302,0.0));
#4835=VECTOR('',#5330,0.127);
#4836=CARTESIAN_POINT('',(-3.387725,3.302,0.0));
#4837=VECTOR('',#5331,0.127);
#4838=CARTESIAN_POINT('',(-2.99084996972066,2.65348935952832,0.0));
#4839=VECTOR('',#5332,0.127);
#4840=CARTESIAN_POINT('',(-2.99084996972066,3.302,0.0));
#4841=VECTOR('',#5333,0.127);
#4842=CARTESIAN_POINT('',(-2.89559996972066,3.302,0.0));
#4843=VECTOR('',#5334,0.127);
#4844=CARTESIAN_POINT('',(-2.89559996972066,2.54,0.0));
#4845=VECTOR('',#5335,0.127);
#4846=CARTESIAN_POINT('',(-3.03847496972066,2.54,0.0));
#4847=VECTOR('',#5336,0.127);
#4848=DIRECTION('',(0.0,-0.0519298382559983,0.998650735692267));
#4849=DIRECTION('',(0.0,0.185728424165907,0.982601115639937));
#4850=DIRECTION('',(0.0,1.0,0.0));
#4851=DIRECTION('',(0.0,0.185728424165907,-0.982601115639937));
#4852=DIRECTION('',(0.0,-0.0519298382559983,-0.998650735692267));
#4853=DIRECTION('',(0.0,-1.0,0.0));
#4854=DIRECTION('',(1.0,0.0,0.0));
#4855=DIRECTION('',(0.0,-1.0,0.0));
#4856=DIRECTION('',(1.0,0.0,0.0));
#4857=DIRECTION('',(0.0,1.0,0.0));
#4858=DIRECTION('',(0.0,-1.0,0.0));
#4859=DIRECTION('',(-1.0,0.0,0.0));
#4860=DIRECTION('',(0.0,-1.0,0.0));
#4861=DIRECTION('',(0.0,1.0,0.0));
#4862=DIRECTION('',(0.0,-1.0,0.0));
#4863=DIRECTION('',(-1.0,0.0,0.0));
#4864=DIRECTION('',(0.0,-1.0,0.0));
#4865=DIRECTION('',(0.0,1.0,0.0));
#4866=DIRECTION('',(0.0,1.0,0.0));
#4867=DIRECTION('',(-1.0,0.0,0.0));
#4868=DIRECTION('',(0.0,1.0,0.0));
#4869=DIRECTION('',(0.0,1.0,0.0));
#4870=DIRECTION('',(0.0,1.0,0.0));
#4871=DIRECTION('',(-1.0,0.0,0.0));
#4872=DIRECTION('',(0.0,1.0,0.0));
#4873=DIRECTION('',(0.0,1.0,0.0));
#4874=DIRECTION('',(0.0,1.0,0.0));
#4875=DIRECTION('',(-1.0,0.0,0.0));
#4876=DIRECTION('',(0.0,1.0,0.0));
#4877=DIRECTION('',(0.0,1.0,0.0));
#4878=DIRECTION('',(0.0,1.0,0.0));
#4879=DIRECTION('',(-1.0,0.0,0.0));
#4880=DIRECTION('',(0.0,1.0,0.0));
#4881=DIRECTION('',(1.0,0.0,0.0));
#4882=DIRECTION('',(0.0,-1.0,0.0));
#4883=DIRECTION('',(0.64287114276419,0.765974342782488,0.0));
#4884=DIRECTION('',(0.0,-1.0,0.0));
#4885=DIRECTION('',(-0.642871293713882,-0.765974216092578,0.0));
#4886=DIRECTION('',(-1.0,0.0,0.0));
#4887=DIRECTION('',(0.0,1.0,0.0));
#4888=DIRECTION('',(-1.0,0.0,0.0));
#4889=DIRECTION('',(-0.979770716762532,0.200123318418006,0.0));
#4890=DIRECTION('',(-0.890605242949786,0.454777199549793,0.0));
#4891=DIRECTION('',(-0.699624750029524,0.714510468185124,0.0));
#4892=DIRECTION('',(-0.439713664956612,0.898138014366625,0.0));
#4893=DIRECTION('',(-0.192182573204507,0.981359189367733,0.0));
#4894=DIRECTION('',(0.0,1.0,0.0));
#4895=DIRECTION('',(0.192182676904392,0.981359169059862,0.0));
#4896=DIRECTION('',(0.439713602853415,0.898138044771331,0.0));
#4897=DIRECTION('',(0.699624718760806,0.714510498802406,0.0));
#4898=DIRECTION('',(0.890605218761708,0.454777246918104,0.0));
#4899=DIRECTION('',(0.97977071332735,0.20012333523609,0.0));
#4900=DIRECTION('',(1.0,0.0,0.0));
#4901=DIRECTION('',(0.979770707714145,-0.200123362717409,0.0));
#4902=DIRECTION('',(0.890605284635692,-0.454777117914896,0.0));
#4903=DIRECTION('',(0.699624782628801,-0.714510436265001,0.0));
#4904=DIRECTION('',(0.439713428435921,-0.898138130163244,0.0));
#4905=DIRECTION('',(0.192182858930903,-0.981359133413015,0.0));
#4906=DIRECTION('',(0.0,-1.0,0.0));
#4907=DIRECTION('',(-0.192182755231002,-0.98135915372091,0.0));
#4908=DIRECTION('',(-0.439713490539124,-0.89813809975855,0.0));
#4909=DIRECTION('',(-0.699624813897568,-0.714510405647667,0.0));
#4910=DIRECTION('',(-0.890605308823803,-0.454777070546502,0.0));
#4911=DIRECTION('',(-0.979770711149312,-0.200123345899402,0.0));
#4912=DIRECTION('',(1.0,0.0,0.0));
#4913=DIRECTION('',(0.0,-1.0,0.0));
#4914=DIRECTION('',(-1.0,0.0,0.0));
#4915=DIRECTION('',(-0.5219890180595,0.852952205592599,0.0));
#4916=DIRECTION('',(0.0,-1.0,0.0));
#4917=DIRECTION('',(-1.0,0.0,0.0));
#4918=DIRECTION('',(0.0,1.0,0.0));
#4919=DIRECTION('',(1.0,0.0,0.0));
#4920=DIRECTION('',(0.512633942746887,-0.858607268047378,0.0));
#4921=DIRECTION('',(0.0,1.0,0.0));
#4922=DIRECTION('',(0.968917724761795,0.247383189894599,0.0));
#4923=DIRECTION('',(0.826599278799587,0.562790931241791,0.0));
#4924=DIRECTION('',(0.54662223439732,0.837379324358132,0.0));
#4925=DIRECTION('',(0.237771298983597,0.971321166957486,0.0));
#4926=DIRECTION('',(0.0,1.0,0.0));
#4927=DIRECTION('',(-0.237771298983597,0.971321166957486,0.0));
#4928=DIRECTION('',(-0.546622592319286,0.837379090714679,0.0));
#4929=DIRECTION('',(-0.8265991871191,0.5627910658975,0.0));
#4930=DIRECTION('',(-0.968917724761795,0.247383189894599,0.0));
#4931=DIRECTION('',(-1.0,0.0,0.0));
#4932=DIRECTION('',(-0.968917703555804,-0.247383272951401,0.0));
#4933=DIRECTION('',(-0.826599187119053,-0.562791065897568,0.0));
#4934=DIRECTION('',(-0.546622729395773,-0.837379001234158,0.0));
#4935=DIRECTION('',(-0.237771138531006,-0.971321206234925,0.0));
#4936=DIRECTION('',(0.0,-1.0,0.0));
#4937=DIRECTION('',(0.237771138531006,-0.971321206234925,0.0));
#4938=DIRECTION('',(0.546622371473799,-0.837379234877699,0.0));
#4939=DIRECTION('',(0.826599278799634,-0.562790931241723,0.0));
#4940=DIRECTION('',(0.968917703555804,-0.247383272951401,0.0));
#4941=DIRECTION('',(1.0,0.0,0.0));
#4942=DIRECTION('',(1.0,0.0,0.0));
#4943=DIRECTION('',(1.0,0.0,0.0));
#4944=DIRECTION('',(1.0,0.0,0.0));
#4945=DIRECTION('',(1.0,0.0,0.0));
#4946=DIRECTION('',(1.0,0.0,0.0));
#4947=DIRECTION('',(0.0,-0.0519298382559983,0.998650735692267));
#4948=DIRECTION('',(1.0,0.0,0.0));
#4949=DIRECTION('',(1.0,0.0,0.0));
#4950=DIRECTION('',(1.0,0.0,0.0));
#4951=CARTESIAN_POINT('',(1.88439999999993,3.63534078380478,-2.7862682107138));
#4952=DIRECTION('',(-1.0,0.0,0.0));
#4953=DIRECTION('',(0.0,0.343370131873016,0.939200166384945));
#4954=CARTESIAN_POINT('',(3.47439999999992,3.63534078380478,-2.7862682107138));
#4955=DIRECTION('',(1.0,0.0,-0.0));
#4956=DIRECTION('',(0.0,0.998519885496186,0.0543878503774793));
#4957=DIRECTION('',(0.0,0.185728424165907,0.982601115639937));
#4958=DIRECTION('',(0.0,-0.0543878503774693,0.998519885496187));
#4959=DIRECTION('',(0.0,1.0,0.0));
#4960=DIRECTION('',(0.0,0.0543878503774693,-0.998519885496187));
#4961=DIRECTION('',(0.0,0.0543878503774793,0.998519885496186));
#4962=DIRECTION('',(0.0,1.0,0.0));
#4963=DIRECTION('',(0.0,-0.0543878503774693,-0.998519885496187));
#4964=DIRECTION('',(0.0,0.185728424165907,-0.982601115639937));
#4965=CARTESIAN_POINT('',(3.47439999999992,-3.63534078380478,-2.7862682107138));
#4966=DIRECTION('',(1.0,0.0,0.0));
#4967=DIRECTION('',(0.0,-0.343370131873104,0.939200166384912));
#4968=DIRECTION('',(0.385807483916218,-0.0501771055359523,0.921213788126443));
#4969=DIRECTION('',(0.0,-0.0543878503774693,0.998519885496187));
#4970=DIRECTION('',(-1.0,0.0,0.0));
#4971=DIRECTION('',(0.0,-0.0543878503774693,0.998519885496187));
#4972=DIRECTION('',(0.385807483916218,0.0501771055359523,-0.921213788126443));
#4973=DIRECTION('',(0.0,0.0543878503774693,-0.998519885496187));
#4974=DIRECTION('',(0.0,1.0,0.0));
#4975=DIRECTION('',(0.0,-0.0543878503774693,0.998519885496187));
#4976=DIRECTION('',(0.0,0.185728424165907,0.982601115639937));
#4977=DIRECTION('',(0.0,0.185728424165907,-0.982601115639937));
#4978=DIRECTION('',(0.0,-0.0543878503774693,-0.998519885496187));
#4979=DIRECTION('',(0.0,1.0,0.0));
#4980=DIRECTION('',(0.0,0.0543878503774693,0.998519885496187));
#4981=CARTESIAN_POINT('',(1.88439999999993,-3.63534078380478,-2.7862682107138));
#4982=DIRECTION('',(-1.0,0.0,0.0));
#4983=DIRECTION('',(0.0,-0.998519885496188,0.0543878503774394));
#4984=DIRECTION('',(0.0,0.185728424165907,0.982601115639937));
#4985=DIRECTION('',(1.0,0.0,0.0));
#4986=DIRECTION('',(0.0,0.185728424165907,0.982601115639937));
#4987=DIRECTION('',(-1.0,0.0,0.0));
#4988=DIRECTION('',(0.0,0.185728424165907,0.982601115639937));
#4989=DIRECTION('',(0.0,0.185728424165907,0.982601115639937));
#4990=DIRECTION('',(-1.0,0.0,0.0));
#4991=DIRECTION('',(0.0,0.185728424165907,0.982601115639937));
#4992=DIRECTION('',(-1.0,0.0,0.0));
#4993=DIRECTION('',(0.0,-0.0543878503774693,0.998519885496187));
#4994=DIRECTION('',(-1.0,0.0,0.0));
#4995=DIRECTION('',(0.0,-0.0543878503774693,0.998519885496187));
#4996=DIRECTION('',(0.385807483916218,-0.0501771055359523,0.921213788126443));
#4997=DIRECTION('',(0.385807483916218,0.0501771055359523,-0.921213788126443));
#4998=DIRECTION('',(0.385807483916218,-0.0501771055359523,-0.921213788126443));
#4999=DIRECTION('',(0.385807483916218,-0.0501771055359523,-0.921213788126443));
#5000=DIRECTION('',(0.0,1.0,0.0));
#5001=DIRECTION('',(0.0,1.0,0.0));
#5002=DIRECTION('',(0.0,0.0543878503774693,0.998519885496187));
#5003=DIRECTION('',(0.0,-1.0,0.0));
#5004=DIRECTION('',(0.0,0.0543878503774693,0.998519885496187));
#5005=DIRECTION('',(0.0,-1.0,0.0));
#5006=DIRECTION('',(-1.0,0.0,0.0));
#5007=DIRECTION('',(0.0,0.0543878503774693,0.998519885496187));
#5008=DIRECTION('',(0.385807483916218,0.0501771055359523,0.921213788126443));
#5009=DIRECTION('',(1.0,0.0,0.0));
#5010=DIRECTION('',(1.0,0.0,0.0));
#5011=DIRECTION('',(1.0,0.0,0.0));
#5012=DIRECTION('',(0.0,-0.0519298382559983,-0.998650735692267));
#5013=DIRECTION('',(1.0,0.0,0.0));
#5014=DIRECTION('',(1.0,0.0,0.0));
#5015=DIRECTION('',(1.0,0.0,0.0));
#5016=DIRECTION('',(1.0,0.0,0.0));
#5017=DIRECTION('',(1.0,0.0,0.0));
#5018=DIRECTION('',(-1.0,0.0,0.0));
#5019=DIRECTION('',(0.0,0.185728424165907,-0.982601115639937));
#5020=DIRECTION('',(-1.0,0.0,0.0));
#5021=DIRECTION('',(0.0,0.185728424165907,-0.982601115639937));
#5022=DIRECTION('',(0.0,0.185728424165907,-0.982601115639937));
#5023=DIRECTION('',(-1.0,0.0,0.0));
#5024=DIRECTION('',(0.0,0.185728424165907,-0.982601115639937));
#5025=DIRECTION('',(1.0,0.0,0.0));
#5026=DIRECTION('',(0.0,0.185728424165907,-0.982601115639937));
#5027=DIRECTION('',(0.0,1.0,0.0));
#5028=DIRECTION('',(0.0,0.0543878503774693,-0.998519885496187));
#5029=DIRECTION('',(0.0,1.0,0.0));
#5030=DIRECTION('',(0.0,-0.0543878503774693,0.998519885496187));
#5031=CARTESIAN_POINT('',(-3.1955999999988,3.63534078380478,-2.7862682107138));
#5032=DIRECTION('',(-1.0,0.0,0.0));
#5033=DIRECTION('',(0.0,0.343370131873016,0.939200166384945));
#5034=DIRECTION('',(0.0,-0.0543878503774693,-0.998519885496187));
#5035=DIRECTION('',(0.0,1.0,0.0));
#5036=DIRECTION('',(0.0,0.0543878503774693,0.998519885496187));
#5037=CARTESIAN_POINT('',(-3.1955999999988,-3.63534078380478,-2.7862682107138));
#5038=DIRECTION('',(-1.0,0.0,0.0));
#5039=DIRECTION('',(0.0,-0.998519885496189,0.0543878503774294));
#5040=DIRECTION('',(1.0,0.0,0.0));
#5041=CARTESIAN_POINT('',(-1.60560000000008,3.63534078380478,-2.7862682107138));
#5042=DIRECTION('',(1.0,0.0,-0.0));
#5043=DIRECTION('',(0.0,0.998519885496187,0.0543878503774693));
#5044=DIRECTION('',(0.0,-0.0543878503774693,0.998519885496187));
#5045=DIRECTION('',(0.0,1.0,0.0));
#5046=DIRECTION('',(0.0,0.0543878503774693,-0.998519885496187));
#5047=DIRECTION('',(0.0,0.0543878503774793,0.998519885496186));
#5048=DIRECTION('',(0.0,1.0,0.0));
#5049=DIRECTION('',(0.0,-0.0543878503774693,-0.998519885496187));
#5050=CARTESIAN_POINT('',(-1.60560000000008,-3.63534078380478,-2.7862682107138));
#5051=DIRECTION('',(1.0,0.0,0.0));
#5052=DIRECTION('',(0.0,-0.343370131873104,0.939200166384912));
#5053=DIRECTION('',(0.385807483916218,-0.0501771055359523,0.921213788126443));
#5054=DIRECTION('',(0.0,-0.0543878503774693,0.998519885496187));
#5055=DIRECTION('',(-1.0,0.0,0.0));
#5056=DIRECTION('',(0.0,-0.0543878503774693,0.998519885496187));
#5057=DIRECTION('',(0.385807483916218,0.0501771055359523,-0.921213788126443));
#5058=DIRECTION('',(0.385807483916218,-0.0501771055359523,-0.921213788126443));
#5059=DIRECTION('',(0.0,1.0,0.0));
#5060=DIRECTION('',(0.385807483916218,-0.0501771055359523,-0.921213788126443));
#5061=DIRECTION('',(0.0,1.0,0.0));
#5062=DIRECTION('',(0.385807483916218,0.0501771055359523,-0.921213788126443));
#5063=DIRECTION('',(0.0,0.0543878503774693,0.998519885496187));
#5064=DIRECTION('',(-1.0,0.0,0.0));
#5065=DIRECTION('',(0.0,0.0543878503774693,0.998519885496187));
#5066=DIRECTION('',(0.385807483916218,0.0501771055359523,0.921213788126443));
#5067=DIRECTION('',(1.0,0.0,0.0));
#5068=DIRECTION('',(0.0,1.0,0.0));
#5069=DIRECTION('',(0.385807483916218,0.0501771055359523,0.921213788126443));
#5070=DIRECTION('',(0.385807483916218,-0.0501771055359523,0.921213788126443));
#5071=DIRECTION('',(0.0,1.0,0.0));
#5072=DIRECTION('',(0.0,0.0543878503774693,0.998519885496187));
#5073=DIRECTION('',(-1.0,0.0,0.0));
#5074=DIRECTION('',(0.0,0.0543878503774693,0.998519885496187));
#5075=DIRECTION('',(0.0,-0.0543878503774693,0.998519885496187));
#5076=DIRECTION('',(0.0,-1.0,0.0));
#5077=DIRECTION('',(0.0,-1.0,0.0));
#5078=DIRECTION('',(0.0,-1.0,0.0));
#5079=DIRECTION('',(-1.0,0.0,0.0));
#5080=DIRECTION('',(0.0,-0.0543878503774693,0.998519885496187));
#5081=DIRECTION('',(0.0,-1.0,0.0));
#5082=DIRECTION('',(0.0,0.0543878503774693,-0.998519885496187));
#5083=DIRECTION('',(0.0,1.0,0.0));
#5084=DIRECTION('',(0.0,-0.0543878503774693,0.998519885496187));
#5085=CARTESIAN_POINT('',(-0.65560000000007,3.63534078380478,-2.7862682107138));
#5086=DIRECTION('',(-1.0,0.0,0.0));
#5087=DIRECTION('',(0.0,0.343370131873016,0.939200166384945));
#5088=DIRECTION('',(0.0,-0.0543878503774693,-0.998519885496187));
#5089=DIRECTION('',(0.0,1.0,0.0));
#5090=DIRECTION('',(0.0,0.0543878503774693,0.998519885496187));
#5091=CARTESIAN_POINT('',(-0.65560000000007,-3.63534078380478,-2.7862682107138));
#5092=DIRECTION('',(-1.0,0.0,0.0));
#5093=DIRECTION('',(0.0,-0.998519885496186,0.0543878503774892));
#5094=DIRECTION('',(1.0,0.0,0.0));
#5095=CARTESIAN_POINT('',(0.93439999999992,3.63534078380478,-2.7862682107138));
#5096=DIRECTION('',(1.0,0.0,-0.0));
#5097=DIRECTION('',(0.0,0.998519885496187,0.0543878503774693));
#5098=DIRECTION('',(0.0,-0.0543878503774693,0.998519885496187));
#5099=DIRECTION('',(0.0,1.0,0.0));
#5100=DIRECTION('',(0.0,0.0543878503774693,-0.998519885496187));
#5101=DIRECTION('',(0.0,0.0543878503774693,0.998519885496187));
#5102=DIRECTION('',(0.0,1.0,0.0));
#5103=DIRECTION('',(0.0,-0.0543878503774693,-0.998519885496187));
#5104=CARTESIAN_POINT('',(0.93439999999992,-3.63534078380478,-2.7862682107138));
#5105=DIRECTION('',(1.0,0.0,0.0));
#5106=DIRECTION('',(0.0,-0.343370131873016,0.939200166384945));
#5107=DIRECTION('',(0.385807483916218,-0.0501771055359523,0.921213788126443));
#5108=DIRECTION('',(0.0,-0.0543878503774693,0.998519885496187));
#5109=DIRECTION('',(-1.0,0.0,0.0));
#5110=DIRECTION('',(0.0,-0.0543878503774693,0.998519885496187));
#5111=DIRECTION('',(0.385807483916218,0.0501771055359523,-0.921213788126443));
#5112=DIRECTION('',(0.385807483916218,-0.0501771055359523,-0.921213788126443));
#5113=DIRECTION('',(0.385807483916218,-0.0501771055359523,-0.921213788126443));
#5114=DIRECTION('',(0.0,1.0,0.0));
#5115=DIRECTION('',(0.385807483916218,0.0501771055359523,-0.921213788126443));
#5116=DIRECTION('',(0.0,1.0,0.0));
#5117=DIRECTION('',(0.0,0.0543878503774693,0.998519885496187));
#5118=DIRECTION('',(0.0,-1.0,0.0));
#5119=DIRECTION('',(0.0,0.0543878503774693,0.998519885496187));
#5120=DIRECTION('',(0.0,-1.0,0.0));
#5121=DIRECTION('',(0.0,-0.0543878503774693,0.998519885496187));
#5122=DIRECTION('',(-1.0,0.0,0.0));
#5123=DIRECTION('',(0.0,0.0543878503774693,0.998519885496187));
#5124=DIRECTION('',(0.385807483916218,0.0501771055359523,0.921213788126443));
#5125=DIRECTION('',(1.0,0.0,0.0));
#5126=DIRECTION('',(0.385807483916218,0.0501771055359523,0.921213788126443));
#5127=DIRECTION('',(0.0,1.0,0.0));
#5128=DIRECTION('',(0.385807483916218,-0.0501771055359523,0.921213788126443));
#5129=DIRECTION('',(0.0,1.0,0.0));
#5130=DIRECTION('',(0.0,-1.0,0.0));
#5131=DIRECTION('',(0.0,0.0543878503774693,0.998519885496187));
#5132=DIRECTION('',(0.0,-0.0543878503774693,0.998519885496187));
#5133=DIRECTION('',(0.0,-1.0,0.0));
#5134=DIRECTION('',(-1.0,0.0,0.0));
#5135=DIRECTION('',(-1.0,0.0,0.0));
#5136=DIRECTION('',(0.385807483916218,0.0501771055359523,0.921213788126443));
#5137=DIRECTION('',(0.0,0.0543878503774693,0.998519885496187));
#5138=DIRECTION('',(-1.0,0.0,0.0));
#5139=DIRECTION('',(0.0,-1.0,0.0));
#5140=DIRECTION('',(0.0,1.0,0.0));
#5141=DIRECTION('',(0.0,-1.0,0.0));
#5142=DIRECTION('',(0.0,1.0,0.0));
#5143=DIRECTION('',(0.0,-0.866025403784429,0.500000000000017));
#5144=DIRECTION('',(0.0,0.0,1.0));
#5145=DIRECTION('',(0.0,-0.866025403784429,-0.500000000000017));
#5146=DIRECTION('',(0.0,0.0,-1.0));
#5147=DIRECTION('',(0.0,-1.0,0.0));
#5148=DIRECTION('',(0.0,0.0,1.0));
#5149=DIRECTION('',(-1.0,0.0,0.0));
#5150=DIRECTION('',(0.0,0.0,1.0));
#5151=DIRECTION('',(-1.0,0.0,0.0));
#5152=DIRECTION('',(0.0,0.0,1.0));
#5153=DIRECTION('',(0.0,0.0,1.0));
#5154=DIRECTION('',(0.0,-0.866025403784429,0.500000000000017));
#5155=DIRECTION('',(0.0,-1.0,0.0));
#5156=DIRECTION('',(0.0,0.0,-1.0));
#5157=DIRECTION('',(0.0,-0.866025403784429,-0.500000000000017));
#5158=DIRECTION('',(0.0,0.0,1.0));
#5159=DIRECTION('',(0.0,0.0,-1.0));
#5160=DIRECTION('',(-1.0,0.0,0.0));
#5161=DIRECTION('',(0.0,0.0,-1.0));
#5162=DIRECTION('',(-1.0,0.0,0.0));
#5163=DIRECTION('',(1.0,0.0,0.0));
#5164=DIRECTION('',(1.0,0.0,0.0));
#5165=DIRECTION('',(0.0,1.0,0.0));
#5166=DIRECTION('',(0.0,1.0,0.0));
#5167=DIRECTION('',(0.0,-0.866025403784429,0.500000000000017));
#5168=DIRECTION('',(0.0,0.0,1.0));
#5169=DIRECTION('',(0.0,-0.866025403784429,-0.500000000000017));
#5170=DIRECTION('',(0.0,0.0,-1.0));
#5171=DIRECTION('',(0.0,-1.0,0.0));
#5172=DIRECTION('',(0.0,0.0,1.0));
#5173=DIRECTION('',(-1.0,0.0,0.0));
#5174=DIRECTION('',(0.0,0.0,1.0));
#5175=DIRECTION('',(0.0,0.0,1.0));
#5176=DIRECTION('',(-1.0,0.0,0.0));
#5177=DIRECTION('',(0.0,0.0,1.0));
#5178=DIRECTION('',(0.0,0.0,-1.0));
#5179=DIRECTION('',(0.0,1.0,0.0));
#5180=DIRECTION('',(-1.0,0.0,0.0));
#5181=DIRECTION('',(0.0,1.0,0.0));
#5182=DIRECTION('',(0.0,0.0,-1.0));
#5183=DIRECTION('',(-1.0,0.0,0.0));
#5184=DIRECTION('',(0.0,0.0,1.0));
#5185=DIRECTION('',(0.0,-0.866025403784429,0.500000000000017));
#5186=DIRECTION('',(0.0,-1.0,0.0));
#5187=DIRECTION('',(0.0,0.0,-1.0));
#5188=DIRECTION('',(0.0,-0.866025403784429,-0.500000000000017));
#5189=DIRECTION('',(1.0,0.0,0.0));
#5190=DIRECTION('',(1.0,0.0,0.0));
#5191=DIRECTION('',(0.0,-0.866025403784429,0.500000000000017));
#5192=DIRECTION('',(0.0,0.0,1.0));
#5193=DIRECTION('',(0.0,-0.866025403784429,-0.500000000000017));
#5194=DIRECTION('',(0.0,0.0,-1.0));
#5195=DIRECTION('',(0.0,-1.0,0.0));
#5196=DIRECTION('',(0.0,0.0,1.0));
#5197=DIRECTION('',(-1.0,0.0,0.0));
#5198=DIRECTION('',(0.0,0.0,1.0));
#5199=DIRECTION('',(0.0,0.0,1.0));
#5200=DIRECTION('',(-1.0,0.0,0.0));
#5201=DIRECTION('',(0.0,0.0,1.0));
#5202=DIRECTION('',(0.0,0.0,-1.0));
#5203=DIRECTION('',(0.0,1.0,0.0));
#5204=DIRECTION('',(-1.0,0.0,0.0));
#5205=DIRECTION('',(0.0,1.0,0.0));
#5206=DIRECTION('',(0.0,0.0,-1.0));
#5207=DIRECTION('',(-1.0,0.0,0.0));
#5208=DIRECTION('',(0.0,0.0,1.0));
#5209=DIRECTION('',(0.0,-0.866025403784429,0.500000000000017));
#5210=DIRECTION('',(0.0,-1.0,0.0));
#5211=DIRECTION('',(0.0,0.0,-1.0));
#5212=DIRECTION('',(0.0,-0.866025403784429,-0.500000000000017));
#5213=DIRECTION('',(1.0,0.0,0.0));
#5214=DIRECTION('',(1.0,0.0,0.0));
#5215=DIRECTION('',(0.0,0.0,-1.0));
#5216=DIRECTION('',(0.0,1.0,0.0));
#5217=DIRECTION('',(0.0,0.0,-1.0));
#5218=DIRECTION('',(1.0,0.0,0.0));
#5219=DIRECTION('',(0.0,0.0,-1.0));
#5220=DIRECTION('',(0.0,-1.0,0.0));
#5221=DIRECTION('',(0.0,0.0,-1.0));
#5222=DIRECTION('',(0.64287114276419,0.765974342782488,0.0));
#5223=DIRECTION('',(0.0,0.0,-1.0));
#5224=DIRECTION('',(0.0,-1.0,0.0));
#5225=DIRECTION('',(0.0,0.0,-1.0));
#5226=DIRECTION('',(-0.642871293713882,-0.765974216092578,0.0));
#5227=DIRECTION('',(0.0,0.0,-1.0));
#5228=DIRECTION('',(-1.0,0.0,0.0));
#5229=DIRECTION('',(-0.890605308823803,-0.454777070546502,0.0));
#5230=DIRECTION('',(-0.699624813897568,-0.714510405647667,0.0));
#5231=DIRECTION('',(-0.439713490539124,-0.89813809975855,0.0));
#5232=DIRECTION('',(-0.192182755230906,-0.981359153720929,0.0));
#5233=DIRECTION('',(0.0,-1.0,0.0));
#5234=DIRECTION('',(0.192182858930903,-0.981359133413015,0.0));
#5235=DIRECTION('',(0.439713428435921,-0.898138130163244,0.0));
#5236=DIRECTION('',(0.699624782628801,-0.714510436265001,0.0));
#5237=DIRECTION('',(0.890605284635692,-0.454777117914896,0.0));
#5238=DIRECTION('',(0.979770707714145,-0.200123362717409,0.0));
#5239=DIRECTION('',(1.0,0.0,0.0));
#5240=DIRECTION('',(0.97977071332735,0.20012333523609,0.0));
#5241=DIRECTION('',(0.890605218761708,0.454777246918104,0.0));
#5242=DIRECTION('',(0.699624718760756,0.714510498802455,0.0));
#5243=DIRECTION('',(0.439713602853415,0.898138044771331,0.0));
#5244=DIRECTION('',(0.192182676904296,0.98135916905988,0.0));
#5245=DIRECTION('',(0.0,1.0,0.0));
#5246=DIRECTION('',(-0.192182573204507,0.981359189367733,0.0));
#5247=DIRECTION('',(-0.439713664956612,0.898138014366625,0.0));
#5248=DIRECTION('',(-0.699624750029524,0.714510468185124,0.0));
#5249=DIRECTION('',(-0.890605242949786,0.454777199549793,0.0));
#5250=DIRECTION('',(-0.979770716762532,0.200123318418006,0.0));
#5251=DIRECTION('',(-1.0,0.0,0.0));
#5252=DIRECTION('',(-0.979770711149312,-0.200123345899402,0.0));
#5253=DIRECTION('',(0.968917703555804,-0.247383272951401,0.0));
#5254=DIRECTION('',(0.826599278799634,-0.562790931241723,0.0));
#5255=DIRECTION('',(0.546622371473799,-0.837379234877699,0.0));
#5256=DIRECTION('',(0.237771138531006,-0.971321206234925,0.0));
#5257=DIRECTION('',(0.0,-1.0,0.0));
#5258=DIRECTION('',(-0.237771138531006,-0.971321206234925,0.0));
#5259=DIRECTION('',(-0.546622729395773,-0.837379001234158,0.0));
#5260=DIRECTION('',(-0.8265991871191,-0.5627910658975,0.0));
#5261=DIRECTION('',(-0.968917703555804,-0.247383272951401,0.0));
#5262=DIRECTION('',(-1.0,0.0,0.0));
#5263=DIRECTION('',(-0.968917724761795,0.247383189894599,0.0));
#5264=DIRECTION('',(-0.8265991871191,0.5627910658975,0.0));
#5265=DIRECTION('',(-0.546622592319286,0.837379090714679,0.0));
#5266=DIRECTION('',(-0.237771298983597,0.971321166957486,0.0));
#5267=DIRECTION('',(0.0,1.0,0.0));
#5268=DIRECTION('',(0.237771298983597,0.971321166957486,0.0));
#5269=DIRECTION('',(0.54662223439732,0.837379324358132,0.0));
#5270=DIRECTION('',(0.826599278799634,0.562790931241723,0.0));
#5271=DIRECTION('',(0.968917724761795,0.247383189894599,0.0));
#5272=DIRECTION('',(1.0,0.0,0.0));
#5273=DIRECTION('',(0.512633942746887,-0.858607268047378,0.0));
#5274=DIRECTION('',(1.0,0.0,0.0));
#5275=DIRECTION('',(0.0,1.0,0.0));
#5276=DIRECTION('',(-1.0,0.0,0.0));
#5277=DIRECTION('',(0.0,-1.0,0.0));
#5278=DIRECTION('',(-0.5219890180595,0.852952205592599,0.0));
#5279=DIRECTION('',(-1.0,0.0,0.0));
#5280=DIRECTION('',(0.0,-1.0,0.0));
#5281=DIRECTION('',(1.0,0.0,0.0));
#5282=DIRECTION('',(0.0,1.0,0.0));
#5283=DIRECTION('',(0.0,0.0,-1.0));
#5284=DIRECTION('',(0.0,0.0,-1.0));
#5285=DIRECTION('',(0.0,0.0,-1.0));
#5286=DIRECTION('',(0.0,0.0,-1.0));
#5287=DIRECTION('',(0.0,0.0,-1.0));
#5288=DIRECTION('',(0.0,0.0,-1.0));
#5289=DIRECTION('',(0.0,0.0,-1.0));
#5290=DIRECTION('',(0.0,0.0,-1.0));
#5291=DIRECTION('',(0.0,0.0,-1.0));
#5292=DIRECTION('',(0.0,0.0,-1.0));
#5293=DIRECTION('',(0.0,0.0,-1.0));
#5294=DIRECTION('',(0.0,0.0,-1.0));
#5295=DIRECTION('',(0.0,0.0,-1.0));
#5296=DIRECTION('',(0.0,0.0,-1.0));
#5297=DIRECTION('',(0.0,0.0,-1.0));
#5298=DIRECTION('',(0.0,0.0,-1.0));
#5299=DIRECTION('',(0.0,0.0,-1.0));
#5300=DIRECTION('',(0.0,0.0,-1.0));
#5301=DIRECTION('',(0.0,0.0,-1.0));
#5302=DIRECTION('',(0.0,0.0,-1.0));
#5303=DIRECTION('',(0.0,0.0,-1.0));
#5304=DIRECTION('',(0.0,0.0,-1.0));
#5305=DIRECTION('',(0.0,0.0,-1.0));
#5306=DIRECTION('',(0.0,0.0,-1.0));
#5307=DIRECTION('',(0.0,0.0,-1.0));
#5308=DIRECTION('',(0.0,0.0,-1.0));
#5309=DIRECTION('',(0.0,0.0,-1.0));
#5310=DIRECTION('',(0.0,0.0,-1.0));
#5311=DIRECTION('',(0.0,0.0,-1.0));
#5312=DIRECTION('',(0.0,0.0,-1.0));
#5313=DIRECTION('',(0.0,0.0,-1.0));
#5314=DIRECTION('',(0.0,0.0,-1.0));
#5315=DIRECTION('',(0.0,0.0,-1.0));
#5316=DIRECTION('',(0.0,0.0,-1.0));
#5317=DIRECTION('',(0.0,0.0,-1.0));
#5318=DIRECTION('',(0.0,0.0,-1.0));
#5319=DIRECTION('',(0.0,0.0,-1.0));
#5320=DIRECTION('',(0.0,0.0,-1.0));
#5321=DIRECTION('',(0.0,0.0,-1.0));
#5322=DIRECTION('',(0.0,0.0,-1.0));
#5323=DIRECTION('',(0.0,0.0,-1.0));
#5324=DIRECTION('',(0.0,0.0,-1.0));
#5325=DIRECTION('',(0.0,0.0,-1.0));
#5326=DIRECTION('',(0.0,0.0,-1.0));
#5327=DIRECTION('',(0.0,0.0,-1.0));
#5328=DIRECTION('',(0.0,0.0,-1.0));
#5329=DIRECTION('',(0.0,0.0,-1.0));
#5330=DIRECTION('',(0.0,0.0,-1.0));
#5331=DIRECTION('',(0.0,0.0,-1.0));
#5332=DIRECTION('',(0.0,0.0,-1.0));
#5333=DIRECTION('',(0.0,0.0,-1.0));
#5334=DIRECTION('',(0.0,0.0,-1.0));
#5335=DIRECTION('',(0.0,0.0,-1.0));
#5336=DIRECTION('',(0.0,0.0,-1.0));
ENDSEC;
END-ISO-10303-21;
