ISO-10303-21;
HEADER;
FILE_DESCRIPTION(('STEP AP203'),'1');
FILE_NAME('215297-6.stp','2025-08-25T15:21:48',('TraceParts'),('TraceParts S.A.'),'Spatial InterOp 3D',' ',' ');
FILE_SCHEMA(('CONFIG_CONTROL_DESIGN'));
ENDSEC;
DATA;
#1=DESIGN_CONTEXT('',#27,'design');
#2=APPLICATION_PROTOCOL_DEFINITION('INTERNATIONAL STANDARD','config_control_design',1994,#27);
#3=PRODUCT_CATEGORY_RELATIONSHIP('NONE','NONE',#28,#29);
#4=DATE_AND_TIME(#30,#31);
#5=DATE_TIME_ROLE('creation_date');
#6=DATE_TIME_ROLE('classification_date');
#7=PERSON_AND_ORGANIZATION_ROLE('creator');
#8=PERSON_AND_ORGANIZATION_ROLE('design_supplier');
#9=PERSON_AND_ORGANIZATION_ROLE('classification_officer');
#10=PERSON_AND_ORGANIZATION_ROLE('design_owner');
#11=APPROVAL_PERSON_ORGANIZATION(#32,#33,#34);
#12=APPROVAL_DATE_TIME(#4,#33);
#13=CC_DESIGN_APPROVAL(#33,(#35,#36,#37));
#14=CC_DESIGN_DATE_AND_TIME_ASSIGNMENT(#4,#5,(#37));
#15=CC_DESIGN_DATE_AND_TIME_ASSIGNMENT(#4,#6,(#35));
#16=CC_DESIGN_PERSON_AND_ORGANIZATION_ASSIGNMENT(#32,#10,(#38));
#17=CC_DESIGN_PERSON_AND_ORGANIZATION_ASSIGNMENT(#32,#7,(#37));
#18=CC_DESIGN_PERSON_AND_ORGANIZATION_ASSIGNMENT(#32,#7,(#36));
#19=CC_DESIGN_PERSON_AND_ORGANIZATION_ASSIGNMENT(#32,#8,(#36));
#20=CC_DESIGN_SECURITY_CLASSIFICATION(#35,(#36));
#21=CC_DESIGN_PERSON_AND_ORGANIZATION_ASSIGNMENT(#32,#9,(#35));
#22=SHAPE_DEFINITION_REPRESENTATION(#39,#40);
#23= (GEOMETRIC_REPRESENTATION_CONTEXT(3)GLOBAL_UNCERTAINTY_ASSIGNED_CONTEXT((#43))GLOBAL_UNIT_ASSIGNED_CONTEXT((#45,#46,#47))REPRESENTATION_CONTEXT('NONE','WORKSPACE'));
#27=APPLICATION_CONTEXT('CONFIGURATION CONTROLLED 3D DESIGNS OF MECHANICAL PARTS AND ASSEMBLIES');
#28=PRODUCT_CATEGORY('part','NONE');
#29=PRODUCT_RELATED_PRODUCT_CATEGORY('detail',' ',(#38));
#30=CALENDAR_DATE(2025,25,7);
#31=LOCAL_TIME(17,21,48.0,#49);
#32=PERSON_AND_ORGANIZATION(#50,#51);
#33=APPROVAL(#52,'SOLID MODEL');
#34=APPROVAL_ROLE('APPROVED');
#35=SECURITY_CLASSIFICATION('','',#53);
#36=PRODUCT_DEFINITION_FORMATION_WITH_SPECIFIED_SOURCE(' ','NONE',#38,.NOT_KNOWN.);
#37=PRODUCT_DEFINITION('','NONE',#36,#1);
#38=PRODUCT('1','','PART--DESC',(#54));
#39=PRODUCT_DEFINITION_SHAPE('NONE','NONE',#37);
#40=ADVANCED_BREP_SHAPE_REPRESENTATION('1',(#55,#56),#23);
#43=UNCERTAINTY_MEASURE_WITH_UNIT(LENGTH_MEASURE(1.0E-06),#45,'','');
#45= (CONVERSION_BASED_UNIT('MILLIMETRE',#59)LENGTH_UNIT()NAMED_UNIT(#62));
#46= (NAMED_UNIT(#64)PLANE_ANGLE_UNIT()SI_UNIT($,.RADIAN.));
#47= (NAMED_UNIT(#64)SOLID_ANGLE_UNIT()SI_UNIT($,.STERADIAN.));
#49=COORDINATED_UNIVERSAL_TIME_OFFSET(1,0,.AHEAD.);
#50=PERSON('','UNSPECIFIED',$,$,$,$);
#51=ORGANIZATION('UNSPECIFIED','UNSPECIFIED','UNSPECIFIED');
#52=APPROVAL_STATUS('approved');
#53=SECURITY_CLASSIFICATION_LEVEL('unclassified');
#54=MECHANICAL_CONTEXT('',#27,'mechanical');
#55=MANIFOLD_SOLID_BREP('1',#70);
#56=AXIS2_PLACEMENT_3D('',#71,#72,#73);
#59=LENGTH_MEASURE_WITH_UNIT(LENGTH_MEASURE(1.0),#74);
#62=DIMENSIONAL_EXPONENTS(1.0,0.0,0.0,0.0,0.0,0.0,0.0);
#64=DIMENSIONAL_EXPONENTS(0.0,0.0,0.0,0.0,0.0,0.0,0.0);
#70=CLOSED_SHELL('',(#75,#76,#77,#78,#79,#80,#81,#82,#83,#84,#85,#86,#87,#88,#89,#90,#91,#92,#93,#94,#95,#96,#97,#98,#99,#100,#101,#102,#103,#104,#105,#106,#107,#108,#109,#110,#111,#112,#113,#114,#115,#116,#117,#118,#119,#120,#121,#122,#123,#124,#125,#126,#127,#128,#129,#130,#131,#132,#133,#134,#135,#136,#137,#138,#139,#140,#141,#142,#143,#144,#145,#146,#147,#148,#149,#150,#151,#152,#153,#154,#155,#156,#157,#158,#159,#160,#161,#162,#163,#164,#165,#166,#167,#168,#169,#170,#171,#172,#173,#174,#175,#176,#177,#178,#179,#180,#181,#182,#183,#184,#185,#186,#187,#188,#189,#190,#191,#192,#193,#194,#195,#196,#197,#198,#199,#200,#201,#202,#203,#204,#205,#206,#207,#208,#209,#210,#211,#212,#213,#214,#215,#216,#217,#218,#219,#220,#221,#222,#223,#224,#225,#226,#227,#228,#229,#230,#231,#232));
#71=CARTESIAN_POINT('',(0.0,0.0,0.0));
#72=DIRECTION('',(0.0,0.0,1.0));
#73=DIRECTION('',(1.0,0.0,0.0));
#74= (NAMED_UNIT(#62)LENGTH_UNIT()SI_UNIT(.MILLI.,.METRE.));
#75=ADVANCED_FACE('',(#234,#235,#236,#237,#238,#239,#240),#241,.T.);
#76=ADVANCED_FACE('',(#242),#243,.T.);
#77=ADVANCED_FACE('',(#244),#245,.T.);
#78=ADVANCED_FACE('',(#246),#247,.T.);
#79=ADVANCED_FACE('',(#248),#249,.T.);
#80=ADVANCED_FACE('',(#250,#251,#252,#253,#254,#255,#256,#257),#258,.F.);
#81=ADVANCED_FACE('',(#259),#260,.F.);
#82=ADVANCED_FACE('',(#261),#262,.F.);
#83=ADVANCED_FACE('',(#263),#264,.F.);
#84=ADVANCED_FACE('',(#265),#266,.F.);
#85=ADVANCED_FACE('',(#267),#268,.F.);
#86=ADVANCED_FACE('',(#269),#270,.F.);
#87=ADVANCED_FACE('',(#271),#272,.F.);
#88=ADVANCED_FACE('',(#273),#274,.T.);
#89=ADVANCED_FACE('',(#275),#276,.F.);
#90=ADVANCED_FACE('',(#277),#278,.T.);
#91=ADVANCED_FACE('',(#279),#280,.T.);
#92=ADVANCED_FACE('',(#281),#282,.T.);
#93=ADVANCED_FACE('',(#283),#284,.T.);
#94=ADVANCED_FACE('',(#285),#286,.T.);
#95=ADVANCED_FACE('',(#287),#288,.F.);
#96=ADVANCED_FACE('',(#289),#290,.F.);
#97=ADVANCED_FACE('',(#291),#292,.T.);
#98=ADVANCED_FACE('',(#293),#294,.T.);
#99=ADVANCED_FACE('',(#295),#296,.T.);
#100=ADVANCED_FACE('',(#297),#298,.T.);
#101=ADVANCED_FACE('',(#299),#300,.T.);
#102=ADVANCED_FACE('',(#301),#302,.F.);
#103=ADVANCED_FACE('',(#303),#304,.F.);
#104=ADVANCED_FACE('',(#305),#306,.T.);
#105=ADVANCED_FACE('',(#307),#308,.T.);
#106=ADVANCED_FACE('',(#309),#310,.T.);
#107=ADVANCED_FACE('',(#311),#312,.T.);
#108=ADVANCED_FACE('',(#313),#314,.T.);
#109=ADVANCED_FACE('',(#315),#316,.F.);
#110=ADVANCED_FACE('',(#317),#318,.F.);
#111=ADVANCED_FACE('',(#319),#320,.T.);
#112=ADVANCED_FACE('',(#321),#322,.T.);
#113=ADVANCED_FACE('',(#323),#324,.T.);
#114=ADVANCED_FACE('',(#325),#326,.F.);
#115=ADVANCED_FACE('',(#327),#328,.T.);
#116=ADVANCED_FACE('',(#329),#330,.T.);
#117=ADVANCED_FACE('',(#331),#332,.F.);
#118=ADVANCED_FACE('',(#333),#334,.T.);
#119=ADVANCED_FACE('',(#335),#336,.T.);
#120=ADVANCED_FACE('',(#337),#338,.T.);
#121=ADVANCED_FACE('',(#339),#340,.F.);
#122=ADVANCED_FACE('',(#341),#342,.T.);
#123=ADVANCED_FACE('',(#343),#344,.T.);
#124=ADVANCED_FACE('',(#345),#346,.F.);
#125=ADVANCED_FACE('',(#347),#348,.T.);
#126=ADVANCED_FACE('',(#349),#350,.T.);
#127=ADVANCED_FACE('',(#351),#352,.T.);
#128=ADVANCED_FACE('',(#353),#354,.F.);
#129=ADVANCED_FACE('',(#355),#356,.T.);
#130=ADVANCED_FACE('',(#357),#358,.T.);
#131=ADVANCED_FACE('',(#359),#360,.T.);
#132=ADVANCED_FACE('',(#361),#362,.F.);
#133=ADVANCED_FACE('',(#363),#364,.F.);
#134=ADVANCED_FACE('',(#365),#366,.T.);
#135=ADVANCED_FACE('',(#367),#368,.F.);
#136=ADVANCED_FACE('',(#369),#370,.T.);
#137=ADVANCED_FACE('',(#371),#372,.T.);
#138=ADVANCED_FACE('',(#373),#374,.T.);
#139=ADVANCED_FACE('',(#375),#376,.T.);
#140=ADVANCED_FACE('',(#377),#378,.T.);
#141=ADVANCED_FACE('',(#379),#380,.F.);
#142=ADVANCED_FACE('',(#381),#382,.F.);
#143=ADVANCED_FACE('',(#383),#384,.T.);
#144=ADVANCED_FACE('',(#385),#386,.F.);
#145=ADVANCED_FACE('',(#387),#388,.F.);
#146=ADVANCED_FACE('',(#389),#390,.F.);
#147=ADVANCED_FACE('',(#391),#392,.T.);
#148=ADVANCED_FACE('',(#393),#394,.T.);
#149=ADVANCED_FACE('',(#395),#396,.F.);
#150=ADVANCED_FACE('',(#397),#398,.F.);
#151=ADVANCED_FACE('',(#399),#400,.T.);
#152=ADVANCED_FACE('',(#401),#402,.F.);
#153=ADVANCED_FACE('',(#403),#404,.T.);
#154=ADVANCED_FACE('',(#405),#406,.T.);
#155=ADVANCED_FACE('',(#407),#408,.T.);
#156=ADVANCED_FACE('',(#409),#410,.F.);
#157=ADVANCED_FACE('',(#411),#412,.F.);
#158=ADVANCED_FACE('',(#413),#414,.T.);
#159=ADVANCED_FACE('',(#415),#416,.T.);
#160=ADVANCED_FACE('',(#417),#418,.F.);
#161=ADVANCED_FACE('',(#419),#420,.F.);
#162=ADVANCED_FACE('',(#421),#422,.T.);
#163=ADVANCED_FACE('',(#423),#424,.F.);
#164=ADVANCED_FACE('',(#425),#426,.T.);
#165=ADVANCED_FACE('',(#427),#428,.T.);
#166=ADVANCED_FACE('',(#429),#430,.F.);
#167=ADVANCED_FACE('',(#431),#432,.F.);
#168=ADVANCED_FACE('',(#433),#434,.T.);
#169=ADVANCED_FACE('',(#435),#436,.F.);
#170=ADVANCED_FACE('',(#437),#438,.T.);
#171=ADVANCED_FACE('',(#439),#440,.T.);
#172=ADVANCED_FACE('',(#441),#442,.T.);
#173=ADVANCED_FACE('',(#443),#444,.F.);
#174=ADVANCED_FACE('',(#445),#446,.F.);
#175=ADVANCED_FACE('',(#447),#448,.T.);
#176=ADVANCED_FACE('',(#449),#450,.T.);
#177=ADVANCED_FACE('',(#451),#452,.F.);
#178=ADVANCED_FACE('',(#453),#454,.F.);
#179=ADVANCED_FACE('',(#455),#456,.T.);
#180=ADVANCED_FACE('',(#457),#458,.F.);
#181=ADVANCED_FACE('',(#459),#460,.T.);
#182=ADVANCED_FACE('',(#461),#462,.T.);
#183=ADVANCED_FACE('',(#463),#464,.T.);
#184=ADVANCED_FACE('',(#465),#466,.T.);
#185=ADVANCED_FACE('',(#467),#468,.T.);
#186=ADVANCED_FACE('',(#469),#470,.T.);
#187=ADVANCED_FACE('',(#471),#472,.T.);
#188=ADVANCED_FACE('',(#473),#474,.T.);
#189=ADVANCED_FACE('',(#475),#476,.F.);
#190=ADVANCED_FACE('',(#477),#478,.F.);
#191=ADVANCED_FACE('',(#479),#480,.T.);
#192=ADVANCED_FACE('',(#481),#482,.F.);
#193=ADVANCED_FACE('',(#483),#484,.F.);
#194=ADVANCED_FACE('',(#485),#486,.F.);
#195=ADVANCED_FACE('',(#487),#488,.F.);
#196=ADVANCED_FACE('',(#489),#490,.F.);
#197=ADVANCED_FACE('',(#491),#492,.F.);
#198=ADVANCED_FACE('',(#493),#494,.T.);
#199=ADVANCED_FACE('',(#495),#496,.T.);
#200=ADVANCED_FACE('',(#497),#498,.T.);
#201=ADVANCED_FACE('',(#499),#500,.T.);
#202=ADVANCED_FACE('',(#501),#502,.T.);
#203=ADVANCED_FACE('',(#503),#504,.T.);
#204=ADVANCED_FACE('',(#505),#506,.F.);
#205=ADVANCED_FACE('',(#507),#508,.F.);
#206=ADVANCED_FACE('',(#509),#510,.T.);
#207=ADVANCED_FACE('',(#511),#512,.F.);
#208=ADVANCED_FACE('',(#513),#514,.T.);
#209=ADVANCED_FACE('',(#515),#516,.T.);
#210=ADVANCED_FACE('',(#517),#518,.F.);
#211=ADVANCED_FACE('',(#519),#520,.F.);
#212=ADVANCED_FACE('',(#521),#522,.T.);
#213=ADVANCED_FACE('',(#523),#524,.F.);
#214=ADVANCED_FACE('',(#525),#526,.F.);
#215=ADVANCED_FACE('',(#527),#528,.F.);
#216=ADVANCED_FACE('',(#529),#530,.T.);
#217=ADVANCED_FACE('',(#531),#532,.T.);
#218=ADVANCED_FACE('',(#533),#534,.T.);
#219=ADVANCED_FACE('',(#535),#536,.T.);
#220=ADVANCED_FACE('',(#537),#538,.T.);
#221=ADVANCED_FACE('',(#539),#540,.F.);
#222=ADVANCED_FACE('',(#541),#542,.F.);
#223=ADVANCED_FACE('',(#543),#544,.T.);
#224=ADVANCED_FACE('',(#545),#546,.F.);
#225=ADVANCED_FACE('',(#547),#548,.T.);
#226=ADVANCED_FACE('',(#549),#550,.T.);
#227=ADVANCED_FACE('',(#551),#552,.F.);
#228=ADVANCED_FACE('',(#553),#554,.F.);
#229=ADVANCED_FACE('',(#555),#556,.T.);
#230=ADVANCED_FACE('',(#557),#558,.F.);
#231=ADVANCED_FACE('',(#559),#560,.F.);
#232=ADVANCED_FACE('',(#561),#562,.F.);
#234=FACE_OUTER_BOUND('',#563,.T.);
#235=FACE_BOUND('',#564,.T.);
#236=FACE_BOUND('',#565,.T.);
#237=FACE_BOUND('',#566,.T.);
#238=FACE_BOUND('',#567,.T.);
#239=FACE_BOUND('',#568,.T.);
#240=FACE_BOUND('',#569,.T.);
#241=PLANE('',#570);
#242=FACE_OUTER_BOUND('',#571,.T.);
#243=PLANE('',#572);
#244=FACE_OUTER_BOUND('',#573,.T.);
#245=PLANE('',#574);
#246=FACE_OUTER_BOUND('',#575,.T.);
#247=PLANE('',#576);
#248=FACE_OUTER_BOUND('',#577,.T.);
#249=PLANE('',#578);
#250=FACE_OUTER_BOUND('',#579,.T.);
#251=FACE_BOUND('',#580,.T.);
#252=FACE_BOUND('',#581,.T.);
#253=FACE_BOUND('',#582,.T.);
#254=FACE_BOUND('',#583,.T.);
#255=FACE_BOUND('',#584,.T.);
#256=FACE_BOUND('',#585,.T.);
#257=FACE_BOUND('',#586,.T.);
#258=PLANE('',#587);
#259=FACE_OUTER_BOUND('',#588,.T.);
#260=PLANE('',#589);
#261=FACE_OUTER_BOUND('',#590,.T.);
#262=PLANE('',#591);
#263=FACE_OUTER_BOUND('',#592,.T.);
#264=PLANE('',#593);
#265=FACE_OUTER_BOUND('',#594,.T.);
#266=PLANE('',#595);
#267=FACE_OUTER_BOUND('',#596,.T.);
#268=PLANE('',#597);
#269=FACE_OUTER_BOUND('',#598,.T.);
#270=PLANE('',#599);
#271=FACE_OUTER_BOUND('',#600,.T.);
#272=PLANE('',#601);
#273=FACE_OUTER_BOUND('',#602,.T.);
#274=PLANE('',#603);
#275=FACE_OUTER_BOUND('',#604,.T.);
#276=PLANE('',#605);
#277=FACE_OUTER_BOUND('',#606,.T.);
#278=PLANE('',#607);
#279=FACE_OUTER_BOUND('',#608,.T.);
#280=PLANE('',#609);
#281=FACE_OUTER_BOUND('',#610,.T.);
#282=PLANE('',#611);
#283=FACE_OUTER_BOUND('',#612,.T.);
#284=CYLINDRICAL_SURFACE('',#613,2.6);
#285=FACE_OUTER_BOUND('',#614,.T.);
#286=PLANE('',#615);
#287=FACE_OUTER_BOUND('',#616,.T.);
#288=CYLINDRICAL_SURFACE('',#617,2.6);
#289=FACE_OUTER_BOUND('',#618,.T.);
#290=PLANE('',#619);
#291=FACE_OUTER_BOUND('',#620,.T.);
#292=PLANE('',#621);
#293=FACE_OUTER_BOUND('',#622,.T.);
#294=PLANE('',#623);
#295=FACE_OUTER_BOUND('',#624,.T.);
#296=PLANE('',#625);
#297=FACE_OUTER_BOUND('',#626,.T.);
#298=CYLINDRICAL_SURFACE('',#627,2.6);
#299=FACE_OUTER_BOUND('',#628,.T.);
#300=PLANE('',#629);
#301=FACE_OUTER_BOUND('',#630,.T.);
#302=CYLINDRICAL_SURFACE('',#631,2.6);
#303=FACE_OUTER_BOUND('',#632,.T.);
#304=PLANE('',#633);
#305=FACE_OUTER_BOUND('',#634,.T.);
#306=PLANE('',#635);
#307=FACE_OUTER_BOUND('',#636,.T.);
#308=PLANE('',#637);
#309=FACE_OUTER_BOUND('',#638,.T.);
#310=PLANE('',#639);
#311=FACE_OUTER_BOUND('',#640,.T.);
#312=CYLINDRICAL_SURFACE('',#641,2.6);
#313=FACE_OUTER_BOUND('',#642,.T.);
#314=PLANE('',#643);
#315=FACE_OUTER_BOUND('',#644,.T.);
#316=CYLINDRICAL_SURFACE('',#645,2.6);
#317=FACE_OUTER_BOUND('',#646,.T.);
#318=PLANE('',#647);
#319=FACE_OUTER_BOUND('',#648,.T.);
#320=PLANE('',#649);
#321=FACE_OUTER_BOUND('',#650,.T.);
#322=PLANE('',#651);
#323=FACE_OUTER_BOUND('',#652,.T.);
#324=PLANE('',#653);
#325=FACE_OUTER_BOUND('',#654,.T.);
#326=CYLINDRICAL_SURFACE('',#655,2.6);
#327=FACE_OUTER_BOUND('',#656,.T.);
#328=PLANE('',#657);
#329=FACE_OUTER_BOUND('',#658,.T.);
#330=CYLINDRICAL_SURFACE('',#659,2.6);
#331=FACE_OUTER_BOUND('',#660,.T.);
#332=PLANE('',#661);
#333=FACE_OUTER_BOUND('',#662,.T.);
#334=PLANE('',#663);
#335=FACE_OUTER_BOUND('',#664,.T.);
#336=PLANE('',#665);
#337=FACE_OUTER_BOUND('',#666,.T.);
#338=PLANE('',#667);
#339=FACE_OUTER_BOUND('',#668,.T.);
#340=CYLINDRICAL_SURFACE('',#669,2.6);
#341=FACE_OUTER_BOUND('',#670,.T.);
#342=PLANE('',#671);
#343=FACE_OUTER_BOUND('',#672,.T.);
#344=CYLINDRICAL_SURFACE('',#673,2.6);
#345=FACE_OUTER_BOUND('',#674,.T.);
#346=PLANE('',#675);
#347=FACE_OUTER_BOUND('',#676,.T.);
#348=PLANE('',#677);
#349=FACE_OUTER_BOUND('',#678,.T.);
#350=PLANE('',#679);
#351=FACE_OUTER_BOUND('',#680,.T.);
#352=PLANE('',#681);
#353=FACE_OUTER_BOUND('',#682,.T.);
#354=CYLINDRICAL_SURFACE('',#683,2.6);
#355=FACE_OUTER_BOUND('',#684,.T.);
#356=PLANE('',#685);
#357=FACE_OUTER_BOUND('',#686,.T.);
#358=CYLINDRICAL_SURFACE('',#687,2.6);
#359=FACE_OUTER_BOUND('',#688,.T.);
#360=CYLINDRICAL_SURFACE('',#689,0.05);
#361=FACE_OUTER_BOUND('',#690,.T.);
#362=PLANE('',#691);
#363=FACE_OUTER_BOUND('',#692,.T.);
#364=CYLINDRICAL_SURFACE('',#693,0.1);
#365=FACE_OUTER_BOUND('',#694,.T.);
#366=PLANE('',#695);
#367=FACE_OUTER_BOUND('',#696,.T.);
#368=PLANE('',#697);
#369=FACE_OUTER_BOUND('',#698,.T.);
#370=CYLINDRICAL_SURFACE('',#699,0.3);
#371=FACE_OUTER_BOUND('',#700,.T.);
#372=(B_SPLINE_SURFACE(3,3,((#702,#703,#704,#705,#706,#707,#708,#709,#710,#711,#712,#713,#714,#715,#716,#717,#718,#719,#720,#721,#722,#723,#724,#725,#726,#727,#728),(#729,#730,#731,#732,#733,#734,#735,#736,#737,#738,#739,#740,#741,#742,#743,#744,#745,#746,#747,#748,#749,#750,#751,#752,#753,#754,#755),(#756,#757,#758,#759,#760,#761,#762,#763,#764,#765,#766,#767,#768,#769,#770,#771,#772,#773,#774,#775,#776,#777,#778,#779,#780,#781,#782),(#783,#784,#785,#786,#787,#788,#789,#790,#791,#792,#793,#794,#795,#796,#797,#798,#799,#800,#801,#802,#803,#804,#805,#806,#807,#808,#809)),.UNSPECIFIED.,.F.,.F.,.F.)B_SPLINE_SURFACE_WITH_KNOTS((4,4),(4,1,1,1,1,1,1,1,1,1,1,1,1,1,1,1,1,1,1,1,1,1,1,1,4),(0.0504739205097892,0.95557864679693),(0.0353353675163,0.0612140863998,0.09311288070678,0.1259488351986,0.1598141506423,0.1948902616784,0.2312775425692,0.2688309524155,0.3073268076726,0.346632601396,0.3866688422831,0.4273655440311,0.4686779203969,0.5105563874975,0.5529549694255,0.5959186223364,0.6394794145146,0.6835980306979,0.7279654596965,0.7720321104038,0.8146893815158,0.8554681508871,0.8943010042461,0.9312293128878,0.9570551298066),.UNSPECIFIED.)RATIONAL_B_SPLINE_SURFACE(((1.19291759325726,1.19291759325726,1.19291759325726,1.19291759325726,1.19291759325726,1.19291759325726,1.19291759325726,1.19291759325726,1.19291759325726,1.19291759325726,1.19291759325726,1.19291759325726,1.19291759325726,1.19291759325726,1.19291759325726,1.19291759325726,1.19291759325726,1.19291759325726,1.19291759325726,1.19291759325726,1.19291759325726,1.19291759325726,1.19291759325726,1.19291759325726,1.19291759325726,1.19291759325726,1.19291759325726),(0.933962464870865,0.933962464870865,0.933962464870865,0.933962464870865,0.933962464870865,0.933962464870865,0.933962464870865,0.933962464870865,0.933962464870865,0.933962464870865,0.933962464870865,0.933962464870865,0.933962464870865,0.933962464870865,0.933962464870865,0.933962464870865,0.933962464870865,0.933962464870865,0.933962464870865,0.933962464870865,0.933962464870865,0.933962464870865,0.933962464870865,0.933962464870865,0.933962464870865,0.933962464870865,0.933962464870865),(0.935705793473464,0.935705793473464,0.935705793473464,0.935705793473464,0.935705793473464,0.935705793473464,0.935705793473464,0.935705793473464,0.935705793473464,0.935705793473464,0.935705793473464,0.935705793473464,0.935705793473464,0.935705793473464,0.935705793473464,0.935705793473464,0.935705793473464,0.935705793473464,0.935705793473464,0.935705793473464,0.935705793473464,0.935705793473464,0.935705793473464,0.935705793473464,0.935705793473464,0.935705793473464,0.935705793473464),(1.19814757906505,1.19814757906505,1.19814757906505,1.19814757906505,1.19814757906505,1.19814757906505,1.19814757906505,1.19814757906505,1.19814757906505,1.19814757906505,1.19814757906505,1.19814757906505,1.19814757906505,1.19814757906505,1.19814757906505,1.19814757906505,1.19814757906505,1.19814757906505,1.19814757906505,1.19814757906505,1.19814757906505,1.19814757906505,1.19814757906505,1.19814757906505,1.19814757906505,1.19814757906505,1.19814757906505)))BOUNDED_SURFACE()REPRESENTATION_ITEM('')GEOMETRIC_REPRESENTATION_ITEM()SURFACE());
#373=FACE_OUTER_BOUND('',#816,.T.);
#374=CYLINDRICAL_SURFACE('',#817,0.2);
#375=FACE_OUTER_BOUND('',#818,.T.);
#376=(B_SPLINE_SURFACE(3,3,((#820,#821,#822,#823,#824,#825,#826,#827,#828,#829,#830,#831,#832,#833,#834,#835,#836,#837,#838,#839,#840,#841,#842,#843,#844,#845,#846,#847,#848),(#849,#850,#851,#852,#853,#854,#855,#856,#857,#858,#859,#860,#861,#862,#863,#864,#865,#866,#867,#868,#869,#870,#871,#872,#873,#874,#875,#876,#877),(#878,#879,#880,#881,#882,#883,#884,#885,#886,#887,#888,#889,#890,#891,#892,#893,#894,#895,#896,#897,#898,#899,#900,#901,#902,#903,#904,#905,#906),(#907,#908,#909,#910,#911,#912,#913,#914,#915,#916,#917,#918,#919,#920,#921,#922,#923,#924,#925,#926,#927,#928,#929,#930,#931,#932,#933,#934,#935)),.UNSPECIFIED.,.F.,.F.,.F.)B_SPLINE_SURFACE_WITH_KNOTS((4,4),(4,1,1,1,1,1,1,1,1,1,1,1,1,1,1,1,1,1,1,1,1,1,1,1,1,1,4),(0.0506125578459597,0.970471489136051),(0.02402660845419,0.03328096399742,0.06817389259495,0.1047727853898,0.1431382603465,0.1832926289632,0.2250997782312,0.2679656837363,0.3107703609766,0.3532048396405,0.3951271596895,0.43650567974,0.477353327242,0.5177063144305,0.557521208554,0.5967558858017,0.6353746126601,0.6733039454257,0.7104583619884,0.7467519772132,0.7819953042537,0.8159539258387,0.8487359286782,0.8805680942805,0.9115730501243,0.9417748678896,0.9430551443344),.UNSPECIFIED.)RATIONAL_B_SPLINE_SURFACE(((1.1927987863243,1.1927987863243,1.1927987863243,1.1927987863243,1.1927987863243,1.1927987863243,1.1927987863243,1.1927987863243,1.1927987863243,1.1927987863243,1.1927987863243,1.1927987863243,1.1927987863243,1.1927987863243,1.1927987863243,1.1927987863243,1.1927987863243,1.1927987863243,1.1927987863243,1.1927987863243,1.1927987863243,1.1927987863243,1.1927987863243,1.1927987863243,1.1927987863243,1.1927987863243,1.1927987863243,1.1927987863243,1.1927987863243),(0.929703338452385,0.929703338452385,0.929703338452385,0.929703338452385,0.929703338452385,0.929703338452385,0.929703338452385,0.929703338452385,0.929703338452385,0.929703338452385,0.929703338452385,0.929703338452385,0.929703338452385,0.929703338452385,0.929703338452385,0.929703338452385,0.929703338452385,0.929703338452385,0.929703338452385,0.929703338452385,0.929703338452385,0.929703338452385,0.929703338452385,0.929703338452385,0.929703338452385,0.929703338452385,0.929703338452385,0.929703338452385,0.929703338452385),(0.93587520293206,0.93587520293206,0.93587520293206,0.93587520293206,0.93587520293206,0.93587520293206,0.93587520293206,0.93587520293206,0.93587520293206,0.93587520293206,0.93587520293206,0.93587520293206,0.93587520293206,0.93587520293206,0.93587520293206,0.93587520293206,0.93587520293206,0.93587520293206,0.93587520293206,0.93587520293206,0.93587520293206,0.93587520293206,0.93587520293206,0.93587520293206,0.93587520293206,0.93587520293206,0.93587520293206,0.93587520293206,0.93587520293206),(1.21131437976332,1.21131437976332,1.21131437976332,1.21131437976332,1.21131437976332,1.21131437976332,1.21131437976332,1.21131437976332,1.21131437976332,1.21131437976332,1.21131437976332,1.21131437976332,1.21131437976332,1.21131437976332,1.21131437976332,1.21131437976332,1.21131437976332,1.21131437976332,1.21131437976332,1.21131437976332,1.21131437976332,1.21131437976332,1.21131437976332,1.21131437976332,1.21131437976332,1.21131437976332,1.21131437976332,1.21131437976332,1.21131437976332)))BOUNDED_SURFACE()REPRESENTATION_ITEM('')GEOMETRIC_REPRESENTATION_ITEM()SURFACE());
#377=FACE_OUTER_BOUND('',#942,.T.);
#378=CYLINDRICAL_SURFACE('',#943,0.3);
#379=FACE_OUTER_BOUND('',#944,.T.);
#380=PLANE('',#945);
#381=FACE_OUTER_BOUND('',#946,.T.);
#382=CYLINDRICAL_SURFACE('',#947,0.1);
#383=FACE_OUTER_BOUND('',#948,.T.);
#384=(B_SPLINE_SURFACE(3,3,((#950,#951,#952,#953,#954,#955,#956,#957,#958,#959,#960,#961,#962,#963,#964,#965,#966,#967,#968,#969,#970,#971,#972,#973,#974,#975,#976,#977,#978,#979,#980,#981,#982),(#983,#984,#985,#986,#987,#988,#989,#990,#991,#992,#993,#994,#995,#996,#997,#998,#999,#1000,#1001,#1002,#1003,#1004,#1005,#1006,#1007,#1008,#1009,#1010,#1011,#1012,#1013,#1014,#1015),(#1016,#1017,#1018,#1019,#1020,#1021,#1022,#1023,#1024,#1025,#1026,#1027,#1028,#1029,#1030,#1031,#1032,#1033,#1034,#1035,#1036,#1037,#1038,#1039,#1040,#1041,#1042,#1043,#1044,#1045,#1046,#1047,#1048),(#1049,#1050,#1051,#1052,#1053,#1054,#1055,#1056,#1057,#1058,#1059,#1060,#1061,#1062,#1063,#1064,#1065,#1066,#1067,#1068,#1069,#1070,#1071,#1072,#1073,#1074,#1075,#1076,#1077,#1078,#1079,#1080,#1081)),.UNSPECIFIED.,.F.,.F.,.F.)B_SPLINE_SURFACE_WITH_KNOTS((4,4),(4,1,1,1,1,1,1,1,1,1,1,1,1,1,1,1,1,1,1,1,1,1,1,1,1,1,1,1,1,1,4),(0.188166886408343,0.806619352392138),(0.133167138085299,0.1482519889208,0.1645708210518,0.1804900970602,0.1963951060003,0.2126802947694,0.2297842153772,0.2481035534678,0.2679450881962,0.2899405160727,0.3149842297769,0.3437110524791,0.3761811970624,0.4125387210722,0.4538561652717,0.5008661672657,0.5512193940606,0.6008917256044,0.6454054325957,0.6846704106698,0.7193134063698,0.7496346572382,0.7764378005794,0.8001513280679,0.8210595230526,0.8395552174012,0.8563029925037,0.8721772156464,0.8881311976974,0.9041732581133,0.912104560953901),.UNSPECIFIED.)RATIONAL_B_SPLINE_SURFACE(((1.19287207429214,1.19287207429214,1.19287207429214,1.19287207429214,1.19287207429214,1.19287207429214,1.19287207429214,1.19287207429214,1.19287207429214,1.19287207429214,1.19287207429214,1.19287207429214,1.19287207429214,1.19287207429214,1.19287207429214,1.19287207429214,1.19287207429214,1.19287207429214,1.19287207429214,1.19287207429214,1.19287207429214,1.19287207429214,1.19287207429214,1.19287207429214,1.19287207429214,1.19287207429214,1.19287207429214,1.19287207429214,1.19287207429214,1.19287207429214,1.19287207429214,1.19287207429214,1.19287207429214),(0.937859152815275,0.937859152815275,0.937859152815275,0.937859152815275,0.937859152815275,0.937859152815275,0.937859152815275,0.937859152815275,0.937859152815275,0.937859152815275,0.937859152815275,0.937859152815275,0.937859152815275,0.937859152815275,0.937859152815275,0.937859152815275,0.937859152815275,0.937859152815275,0.937859152815275,0.937859152815275,0.937859152815275,0.937859152815275,0.937859152815275,0.937859152815275,0.937859152815275,0.937859152815275,0.937859152815275,0.937859152815275,0.937859152815275,0.937859152815275,0.937859152815275,0.937859152815275,0.937859152815275),(0.935727280962318,0.935727280962318,0.935727280962318,0.935727280962318,0.935727280962318,0.935727280962318,0.935727280962318,0.935727280962318,0.935727280962318,0.935727280962318,0.935727280962318,0.935727280962318,0.935727280962318,0.935727280962318,0.935727280962318,0.935727280962318,0.935727280962318,0.935727280962318,0.935727280962318,0.935727280962318,0.935727280962318,0.935727280962318,0.935727280962318,0.935727280962318,0.935727280962318,0.935727280962318,0.935727280962318,0.935727280962318,0.935727280962318,0.935727280962318,0.935727280962318,0.935727280962318,0.935727280962318),(1.18647645873327,1.18647645873327,1.18647645873327,1.18647645873327,1.18647645873327,1.18647645873327,1.18647645873327,1.18647645873327,1.18647645873327,1.18647645873327,1.18647645873327,1.18647645873327,1.18647645873327,1.18647645873327,1.18647645873327,1.18647645873327,1.18647645873327,1.18647645873327,1.18647645873327,1.18647645873327,1.18647645873327,1.18647645873327,1.18647645873327,1.18647645873327,1.18647645873327,1.18647645873327,1.18647645873327,1.18647645873327,1.18647645873327,1.18647645873327,1.18647645873327,1.18647645873327,1.18647645873327)))BOUNDED_SURFACE()REPRESENTATION_ITEM('')GEOMETRIC_REPRESENTATION_ITEM()SURFACE());
#385=FACE_OUTER_BOUND('',#1088,.T.);
#386=CYLINDRICAL_SURFACE('',#1089,0.3);
#387=FACE_OUTER_BOUND('',#1090,.T.);
#388=PLANE('',#1091);
#389=FACE_OUTER_BOUND('',#1092,.T.);
#390=CYLINDRICAL_SURFACE('',#1093,0.3);
#391=FACE_OUTER_BOUND('',#1094,.T.);
#392=(B_SPLINE_SURFACE(3,3,((#1096,#1097,#1098,#1099,#1100,#1101,#1102,#1103,#1104,#1105,#1106,#1107,#1108,#1109,#1110,#1111,#1112,#1113,#1114,#1115,#1116,#1117,#1118,#1119,#1120,#1121,#1122,#1123,#1124,#1125,#1126,#1127,#1128,#1129),(#1130,#1131,#1132,#1133,#1134,#1135,#1136,#1137,#1138,#1139,#1140,#1141,#1142,#1143,#1144,#1145,#1146,#1147,#1148,#1149,#1150,#1151,#1152,#1153,#1154,#1155,#1156,#1157,#1158,#1159,#1160,#1161,#1162,#1163),(#1164,#1165,#1166,#1167,#1168,#1169,#1170,#1171,#1172,#1173,#1174,#1175,#1176,#1177,#1178,#1179,#1180,#1181,#1182,#1183,#1184,#1185,#1186,#1187,#1188,#1189,#1190,#1191,#1192,#1193,#1194,#1195,#1196,#1197),(#1198,#1199,#1200,#1201,#1202,#1203,#1204,#1205,#1206,#1207,#1208,#1209,#1210,#1211,#1212,#1213,#1214,#1215,#1216,#1217,#1218,#1219,#1220,#1221,#1222,#1223,#1224,#1225,#1226,#1227,#1228,#1229,#1230,#1231)),.UNSPECIFIED.,.F.,.F.,.F.)B_SPLINE_SURFACE_WITH_KNOTS((4,4),(4,1,1,1,1,1,1,1,1,1,1,1,1,1,1,1,1,1,1,1,1,1,1,1,1,1,1,1,1,1,1,4),(0.173758382076819,0.815927262185312),(0.05045775279227,0.06106663098144,0.07665171497281,0.09253999744799,0.1091146409359,0.1270717702664,0.1469109911095,0.1688758078111,0.1935955591952,0.2216812845214,0.2536132923583,0.2898457787958,0.3310671497487,0.3778308361503,0.4268006996641,0.4734406700334,0.5150523935941,0.5513727951618,0.5837065699132,0.6125791863124,0.6381377958987,0.6607245106454,0.6809316900955,0.6993834517237,0.716459837318,0.7325488361875,0.7481210451212,0.7635281120446,0.7790150915254,0.7948280560025,0.811257778483,0.817695457039291),.UNSPECIFIED.)RATIONAL_B_SPLINE_SURFACE(((1.21110681217197,1.21110681217197,1.21110681217197,1.21110681217197,1.21110681217197,1.21110681217197,1.21110681217197,1.21110681217197,1.21110681217197,1.21110681217197,1.21110681217197,1.21110681217197,1.21110681217197,1.21110681217197,1.21110681217197,1.21110681217197,1.21110681217197,1.21110681217197,1.21110681217197,1.21110681217197,1.21110681217197,1.21110681217197,1.21110681217197,1.21110681217197,1.21110681217197,1.21110681217197,1.21110681217197,1.21110681217197,1.21110681217197,1.21110681217197,1.21110681217197,1.21110681217197,1.21110681217197,1.21110681217197),(0.934080588440892,0.934080588440892,0.934080588440892,0.934080588440892,0.934080588440892,0.934080588440892,0.934080588440892,0.934080588440892,0.934080588440892,0.934080588440892,0.934080588440892,0.934080588440892,0.934080588440892,0.934080588440892,0.934080588440892,0.934080588440892,0.934080588440892,0.934080588440892,0.934080588440892,0.934080588440892,0.934080588440892,0.934080588440892,0.934080588440892,0.934080588440892,0.934080588440892,0.934080588440892,0.934080588440892,0.934080588440892,0.934080588440892,0.934080588440892,0.934080588440892,0.934080588440892,0.934080588440892,0.934080588440892),(0.929701400036802,0.929701400036802,0.929701400036802,0.929701400036802,0.929701400036802,0.929701400036802,0.929701400036802,0.929701400036802,0.929701400036802,0.929701400036802,0.929701400036802,0.929701400036802,0.929701400036802,0.929701400036802,0.929701400036802,0.929701400036802,0.929701400036802,0.929701400036802,0.929701400036802,0.929701400036802,0.929701400036802,0.929701400036802,0.929701400036802,0.929701400036802,0.929701400036802,0.929701400036802,0.929701400036802,0.929701400036802,0.929701400036802,0.929701400036802,0.929701400036802,0.929701400036802,0.929701400036802,0.929701400036802),(1.1979692469597,1.1979692469597,1.1979692469597,1.1979692469597,1.1979692469597,1.1979692469597,1.1979692469597,1.1979692469597,1.1979692469597,1.1979692469597,1.1979692469597,1.1979692469597,1.1979692469597,1.1979692469597,1.1979692469597,1.1979692469597,1.1979692469597,1.1979692469597,1.1979692469597,1.1979692469597,1.1979692469597,1.1979692469597,1.1979692469597,1.1979692469597,1.1979692469597,1.1979692469597,1.1979692469597,1.1979692469597,1.1979692469597,1.1979692469597,1.1979692469597,1.1979692469597,1.1979692469597,1.1979692469597)))BOUNDED_SURFACE()REPRESENTATION_ITEM('')GEOMETRIC_REPRESENTATION_ITEM()SURFACE());
#393=FACE_OUTER_BOUND('',#1238,.T.);
#394=CYLINDRICAL_SURFACE('',#1239,0.2);
#395=FACE_OUTER_BOUND('',#1240,.T.);
#396=PLANE('',#1241);
#397=FACE_OUTER_BOUND('',#1242,.T.);
#398=CYLINDRICAL_SURFACE('',#1243,0.3);
#399=FACE_OUTER_BOUND('',#1244,.T.);
#400=PLANE('',#1245);
#401=FACE_OUTER_BOUND('',#1246,.T.);
#402=PLANE('',#1247);
#403=FACE_OUTER_BOUND('',#1248,.T.);
#404=CYLINDRICAL_SURFACE('',#1249,0.3);
#405=FACE_OUTER_BOUND('',#1250,.T.);
#406=(B_SPLINE_SURFACE(3,3,((#1252,#1253,#1254,#1255,#1256,#1257,#1258,#1259,#1260,#1261,#1262,#1263,#1264,#1265,#1266,#1267,#1268,#1269,#1270,#1271,#1272,#1273,#1274,#1275,#1276,#1277,#1278,#1279,#1280,#1281,#1282,#1283,#1284),(#1285,#1286,#1287,#1288,#1289,#1290,#1291,#1292,#1293,#1294,#1295,#1296,#1297,#1298,#1299,#1300,#1301,#1302,#1303,#1304,#1305,#1306,#1307,#1308,#1309,#1310,#1311,#1312,#1313,#1314,#1315,#1316,#1317),(#1318,#1319,#1320,#1321,#1322,#1323,#1324,#1325,#1326,#1327,#1328,#1329,#1330,#1331,#1332,#1333,#1334,#1335,#1336,#1337,#1338,#1339,#1340,#1341,#1342,#1343,#1344,#1345,#1346,#1347,#1348,#1349,#1350),(#1351,#1352,#1353,#1354,#1355,#1356,#1357,#1358,#1359,#1360,#1361,#1362,#1363,#1364,#1365,#1366,#1367,#1368,#1369,#1370,#1371,#1372,#1373,#1374,#1375,#1376,#1377,#1378,#1379,#1380,#1381,#1382,#1383)),.UNSPECIFIED.,.F.,.F.,.F.)B_SPLINE_SURFACE_WITH_KNOTS((4,4),(4,1,1,1,1,1,1,1,1,1,1,1,1,1,1,1,1,1,1,1,1,1,1,1,1,1,1,1,1,1,4),(0.188166885546474,0.806619352780979),(0.133167137223034,0.1482519889293,0.1645708210531,0.1804900970528,0.1963951059849,0.2126802947484,0.2297842153545,0.2481035534489,0.2679450881878,0.2899405160796,0.3149842298001,0.3437110525169,0.3761811971136,0.4125387211359,0.4538561653471,0.5008661673474,0.551219394141,0.600891725677,0.6454054326608,0.6846704107332,0.7193134064329,0.7496346573046,0.776437800653,0.8001513281482,0.8210595231346,0.8395552174782,0.8563029925715,0.8721772157053,0.8881311977491,0.9041732581577,0.912104617736353),.UNSPECIFIED.)RATIONAL_B_SPLINE_SURFACE(((1.19287207535829,1.19287207535829,1.19287207535829,1.19287207535829,1.19287207535829,1.19287207535829,1.19287207535829,1.19287207535829,1.19287207535829,1.19287207535829,1.19287207535829,1.19287207535829,1.19287207535829,1.19287207535829,1.19287207535829,1.19287207535829,1.19287207535829,1.19287207535829,1.19287207535829,1.19287207535829,1.19287207535829,1.19287207535829,1.19287207535829,1.19287207535829,1.19287207535829,1.19287207535829,1.19287207535829,1.19287207535829,1.19287207535829,1.19287207535829,1.19287207535829,1.19287207535829,1.19287207535829),(0.937859152660882,0.937859152660882,0.937859152660882,0.937859152660882,0.937859152660882,0.937859152660882,0.937859152660882,0.937859152660882,0.937859152660882,0.937859152660882,0.937859152660882,0.937859152660882,0.937859152660882,0.937859152660882,0.937859152660882,0.937859152660882,0.937859152660882,0.937859152660882,0.937859152660882,0.937859152660882,0.937859152660882,0.937859152660882,0.937859152660882,0.937859152660882,0.937859152660882,0.937859152660882,0.937859152660882,0.937859152660882,0.937859152660882,0.937859152660882,0.937859152660882,0.937859152660882,0.937859152660882),(0.935727280610196,0.935727280610196,0.935727280610196,0.935727280610196,0.935727280610196,0.935727280610196,0.935727280610196,0.935727280610196,0.935727280610196,0.935727280610196,0.935727280610196,0.935727280610196,0.935727280610196,0.935727280610196,0.935727280610196,0.935727280610196,0.935727280610196,0.935727280610196,0.935727280610196,0.935727280610196,0.935727280610196,0.935727280610196,0.935727280610196,0.935727280610196,0.935727280610196,0.935727280610196,0.935727280610196,0.935727280610196,0.935727280610196,0.935727280610196,0.935727280610196,0.935727280610196,0.935727280610196),(1.18647645920623,1.18647645920623,1.18647645920623,1.18647645920623,1.18647645920623,1.18647645920623,1.18647645920623,1.18647645920623,1.18647645920623,1.18647645920623,1.18647645920623,1.18647645920623,1.18647645920623,1.18647645920623,1.18647645920623,1.18647645920623,1.18647645920623,1.18647645920623,1.18647645920623,1.18647645920623,1.18647645920623,1.18647645920623,1.18647645920623,1.18647645920623,1.18647645920623,1.18647645920623,1.18647645920623,1.18647645920623,1.18647645920623,1.18647645920623,1.18647645920623,1.18647645920623,1.18647645920623)))BOUNDED_SURFACE()REPRESENTATION_ITEM('')GEOMETRIC_REPRESENTATION_ITEM()SURFACE());
#407=FACE_OUTER_BOUND('',#1390,.T.);
#408=CYLINDRICAL_SURFACE('',#1391,0.05);
#409=FACE_OUTER_BOUND('',#1392,.T.);
#410=PLANE('',#1393);
#411=FACE_OUTER_BOUND('',#1394,.T.);
#412=CYLINDRICAL_SURFACE('',#1395,0.1);
#413=FACE_OUTER_BOUND('',#1396,.T.);
#414=(B_SPLINE_SURFACE(3,3,((#1398,#1399,#1400,#1401,#1402,#1403,#1404,#1405,#1406,#1407,#1408,#1409,#1410,#1411,#1412,#1413,#1414,#1415,#1416,#1417,#1418,#1419,#1420,#1421,#1422,#1423,#1424,#1425,#1426,#1427,#1428,#1429,#1430,#1431),(#1432,#1433,#1434,#1435,#1436,#1437,#1438,#1439,#1440,#1441,#1442,#1443,#1444,#1445,#1446,#1447,#1448,#1449,#1450,#1451,#1452,#1453,#1454,#1455,#1456,#1457,#1458,#1459,#1460,#1461,#1462,#1463,#1464,#1465),(#1466,#1467,#1468,#1469,#1470,#1471,#1472,#1473,#1474,#1475,#1476,#1477,#1478,#1479,#1480,#1481,#1482,#1483,#1484,#1485,#1486,#1487,#1488,#1489,#1490,#1491,#1492,#1493,#1494,#1495,#1496,#1497,#1498,#1499),(#1500,#1501,#1502,#1503,#1504,#1505,#1506,#1507,#1508,#1509,#1510,#1511,#1512,#1513,#1514,#1515,#1516,#1517,#1518,#1519,#1520,#1521,#1522,#1523,#1524,#1525,#1526,#1527,#1528,#1529,#1530,#1531,#1532,#1533)),.UNSPECIFIED.,.F.,.F.,.F.)B_SPLINE_SURFACE_WITH_KNOTS((4,4),(4,1,1,1,1,1,1,1,1,1,1,1,1,1,1,1,1,1,1,1,1,1,1,1,1,1,1,1,1,1,1,4),(0.173758379790215,0.815927265449882),(0.05045775279238,0.06106663094259,0.07665171492401,0.09253999739029,0.109114640871,0.1270717702,0.1469109910495,0.1688758077565,0.1935955591438,0.2216812844711,0.2536132923065,0.2898457787386,0.3310671496804,0.377830836067,0.4268006995726,0.4734406699417,0.5150523935101,0.5513727950873,0.5837065698488,0.6125791862603,0.6381377958613,0.6607245106232,0.6809316900853,0.6993834517194,0.7164598373139,0.732548836179,0.7481210451052,0.7635281120189,0.7790150914891,0.7948280559557,0.8112577784267,0.817695459326356),.UNSPECIFIED.)RATIONAL_B_SPLINE_SURFACE(((1.21110681513124,1.21110681513124,1.21110681513124,1.21110681513124,1.21110681513124,1.21110681513124,1.21110681513124,1.21110681513124,1.21110681513124,1.21110681513124,1.21110681513124,1.21110681513124,1.21110681513124,1.21110681513124,1.21110681513124,1.21110681513124,1.21110681513124,1.21110681513124,1.21110681513124,1.21110681513124,1.21110681513124,1.21110681513124,1.21110681513124,1.21110681513124,1.21110681513124,1.21110681513124,1.21110681513124,1.21110681513124,1.21110681513124,1.21110681513124,1.21110681513124,1.21110681513124,1.21110681513124,1.21110681513124),(0.93408058706377,0.93408058706377,0.93408058706377,0.93408058706377,0.93408058706377,0.93408058706377,0.93408058706377,0.93408058706377,0.93408058706377,0.93408058706377,0.93408058706377,0.93408058706377,0.93408058706377,0.93408058706377,0.93408058706377,0.93408058706377,0.93408058706377,0.93408058706377,0.93408058706377,0.93408058706377,0.93408058706377,0.93408058706377,0.93408058706377,0.93408058706377,0.93408058706377,0.93408058706377,0.93408058706377,0.93408058706377,0.93408058706377,0.93408058706377,0.93408058706377,0.93408058706377,0.93408058706377,0.93408058706377),(0.929701399037043,0.929701399037043,0.929701399037043,0.929701399037043,0.929701399037043,0.929701399037043,0.929701399037043,0.929701399037043,0.929701399037043,0.929701399037043,0.929701399037043,0.929701399037043,0.929701399037043,0.929701399037043,0.929701399037043,0.929701399037043,0.929701399037043,0.929701399037043,0.929701399037043,0.929701399037043,0.929701399037043,0.929701399037043,0.929701399037043,0.929701399037043,0.929701399037043,0.929701399037043,0.929701399037043,0.929701399037043,0.929701399037043,0.929701399037043,0.929701399037043,0.929701399037043,0.929701399037043,0.929701399037043),(1.19796925105106,1.19796925105106,1.19796925105106,1.19796925105106,1.19796925105106,1.19796925105106,1.19796925105106,1.19796925105106,1.19796925105106,1.19796925105106,1.19796925105106,1.19796925105106,1.19796925105106,1.19796925105106,1.19796925105106,1.19796925105106,1.19796925105106,1.19796925105106,1.19796925105106,1.19796925105106,1.19796925105106,1.19796925105106,1.19796925105106,1.19796925105106,1.19796925105106,1.19796925105106,1.19796925105106,1.19796925105106,1.19796925105106,1.19796925105106,1.19796925105106,1.19796925105106,1.19796925105106,1.19796925105106)))BOUNDED_SURFACE()REPRESENTATION_ITEM('')GEOMETRIC_REPRESENTATION_ITEM()SURFACE());
#415=FACE_OUTER_BOUND('',#1540,.T.);
#416=CYLINDRICAL_SURFACE('',#1541,0.3);
#417=FACE_OUTER_BOUND('',#1542,.T.);
#418=PLANE('',#1543);
#419=FACE_OUTER_BOUND('',#1544,.T.);
#420=CYLINDRICAL_SURFACE('',#1545,0.3);
#421=FACE_OUTER_BOUND('',#1546,.T.);
#422=(B_SPLINE_SURFACE(3,3,((#1548,#1549,#1550,#1551,#1552,#1553,#1554,#1555,#1556,#1557,#1558,#1559,#1560,#1561,#1562,#1563,#1564,#1565,#1566,#1567,#1568,#1569,#1570,#1571,#1572,#1573,#1574),(#1575,#1576,#1577,#1578,#1579,#1580,#1581,#1582,#1583,#1584,#1585,#1586,#1587,#1588,#1589,#1590,#1591,#1592,#1593,#1594,#1595,#1596,#1597,#1598,#1599,#1600,#1601),(#1602,#1603,#1604,#1605,#1606,#1607,#1608,#1609,#1610,#1611,#1612,#1613,#1614,#1615,#1616,#1617,#1618,#1619,#1620,#1621,#1622,#1623,#1624,#1625,#1626,#1627,#1628),(#1629,#1630,#1631,#1632,#1633,#1634,#1635,#1636,#1637,#1638,#1639,#1640,#1641,#1642,#1643,#1644,#1645,#1646,#1647,#1648,#1649,#1650,#1651,#1652,#1653,#1654,#1655)),.UNSPECIFIED.,.F.,.F.,.F.)B_SPLINE_SURFACE_WITH_KNOTS((4,4),(4,1,1,1,1,1,1,1,1,1,1,1,1,1,1,1,1,1,1,1,1,1,1,1,4),(0.0504739205134289,0.955578731527077),(0.03533536751632,0.06121408639979,0.09311288070677,0.1259488351986,0.1598141506423,0.1948902616784,0.2312775425693,0.2688309524156,0.3073268076727,0.346632601396,0.3866688422832,0.4273655440312,0.468677920397,0.5105563874976,0.5529549694257,0.5959186223366,0.6394794145148,0.6835980306982,0.7279654596968,0.772032110404,0.8146893815159,0.8554681508873,0.8943010042463,0.9312293128879,0.9570551298066),.UNSPECIFIED.)RATIONAL_B_SPLINE_SURFACE(((1.19291759325413,1.19291759325413,1.19291759325413,1.19291759325413,1.19291759325413,1.19291759325413,1.19291759325413,1.19291759325413,1.19291759325413,1.19291759325413,1.19291759325413,1.19291759325413,1.19291759325413,1.19291759325413,1.19291759325413,1.19291759325413,1.19291759325413,1.19291759325413,1.19291759325413,1.19291759325413,1.19291759325413,1.19291759325413,1.19291759325413,1.19291759325413,1.19291759325413,1.19291759325413,1.19291759325413),(0.933962440629147,0.933962440629147,0.933962440629147,0.933962440629147,0.933962440629147,0.933962440629147,0.933962440629147,0.933962440629147,0.933962440629147,0.933962440629147,0.933962440629147,0.933962440629147,0.933962440629147,0.933962440629147,0.933962440629147,0.933962440629147,0.933962440629147,0.933962440629147,0.933962440629147,0.933962440629147,0.933962440629147,0.933962440629147,0.933962440629147,0.933962440629147,0.933962440629147,0.933962440629147,0.933962440629147),(0.93570579380092,0.93570579380092,0.93570579380092,0.93570579380092,0.93570579380092,0.93570579380092,0.93570579380092,0.93570579380092,0.93570579380092,0.93570579380092,0.93570579380092,0.93570579380092,0.93570579380092,0.93570579380092,0.93570579380092,0.93570579380092,0.93570579380092,0.93570579380092,0.93570579380092,0.93570579380092,0.93570579380092,0.93570579380092,0.93570579380092,0.93570579380092,0.93570579380092,0.93570579380092,0.93570579380092),(1.19814765276945,1.19814765276945,1.19814765276945,1.19814765276945,1.19814765276945,1.19814765276945,1.19814765276945,1.19814765276945,1.19814765276945,1.19814765276945,1.19814765276945,1.19814765276945,1.19814765276945,1.19814765276945,1.19814765276945,1.19814765276945,1.19814765276945,1.19814765276945,1.19814765276945,1.19814765276945,1.19814765276945,1.19814765276945,1.19814765276945,1.19814765276945,1.19814765276945,1.19814765276945,1.19814765276945)))BOUNDED_SURFACE()REPRESENTATION_ITEM('')GEOMETRIC_REPRESENTATION_ITEM()SURFACE());
#423=FACE_OUTER_BOUND('',#1662,.T.);
#424=CYLINDRICAL_SURFACE('',#1663,0.1);
#425=FACE_OUTER_BOUND('',#1664,.T.);
#426=(B_SPLINE_SURFACE(3,3,((#1666,#1667,#1668,#1669,#1670,#1671,#1672,#1673,#1674,#1675,#1676,#1677,#1678,#1679,#1680,#1681,#1682,#1683,#1684,#1685,#1686,#1687,#1688,#1689,#1690,#1691,#1692,#1693,#1694),(#1695,#1696,#1697,#1698,#1699,#1700,#1701,#1702,#1703,#1704,#1705,#1706,#1707,#1708,#1709,#1710,#1711,#1712,#1713,#1714,#1715,#1716,#1717,#1718,#1719,#1720,#1721,#1722,#1723),(#1724,#1725,#1726,#1727,#1728,#1729,#1730,#1731,#1732,#1733,#1734,#1735,#1736,#1737,#1738,#1739,#1740,#1741,#1742,#1743,#1744,#1745,#1746,#1747,#1748,#1749,#1750,#1751,#1752),(#1753,#1754,#1755,#1756,#1757,#1758,#1759,#1760,#1761,#1762,#1763,#1764,#1765,#1766,#1767,#1768,#1769,#1770,#1771,#1772,#1773,#1774,#1775,#1776,#1777,#1778,#1779,#1780,#1781)),.UNSPECIFIED.,.F.,.F.,.F.)B_SPLINE_SURFACE_WITH_KNOTS((4,4),(4,1,1,1,1,1,1,1,1,1,1,1,1,1,1,1,1,1,1,1,1,1,1,1,1,1,4),(0.0506200373271068,0.970471473995218),(0.02402660845419,0.0332809639975,0.06817389259496,0.1047727853897,0.1431382603464,0.1832926289632,0.2250997782316,0.2679656837369,0.3107703609771,0.353204839641,0.3951271596899,0.4365056797403,0.4773533272424,0.5177063144308,0.5575212085543,0.5967558858019,0.6353746126603,0.6733039454259,0.7104583619886,0.7467519772134,0.7819953042539,0.8159539258388,0.8487359286783,0.8805680942806,0.9115730501244,0.9417748678896,0.9430551443344),.UNSPECIFIED.)RATIONAL_B_SPLINE_SURFACE(((1.19279236859763,1.19279236859763,1.19279236859763,1.19279236859763,1.19279236859763,1.19279236859763,1.19279236859763,1.19279236859763,1.19279236859763,1.19279236859763,1.19279236859763,1.19279236859763,1.19279236859763,1.19279236859763,1.19279236859763,1.19279236859763,1.19279236859763,1.19279236859763,1.19279236859763,1.19279236859763,1.19279236859763,1.19279236859763,1.19279236859763,1.19279236859763,1.19279236859763,1.19279236859763,1.19279236859763,1.19279236859763,1.19279236859763),(0.929703443168966,0.929703443168966,0.929703443168966,0.929703443168966,0.929703443168966,0.929703443168966,0.929703443168966,0.929703443168966,0.929703443168966,0.929703443168966,0.929703443168966,0.929703443168966,0.929703443168966,0.929703443168966,0.929703443168966,0.929703443168966,0.929703443168966,0.929703443168966,0.929703443168966,0.929703443168966,0.929703443168966,0.929703443168966,0.929703443168966,0.929703443168966,0.929703443168966,0.929703443168966,0.929703443168966,0.929703443168966,0.929703443168966),(0.93587744235715,0.93587744235715,0.93587744235715,0.93587744235715,0.93587744235715,0.93587744235715,0.93587744235715,0.93587744235715,0.93587744235715,0.93587744235715,0.93587744235715,0.93587744235715,0.93587744235715,0.93587744235715,0.93587744235715,0.93587744235715,0.93587744235715,0.93587744235715,0.93587744235715,0.93587744235715,0.93587744235715,0.93587744235715,0.93587744235715,0.93587744235715,0.93587744235715,0.93587744235715,0.93587744235715,0.93587744235715,0.93587744235715),(1.21131436616218,1.21131436616218,1.21131436616218,1.21131436616218,1.21131436616218,1.21131436616218,1.21131436616218,1.21131436616218,1.21131436616218,1.21131436616218,1.21131436616218,1.21131436616218,1.21131436616218,1.21131436616218,1.21131436616218,1.21131436616218,1.21131436616218,1.21131436616218,1.21131436616218,1.21131436616218,1.21131436616218,1.21131436616218,1.21131436616218,1.21131436616218,1.21131436616218,1.21131436616218,1.21131436616218,1.21131436616218,1.21131436616218)))BOUNDED_SURFACE()REPRESENTATION_ITEM('')GEOMETRIC_REPRESENTATION_ITEM()SURFACE());
#427=FACE_OUTER_BOUND('',#1788,.T.);
#428=CYLINDRICAL_SURFACE('',#1789,0.2);
#429=FACE_OUTER_BOUND('',#1790,.T.);
#430=PLANE('',#1791);
#431=FACE_OUTER_BOUND('',#1792,.T.);
#432=CYLINDRICAL_SURFACE('',#1793,0.3);
#433=FACE_OUTER_BOUND('',#1794,.T.);
#434=PLANE('',#1795);
#435=FACE_OUTER_BOUND('',#1796,.T.);
#436=PLANE('',#1797);
#437=FACE_OUTER_BOUND('',#1798,.T.);
#438=CYLINDRICAL_SURFACE('',#1799,0.3);
#439=FACE_OUTER_BOUND('',#1800,.T.);
#440=(B_SPLINE_SURFACE(3,3,((#1802,#1803,#1804,#1805,#1806,#1807,#1808,#1809,#1810,#1811,#1812,#1813,#1814,#1815,#1816,#1817,#1818,#1819,#1820,#1821,#1822,#1823,#1824,#1825,#1826,#1827,#1828,#1829,#1830,#1831,#1832,#1833,#1834),(#1835,#1836,#1837,#1838,#1839,#1840,#1841,#1842,#1843,#1844,#1845,#1846,#1847,#1848,#1849,#1850,#1851,#1852,#1853,#1854,#1855,#1856,#1857,#1858,#1859,#1860,#1861,#1862,#1863,#1864,#1865,#1866,#1867),(#1868,#1869,#1870,#1871,#1872,#1873,#1874,#1875,#1876,#1877,#1878,#1879,#1880,#1881,#1882,#1883,#1884,#1885,#1886,#1887,#1888,#1889,#1890,#1891,#1892,#1893,#1894,#1895,#1896,#1897,#1898,#1899,#1900),(#1901,#1902,#1903,#1904,#1905,#1906,#1907,#1908,#1909,#1910,#1911,#1912,#1913,#1914,#1915,#1916,#1917,#1918,#1919,#1920,#1921,#1922,#1923,#1924,#1925,#1926,#1927,#1928,#1929,#1930,#1931,#1932,#1933)),.UNSPECIFIED.,.F.,.F.,.F.)B_SPLINE_SURFACE_WITH_KNOTS((4,4),(4,1,1,1,1,1,1,1,1,1,1,1,1,1,1,1,1,1,1,1,1,1,1,1,1,1,1,1,1,1,4),(0.188166885548872,0.806619353440001),(0.133167137225266,0.1482519889293,0.1645708210532,0.1804900970528,0.1963951059849,0.2126802947484,0.2297842153545,0.2481035534489,0.2679450881878,0.2899405160795,0.3149842298001,0.3437110525168,0.3761811971135,0.4125387211358,0.453856165347,0.5008661673473,0.5512193941408,0.6008917256769,0.6454054326607,0.6846704107332,0.7193134064329,0.7496346573046,0.7764378006529,0.8001513281482,0.8210595231346,0.8395552174782,0.8563029925715,0.8721772157053,0.8881311977491,0.9041732581577,0.912104617029619),.UNSPECIFIED.)RATIONAL_B_SPLINE_SURFACE(((1.19287207535533,1.19287207535533,1.19287207535533,1.19287207535533,1.19287207535533,1.19287207535533,1.19287207535533,1.19287207535533,1.19287207535533,1.19287207535533,1.19287207535533,1.19287207535533,1.19287207535533,1.19287207535533,1.19287207535533,1.19287207535533,1.19287207535533,1.19287207535533,1.19287207535533,1.19287207535533,1.19287207535533,1.19287207535533,1.19287207535533,1.19287207535533,1.19287207535533,1.19287207535533,1.19287207535533,1.19287207535533,1.19287207535533,1.19287207535533,1.19287207535533,1.19287207535533,1.19287207535533),(0.937859152389124,0.937859152389124,0.937859152389124,0.937859152389124,0.937859152389124,0.937859152389124,0.937859152389124,0.937859152389124,0.937859152389124,0.937859152389124,0.937859152389124,0.937859152389124,0.937859152389124,0.937859152389124,0.937859152389124,0.937859152389124,0.937859152389124,0.937859152389124,0.937859152389124,0.937859152389124,0.937859152389124,0.937859152389124,0.937859152389124,0.937859152389124,0.937859152389124,0.937859152389124,0.937859152389124,0.937859152389124,0.937859152389124,0.937859152389124,0.937859152389124,0.937859152389124,0.937859152389124),(0.935727280606625,0.935727280606625,0.935727280606624,0.935727280606625,0.935727280606625,0.935727280606625,0.935727280606625,0.935727280606625,0.935727280606625,0.935727280606625,0.935727280606625,0.935727280606625,0.935727280606625,0.935727280606625,0.935727280606625,0.935727280606625,0.935727280606625,0.935727280606625,0.935727280606625,0.935727280606625,0.935727280606625,0.935727280606625,0.935727280606625,0.935727280606625,0.935727280606625,0.935727280606625,0.935727280606625,0.935727280606625,0.935727280606625,0.935727280606625,0.935727280606625,0.935727280606625,0.935727280606625),(1.18647646000783,1.18647646000783,1.18647646000783,1.18647646000783,1.18647646000783,1.18647646000783,1.18647646000783,1.18647646000783,1.18647646000783,1.18647646000783,1.18647646000783,1.18647646000783,1.18647646000783,1.18647646000783,1.18647646000783,1.18647646000783,1.18647646000783,1.18647646000783,1.18647646000783,1.18647646000783,1.18647646000783,1.18647646000783,1.18647646000783,1.18647646000783,1.18647646000783,1.18647646000783,1.18647646000783,1.18647646000783,1.18647646000783,1.18647646000783,1.18647646000783,1.18647646000783,1.18647646000783)))BOUNDED_SURFACE()REPRESENTATION_ITEM('')GEOMETRIC_REPRESENTATION_ITEM()SURFACE());
#441=FACE_OUTER_BOUND('',#1940,.T.);
#442=CYLINDRICAL_SURFACE('',#1941,0.05);
#443=FACE_OUTER_BOUND('',#1942,.T.);
#444=PLANE('',#1943);
#445=FACE_OUTER_BOUND('',#1944,.T.);
#446=CYLINDRICAL_SURFACE('',#1945,0.1);
#447=FACE_OUTER_BOUND('',#1946,.T.);
#448=(B_SPLINE_SURFACE(3,3,((#1948,#1949,#1950,#1951,#1952,#1953,#1954,#1955,#1956,#1957,#1958,#1959,#1960,#1961,#1962,#1963,#1964,#1965,#1966,#1967,#1968,#1969,#1970,#1971,#1972,#1973,#1974,#1975,#1976,#1977,#1978,#1979,#1980,#1981),(#1982,#1983,#1984,#1985,#1986,#1987,#1988,#1989,#1990,#1991,#1992,#1993,#1994,#1995,#1996,#1997,#1998,#1999,#2000,#2001,#2002,#2003,#2004,#2005,#2006,#2007,#2008,#2009,#2010,#2011,#2012,#2013,#2014,#2015),(#2016,#2017,#2018,#2019,#2020,#2021,#2022,#2023,#2024,#2025,#2026,#2027,#2028,#2029,#2030,#2031,#2032,#2033,#2034,#2035,#2036,#2037,#2038,#2039,#2040,#2041,#2042,#2043,#2044,#2045,#2046,#2047,#2048,#2049),(#2050,#2051,#2052,#2053,#2054,#2055,#2056,#2057,#2058,#2059,#2060,#2061,#2062,#2063,#2064,#2065,#2066,#2067,#2068,#2069,#2070,#2071,#2072,#2073,#2074,#2075,#2076,#2077,#2078,#2079,#2080,#2081,#2082,#2083)),.UNSPECIFIED.,.F.,.F.,.F.)B_SPLINE_SURFACE_WITH_KNOTS((4,4),(4,1,1,1,1,1,1,1,1,1,1,1,1,1,1,1,1,1,1,1,1,1,1,1,1,1,1,1,1,1,1,4),(0.17375838003999,0.815927268071653),(0.05045775279238,0.06106663094256,0.07665171492399,0.09253999739034,0.1091146408711,0.1270717702003,0.1469109910499,0.1688758077569,0.1935955591442,0.2216812844714,0.2536132923067,0.2898457787388,0.3310671496805,0.377830836067,0.4268006995726,0.4734406699417,0.5150523935101,0.5513727950873,0.5837065698488,0.6125791862602,0.6381377958613,0.6607245106232,0.6809316900852,0.6993834517194,0.7164598373139,0.732548836179,0.7481210451052,0.7635281120189,0.7790150914891,0.7948280559557,0.8112577784267,0.817695459076569),.UNSPECIFIED.)RATIONAL_B_SPLINE_SURFACE(((1.21110681480798,1.21110681480798,1.21110681480798,1.21110681480798,1.21110681480798,1.21110681480798,1.21110681480798,1.21110681480798,1.21110681480798,1.21110681480798,1.21110681480798,1.21110681480798,1.21110681480798,1.21110681480798,1.21110681480798,1.21110681480798,1.21110681480798,1.21110681480798,1.21110681480798,1.21110681480798,1.21110681480798,1.21110681480798,1.21110681480798,1.21110681480798,1.21110681480798,1.21110681480798,1.21110681480798,1.21110681480798,1.21110681480798,1.21110681480798,1.21110681480798,1.21110681480798,1.21110681480798,1.21110681480798),(0.934080585929354,0.934080585929354,0.934080585929354,0.934080585929354,0.934080585929354,0.934080585929354,0.934080585929354,0.934080585929354,0.934080585929354,0.934080585929354,0.934080585929354,0.934080585929354,0.934080585929354,0.934080585929354,0.934080585929354,0.934080585929354,0.934080585929354,0.934080585929354,0.934080585929354,0.934080585929354,0.934080585929354,0.934080585929354,0.934080585929354,0.934080585929354,0.934080585929354,0.934080585929354,0.934080585929354,0.934080585929354,0.934080585929354,0.934080585929354,0.934080585929354,0.934080585929354,0.934080585929354,0.934080585929354),(0.92970139910563,0.92970139910563,0.92970139910563,0.92970139910563,0.92970139910563,0.92970139910563,0.92970139910563,0.92970139910563,0.92970139910563,0.92970139910563,0.92970139910563,0.92970139910563,0.92970139910563,0.92970139910563,0.92970139910563,0.92970139910563,0.92970139910563,0.92970139910563,0.92970139910563,0.92970139910563,0.92970139910563,0.92970139910563,0.92970139910563,0.92970139910563,0.92970139910563,0.92970139910563,0.92970139910563,0.92970139910563,0.92970139910563,0.92970139910563,0.92970139910563,0.92970139910563,0.92970139910563,0.92970139910563),(1.19796925433681,1.19796925433681,1.19796925433681,1.19796925433681,1.19796925433681,1.19796925433681,1.19796925433681,1.19796925433681,1.19796925433681,1.19796925433681,1.19796925433681,1.19796925433681,1.19796925433681,1.19796925433681,1.19796925433681,1.19796925433681,1.19796925433681,1.19796925433681,1.19796925433681,1.19796925433681,1.19796925433681,1.19796925433681,1.19796925433681,1.19796925433681,1.19796925433681,1.19796925433681,1.19796925433681,1.19796925433681,1.19796925433681,1.19796925433681,1.19796925433681,1.19796925433681,1.19796925433681,1.19796925433681)))BOUNDED_SURFACE()REPRESENTATION_ITEM('')GEOMETRIC_REPRESENTATION_ITEM()SURFACE());
#449=FACE_OUTER_BOUND('',#2090,.T.);
#450=CYLINDRICAL_SURFACE('',#2091,0.3);
#451=FACE_OUTER_BOUND('',#2092,.T.);
#452=PLANE('',#2093);
#453=FACE_OUTER_BOUND('',#2094,.T.);
#454=CYLINDRICAL_SURFACE('',#2095,0.3);
#455=FACE_OUTER_BOUND('',#2096,.T.);
#456=(B_SPLINE_SURFACE(3,3,((#2098,#2099,#2100,#2101,#2102,#2103,#2104,#2105,#2106,#2107,#2108,#2109,#2110,#2111,#2112,#2113,#2114,#2115,#2116,#2117,#2118,#2119,#2120,#2121,#2122,#2123,#2124),(#2125,#2126,#2127,#2128,#2129,#2130,#2131,#2132,#2133,#2134,#2135,#2136,#2137,#2138,#2139,#2140,#2141,#2142,#2143,#2144,#2145,#2146,#2147,#2148,#2149,#2150,#2151),(#2152,#2153,#2154,#2155,#2156,#2157,#2158,#2159,#2160,#2161,#2162,#2163,#2164,#2165,#2166,#2167,#2168,#2169,#2170,#2171,#2172,#2173,#2174,#2175,#2176,#2177,#2178),(#2179,#2180,#2181,#2182,#2183,#2184,#2185,#2186,#2187,#2188,#2189,#2190,#2191,#2192,#2193,#2194,#2195,#2196,#2197,#2198,#2199,#2200,#2201,#2202,#2203,#2204,#2205)),.UNSPECIFIED.,.F.,.F.,.F.)B_SPLINE_SURFACE_WITH_KNOTS((4,4),(4,1,1,1,1,1,1,1,1,1,1,1,1,1,1,1,1,1,1,1,1,1,1,1,4),(0.0504739205094292,0.955578605592284),(0.03533536751633,0.06121408639978,0.09311288070676,0.1259488351986,0.1598141506423,0.1948902616784,0.2312775425693,0.2688309524156,0.3073268076726,0.346632601396,0.3866688422831,0.4273655440311,0.4686779203969,0.5105563874975,0.5529549694255,0.5959186223365,0.6394794145147,0.683598030698,0.7279654596966,0.7720321104039,0.8146893815157,0.8554681508871,0.8943010042461,0.9312293128878,0.9570551298066),.UNSPECIFIED.)RATIONAL_B_SPLINE_SURFACE(((1.19291759325756,1.19291759325756,1.19291759325756,1.19291759325756,1.19291759325756,1.19291759325756,1.19291759325756,1.19291759325756,1.19291759325756,1.19291759325756,1.19291759325756,1.19291759325756,1.19291759325756,1.19291759325756,1.19291759325756,1.19291759325756,1.19291759325756,1.19291759325756,1.19291759325756,1.19291759325756,1.19291759325756,1.19291759325756,1.19291759325756,1.19291759325756,1.19291759325756,1.19291759325756,1.19291759325756),(0.933962476659726,0.933962476659726,0.933962476659726,0.933962476659726,0.933962476659726,0.933962476659726,0.933962476659726,0.933962476659726,0.933962476659726,0.933962476659726,0.933962476659726,0.933962476659726,0.933962476659726,0.933962476659726,0.933962476659726,0.933962476659726,0.933962476659726,0.933962476659726,0.933962476659726,0.933962476659726,0.933962476659726,0.933962476659726,0.933962476659726,0.933962476659726,0.933962476659726,0.933962476659726,0.933962476659726),(0.935705793314631,0.935705793314631,0.935705793314631,0.935705793314631,0.935705793314631,0.935705793314631,0.935705793314631,0.935705793314631,0.935705793314631,0.935705793314631,0.935705793314631,0.935705793314631,0.935705793314631,0.935705793314631,0.935705793314631,0.935705793314631,0.935705793314631,0.935705793314631,0.935705793314631,0.935705793314631,0.935705793314631,0.935705793314631,0.935705793314631,0.935705793314631,0.935705793314631,0.935705793314631,0.935705793314631),(1.19814754322228,1.19814754322228,1.19814754322228,1.19814754322228,1.19814754322228,1.19814754322228,1.19814754322228,1.19814754322228,1.19814754322228,1.19814754322228,1.19814754322228,1.19814754322228,1.19814754322228,1.19814754322228,1.19814754322228,1.19814754322228,1.19814754322228,1.19814754322228,1.19814754322228,1.19814754322228,1.19814754322228,1.19814754322228,1.19814754322228,1.19814754322228,1.19814754322228,1.19814754322228,1.19814754322228)))BOUNDED_SURFACE()REPRESENTATION_ITEM('')GEOMETRIC_REPRESENTATION_ITEM()SURFACE());
#457=FACE_OUTER_BOUND('',#2212,.T.);
#458=CYLINDRICAL_SURFACE('',#2213,0.1);
#459=FACE_OUTER_BOUND('',#2214,.T.);
#460=(B_SPLINE_SURFACE(3,3,((#2216,#2217,#2218,#2219,#2220,#2221,#2222,#2223,#2224,#2225,#2226,#2227,#2228,#2229,#2230,#2231,#2232,#2233,#2234,#2235,#2236,#2237,#2238,#2239,#2240,#2241,#2242,#2243,#2244),(#2245,#2246,#2247,#2248,#2249,#2250,#2251,#2252,#2253,#2254,#2255,#2256,#2257,#2258,#2259,#2260,#2261,#2262,#2263,#2264,#2265,#2266,#2267,#2268,#2269,#2270,#2271,#2272,#2273),(#2274,#2275,#2276,#2277,#2278,#2279,#2280,#2281,#2282,#2283,#2284,#2285,#2286,#2287,#2288,#2289,#2290,#2291,#2292,#2293,#2294,#2295,#2296,#2297,#2298,#2299,#2300,#2301,#2302),(#2303,#2304,#2305,#2306,#2307,#2308,#2309,#2310,#2311,#2312,#2313,#2314,#2315,#2316,#2317,#2318,#2319,#2320,#2321,#2322,#2323,#2324,#2325,#2326,#2327,#2328,#2329,#2330,#2331)),.UNSPECIFIED.,.F.,.F.,.F.)B_SPLINE_SURFACE_WITH_KNOTS((4,4),(4,1,1,1,1,1,1,1,1,1,1,1,1,1,1,1,1,1,1,1,1,1,1,1,1,1,4),(0.0506199577949271,0.970471488670258),(0.02402660845419,0.03328096399748,0.06817389259495,0.1047727853897,0.1431382603464,0.1832926289633,0.2250997782316,0.2679656837368,0.310770360977,0.3532048396409,0.3951271596898,0.4365056797403,0.4773533272423,0.5177063144307,0.5575212085543,0.5967558858019,0.6353746126602,0.6733039454258,0.7104583619885,0.7467519772134,0.7819953042539,0.8159539258388,0.8487359286783,0.8805680942806,0.9115730501244,0.9417748678896,0.9430551443344),.UNSPECIFIED.)RATIONAL_B_SPLINE_SURFACE(((1.1927924368392,1.1927924368392,1.1927924368392,1.1927924368392,1.1927924368392,1.1927924368392,1.1927924368392,1.1927924368392,1.1927924368392,1.1927924368392,1.1927924368392,1.1927924368392,1.1927924368392,1.1927924368392,1.1927924368392,1.1927924368392,1.1927924368392,1.1927924368392,1.1927924368392,1.1927924368392,1.1927924368392,1.1927924368392,1.1927924368392,1.1927924368392,1.1927924368392,1.1927924368392,1.1927924368392,1.1927924368392,1.1927924368392),(0.929703437904091,0.929703437904091,0.929703437904091,0.929703437904091,0.929703437904091,0.929703437904091,0.929703437904091,0.929703437904091,0.929703437904091,0.929703437904091,0.929703437904091,0.929703437904091,0.929703437904091,0.929703437904091,0.929703437904091,0.929703437904091,0.929703437904091,0.929703437904091,0.929703437904091,0.929703437904091,0.929703437904091,0.929703437904091,0.929703437904091,0.929703437904091,0.929703437904091,0.929703437904091,0.929703437904091,0.929703437904091,0.929703437904091),(0.935877418739323,0.935877418739323,0.935877418739323,0.935877418739323,0.935877418739323,0.935877418739323,0.935877418739323,0.935877418739323,0.935877418739323,0.935877418739323,0.935877418739323,0.935877418739323,0.935877418739323,0.935877418739323,0.935877418739323,0.935877418739323,0.935877418739323,0.935877418739323,0.935877418739323,0.935877418739323,0.935877418739323,0.935877418739323,0.935877418739323,0.935877418739323,0.935877418739323,0.935877418739323,0.935877418739323,0.935877418739323,0.935877418739323),(1.2113143793449,1.2113143793449,1.2113143793449,1.2113143793449,1.2113143793449,1.2113143793449,1.2113143793449,1.2113143793449,1.2113143793449,1.2113143793449,1.2113143793449,1.2113143793449,1.2113143793449,1.2113143793449,1.2113143793449,1.2113143793449,1.2113143793449,1.2113143793449,1.2113143793449,1.2113143793449,1.2113143793449,1.2113143793449,1.2113143793449,1.2113143793449,1.2113143793449,1.2113143793449,1.2113143793449,1.2113143793449,1.2113143793449)))BOUNDED_SURFACE()REPRESENTATION_ITEM('')GEOMETRIC_REPRESENTATION_ITEM()SURFACE());
#461=FACE_OUTER_BOUND('',#2338,.T.);
#462=CYLINDRICAL_SURFACE('',#2339,0.05);
#463=FACE_OUTER_BOUND('',#2340,.T.);
#464=(B_SPLINE_SURFACE(3,3,((#2342,#2343,#2344,#2345,#2346,#2347,#2348,#2349,#2350,#2351,#2352,#2353,#2354,#2355,#2356,#2357,#2358,#2359,#2360,#2361,#2362,#2363,#2364,#2365,#2366,#2367,#2368,#2369,#2370,#2371,#2372,#2373,#2374,#2375),(#2376,#2377,#2378,#2379,#2380,#2381,#2382,#2383,#2384,#2385,#2386,#2387,#2388,#2389,#2390,#2391,#2392,#2393,#2394,#2395,#2396,#2397,#2398,#2399,#2400,#2401,#2402,#2403,#2404,#2405,#2406,#2407,#2408,#2409),(#2410,#2411,#2412,#2413,#2414,#2415,#2416,#2417,#2418,#2419,#2420,#2421,#2422,#2423,#2424,#2425,#2426,#2427,#2428,#2429,#2430,#2431,#2432,#2433,#2434,#2435,#2436,#2437,#2438,#2439,#2440,#2441,#2442,#2443),(#2444,#2445,#2446,#2447,#2448,#2449,#2450,#2451,#2452,#2453,#2454,#2455,#2456,#2457,#2458,#2459,#2460,#2461,#2462,#2463,#2464,#2465,#2466,#2467,#2468,#2469,#2470,#2471,#2472,#2473,#2474,#2475,#2476,#2477)),.UNSPECIFIED.,.F.,.F.,.F.)B_SPLINE_SURFACE_WITH_KNOTS((4,4),(4,1,1,1,1,1,1,1,1,1,1,1,1,1,1,1,1,1,1,1,1,1,1,1,1,1,1,1,1,1,1,4),(0.173758379719084,0.815927267235544),(0.05045775279239,0.06106663094256,0.07665171492399,0.09253999739033,0.1091146408711,0.1270717702003,0.1469109910499,0.1688758077569,0.1935955591442,0.2216812844714,0.2536132923067,0.2898457787388,0.3310671496805,0.377830836067,0.4268006995726,0.4734406699417,0.5150523935101,0.5513727950873,0.5837065698488,0.6125791862603,0.6381377958613,0.6607245106232,0.6809316900853,0.6993834517194,0.7164598373139,0.732548836179,0.7481210451052,0.7635281120189,0.7790150914891,0.7948280559557,0.8112577784267,0.817695459397498),.UNSPECIFIED.)RATIONAL_B_SPLINE_SURFACE(((1.21110681522329,1.21110681522329,1.21110681522329,1.21110681522329,1.21110681522329,1.21110681522329,1.21110681522329,1.21110681522329,1.21110681522329,1.21110681522329,1.21110681522329,1.21110681522329,1.21110681522329,1.21110681522329,1.21110681522329,1.21110681522329,1.21110681522329,1.21110681522329,1.21110681522329,1.21110681522329,1.21110681522329,1.21110681522329,1.21110681522329,1.21110681522329,1.21110681522329,1.21110681522329,1.21110681522329,1.21110681522329,1.21110681522329,1.21110681522329,1.21110681522329,1.21110681522329,1.21110681522329,1.21110681522329),(0.934080586294421,0.934080586294421,0.934080586294421,0.934080586294421,0.934080586294421,0.934080586294421,0.934080586294421,0.934080586294421,0.934080586294421,0.934080586294421,0.934080586294421,0.934080586294421,0.934080586294421,0.934080586294421,0.934080586294421,0.934080586294421,0.934080586294421,0.934080586294421,0.934080586294421,0.934080586294421,0.934080586294421,0.934080586294421,0.934080586294421,0.934080586294421,0.934080586294421,0.934080586294421,0.934080586294421,0.934080586294421,0.934080586294421,0.934080586294421,0.934080586294421,0.934080586294421,0.934080586294421,0.934080586294421),(0.929701398982973,0.929701398982973,0.929701398982973,0.929701398982973,0.929701398982973,0.929701398982973,0.929701398982973,0.929701398982973,0.929701398982973,0.929701398982973,0.929701398982973,0.929701398982973,0.929701398982973,0.929701398982973,0.929701398982973,0.929701398982973,0.929701398982973,0.929701398982973,0.929701398982973,0.929701398982973,0.929701398982973,0.929701398982973,0.929701398982973,0.929701398982973,0.929701398982973,0.929701398982973,0.929701398982973,0.929701398982973,0.929701398982973,0.929701398982973,0.929701398982973,0.929701398982973,0.929701398982973,0.929701398982973),(1.19796925328895,1.19796925328895,1.19796925328895,1.19796925328895,1.19796925328895,1.19796925328895,1.19796925328895,1.19796925328895,1.19796925328895,1.19796925328895,1.19796925328895,1.19796925328895,1.19796925328895,1.19796925328895,1.19796925328895,1.19796925328895,1.19796925328895,1.19796925328895,1.19796925328895,1.19796925328895,1.19796925328895,1.19796925328895,1.19796925328895,1.19796925328895,1.19796925328895,1.19796925328895,1.19796925328895,1.19796925328895,1.19796925328895,1.19796925328895,1.19796925328895,1.19796925328895,1.19796925328895,1.19796925328895)))BOUNDED_SURFACE()REPRESENTATION_ITEM('')GEOMETRIC_REPRESENTATION_ITEM()SURFACE());
#465=FACE_OUTER_BOUND('',#2484,.T.);
#466=CYLINDRICAL_SURFACE('',#2485,0.3);
#467=FACE_OUTER_BOUND('',#2486,.T.);
#468=(B_SPLINE_SURFACE(3,3,((#2488,#2489,#2490,#2491,#2492,#2493,#2494,#2495,#2496,#2497,#2498,#2499,#2500,#2501,#2502,#2503,#2504,#2505,#2506,#2507,#2508,#2509,#2510,#2511,#2512,#2513,#2514),(#2515,#2516,#2517,#2518,#2519,#2520,#2521,#2522,#2523,#2524,#2525,#2526,#2527,#2528,#2529,#2530,#2531,#2532,#2533,#2534,#2535,#2536,#2537,#2538,#2539,#2540,#2541),(#2542,#2543,#2544,#2545,#2546,#2547,#2548,#2549,#2550,#2551,#2552,#2553,#2554,#2555,#2556,#2557,#2558,#2559,#2560,#2561,#2562,#2563,#2564,#2565,#2566,#2567,#2568),(#2569,#2570,#2571,#2572,#2573,#2574,#2575,#2576,#2577,#2578,#2579,#2580,#2581,#2582,#2583,#2584,#2585,#2586,#2587,#2588,#2589,#2590,#2591,#2592,#2593,#2594,#2595)),.UNSPECIFIED.,.F.,.F.,.F.)B_SPLINE_SURFACE_WITH_KNOTS((4,4),(4,1,1,1,1,1,1,1,1,1,1,1,1,1,1,1,1,1,1,1,1,1,1,1,4),(0.0504739205096858,0.955578642831216),(0.03533536751631,0.06121408639978,0.09311288070675,0.1259488351986,0.1598141506423,0.1948902616784,0.2312775425692,0.2688309524154,0.3073268076725,0.3466326013958,0.3866688422829,0.427365544031,0.4686779203967,0.5105563874974,0.5529549694254,0.5959186223363,0.6394794145145,0.6835980306979,0.7279654596965,0.7720321104038,0.8146893815157,0.8554681508871,0.8943010042461,0.9312293128877,0.9570551298066),.UNSPECIFIED.)RATIONAL_B_SPLINE_SURFACE(((1.19291759325734,1.19291759325734,1.19291759325734,1.19291759325734,1.19291759325734,1.19291759325734,1.19291759325734,1.19291759325734,1.19291759325734,1.19291759325734,1.19291759325734,1.19291759325734,1.19291759325734,1.19291759325734,1.19291759325734,1.19291759325734,1.19291759325734,1.19291759325734,1.19291759325734,1.19291759325734,1.19291759325734,1.19291759325734,1.19291759325734,1.19291759325734,1.19291759325734,1.19291759325734,1.19291759325734),(0.933962466005476,0.933962466005476,0.933962466005476,0.933962466005476,0.933962466005476,0.933962466005476,0.933962466005476,0.933962466005476,0.933962466005476,0.933962466005476,0.933962466005476,0.933962466005476,0.933962466005476,0.933962466005476,0.933962466005476,0.933962466005476,0.933962466005476,0.933962466005476,0.933962466005476,0.933962466005476,0.933962466005476,0.933962466005476,0.933962466005476,0.933962466005476,0.933962466005476,0.933962466005476,0.933962466005476),(0.935705793458157,0.935705793458157,0.935705793458157,0.935705793458157,0.935705793458157,0.935705793458157,0.935705793458157,0.935705793458157,0.935705793458157,0.935705793458157,0.935705793458157,0.935705793458157,0.935705793458157,0.935705793458157,0.935705793458157,0.935705793458157,0.935705793458157,0.935705793458157,0.935705793458157,0.935705793458157,0.935705793458157,0.935705793458157,0.935705793458157,0.935705793458157,0.935705793458157,0.935705793458157,0.935705793458157),(1.19814757561539,1.19814757561539,1.19814757561539,1.19814757561539,1.19814757561539,1.19814757561539,1.19814757561539,1.19814757561539,1.19814757561539,1.19814757561539,1.19814757561539,1.19814757561539,1.19814757561539,1.19814757561539,1.19814757561539,1.19814757561539,1.19814757561539,1.19814757561539,1.19814757561539,1.19814757561539,1.19814757561539,1.19814757561539,1.19814757561539,1.19814757561539,1.19814757561539,1.19814757561539,1.19814757561539)))BOUNDED_SURFACE()REPRESENTATION_ITEM('')GEOMETRIC_REPRESENTATION_ITEM()SURFACE());
#469=FACE_OUTER_BOUND('',#2602,.T.);
#470=CYLINDRICAL_SURFACE('',#2603,0.2);
#471=FACE_OUTER_BOUND('',#2604,.T.);
#472=(B_SPLINE_SURFACE(3,3,((#2606,#2607,#2608,#2609,#2610,#2611,#2612,#2613,#2614,#2615,#2616,#2617,#2618,#2619,#2620,#2621,#2622,#2623,#2624,#2625,#2626,#2627,#2628,#2629,#2630,#2631,#2632,#2633,#2634),(#2635,#2636,#2637,#2638,#2639,#2640,#2641,#2642,#2643,#2644,#2645,#2646,#2647,#2648,#2649,#2650,#2651,#2652,#2653,#2654,#2655,#2656,#2657,#2658,#2659,#2660,#2661,#2662,#2663),(#2664,#2665,#2666,#2667,#2668,#2669,#2670,#2671,#2672,#2673,#2674,#2675,#2676,#2677,#2678,#2679,#2680,#2681,#2682,#2683,#2684,#2685,#2686,#2687,#2688,#2689,#2690,#2691,#2692),(#2693,#2694,#2695,#2696,#2697,#2698,#2699,#2700,#2701,#2702,#2703,#2704,#2705,#2706,#2707,#2708,#2709,#2710,#2711,#2712,#2713,#2714,#2715,#2716,#2717,#2718,#2719,#2720,#2721)),.UNSPECIFIED.,.F.,.F.,.F.)B_SPLINE_SURFACE_WITH_KNOTS((4,4),(4,1,1,1,1,1,1,1,1,1,1,1,1,1,1,1,1,1,1,1,1,1,1,1,1,1,4),(0.0506125578513671,0.970471569674711),(0.02402660845419,0.03328096399748,0.06817389259495,0.1047727853897,0.1431382603464,0.1832926289632,0.2250997782315,0.2679656837368,0.310770360977,0.3532048396409,0.3951271596899,0.4365056797403,0.4773533272424,0.5177063144308,0.5575212085543,0.5967558858019,0.6353746126603,0.6733039454259,0.7104583619886,0.7467519772134,0.7819953042539,0.8159539258388,0.8487359286783,0.8805680942806,0.9115730501244,0.9417748678896,0.9430551443344),.UNSPECIFIED.)RATIONAL_B_SPLINE_SURFACE(((1.19279878631966,1.19279878631966,1.19279878631966,1.19279878631966,1.19279878631966,1.19279878631966,1.19279878631966,1.19279878631966,1.19279878631966,1.19279878631966,1.19279878631966,1.19279878631966,1.19279878631966,1.19279878631966,1.19279878631966,1.19279878631966,1.19279878631966,1.19279878631966,1.19279878631966,1.19279878631966,1.19279878631966,1.19279878631966,1.19279878631966,1.19279878631966,1.19279878631966,1.19279878631966,1.19279878631966,1.19279878631966,1.19279878631966),(0.929703315417019,0.929703315417019,0.929703315417019,0.929703315417019,0.929703315417019,0.929703315417019,0.929703315417019,0.929703315417019,0.929703315417019,0.929703315417019,0.929703315417019,0.929703315417019,0.929703315417019,0.929703315417019,0.929703315417019,0.929703315417019,0.929703315417019,0.929703315417019,0.929703315417019,0.929703315417019,0.929703315417019,0.929703315417019,0.929703315417019,0.929703315417019,0.929703315417019,0.929703315417019,0.929703315417019,0.929703315417019,0.929703315417019),(0.935875204014442,0.935875204014442,0.935875204014442,0.935875204014442,0.935875204014442,0.935875204014442,0.935875204014442,0.935875204014442,0.935875204014442,0.935875204014442,0.935875204014442,0.935875204014442,0.935875204014442,0.935875204014442,0.935875204014442,0.935875204014442,0.935875204014442,0.935875204014442,0.935875204014442,0.935875204014442,0.935875204014442,0.935875204014442,0.935875204014442,0.935875204014442,0.935875204014442,0.935875204014442,0.935875204014442,0.935875204014442,0.935875204014442),(1.21131445211193,1.21131445211193,1.21131445211193,1.21131445211193,1.21131445211193,1.21131445211193,1.21131445211193,1.21131445211193,1.21131445211193,1.21131445211193,1.21131445211193,1.21131445211193,1.21131445211193,1.21131445211193,1.21131445211193,1.21131445211193,1.21131445211193,1.21131445211193,1.21131445211193,1.21131445211193,1.21131445211193,1.21131445211193,1.21131445211193,1.21131445211193,1.21131445211193,1.21131445211193,1.21131445211193,1.21131445211193,1.21131445211193)))BOUNDED_SURFACE()REPRESENTATION_ITEM('')GEOMETRIC_REPRESENTATION_ITEM()SURFACE());
#473=FACE_OUTER_BOUND('',#2728,.T.);
#474=CYLINDRICAL_SURFACE('',#2729,0.3);
#475=FACE_OUTER_BOUND('',#2730,.T.);
#476=PLANE('',#2731);
#477=FACE_OUTER_BOUND('',#2732,.T.);
#478=CYLINDRICAL_SURFACE('',#2733,0.1);
#479=FACE_OUTER_BOUND('',#2734,.T.);
#480=PLANE('',#2735);
#481=FACE_OUTER_BOUND('',#2736,.T.);
#482=PLANE('',#2737);
#483=FACE_OUTER_BOUND('',#2738,.T.);
#484=CYLINDRICAL_SURFACE('',#2739,0.1);
#485=FACE_OUTER_BOUND('',#2740,.T.);
#486=PLANE('',#2741);
#487=FACE_OUTER_BOUND('',#2742,.T.);
#488=CYLINDRICAL_SURFACE('',#2743,0.3);
#489=FACE_OUTER_BOUND('',#2744,.T.);
#490=PLANE('',#2745);
#491=FACE_OUTER_BOUND('',#2746,.T.);
#492=CYLINDRICAL_SURFACE('',#2747,0.3);
#493=FACE_OUTER_BOUND('',#2748,.T.);
#494=(B_SPLINE_SURFACE(3,3,((#2750,#2751,#2752,#2753,#2754,#2755,#2756,#2757,#2758,#2759,#2760,#2761,#2762,#2763,#2764,#2765,#2766,#2767,#2768,#2769,#2770,#2771,#2772,#2773,#2774,#2775,#2776,#2777,#2778,#2779,#2780,#2781,#2782),(#2783,#2784,#2785,#2786,#2787,#2788,#2789,#2790,#2791,#2792,#2793,#2794,#2795,#2796,#2797,#2798,#2799,#2800,#2801,#2802,#2803,#2804,#2805,#2806,#2807,#2808,#2809,#2810,#2811,#2812,#2813,#2814,#2815),(#2816,#2817,#2818,#2819,#2820,#2821,#2822,#2823,#2824,#2825,#2826,#2827,#2828,#2829,#2830,#2831,#2832,#2833,#2834,#2835,#2836,#2837,#2838,#2839,#2840,#2841,#2842,#2843,#2844,#2845,#2846,#2847,#2848),(#2849,#2850,#2851,#2852,#2853,#2854,#2855,#2856,#2857,#2858,#2859,#2860,#2861,#2862,#2863,#2864,#2865,#2866,#2867,#2868,#2869,#2870,#2871,#2872,#2873,#2874,#2875,#2876,#2877,#2878,#2879,#2880,#2881)),.UNSPECIFIED.,.F.,.F.,.F.)B_SPLINE_SURFACE_WITH_KNOTS((4,4),(4,1,1,1,1,1,1,1,1,1,1,1,1,1,1,1,1,1,1,1,1,1,1,1,1,1,1,1,1,1,4),(0.188166886595571,0.806619353980132),(0.133167138271945,0.1482519889293,0.1645708210531,0.1804900970528,0.1963951059849,0.2126802947484,0.2297842153545,0.2481035534489,0.2679450881878,0.2899405160795,0.3149842298001,0.3437110525168,0.3761811971135,0.4125387211359,0.4538561653471,0.5008661673473,0.5512193941409,0.6008917256769,0.6454054326608,0.6846704107332,0.7193134064329,0.7496346573046,0.776437800653,0.8001513281482,0.8210595231346,0.8395552174782,0.8563029925715,0.8721772157053,0.8881311977491,0.9041732581577,0.91211152959189),.UNSPECIFIED.)RATIONAL_B_SPLINE_SURFACE(((1.19287207406054,1.19287207406054,1.19287207406054,1.19287207406054,1.19287207406054,1.19287207406054,1.19287207406054,1.19287207406054,1.19287207406054,1.19287207406054,1.19287207406054,1.19287207406054,1.19287207406054,1.19287207406054,1.19287207406054,1.19287207406054,1.19287207406054,1.19287207406054,1.19287207406054,1.19287207406054,1.19287207406054,1.19287207406054,1.19287207406054,1.19287207406054,1.19287207406054,1.19287207406054,1.19287207406054,1.19287207406054,1.19287207406054,1.19287207406054,1.19287207406054,1.19287207406054,1.19287207406054),(0.937859152159191,0.937859152159191,0.937859152159191,0.937859152159191,0.937859152159191,0.937859152159191,0.937859152159191,0.937859152159191,0.937859152159191,0.937859152159191,0.937859152159191,0.937859152159191,0.937859152159191,0.937859152159191,0.937859152159191,0.937859152159191,0.937859152159191,0.937859152159191,0.937859152159191,0.937859152159191,0.937859152159191,0.937859152159191,0.937859152159191,0.937859152159191,0.937859152159191,0.937859152159191,0.937859152159191,0.937859152159191,0.937859152159191,0.937859152159191,0.937859152159191,0.937859152159191,0.937859152159191),(0.935727281027281,0.935727281027281,0.935727281027281,0.935727281027281,0.935727281027281,0.935727281027281,0.935727281027281,0.935727281027281,0.935727281027281,0.935727281027281,0.935727281027281,0.935727281027281,0.935727281027281,0.935727281027281,0.935727281027281,0.935727281027281,0.935727281027281,0.935727281027281,0.935727281027281,0.935727281027281,0.935727281027281,0.935727281027281,0.935727281027281,0.935727281027281,0.935727281027281,0.935727281027281,0.935727281027281,0.935727281027281,0.935727281027281,0.935727281027281,0.935727281027281,0.935727281027281,0.935727281027281),(1.18647646066481,1.18647646066481,1.18647646066481,1.18647646066481,1.18647646066481,1.18647646066481,1.18647646066481,1.18647646066481,1.18647646066481,1.18647646066481,1.18647646066481,1.18647646066481,1.18647646066481,1.18647646066481,1.18647646066481,1.18647646066481,1.18647646066481,1.18647646066481,1.18647646066481,1.18647646066481,1.18647646066481,1.18647646066481,1.18647646066481,1.18647646066481,1.18647646066481,1.18647646066481,1.18647646066481,1.18647646066481,1.18647646066481,1.18647646066481,1.18647646066481,1.18647646066481,1.18647646066481)))BOUNDED_SURFACE()REPRESENTATION_ITEM('')GEOMETRIC_REPRESENTATION_ITEM()SURFACE());
#495=FACE_OUTER_BOUND('',#2888,.T.);
#496=CYLINDRICAL_SURFACE('',#2889,0.3);
#497=FACE_OUTER_BOUND('',#2890,.T.);
#498=(B_SPLINE_SURFACE(3,3,((#2892,#2893,#2894,#2895,#2896,#2897,#2898,#2899,#2900,#2901,#2902,#2903,#2904,#2905,#2906,#2907,#2908,#2909,#2910,#2911,#2912,#2913,#2914,#2915,#2916,#2917,#2918,#2919,#2920,#2921,#2922,#2923,#2924),(#2925,#2926,#2927,#2928,#2929,#2930,#2931,#2932,#2933,#2934,#2935,#2936,#2937,#2938,#2939,#2940,#2941,#2942,#2943,#2944,#2945,#2946,#2947,#2948,#2949,#2950,#2951,#2952,#2953,#2954,#2955,#2956,#2957),(#2958,#2959,#2960,#2961,#2962,#2963,#2964,#2965,#2966,#2967,#2968,#2969,#2970,#2971,#2972,#2973,#2974,#2975,#2976,#2977,#2978,#2979,#2980,#2981,#2982,#2983,#2984,#2985,#2986,#2987,#2988,#2989,#2990),(#2991,#2992,#2993,#2994,#2995,#2996,#2997,#2998,#2999,#3000,#3001,#3002,#3003,#3004,#3005,#3006,#3007,#3008,#3009,#3010,#3011,#3012,#3013,#3014,#3015,#3016,#3017,#3018,#3019,#3020,#3021,#3022,#3023)),.UNSPECIFIED.,.F.,.F.,.F.)B_SPLINE_SURFACE_WITH_KNOTS((4,4),(4,1,1,1,1,1,1,1,1,1,1,1,1,1,1,1,1,1,1,1,1,1,1,1,1,1,1,1,1,1,4),(0.188166886087043,0.806619352795746),(0.133167137763609,0.1482519889293,0.1645708210531,0.1804900970528,0.1963951059849,0.2126802947484,0.2297842153545,0.2481035534489,0.2679450881878,0.2899405160795,0.3149842298,0.3437110525168,0.3761811971135,0.4125387211358,0.453856165347,0.5008661673472,0.5512193941408,0.6008917256769,0.6454054326607,0.6846704107332,0.7193134064329,0.7496346573046,0.776437800653,0.8001513281482,0.8210595231347,0.8395552174782,0.8563029925715,0.8721772157053,0.8881311977491,0.9041732581577,0.912111459360876),.UNSPECIFIED.)RATIONAL_B_SPLINE_SURFACE(((1.1928720746896,1.1928720746896,1.1928720746896,1.1928720746896,1.1928720746896,1.1928720746896,1.1928720746896,1.1928720746896,1.1928720746896,1.1928720746896,1.1928720746896,1.1928720746896,1.1928720746896,1.1928720746896,1.1928720746896,1.1928720746896,1.1928720746896,1.1928720746896,1.1928720746896,1.1928720746896,1.1928720746896,1.1928720746896,1.1928720746896,1.1928720746896,1.1928720746896,1.1928720746896,1.1928720746896,1.1928720746896,1.1928720746896,1.1928720746896,1.1928720746896,1.1928720746896,1.1928720746896),(0.937859152651066,0.937859152651066,0.937859152651066,0.937859152651066,0.937859152651066,0.937859152651066,0.937859152651066,0.937859152651066,0.937859152651066,0.937859152651066,0.937859152651066,0.937859152651066,0.937859152651066,0.937859152651066,0.937859152651066,0.937859152651066,0.937859152651066,0.937859152651066,0.937859152651066,0.937859152651066,0.937859152651066,0.937859152651066,0.937859152651066,0.937859152651066,0.937859152651066,0.937859152651066,0.937859152651066,0.937859152651066,0.937859152651066,0.937859152651066,0.937859152651066,0.937859152651066,0.937859152651066),(0.935727280829265,0.935727280829265,0.935727280829265,0.935727280829265,0.935727280829265,0.935727280829265,0.935727280829265,0.935727280829265,0.935727280829265,0.935727280829265,0.935727280829265,0.935727280829265,0.935727280829265,0.935727280829265,0.935727280829265,0.935727280829265,0.935727280829265,0.935727280829265,0.935727280829265,0.935727280829265,0.935727280829265,0.935727280829265,0.935727280829265,0.935727280829265,0.935727280829265,0.935727280829265,0.935727280829265,0.935727280829265,0.935727280829265,0.935727280829265,0.935727280829265,0.935727280829265,0.935727280829265),(1.1864764592242,1.1864764592242,1.1864764592242,1.1864764592242,1.1864764592242,1.1864764592242,1.1864764592242,1.1864764592242,1.1864764592242,1.1864764592242,1.1864764592242,1.1864764592242,1.1864764592242,1.1864764592242,1.1864764592242,1.1864764592242,1.1864764592242,1.1864764592242,1.1864764592242,1.1864764592242,1.1864764592242,1.1864764592242,1.1864764592242,1.1864764592242,1.1864764592242,1.1864764592242,1.1864764592242,1.1864764592242,1.1864764592242,1.1864764592242,1.1864764592242,1.1864764592242,1.1864764592242)))BOUNDED_SURFACE()REPRESENTATION_ITEM('')GEOMETRIC_REPRESENTATION_ITEM()SURFACE());
#499=FACE_OUTER_BOUND('',#3030,.T.);
#500=CYLINDRICAL_SURFACE('',#3031,0.05);
#501=FACE_OUTER_BOUND('',#3032,.T.);
#502=(B_SPLINE_SURFACE(3,3,((#3034,#3035,#3036,#3037,#3038,#3039,#3040,#3041,#3042,#3043,#3044,#3045,#3046,#3047,#3048,#3049,#3050,#3051,#3052,#3053,#3054,#3055,#3056,#3057,#3058,#3059,#3060,#3061,#3062,#3063,#3064,#3065,#3066,#3067),(#3068,#3069,#3070,#3071,#3072,#3073,#3074,#3075,#3076,#3077,#3078,#3079,#3080,#3081,#3082,#3083,#3084,#3085,#3086,#3087,#3088,#3089,#3090,#3091,#3092,#3093,#3094,#3095,#3096,#3097,#3098,#3099,#3100,#3101),(#3102,#3103,#3104,#3105,#3106,#3107,#3108,#3109,#3110,#3111,#3112,#3113,#3114,#3115,#3116,#3117,#3118,#3119,#3120,#3121,#3122,#3123,#3124,#3125,#3126,#3127,#3128,#3129,#3130,#3131,#3132,#3133,#3134,#3135),(#3136,#3137,#3138,#3139,#3140,#3141,#3142,#3143,#3144,#3145,#3146,#3147,#3148,#3149,#3150,#3151,#3152,#3153,#3154,#3155,#3156,#3157,#3158,#3159,#3160,#3161,#3162,#3163,#3164,#3165,#3166,#3167,#3168,#3169)),.UNSPECIFIED.,.F.,.F.,.F.)B_SPLINE_SURFACE_WITH_KNOTS((4,4),(4,1,1,1,1,1,1,1,1,1,1,1,1,1,1,1,1,1,1,1,1,1,1,1,1,1,1,1,1,1,1,4),(0.173758380087419,0.815927269576046),(0.05045775279237,0.06106663094255,0.07665171492397,0.09253999739029,0.109114640871,0.1270717702001,0.1469109910497,0.1688758077568,0.1935955591441,0.2216812844714,0.2536132923068,0.2898457787389,0.3310671496808,0.3778308360673,0.4268006995729,0.473440669942,0.5150523935104,0.5513727950875,0.583706569849,0.6125791862604,0.6381377958614,0.6607245106233,0.6809316900853,0.6993834517195,0.716459837314,0.7325488361791,0.7481210451052,0.7635281120189,0.7790150914891,0.7948280559557,0.8112577784267,0.817695459029396),.UNSPECIFIED.)RATIONAL_B_SPLINE_SURFACE(((1.2111068147466,1.2111068147466,1.2111068147466,1.2111068147466,1.2111068147466,1.2111068147466,1.2111068147466,1.2111068147466,1.2111068147466,1.2111068147466,1.2111068147466,1.2111068147466,1.2111068147466,1.2111068147466,1.2111068147466,1.2111068147466,1.2111068147466,1.2111068147466,1.2111068147466,1.2111068147466,1.2111068147466,1.2111068147466,1.2111068147466,1.2111068147466,1.2111068147466,1.2111068147466,1.2111068147466,1.2111068147466,1.2111068147466,1.2111068147466,1.2111068147466,1.2111068147466,1.2111068147466,1.2111068147466),(0.934080585279724,0.934080585279724,0.934080585279724,0.934080585279724,0.934080585279724,0.934080585279724,0.934080585279724,0.934080585279724,0.934080585279724,0.934080585279724,0.934080585279724,0.934080585279724,0.934080585279724,0.934080585279724,0.934080585279724,0.934080585279724,0.934080585279724,0.934080585279724,0.934080585279724,0.934080585279724,0.934080585279724,0.934080585279724,0.934080585279724,0.934080585279724,0.934080585279724,0.934080585279724,0.934080585279724,0.934080585279724,0.934080585279724,0.934080585279724,0.934080585279724,0.934080585279724,0.934080585279724,0.934080585279724),(0.929701399104925,0.929701399104925,0.929701399104925,0.929701399104925,0.929701399104925,0.929701399104925,0.929701399104925,0.929701399104925,0.929701399104925,0.929701399104925,0.929701399104925,0.929701399104925,0.929701399104925,0.929701399104925,0.929701399104925,0.929701399104925,0.929701399104925,0.929701399104925,0.929701399104925,0.929701399104925,0.929701399104925,0.929701399104925,0.929701399104925,0.929701399104925,0.929701399104925,0.929701399104925,0.929701399104925,0.929701399104925,0.929701399104925,0.929701399104925,0.929701399104925,0.929701399104925,0.929701399104925,0.929701399104925),(1.1979692562222,1.1979692562222,1.1979692562222,1.1979692562222,1.1979692562222,1.1979692562222,1.1979692562222,1.1979692562222,1.1979692562222,1.1979692562222,1.1979692562222,1.1979692562222,1.1979692562222,1.1979692562222,1.1979692562222,1.1979692562222,1.1979692562222,1.1979692562222,1.1979692562222,1.1979692562222,1.1979692562222,1.1979692562222,1.1979692562222,1.1979692562222,1.1979692562222,1.1979692562222,1.1979692562222,1.1979692562222,1.1979692562222,1.1979692562222,1.1979692562222,1.1979692562222,1.1979692562222,1.1979692562222)))BOUNDED_SURFACE()REPRESENTATION_ITEM('')GEOMETRIC_REPRESENTATION_ITEM()SURFACE());
#503=FACE_OUTER_BOUND('',#3176,.T.);
#504=CYLINDRICAL_SURFACE('',#3177,0.3);
#505=FACE_OUTER_BOUND('',#3178,.T.);
#506=PLANE('',#3179);
#507=FACE_OUTER_BOUND('',#3180,.T.);
#508=CYLINDRICAL_SURFACE('',#3181,0.1);
#509=FACE_OUTER_BOUND('',#3182,.T.);
#510=PLANE('',#3183);
#511=FACE_OUTER_BOUND('',#3184,.T.);
#512=CYLINDRICAL_SURFACE('',#3185,0.3);
#513=FACE_OUTER_BOUND('',#3186,.T.);
#514=(B_SPLINE_SURFACE(3,3,((#3188,#3189,#3190,#3191,#3192,#3193,#3194,#3195,#3196,#3197,#3198,#3199,#3200,#3201,#3202,#3203,#3204,#3205,#3206,#3207,#3208,#3209,#3210,#3211,#3212,#3213,#3214),(#3215,#3216,#3217,#3218,#3219,#3220,#3221,#3222,#3223,#3224,#3225,#3226,#3227,#3228,#3229,#3230,#3231,#3232,#3233,#3234,#3235,#3236,#3237,#3238,#3239,#3240,#3241),(#3242,#3243,#3244,#3245,#3246,#3247,#3248,#3249,#3250,#3251,#3252,#3253,#3254,#3255,#3256,#3257,#3258,#3259,#3260,#3261,#3262,#3263,#3264,#3265,#3266,#3267,#3268),(#3269,#3270,#3271,#3272,#3273,#3274,#3275,#3276,#3277,#3278,#3279,#3280,#3281,#3282,#3283,#3284,#3285,#3286,#3287,#3288,#3289,#3290,#3291,#3292,#3293,#3294,#3295)),.UNSPECIFIED.,.F.,.F.,.F.)B_SPLINE_SURFACE_WITH_KNOTS((4,4),(4,1,1,1,1,1,1,1,1,1,1,1,1,1,1,1,1,1,1,1,1,1,1,1,4),(0.0504776980257301,0.955578769043393),(0.03533536751633,0.06121408639978,0.09311288070675,0.1259488351986,0.1598141506423,0.1948902616784,0.2312775425692,0.2688309524155,0.3073268076725,0.3466326013958,0.386668842283,0.427365544031,0.4686779203968,0.5105563874974,0.5529549694254,0.5959186223363,0.6394794145145,0.6835980306979,0.7279654596965,0.7720321104038,0.8146893815157,0.8554681508871,0.8943010042461,0.9312293128878,0.9570551298066),.UNSPECIFIED.)RATIONAL_B_SPLINE_SURFACE(((1.19291435097052,1.19291435097052,1.19291435097052,1.19291435097052,1.19291435097052,1.19291435097052,1.19291435097052,1.19291435097052,1.19291435097052,1.19291435097052,1.19291435097052,1.19291435097052,1.19291435097052,1.19291435097052,1.19291435097052,1.19291435097052,1.19291435097052,1.19291435097052,1.19291435097052,1.19291435097052,1.19291435097052,1.19291435097052,1.19291435097052,1.19291435097052,1.19291435097052,1.19291435097052,1.19291435097052),(0.933962444452157,0.933962444452157,0.933962444452157,0.933962444452157,0.933962444452157,0.933962444452157,0.933962444452157,0.933962444452157,0.933962444452157,0.933962444452157,0.933962444452157,0.933962444452157,0.933962444452157,0.933962444452157,0.933962444452157,0.933962444452157,0.933962444452157,0.933962444452157,0.933962444452157,0.933962444452157,0.933962444452157,0.933962444452157,0.933962444452157,0.933962444452157,0.933962444452157,0.933962444452157,0.933962444452157),(0.935706889263268,0.935706889263268,0.935706889263268,0.935706889263268,0.935706889263268,0.935706889263268,0.935706889263268,0.935706889263268,0.935706889263268,0.935706889263268,0.935706889263268,0.935706889263268,0.935706889263268,0.935706889263268,0.935706889263268,0.935706889263268,0.935706889263268,0.935706889263268,0.935706889263268,0.935706889263268,0.935706889263268,0.935706889263268,0.935706889263268,0.935706889263268,0.935706889263268,0.935706889263268,0.935706889263268),(1.19814768540385,1.19814768540385,1.19814768540385,1.19814768540385,1.19814768540385,1.19814768540385,1.19814768540385,1.19814768540385,1.19814768540385,1.19814768540385,1.19814768540385,1.19814768540385,1.19814768540385,1.19814768540385,1.19814768540385,1.19814768540385,1.19814768540385,1.19814768540385,1.19814768540385,1.19814768540385,1.19814768540385,1.19814768540385,1.19814768540385,1.19814768540385,1.19814768540385,1.19814768540385,1.19814768540385)))BOUNDED_SURFACE()REPRESENTATION_ITEM('')GEOMETRIC_REPRESENTATION_ITEM()SURFACE());
#515=FACE_OUTER_BOUND('',#3302,.T.);
#516=CYLINDRICAL_SURFACE('',#3303,0.2);
#517=FACE_OUTER_BOUND('',#3304,.T.);
#518=PLANE('',#3305);
#519=FACE_OUTER_BOUND('',#3306,.T.);
#520=CYLINDRICAL_SURFACE('',#3307,0.3);
#521=FACE_OUTER_BOUND('',#3308,.T.);
#522=(B_SPLINE_SURFACE(3,3,((#3310,#3311,#3312,#3313,#3314,#3315,#3316,#3317,#3318,#3319,#3320,#3321,#3322,#3323,#3324,#3325,#3326,#3327,#3328,#3329,#3330,#3331,#3332,#3333,#3334,#3335,#3336,#3337,#3338),(#3339,#3340,#3341,#3342,#3343,#3344,#3345,#3346,#3347,#3348,#3349,#3350,#3351,#3352,#3353,#3354,#3355,#3356,#3357,#3358,#3359,#3360,#3361,#3362,#3363,#3364,#3365,#3366,#3367),(#3368,#3369,#3370,#3371,#3372,#3373,#3374,#3375,#3376,#3377,#3378,#3379,#3380,#3381,#3382,#3383,#3384,#3385,#3386,#3387,#3388,#3389,#3390,#3391,#3392,#3393,#3394,#3395,#3396),(#3397,#3398,#3399,#3400,#3401,#3402,#3403,#3404,#3405,#3406,#3407,#3408,#3409,#3410,#3411,#3412,#3413,#3414,#3415,#3416,#3417,#3418,#3419,#3420,#3421,#3422,#3423,#3424,#3425)),.UNSPECIFIED.,.F.,.F.,.F.)B_SPLINE_SURFACE_WITH_KNOTS((4,4),(4,1,1,1,1,1,1,1,1,1,1,1,1,1,1,1,1,1,1,1,1,1,1,1,1,1,4),(0.0506125578498452,0.970471478592199),(0.02402660845419,0.03328096399749,0.06817389259495,0.1047727853897,0.1431382603463,0.1832926289632,0.2250997782316,0.2679656837369,0.3107703609771,0.353204839641,0.3951271596899,0.4365056797404,0.4773533272424,0.5177063144308,0.5575212085544,0.596755885802,0.6353746126603,0.6733039454259,0.7104583619886,0.7467519772134,0.7819953042539,0.8159539258388,0.8487359286784,0.8805680942806,0.9115730501244,0.9417748678896,0.9430551443344),.UNSPECIFIED.)RATIONAL_B_SPLINE_SURFACE(((1.19279878632097,1.19279878632097,1.19279878632097,1.19279878632097,1.19279878632097,1.19279878632097,1.19279878632097,1.19279878632097,1.19279878632097,1.19279878632097,1.19279878632097,1.19279878632097,1.19279878632097,1.19279878632097,1.19279878632097,1.19279878632097,1.19279878632097,1.19279878632097,1.19279878632097,1.19279878632097,1.19279878632097,1.19279878632097,1.19279878632097,1.19279878632097,1.19279878632097,1.19279878632097,1.19279878632097,1.19279878632097,1.19279878632097),(0.92970334146816,0.92970334146816,0.92970334146816,0.92970334146816,0.92970334146816,0.92970334146816,0.92970334146816,0.92970334146816,0.92970334146816,0.92970334146816,0.92970334146816,0.92970334146816,0.92970334146816,0.92970334146816,0.92970334146816,0.92970334146816,0.92970334146816,0.92970334146816,0.92970334146816,0.92970334146816,0.92970334146816,0.92970334146816,0.92970334146816,0.92970334146816,0.92970334146816,0.92970334146816,0.92970334146816,0.92970334146816,0.92970334146816),(0.935875202791734,0.935875202791734,0.935875202791734,0.935875202791734,0.935875202791734,0.935875202791734,0.935875202791734,0.935875202791734,0.935875202791734,0.935875202791734,0.935875202791734,0.935875202791734,0.935875202791734,0.935875202791734,0.935875202791734,0.935875202791734,0.935875202791734,0.935875202791734,0.935875202791734,0.935875202791734,0.935875202791734,0.935875202791734,0.935875202791734,0.935875202791734,0.935875202791734,0.935875202791734,0.935875202791734,0.935875202791734,0.935875202791734),(1.21131437029169,1.21131437029169,1.21131437029169,1.21131437029169,1.21131437029169,1.21131437029169,1.21131437029169,1.21131437029169,1.21131437029169,1.21131437029169,1.21131437029169,1.21131437029169,1.21131437029169,1.21131437029169,1.21131437029169,1.21131437029169,1.21131437029169,1.21131437029169,1.21131437029169,1.21131437029169,1.21131437029169,1.21131437029169,1.21131437029169,1.21131437029169,1.21131437029169,1.21131437029169,1.21131437029169,1.21131437029169,1.21131437029169)))BOUNDED_SURFACE()REPRESENTATION_ITEM('')GEOMETRIC_REPRESENTATION_ITEM()SURFACE());
#523=FACE_OUTER_BOUND('',#3432,.T.);
#524=PLANE('',#3433);
#525=FACE_OUTER_BOUND('',#3434,.T.);
#526=CYLINDRICAL_SURFACE('',#3435,0.1);
#527=FACE_OUTER_BOUND('',#3436,.T.);
#528=PLANE('',#3437);
#529=FACE_OUTER_BOUND('',#3438,.T.);
#530=CYLINDRICAL_SURFACE('',#3439,0.3);
#531=FACE_OUTER_BOUND('',#3440,.T.);
#532=(B_SPLINE_SURFACE(3,3,((#3442,#3443,#3444,#3445,#3446,#3447,#3448,#3449,#3450,#3451,#3452,#3453,#3454,#3455,#3456,#3457,#3458,#3459,#3460,#3461,#3462,#3463,#3464,#3465,#3466,#3467,#3468,#3469,#3470,#3471,#3472,#3473,#3474),(#3475,#3476,#3477,#3478,#3479,#3480,#3481,#3482,#3483,#3484,#3485,#3486,#3487,#3488,#3489,#3490,#3491,#3492,#3493,#3494,#3495,#3496,#3497,#3498,#3499,#3500,#3501,#3502,#3503,#3504,#3505,#3506,#3507),(#3508,#3509,#3510,#3511,#3512,#3513,#3514,#3515,#3516,#3517,#3518,#3519,#3520,#3521,#3522,#3523,#3524,#3525,#3526,#3527,#3528,#3529,#3530,#3531,#3532,#3533,#3534,#3535,#3536,#3537,#3538,#3539,#3540),(#3541,#3542,#3543,#3544,#3545,#3546,#3547,#3548,#3549,#3550,#3551,#3552,#3553,#3554,#3555,#3556,#3557,#3558,#3559,#3560,#3561,#3562,#3563,#3564,#3565,#3566,#3567,#3568,#3569,#3570,#3571,#3572,#3573)),.UNSPECIFIED.,.F.,.F.,.F.)B_SPLINE_SURFACE_WITH_KNOTS((4,4),(4,1,1,1,1,1,1,1,1,1,1,1,1,1,1,1,1,1,1,1,1,1,1,1,1,1,1,1,1,1,4),(0.188166885704307,0.806619353911868),(0.133167137380686,0.1482519889293,0.1645708210532,0.1804900970529,0.1963951059849,0.2126802947484,0.2297842153545,0.248103553449,0.2679450881878,0.2899405160796,0.3149842298001,0.3437110525168,0.3761811971135,0.4125387211359,0.453856165347,0.5008661673473,0.5512193941408,0.6008917256769,0.6454054326607,0.6846704107332,0.7193134064329,0.7496346573046,0.7764378006529,0.8001513281482,0.8210595231346,0.8395552174782,0.8563029925715,0.8721772157052,0.8881311977491,0.9041732581577,0.912104561658715),.UNSPECIFIED.)RATIONAL_B_SPLINE_SURFACE(((1.19287207516305,1.19287207516305,1.19287207516305,1.19287207516305,1.19287207516305,1.19287207516305,1.19287207516305,1.19287207516305,1.19287207516305,1.19287207516305,1.19287207516305,1.19287207516305,1.19287207516305,1.19287207516305,1.19287207516305,1.19287207516305,1.19287207516305,1.19287207516305,1.19287207516305,1.19287207516305,1.19287207516305,1.19287207516305,1.19287207516305,1.19287207516305,1.19287207516305,1.19287207516305,1.19287207516305,1.19287207516305,1.19287207516305,1.19287207516305,1.19287207516305,1.19287207516305,1.19287207516305),(0.937859152193483,0.937859152193483,0.937859152193483,0.937859152193483,0.937859152193483,0.937859152193483,0.937859152193483,0.937859152193483,0.937859152193483,0.937859152193483,0.937859152193483,0.937859152193483,0.937859152193483,0.937859152193483,0.937859152193483,0.937859152193483,0.937859152193483,0.937859152193483,0.937859152193483,0.937859152193483,0.937859152193483,0.937859152193483,0.937859152193483,0.937859152193483,0.937859152193483,0.937859152193483,0.937859152193483,0.937859152193483,0.937859152193483,0.937859152193483,0.937859152193483,0.937859152193483,0.937859152193483),(0.935727280666392,0.935727280666392,0.935727280666392,0.935727280666392,0.935727280666392,0.935727280666392,0.935727280666392,0.935727280666392,0.935727280666392,0.935727280666392,0.935727280666392,0.935727280666392,0.935727280666392,0.935727280666392,0.935727280666392,0.935727280666392,0.935727280666392,0.935727280666392,0.935727280666392,0.935727280666392,0.935727280666392,0.935727280666392,0.935727280666392,0.935727280666392,0.935727280666392,0.935727280666392,0.935727280666392,0.935727280666392,0.935727280666392,0.935727280666392,0.935727280666392,0.935727280666392,0.935727280666392),(1.18647646058178,1.18647646058178,1.18647646058178,1.18647646058178,1.18647646058178,1.18647646058178,1.18647646058178,1.18647646058178,1.18647646058178,1.18647646058178,1.18647646058178,1.18647646058178,1.18647646058178,1.18647646058178,1.18647646058178,1.18647646058178,1.18647646058178,1.18647646058178,1.18647646058178,1.18647646058178,1.18647646058178,1.18647646058178,1.18647646058178,1.18647646058178,1.18647646058178,1.18647646058178,1.18647646058178,1.18647646058178,1.18647646058178,1.18647646058178,1.18647646058178,1.18647646058178,1.18647646058178)))BOUNDED_SURFACE()REPRESENTATION_ITEM('')GEOMETRIC_REPRESENTATION_ITEM()SURFACE());
#533=FACE_OUTER_BOUND('',#3580,.T.);
#534=CYLINDRICAL_SURFACE('',#3581,0.05);
#535=FACE_OUTER_BOUND('',#3582,.T.);
#536=(B_SPLINE_SURFACE(3,3,((#3584,#3585,#3586,#3587,#3588,#3589,#3590,#3591,#3592,#3593,#3594,#3595,#3596,#3597,#3598,#3599,#3600,#3601,#3602,#3603,#3604,#3605,#3606,#3607,#3608,#3609,#3610,#3611,#3612,#3613,#3614,#3615,#3616,#3617),(#3618,#3619,#3620,#3621,#3622,#3623,#3624,#3625,#3626,#3627,#3628,#3629,#3630,#3631,#3632,#3633,#3634,#3635,#3636,#3637,#3638,#3639,#3640,#3641,#3642,#3643,#3644,#3645,#3646,#3647,#3648,#3649,#3650,#3651),(#3652,#3653,#3654,#3655,#3656,#3657,#3658,#3659,#3660,#3661,#3662,#3663,#3664,#3665,#3666,#3667,#3668,#3669,#3670,#3671,#3672,#3673,#3674,#3675,#3676,#3677,#3678,#3679,#3680,#3681,#3682,#3683,#3684,#3685),(#3686,#3687,#3688,#3689,#3690,#3691,#3692,#3693,#3694,#3695,#3696,#3697,#3698,#3699,#3700,#3701,#3702,#3703,#3704,#3705,#3706,#3707,#3708,#3709,#3710,#3711,#3712,#3713,#3714,#3715,#3716,#3717,#3718,#3719)),.UNSPECIFIED.,.F.,.F.,.F.)B_SPLINE_SURFACE_WITH_KNOTS((4,4),(4,1,1,1,1,1,1,1,1,1,1,1,1,1,1,1,1,1,1,1,1,1,1,1,1,1,1,1,1,1,1,4),(0.173758380766998,0.815927268309385),(0.05045775279238,0.06106663094261,0.07665171492404,0.09253999739037,0.1091146408711,0.1270717702002,0.1469109910497,0.1688758077567,0.193595559144,0.2216812844712,0.2536132923065,0.2898457787385,0.3310671496801,0.3778308360666,0.4268006995721,0.4734406699413,0.5150523935098,0.551372795087,0.5837065698485,0.61257918626,0.6381377958611,0.660724510623,0.6809316900851,0.6993834517193,0.7164598373138,0.7325488361789,0.7481210451051,0.7635281120188,0.779015091489,0.7948280559556,0.8112577784266,0.817695458349679),.UNSPECIFIED.)RATIONAL_B_SPLINE_SURFACE(((1.21110681386711,1.21110681386711,1.21110681386711,1.21110681386711,1.21110681386711,1.21110681386711,1.21110681386711,1.21110681386711,1.21110681386711,1.21110681386711,1.21110681386711,1.21110681386711,1.21110681386711,1.21110681386711,1.21110681386711,1.21110681386711,1.21110681386711,1.21110681386711,1.21110681386711,1.21110681386711,1.21110681386711,1.21110681386711,1.21110681386711,1.21110681386711,1.21110681386711,1.21110681386711,1.21110681386711,1.21110681386711,1.21110681386711,1.21110681386711,1.21110681386711,1.21110681386711,1.21110681386711,1.21110681386711),(0.934080585816882,0.934080585816882,0.934080585816882,0.934080585816882,0.934080585816882,0.934080585816882,0.934080585816882,0.934080585816882,0.934080585816882,0.934080585816882,0.934080585816882,0.934080585816882,0.934080585816882,0.934080585816882,0.934080585816882,0.934080585816882,0.934080585816882,0.934080585816882,0.934080585816882,0.934080585816882,0.934080585816882,0.934080585816882,0.934080585816882,0.934080585816882,0.934080585816882,0.934080585816882,0.934080585816882,0.934080585816882,0.934080585816882,0.934080585816882,0.934080585816882,0.934080585816882,0.934080585816882,0.934080585816882),(0.929701399406097,0.929701399406097,0.929701399406097,0.929701399406097,0.929701399406097,0.929701399406097,0.929701399406097,0.929701399406097,0.929701399406097,0.929701399406097,0.929701399406097,0.929701399406097,0.929701399406097,0.929701399406097,0.929701399406097,0.929701399406097,0.929701399406097,0.929701399406097,0.929701399406097,0.929701399406097,0.929701399406097,0.929701399406097,0.929701399406097,0.929701399406097,0.929701399406097,0.929701399406097,0.929701399406097,0.929701399406097,0.929701399406097,0.929701399406097,0.929701399406097,0.929701399406097,0.929701399406097,0.929701399406097),(1.19796925463475,1.19796925463475,1.19796925463475,1.19796925463475,1.19796925463475,1.19796925463475,1.19796925463475,1.19796925463475,1.19796925463475,1.19796925463475,1.19796925463475,1.19796925463475,1.19796925463475,1.19796925463475,1.19796925463475,1.19796925463475,1.19796925463475,1.19796925463475,1.19796925463475,1.19796925463475,1.19796925463475,1.19796925463475,1.19796925463475,1.19796925463475,1.19796925463475,1.19796925463475,1.19796925463475,1.19796925463475,1.19796925463475,1.19796925463475,1.19796925463475,1.19796925463475,1.19796925463475,1.19796925463475)))BOUNDED_SURFACE()REPRESENTATION_ITEM('')GEOMETRIC_REPRESENTATION_ITEM()SURFACE());
#537=FACE_OUTER_BOUND('',#3726,.T.);
#538=CYLINDRICAL_SURFACE('',#3727,0.3);
#539=FACE_OUTER_BOUND('',#3728,.T.);
#540=PLANE('',#3729);
#541=FACE_OUTER_BOUND('',#3730,.T.);
#542=CYLINDRICAL_SURFACE('',#3731,0.1);
#543=FACE_OUTER_BOUND('',#3732,.T.);
#544=PLANE('',#3733);
#545=FACE_OUTER_BOUND('',#3734,.T.);
#546=CYLINDRICAL_SURFACE('',#3735,0.3);
#547=FACE_OUTER_BOUND('',#3736,.T.);
#548=(B_SPLINE_SURFACE(3,3,((#3738,#3739,#3740,#3741,#3742,#3743,#3744,#3745,#3746,#3747,#3748,#3749,#3750,#3751,#3752,#3753,#3754,#3755,#3756,#3757,#3758,#3759,#3760,#3761,#3762,#3763,#3764),(#3765,#3766,#3767,#3768,#3769,#3770,#3771,#3772,#3773,#3774,#3775,#3776,#3777,#3778,#3779,#3780,#3781,#3782,#3783,#3784,#3785,#3786,#3787,#3788,#3789,#3790,#3791),(#3792,#3793,#3794,#3795,#3796,#3797,#3798,#3799,#3800,#3801,#3802,#3803,#3804,#3805,#3806,#3807,#3808,#3809,#3810,#3811,#3812,#3813,#3814,#3815,#3816,#3817,#3818),(#3819,#3820,#3821,#3822,#3823,#3824,#3825,#3826,#3827,#3828,#3829,#3830,#3831,#3832,#3833,#3834,#3835,#3836,#3837,#3838,#3839,#3840,#3841,#3842,#3843,#3844,#3845)),.UNSPECIFIED.,.F.,.F.,.F.)B_SPLINE_SURFACE_WITH_KNOTS((4,4),(4,1,1,1,1,1,1,1,1,1,1,1,1,1,1,1,1,1,1,1,1,1,1,1,4),(0.0504776798747268,0.955578609940626),(0.03533536751632,0.06121408639977,0.09311288070673,0.1259488351986,0.1598141506423,0.1948902616783,0.2312775425691,0.2688309524153,0.3073268076723,0.3466326013956,0.3866688422828,0.4273655440308,0.4686779203965,0.5105563874972,0.5529549694252,0.5959186223361,0.6394794145143,0.6835980306976,0.7279654596962,0.7720321104035,0.8146893815154,0.8554681508867,0.8943010042458,0.9312293128875,0.9570551298066),.UNSPECIFIED.)RATIONAL_B_SPLINE_SURFACE(((1.19291436654968,1.19291436654968,1.19291436654968,1.19291436654968,1.19291436654968,1.19291436654968,1.19291436654968,1.19291436654968,1.19291436654968,1.19291436654968,1.19291436654968,1.19291436654968,1.19291436654968,1.19291436654968,1.19291436654968,1.19291436654968,1.19291436654968,1.19291436654968,1.19291436654968,1.19291436654968,1.19291436654968,1.19291436654968,1.19291436654968,1.19291436654968,1.19291436654968,1.19291436654968,1.19291436654968),(0.933962489901932,0.933962489901932,0.933962489901932,0.933962489901932,0.933962489901932,0.933962489901932,0.933962489901932,0.933962489901932,0.933962489901932,0.933962489901932,0.933962489901932,0.933962489901932,0.933962489901932,0.933962489901932,0.933962489901932,0.933962489901932,0.933962489901932,0.933962489901932,0.933962489901932,0.933962489901932,0.933962489901932,0.933962489901932,0.933962489901932,0.933962489901932,0.933962489901932,0.933962489901932,0.933962489901932),(0.935706883386966,0.935706883386966,0.935706883386966,0.935706883386966,0.935706883386966,0.935706883386966,0.935706883386966,0.935706883386966,0.935706883386966,0.935706883386966,0.935706883386966,0.935706883386966,0.935706883386966,0.935706883386966,0.935706883386966,0.935706883386966,0.935706883386966,0.935706883386966,0.935706883386966,0.935706883386966,0.935706883386966,0.935706883386966,0.935706883386966,0.935706883386966,0.935706883386966,0.935706883386966,0.935706883386966),(1.19814754700478,1.19814754700478,1.19814754700478,1.19814754700478,1.19814754700478,1.19814754700478,1.19814754700478,1.19814754700478,1.19814754700478,1.19814754700478,1.19814754700478,1.19814754700478,1.19814754700478,1.19814754700478,1.19814754700478,1.19814754700478,1.19814754700478,1.19814754700478,1.19814754700478,1.19814754700478,1.19814754700478,1.19814754700478,1.19814754700478,1.19814754700478,1.19814754700478,1.19814754700478,1.19814754700478)))BOUNDED_SURFACE()REPRESENTATION_ITEM('')GEOMETRIC_REPRESENTATION_ITEM()SURFACE());
#549=FACE_OUTER_BOUND('',#3852,.T.);
#550=CYLINDRICAL_SURFACE('',#3853,0.2);
#551=FACE_OUTER_BOUND('',#3854,.T.);
#552=PLANE('',#3855);
#553=FACE_OUTER_BOUND('',#3856,.T.);
#554=CYLINDRICAL_SURFACE('',#3857,0.3);
#555=FACE_OUTER_BOUND('',#3858,.T.);
#556=(B_SPLINE_SURFACE(3,3,((#3860,#3861,#3862,#3863,#3864,#3865,#3866,#3867,#3868,#3869,#3870,#3871,#3872,#3873,#3874,#3875,#3876,#3877,#3878,#3879,#3880,#3881,#3882,#3883,#3884,#3885,#3886,#3887,#3888),(#3889,#3890,#3891,#3892,#3893,#3894,#3895,#3896,#3897,#3898,#3899,#3900,#3901,#3902,#3903,#3904,#3905,#3906,#3907,#3908,#3909,#3910,#3911,#3912,#3913,#3914,#3915,#3916,#3917),(#3918,#3919,#3920,#3921,#3922,#3923,#3924,#3925,#3926,#3927,#3928,#3929,#3930,#3931,#3932,#3933,#3934,#3935,#3936,#3937,#3938,#3939,#3940,#3941,#3942,#3943,#3944,#3945,#3946),(#3947,#3948,#3949,#3950,#3951,#3952,#3953,#3954,#3955,#3956,#3957,#3958,#3959,#3960,#3961,#3962,#3963,#3964,#3965,#3966,#3967,#3968,#3969,#3970,#3971,#3972,#3973,#3974,#3975)),.UNSPECIFIED.,.F.,.F.,.F.)B_SPLINE_SURFACE_WITH_KNOTS((4,4),(4,1,1,1,1,1,1,1,1,1,1,1,1,1,1,1,1,1,1,1,1,1,1,1,1,1,4),(0.0506125578450822,0.97047156469395),(0.02402660845419,0.03328096399749,0.06817389259498,0.1047727853897,0.1431382603464,0.1832926289632,0.2250997782315,0.2679656837368,0.3107703609771,0.353204839641,0.3951271596899,0.4365056797404,0.4773533272424,0.5177063144308,0.5575212085543,0.596755885802,0.6353746126603,0.6733039454259,0.7104583619886,0.7467519772134,0.7819953042539,0.8159539258388,0.8487359286784,0.8805680942806,0.9115730501244,0.9417748678896,0.9430551443344),.UNSPECIFIED.)RATIONAL_B_SPLINE_SURFACE(((1.19279878632505,1.19279878632505,1.19279878632505,1.19279878632505,1.19279878632505,1.19279878632505,1.19279878632505,1.19279878632505,1.19279878632505,1.19279878632505,1.19279878632505,1.19279878632505,1.19279878632505,1.19279878632505,1.19279878632505,1.19279878632505,1.19279878632505,1.19279878632505,1.19279878632505,1.19279878632505,1.19279878632505,1.19279878632505,1.19279878632505,1.19279878632505,1.19279878632505,1.19279878632505,1.19279878632505,1.19279878632505,1.19279878632505),(0.929703316841517,0.929703316841517,0.929703316841517,0.929703316841517,0.929703316841517,0.929703316841517,0.929703316841517,0.929703316841517,0.929703316841517,0.929703316841517,0.929703316841517,0.929703316841517,0.929703316841517,0.929703316841517,0.929703316841517,0.929703316841517,0.929703316841517,0.929703316841517,0.929703316841517,0.929703316841517,0.929703316841517,0.929703316841517,0.929703316841517,0.929703316841517,0.929703316841517,0.929703316841517,0.929703316841517,0.929703316841517,0.929703316841517),(0.935875203945722,0.935875203945722,0.935875203945722,0.935875203945722,0.935875203945722,0.935875203945722,0.935875203945722,0.935875203945722,0.935875203945722,0.935875203945722,0.935875203945722,0.935875203945722,0.935875203945722,0.935875203945722,0.935875203945722,0.935875203945722,0.935875203945722,0.935875203945722,0.935875203945722,0.935875203945722,0.935875203945722,0.935875203945722,0.935875203945722,0.935875203945722,0.935875203945722,0.935875203945722,0.935875203945722,0.935875203945722,0.935875203945722),(1.21131444763767,1.21131444763767,1.21131444763767,1.21131444763767,1.21131444763767,1.21131444763767,1.21131444763767,1.21131444763767,1.21131444763767,1.21131444763767,1.21131444763767,1.21131444763767,1.21131444763767,1.21131444763767,1.21131444763767,1.21131444763767,1.21131444763767,1.21131444763767,1.21131444763767,1.21131444763767,1.21131444763767,1.21131444763767,1.21131444763767,1.21131444763767,1.21131444763767,1.21131444763767,1.21131444763767,1.21131444763767,1.21131444763767)))BOUNDED_SURFACE()REPRESENTATION_ITEM('')GEOMETRIC_REPRESENTATION_ITEM()SURFACE());
#557=FACE_OUTER_BOUND('',#3982,.T.);
#558=PLANE('',#3983);
#559=FACE_OUTER_BOUND('',#3984,.T.);
#560=CYLINDRICAL_SURFACE('',#3985,0.1);
#561=FACE_OUTER_BOUND('',#3986,.T.);
#562=PLANE('',#3987);
#563=EDGE_LOOP('',(#3988,#3989,#3990,#3991));
#564=EDGE_LOOP('',(#3992,#3993,#3994,#3995,#3996,#3997,#3998,#3999));
#565=EDGE_LOOP('',(#4000,#4001,#4002,#4003,#4004,#4005,#4006,#4007));
#566=EDGE_LOOP('',(#4008,#4009,#4010,#4011,#4012,#4013,#4014,#4015));
#567=EDGE_LOOP('',(#4016,#4017,#4018,#4019,#4020,#4021,#4022,#4023));
#568=EDGE_LOOP('',(#4024,#4025,#4026,#4027,#4028,#4029,#4030,#4031));
#569=EDGE_LOOP('',(#4032,#4033,#4034,#4035,#4036,#4037,#4038,#4039));
#570=AXIS2_PLACEMENT_3D('',#4040,#4041,#4042);
#571=EDGE_LOOP('',(#4043,#4044,#4045,#4046));
#572=AXIS2_PLACEMENT_3D('',#4047,#4048,#4049);
#573=EDGE_LOOP('',(#4050,#4051,#4052,#4053));
#574=AXIS2_PLACEMENT_3D('',#4054,#4055,#4056);
#575=EDGE_LOOP('',(#4057,#4058,#4059,#4060));
#576=AXIS2_PLACEMENT_3D('',#4061,#4062,#4063);
#577=EDGE_LOOP('',(#4064,#4065,#4066,#4067));
#578=AXIS2_PLACEMENT_3D('',#4068,#4069,#4070);
#579=EDGE_LOOP('',(#4071,#4072,#4073,#4074));
#580=EDGE_LOOP('',(#4075,#4076,#4077,#4078,#4079,#4080,#4081));
#581=EDGE_LOOP('',(#4082,#4083,#4084,#4085));
#582=EDGE_LOOP('',(#4086,#4087,#4088,#4089));
#583=EDGE_LOOP('',(#4090,#4091,#4092,#4093));
#584=EDGE_LOOP('',(#4094,#4095,#4096,#4097));
#585=EDGE_LOOP('',(#4098,#4099,#4100,#4101));
#586=EDGE_LOOP('',(#4102,#4103,#4104,#4105));
#587=AXIS2_PLACEMENT_3D('',#4106,#4107,#4108);
#588=EDGE_LOOP('',(#4109,#4110,#4111,#4112));
#589=AXIS2_PLACEMENT_3D('',#4113,#4114,#4115);
#590=EDGE_LOOP('',(#4116,#4117,#4118,#4119));
#591=AXIS2_PLACEMENT_3D('',#4120,#4121,#4122);
#592=EDGE_LOOP('',(#4123,#4124,#4125,#4126));
#593=AXIS2_PLACEMENT_3D('',#4127,#4128,#4129);
#594=EDGE_LOOP('',(#4130,#4131,#4132,#4133));
#595=AXIS2_PLACEMENT_3D('',#4134,#4135,#4136);
#596=EDGE_LOOP('',(#4137,#4138,#4139,#4140));
#597=AXIS2_PLACEMENT_3D('',#4141,#4142,#4143);
#598=EDGE_LOOP('',(#4144,#4145,#4146,#4147));
#599=AXIS2_PLACEMENT_3D('',#4148,#4149,#4150);
#600=EDGE_LOOP('',(#4151,#4152,#4153,#4154));
#601=AXIS2_PLACEMENT_3D('',#4155,#4156,#4157);
#602=EDGE_LOOP('',(#4158,#4159,#4160,#4161,#4162,#4163,#4164));
#603=AXIS2_PLACEMENT_3D('',#4165,#4166,#4167);
#604=EDGE_LOOP('',(#4168,#4169,#4170,#4171,#4172,#4173));
#605=AXIS2_PLACEMENT_3D('',#4174,#4175,#4176);
#606=EDGE_LOOP('',(#4177,#4178,#4179,#4180));
#607=AXIS2_PLACEMENT_3D('',#4181,#4182,#4183);
#608=EDGE_LOOP('',(#4184,#4185,#4186,#4187,#4188,#4189));
#609=AXIS2_PLACEMENT_3D('',#4190,#4191,#4192);
#610=EDGE_LOOP('',(#4193,#4194,#4195,#4196));
#611=AXIS2_PLACEMENT_3D('',#4197,#4198,#4199);
#612=EDGE_LOOP('',(#4200,#4201,#4202,#4203));
#613=AXIS2_PLACEMENT_3D('',#4204,#4205,#4206);
#614=EDGE_LOOP('',(#4207,#4208,#4209,#4210));
#615=AXIS2_PLACEMENT_3D('',#4211,#4212,#4213);
#616=EDGE_LOOP('',(#4214,#4215,#4216,#4217));
#617=AXIS2_PLACEMENT_3D('',#4218,#4219,#4220);
#618=EDGE_LOOP('',(#4221,#4222,#4223,#4224,#4225,#4226));
#619=AXIS2_PLACEMENT_3D('',#4227,#4228,#4229);
#620=EDGE_LOOP('',(#4230,#4231,#4232,#4233));
#621=AXIS2_PLACEMENT_3D('',#4234,#4235,#4236);
#622=EDGE_LOOP('',(#4237,#4238,#4239,#4240,#4241,#4242));
#623=AXIS2_PLACEMENT_3D('',#4243,#4244,#4245);
#624=EDGE_LOOP('',(#4246,#4247,#4248,#4249));
#625=AXIS2_PLACEMENT_3D('',#4250,#4251,#4252);
#626=EDGE_LOOP('',(#4253,#4254,#4255,#4256));
#627=AXIS2_PLACEMENT_3D('',#4257,#4258,#4259);
#628=EDGE_LOOP('',(#4260,#4261,#4262,#4263));
#629=AXIS2_PLACEMENT_3D('',#4264,#4265,#4266);
#630=EDGE_LOOP('',(#4267,#4268,#4269,#4270));
#631=AXIS2_PLACEMENT_3D('',#4271,#4272,#4273);
#632=EDGE_LOOP('',(#4274,#4275,#4276,#4277,#4278,#4279));
#633=AXIS2_PLACEMENT_3D('',#4280,#4281,#4282);
#634=EDGE_LOOP('',(#4283,#4284,#4285,#4286));
#635=AXIS2_PLACEMENT_3D('',#4287,#4288,#4289);
#636=EDGE_LOOP('',(#4290,#4291,#4292,#4293,#4294,#4295));
#637=AXIS2_PLACEMENT_3D('',#4296,#4297,#4298);
#638=EDGE_LOOP('',(#4299,#4300,#4301,#4302));
#639=AXIS2_PLACEMENT_3D('',#4303,#4304,#4305);
#640=EDGE_LOOP('',(#4306,#4307,#4308,#4309));
#641=AXIS2_PLACEMENT_3D('',#4310,#4311,#4312);
#642=EDGE_LOOP('',(#4313,#4314,#4315,#4316));
#643=AXIS2_PLACEMENT_3D('',#4317,#4318,#4319);
#644=EDGE_LOOP('',(#4320,#4321,#4322,#4323));
#645=AXIS2_PLACEMENT_3D('',#4324,#4325,#4326);
#646=EDGE_LOOP('',(#4327,#4328,#4329,#4330,#4331,#4332));
#647=AXIS2_PLACEMENT_3D('',#4333,#4334,#4335);
#648=EDGE_LOOP('',(#4336,#4337,#4338,#4339));
#649=AXIS2_PLACEMENT_3D('',#4340,#4341,#4342);
#650=EDGE_LOOP('',(#4343,#4344,#4345,#4346,#4347,#4348));
#651=AXIS2_PLACEMENT_3D('',#4349,#4350,#4351);
#652=EDGE_LOOP('',(#4352,#4353,#4354,#4355));
#653=AXIS2_PLACEMENT_3D('',#4356,#4357,#4358);
#654=EDGE_LOOP('',(#4359,#4360,#4361,#4362));
#655=AXIS2_PLACEMENT_3D('',#4363,#4364,#4365);
#656=EDGE_LOOP('',(#4366,#4367,#4368,#4369));
#657=AXIS2_PLACEMENT_3D('',#4370,#4371,#4372);
#658=EDGE_LOOP('',(#4373,#4374,#4375,#4376));
#659=AXIS2_PLACEMENT_3D('',#4377,#4378,#4379);
#660=EDGE_LOOP('',(#4380,#4381,#4382,#4383,#4384,#4385));
#661=AXIS2_PLACEMENT_3D('',#4386,#4387,#4388);
#662=EDGE_LOOP('',(#4389,#4390,#4391,#4392));
#663=AXIS2_PLACEMENT_3D('',#4393,#4394,#4395);
#664=EDGE_LOOP('',(#4396,#4397,#4398,#4399,#4400,#4401));
#665=AXIS2_PLACEMENT_3D('',#4402,#4403,#4404);
#666=EDGE_LOOP('',(#4405,#4406,#4407,#4408));
#667=AXIS2_PLACEMENT_3D('',#4409,#4410,#4411);
#668=EDGE_LOOP('',(#4412,#4413,#4414,#4415));
#669=AXIS2_PLACEMENT_3D('',#4416,#4417,#4418);
#670=EDGE_LOOP('',(#4419,#4420,#4421,#4422));
#671=AXIS2_PLACEMENT_3D('',#4423,#4424,#4425);
#672=EDGE_LOOP('',(#4426,#4427,#4428,#4429));
#673=AXIS2_PLACEMENT_3D('',#4430,#4431,#4432);
#674=EDGE_LOOP('',(#4433,#4434,#4435,#4436,#4437,#4438));
#675=AXIS2_PLACEMENT_3D('',#4439,#4440,#4441);
#676=EDGE_LOOP('',(#4442,#4443,#4444,#4445));
#677=AXIS2_PLACEMENT_3D('',#4446,#4447,#4448);
#678=EDGE_LOOP('',(#4449,#4450,#4451,#4452,#4453,#4454));
#679=AXIS2_PLACEMENT_3D('',#4455,#4456,#4457);
#680=EDGE_LOOP('',(#4458,#4459,#4460,#4461));
#681=AXIS2_PLACEMENT_3D('',#4462,#4463,#4464);
#682=EDGE_LOOP('',(#4465,#4466,#4467,#4468));
#683=AXIS2_PLACEMENT_3D('',#4469,#4470,#4471);
#684=EDGE_LOOP('',(#4472,#4473,#4474,#4475));
#685=AXIS2_PLACEMENT_3D('',#4476,#4477,#4478);
#686=EDGE_LOOP('',(#4479,#4480,#4481,#4482));
#687=AXIS2_PLACEMENT_3D('',#4483,#4484,#4485);
#688=EDGE_LOOP('',(#4486,#4487,#4488,#4489));
#689=AXIS2_PLACEMENT_3D('',#4490,#4491,#4492);
#690=EDGE_LOOP('',(#4493,#4494,#4495,#4496));
#691=AXIS2_PLACEMENT_3D('',#4497,#4498,#4499);
#692=EDGE_LOOP('',(#4500,#4501,#4502,#4503));
#693=AXIS2_PLACEMENT_3D('',#4504,#4505,#4506);
#694=EDGE_LOOP('',(#4507,#4508,#4509,#4510,#4511,#4512,#4513,#4514));
#695=AXIS2_PLACEMENT_3D('',#4515,#4516,#4517);
#696=EDGE_LOOP('',(#4518,#4519,#4520,#4521));
#697=AXIS2_PLACEMENT_3D('',#4522,#4523,#4524);
#698=EDGE_LOOP('',(#4525,#4526,#4527,#4528));
#699=AXIS2_PLACEMENT_3D('',#4529,#4530,#4531);
#700=EDGE_LOOP('',(#4532,#4533,#4534,#4535));
#702=CARTESIAN_POINT('',(7.59612819005709,-0.487282792709735,-0.000455976912064819));
#703=CARTESIAN_POINT('',(7.59661361592502,-0.496256908807308,-0.000461755832274631));
#704=CARTESIAN_POINT('',(7.59686538502152,-0.516341911049535,-0.000461317055067407));
#705=CARTESIAN_POINT('',(7.59444577934977,-0.547703328435668,-0.000440821258025597));
#706=CARTESIAN_POINT('',(7.58871891631202,-0.581304994629539,-0.000397765256589418));
#707=CARTESIAN_POINT('',(7.57991748609576,-0.615174509989803,-0.000346079384741294));
#708=CARTESIAN_POINT('',(7.56811061610867,-0.649184941283625,-0.000293544997682176));
#709=CARTESIAN_POINT('',(7.55333911938073,-0.683155407470894,-0.000245584878788245));
#710=CARTESIAN_POINT('',(7.53566924698432,-0.716790289580358,-0.000204736682662544));
#711=CARTESIAN_POINT('',(7.51521056501675,-0.749740143562847,-0.000171716875116692));
#712=CARTESIAN_POINT('',(7.49208209470194,-0.781691387122388,-0.000146138768334971));
#713=CARTESIAN_POINT('',(7.46639175926506,-0.812383591651351,-0.000127195367015663));
#714=CARTESIAN_POINT('',(7.43824530652524,-0.84158611051093,-0.000114048124529654));
#715=CARTESIAN_POINT('',(7.40775818263617,-0.869082472259936,-0.000106015576581372));
#716=CARTESIAN_POINT('',(7.37505743296115,-0.89467047527889,-0.000102649212140831));
#717=CARTESIAN_POINT('',(7.3402637411316,-0.918176704990155,-0.000103765652588278));
#718=CARTESIAN_POINT('',(7.30348811440535,-0.939449887848936,-0.000109473917037527));
#719=CARTESIAN_POINT('',(7.26485060938257,-0.958345400986803,-0.000120182136896461));
#720=CARTESIAN_POINT('',(7.22459276057473,-0.974688213909412,-0.000136534635939721));
#721=CARTESIAN_POINT('',(7.18316374357061,-0.988297559349703,-0.000159199500275775));
#722=CARTESIAN_POINT('',(7.14138720728854,-0.999020567999621,-0.000188351677561041));
#723=CARTESIAN_POINT('',(7.10017447816405,-1.00689868268342,-0.00022292458671853));
#724=CARTESIAN_POINT('',(7.06028174801798,-1.01217736338968,-0.000259812210883276));
#725=CARTESIAN_POINT('',(7.02206005192839,-1.01521124432412,-0.000292439671049714));
#726=CARTESIAN_POINT('',(6.98868953131178,-1.01623357175542,-0.000309684029511331));
#727=CARTESIAN_POINT('',(6.96810216081109,-1.01602497822628,-0.000305353947218774));
#728=CARTESIAN_POINT('',(6.95964013320192,-1.01579425863546,-0.000301139919182411));
#729=CARTESIAN_POINT('',(7.40733989979115,-0.49582006648947,0.00997140753116992));
#730=CARTESIAN_POINT('',(7.40752048849065,-0.50045057773143,0.0100226649544376));
#731=CARTESIAN_POINT('',(7.40761817375265,-0.510863656067823,0.0100497835198779));
#732=CARTESIAN_POINT('',(7.40669671019333,-0.527586840046896,0.00980447845606868));
#733=CARTESIAN_POINT('',(7.40441076485387,-0.54631181283676,0.0093039272852618));
#734=CARTESIAN_POINT('',(7.40070535901073,-0.566167814233629,0.00865373872681503));
#735=CARTESIAN_POINT('',(7.39544554829477,-0.587157175616761,0.00793781287033592));
#736=CARTESIAN_POINT('',(7.38848082775567,-0.609177979551077,0.00722015027704678));
#737=CARTESIAN_POINT('',(7.37968149178265,-0.632001470857391,0.0065463154453344));
#738=CARTESIAN_POINT('',(7.36895725218913,-0.6553253779376,0.00594506356958649));
#739=CARTESIAN_POINT('',(7.35624321975332,-0.678850644153074,0.00543173991909158));
#740=CARTESIAN_POINT('',(7.34148527268947,-0.70230742435067,0.00501314562000983));
#741=CARTESIAN_POINT('',(7.3246408037853,-0.725443204818969,0.00469152072794034));
#742=CARTESIAN_POINT('',(7.30568331784244,-0.74801076171111,0.00446678625527761));
#743=CARTESIAN_POINT('',(7.28460283144705,-0.769766074822359,0.00433756261183115));
#744=CARTESIAN_POINT('',(7.26139390780935,-0.790478642380926,0.00430162313381435));
#745=CARTESIAN_POINT('',(7.23605087640267,-0.809925745069356,0.00435645306278548));
#746=CARTESIAN_POINT('',(7.20857798797376,-0.82787664172443,0.00449946924285218));
#747=CARTESIAN_POINT('',(7.17907044710039,-0.844050244491382,0.00472719868131542));
#748=CARTESIAN_POINT('',(7.14778898999415,-0.858123621070207,0.00503286580170994));
#749=CARTESIAN_POINT('',(7.11530612688114,-0.869749602852625,0.005401686988411));
#750=CARTESIAN_POINT('',(7.0823131719296,-0.878728913429032,0.00580725220542384));
#751=CARTESIAN_POINT('',(7.04942878257971,-0.885058887385722,0.00620806464415731));
#752=CARTESIAN_POINT('',(7.01697520332505,-0.888878910380087,0.00654318595926717));
#753=CARTESIAN_POINT('',(6.98780527060531,-0.89022622798021,0.00670766757478099));
#754=CARTESIAN_POINT('',(6.96939497106262,-0.889951897210057,0.00667557748485357));
#755=CARTESIAN_POINT('',(6.96177606477721,-0.889642222885485,0.00662983234299275));
#756=CARTESIAN_POINT('',(7.27280459948761,-0.499657783482756,-0.122849908506075));
#757=CARTESIAN_POINT('',(7.27283305542457,-0.502346376013709,-0.122858645638576));
#758=CARTESIAN_POINT('',(7.2728525876868,-0.508403916222127,-0.122863274040735));
#759=CARTESIAN_POINT('',(7.2726833955176,-0.518337345524557,-0.122809421647788));
#760=CARTESIAN_POINT('',(7.27214311413073,-0.529849152336484,-0.122605619752957));
#761=CARTESIAN_POINT('',(7.27106094110314,-0.542534022482718,-0.122179356158568));
#762=CARTESIAN_POINT('',(7.26923321425657,-0.556450045781652,-0.121468183874179));
#763=CARTESIAN_POINT('',(7.2664495732652,-0.571555487669918,-0.120434102130457));
#764=CARTESIAN_POINT('',(7.26251590194368,-0.587699581839338,-0.119066661808084));
#765=CARTESIAN_POINT('',(7.2572698733148,-0.604662400947476,-0.117379411872205));
#766=CARTESIAN_POINT('',(7.25057653785894,-0.622213619976202,-0.11539946537006));
#767=CARTESIAN_POINT('',(7.24231806094761,-0.640135930975878,-0.113159109981101));
#768=CARTESIAN_POINT('',(7.23239117507181,-0.658217910935751,-0.11069280370358));
#769=CARTESIAN_POINT('',(7.22070849649974,-0.676244593119954,-0.108036667869008));
#770=CARTESIAN_POINT('',(7.20719872208701,-0.693994882632581,-0.10522840605644));
#771=CARTESIAN_POINT('',(7.19179934237132,-0.711249139812226,-0.102306241990591));
#772=CARTESIAN_POINT('',(7.17445272881523,-0.727784491449273,-0.0993097845217592));
#773=CARTESIAN_POINT('',(7.15511272725786,-0.743360622003178,-0.0962834310208978));
#774=CARTESIAN_POINT('',(7.13380463031019,-0.757679763353319,-0.0932870767252096));
#775=CARTESIAN_POINT('',(7.11068900996877,-0.770387796762517,-0.0904032697798643));
#776=CARTESIAN_POINT('',(7.08618503748331,-0.781084959226637,-0.087746736021961));
#777=CARTESIAN_POINT('',(7.06084225411024,-0.789486181242908,-0.0854403468036024));
#778=CARTESIAN_POINT('',(7.03519057856608,-0.795487102163468,-0.0836006194322778));
#779=CARTESIAN_POINT('',(7.009549422177,-0.799137775829729,-0.0823376530329412));
#780=CARTESIAN_POINT('',(6.98627186865403,-0.800426770011471,-0.0818243788275293));
#781=CARTESIAN_POINT('',(6.97149492054872,-0.800164309838458,-0.0819273739130141));
#782=CARTESIAN_POINT('',(6.9653726681229,-0.799869302933289,-0.0820557461167741));
#783=CARTESIAN_POINT('',(7.28010389851134,-0.496311373230733,-0.31159501869577));
#784=CARTESIAN_POINT('',(7.28023156476438,-0.500716844486578,-0.311741108762923));
#785=CARTESIAN_POINT('',(7.28029955808656,-0.510555120015538,-0.311814932898891));
#786=CARTESIAN_POINT('',(7.27964897435546,-0.525945052378565,-0.311094706971611));
#787=CARTESIAN_POINT('',(7.27802701430181,-0.542582190299601,-0.309403808326058));
#788=CARTESIAN_POINT('',(7.27539375125819,-0.559589427587496,-0.306833186717951));
#789=CARTESIAN_POINT('',(7.27165642418575,-0.576971030652875,-0.303440485369372));
#790=CARTESIAN_POINT('',(7.26671477697045,-0.594687464452397,-0.299291738448944));
#791=CARTESIAN_POINT('',(7.26048329900089,-0.612626120535313,-0.29447154480224));
#792=CARTESIAN_POINT('',(7.25290190567206,-0.630630683567613,-0.289079605867429));
#793=CARTESIAN_POINT('',(7.24392467247862,-0.648548664676729,-0.283214944451387));
#794=CARTESIAN_POINT('',(7.23350954368843,-0.666242682575307,-0.276968307819859));
#795=CARTESIAN_POINT('',(7.22161949967792,-0.68357826580144,-0.270424830487142));
#796=CARTESIAN_POINT('',(7.20822671242303,-0.700414383255488,-0.263668277236569));
#797=CARTESIAN_POINT('',(7.19331396430378,-0.716602362050849,-0.256783310326103));
#798=CARTESIAN_POINT('',(7.1768676739412,-0.731993987054825,-0.249854093732341));
#799=CARTESIAN_POINT('',(7.15887660784336,-0.746437312306713,-0.242967654024273));
#800=CARTESIAN_POINT('',(7.13934222440333,-0.759764907398103,-0.236222374563934));
#801=CARTESIAN_POINT('',(7.11834162396249,-0.771762199007565,-0.229751102635489));
#802=CARTESIAN_POINT('',(7.09608848671216,-0.782174733192941,-0.223732059107764));
#803=CARTESIAN_POINT('',(7.07304611033345,-0.790725570100475,-0.218399635443032));
#804=CARTESIAN_POINT('',(7.04979270381871,-0.797254098778276,-0.213978882396756));
#805=CARTESIAN_POINT('',(7.0268759543513,-0.801766436286006,-0.210642652758965));
#806=CARTESIAN_POINT('',(7.00464013356836,-0.804406983428802,-0.208499844213787));
#807=CARTESIAN_POINT('',(6.98509309293223,-0.805294084623514,-0.207699115742637));
#808=CARTESIAN_POINT('',(6.97302773607655,-0.805113015545846,-0.207861066614258));
#809=CARTESIAN_POINT('',(6.96807587086046,-0.804916315333972,-0.208050656046972));
#816=EDGE_LOOP('',(#4536,#4537,#4538,#4539));
#817=AXIS2_PLACEMENT_3D('',#4540,#4541,#4542);
#818=EDGE_LOOP('',(#4543,#4544,#4545,#4546));
#820=CARTESIAN_POINT('',(5.7403007486867,-1.0157510246588,-0.000298939128758275));
#821=CARTESIAN_POINT('',(5.73725906587716,-1.01583366131203,-0.000300572670867588));
#822=CARTESIAN_POINT('',(5.72274261701713,-1.01613856622683,-0.00030642674175872));
#823=CARTESIAN_POINT('',(5.69614670985643,-1.01592256933539,-0.000301506450542629));
#824=CARTESIAN_POINT('',(5.65996228308008,-1.01395933107461,-0.000275557994811531));
#825=CARTESIAN_POINT('',(5.62216460261436,-1.01005862970441,-0.000241182297708821));
#826=CARTESIAN_POINT('',(5.5829233300951,-1.00390303506784,-0.000206085902772055));
#827=CARTESIAN_POINT('',(5.54265686929488,-0.995186056437533,-0.000174580777022724));
#828=CARTESIAN_POINT('',(5.50217467671258,-0.983752460253314,-0.000148719019297256));
#829=CARTESIAN_POINT('',(5.46232706375413,-0.969643491135832,-0.000128967231646603));
#830=CARTESIAN_POINT('',(5.42377994847697,-0.953037038813716,-0.000114943698326713));
#831=CARTESIAN_POINT('',(5.38682979028905,-0.934082623635166,-0.000105995158990337));
#832=CARTESIAN_POINT('',(5.35165444232979,-0.91292768169372,-0.000101585443300555));
#833=CARTESIAN_POINT('',(5.31836542470139,-0.889708180616038,-0.00010140910098962));
#834=CARTESIAN_POINT('',(5.28706714157019,-0.864567814680498,-0.000105422579614699));
#835=CARTESIAN_POINT('',(5.25786747339914,-0.837666904914824,-0.000113837436592295));
#836=CARTESIAN_POINT('',(5.23087823027642,-0.809189196516212,-0.000127096571668844));
#837=CARTESIAN_POINT('',(5.2062036200996,-0.779332421672682,-0.000145843272306469));
#838=CARTESIAN_POINT('',(5.18394282461912,-0.748311458437835,-0.000170845767225667));
#839=CARTESIAN_POINT('',(5.16419091441241,-0.716360865400628,-0.000202834220905249));
#840=CARTESIAN_POINT('',(5.14705119446506,-0.683755341338794,-0.000242158319578656));
#841=CARTESIAN_POINT('',(5.13263508970321,-0.650827680805314,-0.000288186260372102));
#842=CARTESIAN_POINT('',(5.12101083570339,-0.617870630173113,-0.00033859469788664));
#843=CARTESIAN_POINT('',(5.1122092671733,-0.585058323439456,-0.000388837186164437));
#844=CARTESIAN_POINT('',(5.1062770332045,-0.552463798973682,-0.000431497501073779));
#845=CARTESIAN_POINT('',(5.10330761129097,-0.520227923019188,-0.000457654565723552));
#846=CARTESIAN_POINT('',(5.10334764354913,-0.498435135503009,-0.000456784949838211));
#847=CARTESIAN_POINT('',(5.10392791217107,-0.48748471087654,-0.000451863083693331));
#848=CARTESIAN_POINT('',(5.10395244053284,-0.487039444660856,-0.000451663017017504));
#849=CARTESIAN_POINT('',(5.73812129443027,-0.88695410726413,0.00674873853382097));
#850=CARTESIAN_POINT('',(5.73538952851958,-0.887065713026721,0.00676539374897613));
#851=CARTESIAN_POINT('',(5.72238631384109,-0.887476213119988,0.00682478495579447));
#852=CARTESIAN_POINT('',(5.69889226548623,-0.887178251784489,0.00677534665675574));
#853=CARTESIAN_POINT('',(5.66781334981633,-0.884638234150952,0.00650873514367684));
#854=CARTESIAN_POINT('',(5.63628511518256,-0.879817195106696,0.00613769051281965));
#855=CARTESIAN_POINT('',(5.6044966714357,-0.872574590695818,0.00573236205433007));
#856=CARTESIAN_POINT('',(5.57280987586688,-0.862817919018402,0.00534029213256626));
#857=CARTESIAN_POINT('',(5.5418666391564,-0.850626204038355,0.00499456162628598));
#858=CARTESIAN_POINT('',(5.51228940824818,-0.836252698846106,0.00471572228654676));
#859=CARTESIAN_POINT('',(5.48451678021591,-0.820036954930145,0.00451449942555721));
#860=CARTESIAN_POINT('',(5.45869514878671,-0.802248454254728,0.00439566626895046));
#861=CARTESIAN_POINT('',(5.43487760742983,-0.783127714523828,0.00436212777852551));
#862=CARTESIAN_POINT('',(5.4130666420633,-0.762886820897138,0.00441628159620911));
#863=CARTESIAN_POINT('',(5.39325581670841,-0.741732433031298,0.00456040957435519));
#864=CARTESIAN_POINT('',(5.37543511877679,-0.719875496757314,0.00479648680380478));
#865=CARTESIAN_POINT('',(5.35958931583647,-0.697537365174004,0.00512569419774252));
#866=CARTESIAN_POINT('',(5.34569019303342,-0.674943639777446,0.00554796226550737));
#867=CARTESIAN_POINT('',(5.3336969435156,-0.652328037238364,0.00606092538750151));
#868=CARTESIAN_POINT('',(5.32355467380302,-0.62993415108928,0.00665800971378753));
#869=CARTESIAN_POINT('',(5.31519811913778,-0.608026646841603,0.0073249560207507));
#870=CARTESIAN_POINT('',(5.30854753022651,-0.586891172972173,0.00803481533171375));
#871=CARTESIAN_POINT('',(5.30348450273692,-0.566750166668713,0.00874523550168318));
#872=CARTESIAN_POINT('',(5.2998652596593,-0.547702379118387,0.0093976480380646));
#873=CARTESIAN_POINT('',(5.2975556264076,-0.529723881038516,0.00991728719110396));
#874=CARTESIAN_POINT('',(5.29645497066003,-0.512742488001499,0.0102160737676709));
#875=CARTESIAN_POINT('',(5.29647387507266,-0.501638389309182,0.0102167373920827));
#876=CARTESIAN_POINT('',(5.29668253806955,-0.49610037059493,0.0101518545728522));
#877=CARTESIAN_POINT('',(5.29669135785057,-0.49587524690717,0.0101491003632732));
#878=CARTESIAN_POINT('',(5.73446308408635,-0.796950746048266,-0.0850120637925558));
#879=CARTESIAN_POINT('',(5.73228045312435,-0.797056358420137,-0.0849651076134013));
#880=CARTESIAN_POINT('',(5.72189510626338,-0.797445190272893,-0.0847948717750204));
#881=CARTESIAN_POINT('',(5.70318018386952,-0.797163355716159,-0.0849272605173403));
#882=CARTESIAN_POINT('',(5.67861733567885,-0.794747634631303,-0.0858418478057229));
#883=CARTESIAN_POINT('',(5.65396482679783,-0.790180546631142,-0.0873732541000598));
#884=CARTESIAN_POINT('',(5.62943798340458,-0.783385496684221,-0.0894137582796105));
#885=CARTESIAN_POINT('',(5.60537535125042,-0.774358284390196,-0.091864323987924));
#886=CARTESIAN_POINT('',(5.58230839737652,-0.763265898202579,-0.0946118986846197));
#887=CARTESIAN_POINT('',(5.56071703418038,-0.750426658542936,-0.0975404677866094));
#888=CARTESIAN_POINT('',(5.54090898064959,-0.73621551669757,-0.100549376032253));
#889=CARTESIAN_POINT('',(5.52295884606493,-0.720925571211195,-0.103571773399865));
#890=CARTESIAN_POINT('',(5.5068639387605,-0.704809588222773,-0.106556607253432));
#891=CARTESIAN_POINT('',(5.49258023318968,-0.688084366961967,-0.109463109813758));
#892=CARTESIAN_POINT('',(5.4800533164703,-0.670952802834475,-0.112254355362411));
#893=CARTESIAN_POINT('',(5.46922196925872,-0.653612818431162,-0.114894879383494));
#894=CARTESIAN_POINT('',(5.46001660984573,-0.636262463116221,-0.11734971352052));
#895=CARTESIAN_POINT('',(5.45235461591465,-0.619095616371061,-0.119585031562797));
#896=CARTESIAN_POINT('',(5.44614017925161,-0.602305565699548,-0.121568195180703));
#897=CARTESIAN_POINT('',(5.44126235153392,-0.586086462358245,-0.12326911858485));
#898=CARTESIAN_POINT('',(5.43759495700361,-0.57064068081867,-0.124662440816575));
#899=CARTESIAN_POINT('',(5.43499137430191,-0.556174663382298,-0.125733392082386));
#900=CARTESIAN_POINT('',(5.4332741871215,-0.542834057266844,-0.126489191103818));
#901=CARTESIAN_POINT('',(5.43224879487367,-0.53066056982491,-0.1269628203662));
#902=CARTESIAN_POINT('',(5.43172532055161,-0.51958992854729,-0.127208705907069));
#903=CARTESIAN_POINT('',(5.43153559002418,-0.509488510075343,-0.127295202719675));
#904=CARTESIAN_POINT('',(5.43154375224713,-0.503041832068371,-0.127290099404319));
#905=CARTESIAN_POINT('',(5.43157213503232,-0.499837444278968,-0.127278749460037));
#906=CARTESIAN_POINT('',(5.43157333215235,-0.499707199258997,-0.127278277574506));
#907=CARTESIAN_POINT('',(5.73178831037391,-0.805169446955224,-0.212877515642709));
#908=CARTESIAN_POINT('',(5.7300241684477,-0.805238634731891,-0.212808637027831));
#909=CARTESIAN_POINT('',(5.72159863312423,-0.805494930342516,-0.212556574337873));
#910=CARTESIAN_POINT('',(5.70612736001161,-0.805315059775636,-0.212744750301636));
#911=CARTESIAN_POINT('',(5.68512413623321,-0.80363110389275,-0.214225174041769));
#912=CARTESIAN_POINT('',(5.66335907829309,-0.800304951019621,-0.2168865210855));
#913=CARTESIAN_POINT('',(5.64106291020337,-0.795170097789534,-0.220648222643006));
#914=CARTESIAN_POINT('',(5.61859913911066,-0.788127992624041,-0.225394443536158));
#915=CARTESIAN_POINT('',(5.59651867047027,-0.779230869795816,-0.230941337803964));
#916=CARTESIAN_POINT('',(5.57533796124499,-0.768674029861018,-0.237067783777333));
#917=CARTESIAN_POINT('',(5.55541610108949,-0.756719884488484,-0.243564798942023));
#918=CARTESIAN_POINT('',(5.53688087115648,-0.743574527016335,-0.25028778335569));
#919=CARTESIAN_POINT('',(5.51977891688197,-0.729415206179385,-0.257124566325132));
#920=CARTESIAN_POINT('',(5.50411228587431,-0.714389979533791,-0.263985874812521));
#921=CARTESIAN_POINT('',(5.48987248554354,-0.698634778908654,-0.270791332322316));
#922=CARTESIAN_POINT('',(5.47704690554303,-0.682280513450566,-0.27746349406131));
#923=CARTESIAN_POINT('',(5.46561944144751,-0.665457489026826,-0.283924464424701));
#924=CARTESIAN_POINT('',(5.45556616953226,-0.648290337459586,-0.290096313321211));
#925=CARTESIAN_POINT('',(5.4468566477276,-0.630900516664514,-0.295898700054192));
#926=CARTESIAN_POINT('',(5.43945372850657,-0.613408124348692,-0.301247473155054));
#927=CARTESIAN_POINT('',(5.43331695859422,-0.59594332563781,-0.306051361920932));
#928=CARTESIAN_POINT('',(5.42839984236832,-0.578654607668483,-0.31021345895327));
#929=CARTESIAN_POINT('',(5.42463098255617,-0.561655655699452,-0.313650690353624));
#930=CARTESIAN_POINT('',(5.42192074421115,-0.544987233323589,-0.316300170305453));
#931=CARTESIAN_POINT('',(5.42018390347816,-0.528627387807104,-0.318108594704532));
#932=CARTESIAN_POINT('',(5.41935442007677,-0.512571323557925,-0.319022807755217));
#933=CARTESIAN_POINT('',(5.41936923077064,-0.501737046256332,-0.319011650821397));
#934=CARTESIAN_POINT('',(5.41952595960272,-0.496278322186524,-0.318831101069287));
#935=CARTESIAN_POINT('',(5.41953257978861,-0.496056333966662,-0.318823468607483));
#942=EDGE_LOOP('',(#4547,#4548,#4549,#4550));
#943=AXIS2_PLACEMENT_3D('',#4551,#4552,#4553);
#944=EDGE_LOOP('',(#4554,#4555,#4556,#4557));
#945=AXIS2_PLACEMENT_3D('',#4558,#4559,#4560);
#946=EDGE_LOOP('',(#4561,#4562,#4563,#4564));
#947=AXIS2_PLACEMENT_3D('',#4565,#4566,#4567);
#948=EDGE_LOOP('',(#4568,#4569,#4570,#4571));
#950=CARTESIAN_POINT('',(5.10809464738106,0.491618579456262,-0.000266758350890025));
#951=CARTESIAN_POINT('',(5.10767185550011,0.495394485579167,-0.000267015040871712));
#952=CARTESIAN_POINT('',(5.10715195858006,0.503314630666113,-0.00026733179405545));
#953=CARTESIAN_POINT('',(5.1075779019662,0.515282682935069,-0.000267072361154165));
#954=CARTESIAN_POINT('',(5.10931544001604,0.527285002865656,-0.000265996828331896));
#955=CARTESIAN_POINT('',(5.11231724844045,0.538898869730158,-0.000264118724970911));
#956=CARTESIAN_POINT('',(5.1166176174195,0.550209577815094,-0.000261399402361824));
#957=CARTESIAN_POINT('',(5.12230607912175,0.561271425659275,-0.000257763628101552));
#958=CARTESIAN_POINT('',(5.12949917077755,0.572078866626187,-0.000253116730257079));
#959=CARTESIAN_POINT('',(5.13835548615495,0.582630128598947,-0.000247335724050311));
#960=CARTESIAN_POINT('',(5.14913296582031,0.592964301687323,-0.000240232854630556));
#961=CARTESIAN_POINT('',(5.16217931900547,0.603095905651967,-0.000231563496689764));
#962=CARTESIAN_POINT('',(5.17776036440484,0.612916649319798,-0.000221148498536343));
#963=CARTESIAN_POINT('',(5.19599839523216,0.622278355962887,-0.000208931884370131));
#964=CARTESIAN_POINT('',(5.217105634955,0.631147779770177,-0.000194839588393593));
#965=CARTESIAN_POINT('',(5.24146790520388,0.639538226740003,-0.000178739897898744));
#966=CARTESIAN_POINT('',(5.26903697052484,0.647247124513969,-0.000160867809939537));
#967=CARTESIAN_POINT('',(5.29876018011624,0.653821708963711,-0.000142160258608545));
#968=CARTESIAN_POINT('',(5.32845451301166,0.658743671275926,-0.000124182982741644));
#969=CARTESIAN_POINT('',(5.35626623594535,0.66188598169518,-0.000108089854569663));
#970=CARTESIAN_POINT('',(5.38123867959945,0.663490765741269,-9.43410395547212E-05));
#971=CARTESIAN_POINT('',(5.40343053000607,0.663940183520368,-8.27864470887794E-05));
#972=CARTESIAN_POINT('',(5.42312723162415,0.663586817612648,-7.3175143091553E-05));
#973=CARTESIAN_POINT('',(5.44060549556517,0.66272703793399,-6.52875128040012E-05));
#974=CARTESIAN_POINT('',(5.45616265751554,0.66159911263135,-5.89206959548365E-05));
#975=CARTESIAN_POINT('',(5.47002018182267,0.660396695018197,-5.39182429231416E-05));
#976=CARTESIAN_POINT('',(5.4824563348578,0.659261408288789,-5.01107020023308E-05));
#977=CARTESIAN_POINT('',(5.49388303851483,0.65828093861916,-4.73205462058707E-05));
#978=CARTESIAN_POINT('',(5.50484263676847,0.657516496934785,-4.54175737383194E-05));
#979=CARTESIAN_POINT('',(5.51573106908567,0.657069381078474,-4.44463005034048E-05));
#980=CARTESIAN_POINT('',(5.52484748433702,0.657102039663133,-4.4512989745517E-05));
#981=CARTESIAN_POINT('',(5.53029642306077,0.657374399418149,-4.50684990920572E-05));
#982=CARTESIAN_POINT('',(5.53209302183373,0.657495121167418,-4.52968568093356E-05));
#983=CARTESIAN_POINT('',(5.2932554182719,0.497633830141691,0.00755770630130606));
#984=CARTESIAN_POINT('',(5.29306586411436,0.499713780688316,0.0075649703933707));
#985=CARTESIAN_POINT('',(5.29283320172703,0.504072868360095,0.00757396352570757));
#986=CARTESIAN_POINT('',(5.29302386078398,0.510657939651896,0.00756660528101074));
#987=CARTESIAN_POINT('',(5.29379918523103,0.517271961342967,0.00753613580289855));
#988=CARTESIAN_POINT('',(5.29513624866352,0.523693759683303,0.00748292541349259));
#989=CARTESIAN_POINT('',(5.29704902455211,0.529982337535486,0.00740588261275711));
#990=CARTESIAN_POINT('',(5.29957656683819,0.536181696725159,0.0073028749964569));
#991=CARTESIAN_POINT('',(5.30277068953967,0.542305743010655,0.00717122061651544));
#992=CARTESIAN_POINT('',(5.3067032263921,0.548374618559081,0.00700743503070706));
#993=CARTESIAN_POINT('',(5.311492497054,0.554438852193324,0.00680619885309502));
#994=CARTESIAN_POINT('',(5.31730123648391,0.560547325837895,0.0065605814324705));
#995=CARTESIAN_POINT('',(5.3242642167902,0.566690018317139,0.00626550710300569));
#996=CARTESIAN_POINT('',(5.33246571986326,0.57284035061991,0.00591938997662447));
#997=CARTESIAN_POINT('',(5.34205073572049,0.579053596911089,0.00552013164510884));
#998=CARTESIAN_POINT('',(5.35327752847003,0.585445937186738,0.00506400046711036));
#999=CARTESIAN_POINT('',(5.36626093557038,0.592016216241573,0.00455765430229088));
#1000=CARTESIAN_POINT('',(5.3806963627509,0.598542825256069,0.00402763806199543));
#1001=CARTESIAN_POINT('',(5.39570799589748,0.604578597012461,0.00351831174844511));
#1002=CARTESIAN_POINT('',(5.41044443472862,0.609787406263439,0.00306236649012627));
#1003=CARTESIAN_POINT('',(5.42436042231557,0.614053634959626,0.00267283955502007));
#1004=CARTESIAN_POINT('',(5.4373884114614,0.617459699561849,0.00234547859330617));
#1005=CARTESIAN_POINT('',(5.44957175350984,0.620122001773939,0.00207317431998553));
#1006=CARTESIAN_POINT('',(5.46094632071593,0.622149718878074,0.00184970438009123));
#1007=CARTESIAN_POINT('',(5.47156883147874,0.623646485583738,0.00166932233779699));
#1008=CARTESIAN_POINT('',(5.48145192267718,0.624703480109286,0.00152759281020042));
#1009=CARTESIAN_POINT('',(5.49066014709359,0.625411567562062,0.00141972400213376));
#1010=CARTESIAN_POINT('',(5.49938381421724,0.625855438448549,0.00134065733190344));
#1011=CARTESIAN_POINT('',(5.50794920045702,0.626101390546693,0.00128680164433976));
#1012=CARTESIAN_POINT('',(5.51659268437622,0.626191838439027,0.00125906557882975));
#1013=CARTESIAN_POINT('',(5.52386709344088,0.626176635525809,0.00126163675279403));
#1014=CARTESIAN_POINT('',(5.52818808849017,0.626156654352541,0.00127633803521952));
#1015=CARTESIAN_POINT('',(5.52960738113164,0.626151077893609,0.0012826867860268));
#1016=CARTESIAN_POINT('',(5.42547214268094,0.50192910682637,-0.122675610820593));
#1017=CARTESIAN_POINT('',(5.42544913529061,0.502798035783697,-0.122793525438751));
#1018=CARTESIAN_POINT('',(5.42542157687249,0.504614298943566,-0.122939489524283));
#1019=CARTESIAN_POINT('',(5.42544422775385,0.507355574873491,-0.122820056292995));
#1020=CARTESIAN_POINT('',(5.42553246967166,0.51012200433462,-0.122325478806809));
#1021=CARTESIAN_POINT('',(5.42568079788406,0.512836331109192,-0.121461775711629));
#1022=CARTESIAN_POINT('',(5.42588867842077,0.515538784288571,-0.120211227889049));
#1023=CARTESIAN_POINT('',(5.42615912051548,0.518266013181496,-0.11853922301335));
#1024=CARTESIAN_POINT('',(5.42649772164203,0.521045813810052,-0.11640222793005));
#1025=CARTESIAN_POINT('',(5.42691436328005,0.523913976552425,-0.113743683716762));
#1026=CARTESIAN_POINT('',(5.42742766676107,0.526929198210049,-0.110477246847414));
#1027=CARTESIAN_POINT('',(5.42806828349038,0.530164897507058,-0.106490419986351));
#1028=CARTESIAN_POINT('',(5.42887740986849,0.533681224379668,-0.101700815651135));
#1029=CARTESIAN_POINT('',(5.4299121852499,0.537538428423756,-0.0960826919324998));
#1030=CARTESIAN_POINT('',(5.43126959063593,0.541854992772313,-0.0896019877687275));
#1031=CARTESIAN_POINT('',(5.4331168058424,0.546820556086219,-0.0821981316907662));
#1032=CARTESIAN_POINT('',(5.43568511289769,0.552577787989305,-0.0739791931248968));
#1033=CARTESIAN_POINT('',(5.43920407810807,0.559070139450885,-0.0653760452775351));
#1034=CARTESIAN_POINT('',(5.44373131730342,0.565901242937764,-0.0571087333629895));
#1035=CARTESIAN_POINT('',(5.44913116055623,0.572585665544664,-0.0497078951078097));
#1036=CARTESIAN_POINT('',(5.45515212590019,0.578752337256613,-0.043385149575963));
#1037=CARTESIAN_POINT('',(5.46163652747602,0.584269638252508,-0.0380714732518316));
#1038=CARTESIAN_POINT('',(5.46845484654031,0.589085321868198,-0.033651469180184));
#1039=CARTESIAN_POINT('',(5.47547098088152,0.593174897780347,-0.0300241371617471));
#1040=CARTESIAN_POINT('',(5.48256983264823,0.596545863746743,-0.0270962013220554));
#1041=CARTESIAN_POINT('',(5.48961492244644,0.599216224163107,-0.0247956688656351));
#1042=CARTESIAN_POINT('',(5.49651819778257,0.601240599591256,-0.0230447547385389));
#1043=CARTESIAN_POINT('',(5.5033117226049,0.60270154143643,-0.0217613657703646));
#1044=CARTESIAN_POINT('',(5.51016748715528,0.603668979817269,-0.0208871534587928));
#1045=CARTESIAN_POINT('',(5.51720793322655,0.604143282873222,-0.0204370738376744));
#1046=CARTESIAN_POINT('',(5.52316703115282,0.604093903765759,-0.0204784082458551));
#1047=CARTESIAN_POINT('',(5.52668260172039,0.603865172327732,-0.0207176467138678));
#1048=CARTESIAN_POINT('',(5.52783247346583,0.603769410807968,-0.020820769818106));
#1049=CARTESIAN_POINT('',(5.41991893032983,0.501748701634479,-0.308438608487545));
#1050=CARTESIAN_POINT('',(5.41988892783685,0.502668494505404,-0.308735076282179));
#1051=CARTESIAN_POINT('',(5.41985275488148,0.504591558408897,-0.30910206919456));
#1052=CARTESIAN_POINT('',(5.41988246224556,0.507494276939825,-0.308801782360062));
#1053=CARTESIAN_POINT('',(5.41999956220113,0.510422308473513,-0.307558285164579));
#1054=CARTESIAN_POINT('',(5.4201978182812,0.513292352136287,-0.305386709389309));
#1055=CARTESIAN_POINT('',(5.42047730584012,0.516145425533458,-0.302242504710629));
#1056=CARTESIAN_POINT('',(5.42084254801943,0.519018486785564,-0.298038646629513));
#1057=CARTESIAN_POINT('',(5.4213010834258,0.521938748512163,-0.292665681409961));
#1058=CARTESIAN_POINT('',(5.42186539558646,0.524941343853472,-0.285981405106966));
#1059=CARTESIAN_POINT('',(5.42255829324391,0.528084626549096,-0.277768727487828));
#1060=CARTESIAN_POINT('',(5.42341597542364,0.531440984757133,-0.267744800792402));
#1061=CARTESIAN_POINT('',(5.42448356878307,0.535067621168835,-0.255702481316362));
#1062=CARTESIAN_POINT('',(5.42581935268594,0.539021138506309,-0.241577047159365));
#1063=CARTESIAN_POINT('',(5.42752232455204,0.543417365073347,-0.225282859893073));
#1064=CARTESIAN_POINT('',(5.42976348981358,0.548442854205885,-0.206667626983452));
#1065=CARTESIAN_POINT('',(5.43276923973013,0.554234234765323,-0.186003063266594));
#1066=CARTESIAN_POINT('',(5.43674670541937,0.560728025072605,-0.164372496809304));
#1067=CARTESIAN_POINT('',(5.44171429787734,0.56752572396559,-0.143586309827139));
#1068=CARTESIAN_POINT('',(5.44750628590698,0.574148169584682,-0.124978664514123));
#1069=CARTESIAN_POINT('',(5.45385884874933,0.580235021109905,-0.109081626610896));
#1070=CARTESIAN_POINT('',(5.46061808644328,0.585663648421979,-0.0957216529234843));
#1071=CARTESIAN_POINT('',(5.46766174093347,0.590388888228373,-0.0846086052942956));
#1072=CARTESIAN_POINT('',(5.47486093307858,0.594391864356361,-0.0754885427595222));
#1073=CARTESIAN_POINT('',(5.48210778145317,0.597684112395575,-0.0681269453943384));
#1074=CARTESIAN_POINT('',(5.48927206966925,0.600286710103152,-0.062342804309461));
#1075=CARTESIAN_POINT('',(5.49627215478311,0.602255800341976,-0.0579405479783915));
#1076=CARTESIAN_POINT('',(5.5031467471869,0.603674024361294,-0.0547137711800446));
#1077=CARTESIAN_POINT('',(5.51007431726986,0.604611159718386,-0.0525157755435281));
#1078=CARTESIAN_POINT('',(5.5171820922633,0.605069340538341,-0.0513841462526148));
#1079=CARTESIAN_POINT('',(5.523196434351,0.605021396859463,-0.0514881069743552));
#1080=CARTESIAN_POINT('',(5.52674583341629,0.60480143310611,-0.0520895615811448));
#1081=CARTESIAN_POINT('',(5.52790702106333,0.604709459433881,-0.0523488338214319));
#1088=EDGE_LOOP('',(#4572,#4573,#4574,#4575));
#1089=AXIS2_PLACEMENT_3D('',#4576,#4577,#4578);
#1090=EDGE_LOOP('',(#4579,#4580,#4581,#4582));
#1091=AXIS2_PLACEMENT_3D('',#4583,#4584,#4585);
#1092=EDGE_LOOP('',(#4586,#4587,#4588,#4589));
#1093=AXIS2_PLACEMENT_3D('',#4590,#4591,#4592);
#1094=EDGE_LOOP('',(#4593,#4594,#4595,#4596));
#1096=CARTESIAN_POINT('',(7.17158046241514,0.658983484715209,-0.000145531639902073));
#1097=CARTESIAN_POINT('',(7.17408796627828,0.658868057232612,-0.000144912888113201));
#1098=CARTESIAN_POINT('',(7.18029651949168,0.65872365245181,-0.00014382029158042));
#1099=CARTESIAN_POINT('',(7.19027145974558,0.658956570756438,-0.000145368061366452));
#1100=CARTESIAN_POINT('',(7.20158936108547,0.65965740719653,-0.0001503198681372));
#1101=CARTESIAN_POINT('',(7.21336572530601,0.660666899312753,-0.000158485487679235));
#1102=CARTESIAN_POINT('',(7.22595626060498,0.661886732149733,-0.000169925620272501));
#1103=CARTESIAN_POINT('',(7.23968763864692,0.66321431352168,-0.000184967360830442));
#1104=CARTESIAN_POINT('',(7.25487131257418,0.664521143427776,-0.000204023083103049));
#1105=CARTESIAN_POINT('',(7.27183898816613,0.6656430209228,-0.000227641133355788));
#1106=CARTESIAN_POINT('',(7.29096340440731,0.66636420559192,-0.000256533025956647));
#1107=CARTESIAN_POINT('',(7.31255685212546,0.66640424465141,-0.00029141417489438));
#1108=CARTESIAN_POINT('',(7.33691904118513,0.665424255003944,-0.000333062939838836));
#1109=CARTESIAN_POINT('',(7.36432644270152,0.663026868340872,-0.000382318291352305));
#1110=CARTESIAN_POINT('',(7.3941830206568,0.658868694300552,-0.000438475761656875));
#1111=CARTESIAN_POINT('',(7.42477644463664,0.652931667396298,-0.000498384510950709));
#1112=CARTESIAN_POINT('',(7.45380745767047,0.645649445485784,-0.000557088083316172));
#1113=CARTESIAN_POINT('',(7.47974272531196,0.637563930101296,-0.000610709106767884));
#1114=CARTESIAN_POINT('',(7.50230291276748,0.628971993863309,-0.000657961804974971));
#1115=CARTESIAN_POINT('',(7.52184001177833,0.619921458201564,-0.000699115916559436));
#1116=CARTESIAN_POINT('',(7.53873677410281,0.610370258610074,-0.000734709577544824));
#1117=CARTESIAN_POINT('',(7.55315372216639,0.600383074070616,-0.000764951434534393));
#1118=CARTESIAN_POINT('',(7.56526050243228,0.590069009578931,-0.000790166793964566));
#1119=CARTESIAN_POINT('',(7.5753134264686,0.57948425435804,-0.000810918385332175));
#1120=CARTESIAN_POINT('',(7.58355967451372,0.568642199912994,-0.00082777179549689));
#1121=CARTESIAN_POINT('',(7.59019180198484,0.557547648096932,-0.000841185076766626));
#1122=CARTESIAN_POINT('',(7.59535948426609,0.546194925852068,-0.000851526301921157));
#1123=CARTESIAN_POINT('',(7.59917313357185,0.534538497260013,-0.000859077705312817));
#1124=CARTESIAN_POINT('',(7.60168315463457,0.522530910189647,-0.000863995410540704));
#1125=CARTESIAN_POINT('',(7.60289011691003,0.510164870596623,-0.000866334570385722));
#1126=CARTESIAN_POINT('',(7.60276794226709,0.497442565748744,-0.000866091514664845));
#1127=CARTESIAN_POINT('',(7.60159308834633,0.48723087100593,-0.00086385219125534));
#1128=CARTESIAN_POINT('',(7.60048644492826,0.48129398918172,-0.00086174408607851));
#1129=CARTESIAN_POINT('',(7.60014366568164,0.479631848260109,-0.000861093101677171));
#1130=CARTESIAN_POINT('',(7.17335102073395,0.626601386721551,0.00232413133116499));
#1131=CARTESIAN_POINT('',(7.1753258678244,0.626607824916787,0.00231326588288152));
#1132=CARTESIAN_POINT('',(7.18023355055691,0.626623564442593,0.00229918283527164));
#1133=CARTESIAN_POINT('',(7.18812431118207,0.626598242199842,0.00232209617911474));
#1134=CARTESIAN_POINT('',(7.19697430881245,0.626434940914334,0.00240176946804479));
#1135=CARTESIAN_POINT('',(7.20598675872209,0.626083287186443,0.00253207123941275));
#1136=CARTESIAN_POINT('',(7.21534019453788,0.625485968810758,0.00271489698235895));
#1137=CARTESIAN_POINT('',(7.2251720219688,0.624575229749474,0.00295520268784411));
#1138=CARTESIAN_POINT('',(7.23559034619691,0.62327441809723,0.00325965879629739));
#1139=CARTESIAN_POINT('',(7.24669839197528,0.621494303380384,0.00363700070158808));
#1140=CARTESIAN_POINT('',(7.25860449595543,0.619127673470237,0.00409860423780002));
#1141=CARTESIAN_POINT('',(7.2713648639391,0.616063373652507,0.00465589693257457));
#1142=CARTESIAN_POINT('',(7.28502699263523,0.612184998432141,0.00532131539788575));
#1143=CARTESIAN_POINT('',(7.29963005658911,0.60737118755853,0.00610826351824387));
#1144=CARTESIAN_POINT('',(7.31478283698661,0.601652018056994,0.00700548616505594));
#1145=CARTESIAN_POINT('',(7.32965771495744,0.595307040014407,0.00796264263831296));
#1146=CARTESIAN_POINT('',(7.34330169814439,0.588787012948306,0.00890054411458121));
#1147=CARTESIAN_POINT('',(7.35519520584072,0.582415910792733,0.00975724218242284));
#1148=CARTESIAN_POINT('',(7.36536837947945,0.5762551592535,0.0105121941147896));
#1149=CARTESIAN_POINT('',(7.37407898989006,0.57021284129892,0.0111697094997604));
#1150=CARTESIAN_POINT('',(7.38155612979394,0.564177199930759,0.011738386086825));
#1151=CARTESIAN_POINT('',(7.38790600324088,0.55812492556168,0.0122215574023305));
#1152=CARTESIAN_POINT('',(7.39322404674492,0.552067870854708,0.0126244208387983));
#1153=CARTESIAN_POINT('',(7.39763415807859,0.545995653639324,0.0129559670649598));
#1154=CARTESIAN_POINT('',(7.40125042906816,0.539883567620924,0.0132252324363414));
#1155=CARTESIAN_POINT('',(7.40415978607182,0.533709914133058,0.0134395351214359));
#1156=CARTESIAN_POINT('',(7.40642856304805,0.527452457028263,0.0136047560889599));
#1157=CARTESIAN_POINT('',(7.40810487634576,0.521071069824431,0.0137254035042326));
#1158=CARTESIAN_POINT('',(7.40920988092848,0.514527244165261,0.013803975606622));
#1159=CARTESIAN_POINT('',(7.40974230964963,0.50780535343182,0.0138413391471976));
#1160=CARTESIAN_POINT('',(7.40968864935211,0.5008948829391,0.0138374906206328));
#1161=CARTESIAN_POINT('',(7.40916872412983,0.495342288232796,0.0138016057366618));
#1162=CARTESIAN_POINT('',(7.40867788872101,0.492107824436506,0.0137680695562318));
#1163=CARTESIAN_POINT('',(7.4085257697959,0.491201673474004,0.013757697909795));
#1164=CARTESIAN_POINT('',(7.17462906763736,0.603226929277471,-0.0203659641123039));
#1165=CARTESIAN_POINT('',(7.17621942564794,0.603321334104748,-0.0202713181613396));
#1166=CARTESIAN_POINT('',(7.18018809752005,0.603452671028866,-0.0201459745673259));
#1167=CARTESIAN_POINT('',(7.18657442912266,0.603240942312854,-0.0203477983675641));
#1168=CARTESIAN_POINT('',(7.19364301313854,0.602453878153877,-0.0210456204376418));
#1169=CARTESIAN_POINT('',(7.20066037930013,0.601119704837106,-0.0221874915709704));
#1170=CARTESIAN_POINT('',(7.20767717083401,0.599210707283078,-0.0237894888217181));
#1171=CARTESIAN_POINT('',(7.21469417509234,0.596684275324928,-0.0258951946934552));
#1172=CARTESIAN_POINT('',(7.22167271404871,0.593501182708462,-0.02856301229289));
#1173=CARTESIAN_POINT('',(7.22855108737841,0.589626315098456,-0.0318695008401339));
#1174=CARTESIAN_POINT('',(7.2352467774811,0.585030799632712,-0.0359143373423706));
#1175=CARTESIAN_POINT('',(7.2416311396114,0.579725686480618,-0.0407976578771923));
#1176=CARTESIAN_POINT('',(7.24756961477324,0.573755161757021,-0.0466284387424627));
#1177=CARTESIAN_POINT('',(7.25293008908672,0.567197096854946,-0.0535241326705569));
#1178=CARTESIAN_POINT('',(7.25746918749355,0.560351149774456,-0.0613861156743528));
#1179=CARTESIAN_POINT('',(7.2609979048533,0.553711699257473,-0.0697732734829438));
#1180=CARTESIAN_POINT('',(7.26353502663771,0.547741849359007,-0.0779917078864784));
#1181=CARTESIAN_POINT('',(7.26529273274496,0.542608266744904,-0.0854985911280672));
#1182=CARTESIAN_POINT('',(7.26652455467231,0.538202423837321,-0.092113915968813));
#1183=CARTESIAN_POINT('',(7.26742025151247,0.5343315358127,-0.0978754455085404));
#1184=CARTESIAN_POINT('',(7.26809799986823,0.53083353935252,-0.10285851819349));
#1185=CARTESIAN_POINT('',(7.26862479500939,0.527621611842404,-0.107092344307357));
#1186=CARTESIAN_POINT('',(7.2690425062812,0.524637406030874,-0.11062246640373));
#1187=CARTESIAN_POINT('',(7.26937945084807,0.521822486338201,-0.113527665919056));
#1188=CARTESIAN_POINT('',(7.26965365296782,0.519124646231894,-0.115887124603247));
#1189=CARTESIAN_POINT('',(7.26987579248857,0.516503058103806,-0.117764968527341));
#1190=CARTESIAN_POINT('',(7.27005204480192,0.513923530026515,-0.119212729960677));
#1191=CARTESIAN_POINT('',(7.2701855590638,0.511349840226013,-0.120269912664635));
#1192=CARTESIAN_POINT('',(7.27027637679799,0.508749936255171,-0.120958405431164));
#1193=CARTESIAN_POINT('',(7.27032190513721,0.506102176770211,-0.121285811526176));
#1194=CARTESIAN_POINT('',(7.27031770073523,0.503386878401087,-0.121252068529559));
#1195=CARTESIAN_POINT('',(7.27027052446829,0.50119737448504,-0.120937686225456));
#1196=CARTESIAN_POINT('',(7.27022419942154,0.499913604408528,-0.120643739566383));
#1197=CARTESIAN_POINT('',(7.27020970535237,0.499553151724462,-0.120552840493426));
#1198=CARTESIAN_POINT('',(7.17453658601365,0.604918344334626,-0.0529995477353151));
#1199=CARTESIAN_POINT('',(7.17615476630062,0.605006383748422,-0.0527531520890216));
#1200=CARTESIAN_POINT('',(7.1801913865783,0.605129355850357,-0.0524272808691982));
#1201=CARTESIAN_POINT('',(7.18668658119547,0.604931115820328,-0.0529523284479702));
#1202=CARTESIAN_POINT('',(7.19388407129692,0.60418918819203,-0.0547683679304864));
#1203=CARTESIAN_POINT('',(7.20104580507418,0.602926111645348,-0.0577399167296396));
#1204=CARTESIAN_POINT('',(7.20823168011888,0.601112029402928,-0.0619089005566228));
#1205=CARTESIAN_POINT('',(7.21545236971624,0.598702511700488,-0.0673887114503709));
#1206=CARTESIAN_POINT('',(7.22267981732068,0.595655624100617,-0.0743313432672487));
#1207=CARTESIAN_POINT('',(7.22986425686371,0.591932336333368,-0.0829360285287849));
#1208=CARTESIAN_POINT('',(7.23693698127816,0.587498106775462,-0.0934621638075379));
#1209=CARTESIAN_POINT('',(7.24378272191676,0.582355142645378,-0.106170339342686));
#1210=CARTESIAN_POINT('',(7.2502800936396,0.576536009378886,-0.121344151162349));
#1211=CARTESIAN_POINT('',(7.25630937728588,0.570104161632183,-0.139289253955143));
#1212=CARTESIAN_POINT('',(7.26161649957399,0.56333975007261,-0.159748992256287));
#1213=CARTESIAN_POINT('',(7.26596624420042,0.556721608079155,-0.18157542634627));
#1214=CARTESIAN_POINT('',(7.26930707715793,0.550711946435454,-0.202962780790653));
#1215=CARTESIAN_POINT('',(7.27179822691653,0.545488814825775,-0.222498420399931));
#1216=CARTESIAN_POINT('',(7.27367706009346,0.540955983777781,-0.23971390089006));
#1217=CARTESIAN_POINT('',(7.27513825722452,0.536927967431038,-0.254707495576965));
#1218=CARTESIAN_POINT('',(7.27630802098961,0.533246342716935,-0.267675262490037));
#1219=CARTESIAN_POINT('',(7.27725618387138,0.529828882930566,-0.278693217407746));
#1220=CARTESIAN_POINT('',(7.27802849142574,0.526622320604344,-0.287879878613664));
#1221=CARTESIAN_POINT('',(7.27866017719114,0.523571697384025,-0.295440264048496));
#1222=CARTESIAN_POINT('',(7.27917621703611,0.520626796700698,-0.301580433417778));
#1223=CARTESIAN_POINT('',(7.27959280813359,0.517748175148489,-0.306467266065293));
#1224=CARTESIAN_POINT('',(7.27992047905146,0.514902505940394,-0.310234867721102));
#1225=CARTESIAN_POINT('',(7.28016563284661,0.512053284751155,-0.312986041434667));
#1226=CARTESIAN_POINT('',(7.28032983884707,0.509167991973147,-0.314777750166339));
#1227=CARTESIAN_POINT('',(7.28041060011649,0.506225421498269,-0.315629779017413));
#1228=CARTESIAN_POINT('',(7.2804028170033,0.503206553417838,-0.315541970751741));
#1229=CARTESIAN_POINT('',(7.28032143182671,0.50077369059542,-0.314723823551608));
#1230=CARTESIAN_POINT('',(7.28024294126247,0.499348765040221,-0.313958881137819));
#1231=CARTESIAN_POINT('',(7.28021848842723,0.498948824710846,-0.313722331443949));
#1238=EDGE_LOOP('',(#4597,#4598,#4599,#4600));
#1239=AXIS2_PLACEMENT_3D('',#4601,#4602,#4603);
#1240=EDGE_LOOP('',(#4604,#4605,#4606,#4607));
#1241=AXIS2_PLACEMENT_3D('',#4608,#4609,#4610);
#1242=EDGE_LOOP('',(#4611,#4612,#4613,#4614));
#1243=AXIS2_PLACEMENT_3D('',#4615,#4616,#4617);
#1244=EDGE_LOOP('',(#4618,#4619,#4620,#4621,#4622,#4623,#4624,#4625));
#1245=AXIS2_PLACEMENT_3D('',#4626,#4627,#4628);
#1246=EDGE_LOOP('',(#4629,#4630,#4631,#4632));
#1247=AXIS2_PLACEMENT_3D('',#4633,#4634,#4635);
#1248=EDGE_LOOP('',(#4636,#4637,#4638,#4639));
#1249=AXIS2_PLACEMENT_3D('',#4640,#4641,#4642);
#1250=EDGE_LOOP('',(#4643,#4644,#4645,#4646));
#1252=CARTESIAN_POINT('',(0.0280946468449093,0.491618578789006,-0.000266758376560064));
#1253=CARTESIAN_POINT('',(0.0276718549189723,0.495394485132181,-0.000267015066592009));
#1254=CARTESIAN_POINT('',(0.0271519579618227,0.503314630448054,-0.000267331819827521));
#1255=CARTESIAN_POINT('',(0.0275779013571714,0.515282682950847,-0.000267072386907551));
#1256=CARTESIAN_POINT('',(0.0293154394086026,0.527285002893249,-0.000265996853984465));
#1257=CARTESIAN_POINT('',(0.0323172478367235,0.538898869769746,-0.000264118750448301));
#1258=CARTESIAN_POINT('',(0.036617616820508,0.550209577868416,-0.000261399427593957));
#1259=CARTESIAN_POINT('',(0.0423060785316995,0.561271425728931,-0.000257763652966241));
#1260=CARTESIAN_POINT('',(0.049499170201153,0.572078866714908,-0.000253116754664241));
#1261=CARTESIAN_POINT('',(0.058355485598611,0.582630128708445,-0.000247335747907031));
#1262=CARTESIAN_POINT('',(0.0691329652902367,0.592964301817445,-0.000240232877787503));
#1263=CARTESIAN_POINT('',(0.082179318507375,0.603095905800435,-0.000231563519001032));
#1264=CARTESIAN_POINT('',(0.0977603639441522,0.612916649483658,-0.000221148519848369));
#1265=CARTESIAN_POINT('',(0.115998394812124,0.622278356138931,-0.000208931904501534));
#1266=CARTESIAN_POINT('',(0.137105634581334,0.631147779955494,-0.000194839607157574));
#1267=CARTESIAN_POINT('',(0.161467904880114,0.639538226931401,-0.000178739915109028));
#1268=CARTESIAN_POINT('',(0.189036970252753,0.647247124707404,-0.000160867825412987));
#1269=CARTESIAN_POINT('',(0.218760179894633,0.65382170915465,-0.000142160272289086));
#1270=CARTESIAN_POINT('',(0.248454512835536,0.658743671460258,-0.000124182994689257));
#1271=CARTESIAN_POINT('',(0.276266235809196,0.661885981870119,-0.000108089864967779));
#1272=CARTESIAN_POINT('',(0.301238679498148,0.663490765905502,-9.43410486280757E-05));
#1273=CARTESIAN_POINT('',(0.323430529935963,0.663940183673231,-8.27864550520597E-05));
#1274=CARTESIAN_POINT('',(0.343127231580832,0.663586817754068,-7.31751501256778E-05));
#1275=CARTESIAN_POINT('',(0.360605495545706,0.662727038064473,-6.52875190766125E-05));
#1276=CARTESIAN_POINT('',(0.376162657516728,0.661599112751953,-5.89207016167601E-05));
#1277=CARTESIAN_POINT('',(0.390020181838096,0.660396695130709,-5.39182481042936E-05));
#1278=CARTESIAN_POINT('',(0.402456334881429,0.659261408395503,-5.01107068203299E-05));
#1279=CARTESIAN_POINT('',(0.413883038542495,0.658280938722122,-4.73205507602788E-05));
#1280=CARTESIAN_POINT('',(0.424842636798933,0.657516497035796,-4.54175781117967E-05));
#1281=CARTESIAN_POINT('',(0.435731069118228,0.657069381179327,-4.44463047862844E-05));
#1282=CARTESIAN_POINT('',(0.444847497326792,0.657102039811973,-4.45129941348963E-05));
#1283=CARTESIAN_POINT('',(0.450296448889919,0.657374400811625,-4.5068506068804E-05));
#1284=CARTESIAN_POINT('',(0.452093060428859,0.657495123863278,-4.52968660794904E-05));
#1285=CARTESIAN_POINT('',(0.213255418084801,0.49763382977788,0.00755770666848583));
#1286=CARTESIAN_POINT('',(0.21306586390717,0.499713780444979,0.00756497076166112));
#1287=CARTESIAN_POINT('',(0.212833201503357,0.504072868240578,0.00757396389505737));
#1288=CARTESIAN_POINT('',(0.213023860564241,0.510657939657743,0.00756660564984788));
#1289=CARTESIAN_POINT('',(0.213799185011668,0.517271961351904,0.0075361361702741));
#1290=CARTESIAN_POINT('',(0.215136248445507,0.523693759695606,0.00748292577829667));
#1291=CARTESIAN_POINT('',(0.217049024335719,0.529982337552147,0.00740588297382707));
#1292=CARTESIAN_POINT('',(0.219576566624585,0.536181696747701,0.00730287535257277));
#1293=CARTESIAN_POINT('',(0.222770689331014,0.542305743040758,0.00717122096623038));
#1294=CARTESIAN_POINT('',(0.22670322619113,0.548374618597897,0.00700743537236067));
#1295=CARTESIAN_POINT('',(0.231492496863163,0.554438852241038,0.00680619918481851));
#1296=CARTESIAN_POINT('',(0.237301236305023,0.560547325893607,0.00656058175207715));
#1297=CARTESIAN_POINT('',(0.244264216625926,0.566690018379567,0.00626550740804213));
#1298=CARTESIAN_POINT('',(0.252465719714163,0.572840350687666,0.00591939026462168));
#1299=CARTESIAN_POINT('',(0.262050735589051,0.579053596983083,0.00552013191350169));
#1300=CARTESIAN_POINT('',(0.273277528357562,0.585445937261754,0.00506400071315397));
#1301=CARTESIAN_POINT('',(0.286260935477811,0.592016216317987,0.00455765452360706));
#1302=CARTESIAN_POINT('',(0.300696362677439,0.598542825331739,0.00402763825749232));
#1303=CARTESIAN_POINT('',(0.315707995840721,0.604578597085547,0.00351831191919399));
#1304=CARTESIAN_POINT('',(0.330444434687124,0.609787406332766,0.00306236663872941));
#1305=CARTESIAN_POINT('',(0.344360422287538,0.614053635024867,0.00267283968469364));
#1306=CARTESIAN_POINT('',(0.357388411446248,0.617459699622976,0.00234547870704772));
#1307=CARTESIAN_POINT('',(0.369571753506126,0.620122001831017,0.00207317442046265));
#1308=CARTESIAN_POINT('',(0.380946320723343,0.622149718931347,0.00184970446967658));
#1309=CARTESIAN_POINT('',(0.391568831496742,0.623646485633214,0.0016693224186017));
#1310=CARTESIAN_POINT('',(0.401451922702191,0.624703480155137,0.00152759288416181));
#1311=CARTESIAN_POINT('',(0.410660147122071,0.625411567604631,0.00141972407094652));
#1312=CARTESIAN_POINT('',(0.419383814245856,0.625855438488343,0.00134065739698303));
#1313=CARTESIAN_POINT('',(0.427949200485577,0.626101390584519,0.00128680170692008));
#1314=CARTESIAN_POINT('',(0.436592684403352,0.626191838475748,0.00125906564017094));
#1315=CARTESIAN_POINT('',(0.443867103804686,0.626176635540797,0.00126163681799334));
#1316=CARTESIAN_POINT('',(0.448188108969802,0.626156654294899,0.00127633816711622));
#1317=CARTESIAN_POINT('',(0.449607411618032,0.626151077811028,0.00128268698491404));
#1318=CARTESIAN_POINT('',(0.345472142861431,0.50192910668311,-0.122675610636257));
#1319=CARTESIAN_POINT('',(0.345449135468887,0.502798035688573,-0.122793525266529));
#1320=CARTESIAN_POINT('',(0.345421577049189,0.504614298894922,-0.122939489362));
#1321=CARTESIAN_POINT('',(0.345444227930574,0.50735557486925,-0.1228200561286));
#1322=CARTESIAN_POINT('',(0.345532469847472,0.510122004323846,-0.122325478643383));
#1323=CARTESIAN_POINT('',(0.345680798058068,0.512836331092268,-0.121461775550042));
#1324=CARTESIAN_POINT('',(0.345888678592675,0.515538784266123,-0.120211227729949));
#1325=CARTESIAN_POINT('',(0.346159120684208,0.518266013154377,-0.11853922285704));
#1326=CARTESIAN_POINT('',(0.346497721806708,0.521045813779254,-0.116402227776437));
#1327=CARTESIAN_POINT('',(0.346914363440362,0.523913976518906,-0.113743683565557));
#1328=CARTESIAN_POINT('',(0.347427666916157,0.526929198174302,-0.110477246698541));
#1329=CARTESIAN_POINT('',(0.348068283638721,0.530164897469342,-0.106490419840216));
#1330=CARTESIAN_POINT('',(0.348877410009361,0.533681224340151,-0.101700815508721));
#1331=CARTESIAN_POINT('',(0.349912185381545,0.537538428382636,-0.0960826917950598));
#1332=CARTESIAN_POINT('',(0.351269590757494,0.541854992730143,-0.0896019876375721));
#1333=CARTESIAN_POINT('',(0.353116805952401,0.546820556043583,-0.082198131567658));
#1334=CARTESIAN_POINT('',(0.355685112995421,0.552577787946872,-0.0739791930118907));
#1335=CARTESIAN_POINT('',(0.359204078192445,0.559070139408965,-0.0653760451764717));
#1336=CARTESIAN_POINT('',(0.363731317374898,0.565901242896806,-0.0571087332742837));
#1337=CARTESIAN_POINT('',(0.369131160617082,0.57258566550532,-0.0497078950303456));
#1338=CARTESIAN_POINT('',(0.375152125951834,0.578752337219602,-0.0433851495079045));
#1339=CARTESIAN_POINT('',(0.381636527521681,0.584269638218463,-0.0380714731912899));
#1340=CARTESIAN_POINT('',(0.388454846581577,0.589085321837264,-0.0336514691256586));
#1341=CARTESIAN_POINT('',(0.395470980921226,0.593174897752585,-0.030024137112026));
#1342=CARTESIAN_POINT('',(0.402569832687976,0.596545863721236,-0.027096201276582));
#1343=CARTESIAN_POINT('',(0.409614922485684,0.599216224138552,-0.0247956688243034));
#1344=CARTESIAN_POINT('',(0.416518197819726,0.601240599566366,-0.0230447547012896));
#1345=CARTESIAN_POINT('',(0.423311722637912,0.602701541410449,-0.0217613657368637));
#1346=CARTESIAN_POINT('',(0.43016748718428,0.60366897978994,-0.0208871534284172));
#1347=CARTESIAN_POINT('',(0.437207933250355,0.604143282844441,-0.0204370738097074));
#1348=CARTESIAN_POINT('',(0.443167039640876,0.60409390366539,-0.0204784082779233));
#1349=CARTESIAN_POINT('',(0.446682618378636,0.603865171213934,-0.0207176478200327));
#1350=CARTESIAN_POINT('',(0.447832498160329,0.603769408721357,-0.020820772005119));
#1351=CARTESIAN_POINT('',(0.339918930326699,0.501748701476521,-0.308438608713036));
#1352=CARTESIAN_POINT('',(0.339888927830502,0.502668494400168,-0.308735076538783));
#1353=CARTESIAN_POINT('',(0.339852754872697,0.504591558356612,-0.309102069476961));
#1354=CARTESIAN_POINT('',(0.339882462237487,0.507494276940195,-0.308801782636504));
#1355=CARTESIAN_POINT('',(0.339999562192798,0.510422308472641,-0.307558285440696));
#1356=CARTESIAN_POINT('',(0.3401978182726,0.513292352134384,-0.305386709665151));
#1357=CARTESIAN_POINT('',(0.340477305831792,0.516145425530983,-0.302242504985676));
#1358=CARTESIAN_POINT('',(0.340842548011035,0.51901848678333,-0.298038646902174));
#1359=CARTESIAN_POINT('',(0.341301083417816,0.521938748510917,-0.292665681677496));
#1360=CARTESIAN_POINT('',(0.341865395578635,0.524941343854095,-0.285981405365681));
#1361=CARTESIAN_POINT('',(0.342558293237132,0.528084626551803,-0.277768727734006));
#1362=CARTESIAN_POINT('',(0.343415975417272,0.531440984761988,-0.267744801023102));
#1363=CARTESIAN_POINT('',(0.344483568778041,0.535067621175546,-0.255702481529494));
#1364=CARTESIAN_POINT('',(0.345819352681878,0.539021138514639,-0.241577047353426));
#1365=CARTESIAN_POINT('',(0.34752232454975,0.543417365083271,-0.225282860066547));
#1366=CARTESIAN_POINT('',(0.349763489812937,0.548442854217284,-0.206667627135562));
#1367=CARTESIAN_POINT('',(0.352769239731644,0.554234234778026,-0.186003063397954));
#1368=CARTESIAN_POINT('',(0.356746705422687,0.560728025085809,-0.164372496922368));
#1369=CARTESIAN_POINT('',(0.361714297882431,0.567525723978538,-0.14358630992483));
#1370=CARTESIAN_POINT('',(0.367506285914403,0.5741481695972,-0.12497866459853));
#1371=CARTESIAN_POINT('',(0.373858848758321,0.580235021122065,-0.109081626683441));
#1372=CARTESIAN_POINT('',(0.380618086455642,0.585663648434094,-0.0957216529850742));
#1373=CARTESIAN_POINT('',(0.387661740948867,0.590388888240586,-0.0846086053462115));
#1374=CARTESIAN_POINT('',(0.394860933098514,0.594391864368825,-0.0754885428031288));
#1375=CARTESIAN_POINT('',(0.402107781477647,0.597684112407691,-0.0681269454321844));
#1376=CARTESIAN_POINT('',(0.409272069697637,0.60028671011394,-0.0623428043447958));
#1377=CARTESIAN_POINT('',(0.416272154812555,0.602255800350595,-0.0579405480141666));
#1378=CARTESIAN_POINT('',(0.423146747214752,0.603674024367514,-0.0547137712180252));
#1379=CARTESIAN_POINT('',(0.430074317295825,0.60461115972232,-0.0525157755844656));
#1380=CARTESIAN_POINT('',(0.437182092286453,0.605069340540338,-0.0513841462970832));
#1381=CARTESIAN_POINT('',(0.443196442918675,0.605021396791973,-0.0514881071700418));
#1382=CARTESIAN_POINT('',(0.446745850237049,0.60480143206497,-0.0520895644784316));
#1383=CARTESIAN_POINT('',(0.44790704600348,0.604709457459853,-0.0523488394369535));
#1390=EDGE_LOOP('',(#4647,#4648,#4649,#4650));
#1391=AXIS2_PLACEMENT_3D('',#4651,#4652,#4653);
#1392=EDGE_LOOP('',(#4654,#4655,#4656,#4657));
#1393=AXIS2_PLACEMENT_3D('',#4658,#4659,#4660);
#1394=EDGE_LOOP('',(#4661,#4662,#4663,#4664));
#1395=AXIS2_PLACEMENT_3D('',#4665,#4666,#4667);
#1396=EDGE_LOOP('',(#4668,#4669,#4670,#4671));
#1398=CARTESIAN_POINT('',(2.09158046240055,0.658983484981999,-0.000145531660250499));
#1399=CARTESIAN_POINT('',(2.0940879662591,0.658868057498829,-0.000144912908369289));
#1400=CARTESIAN_POINT('',(2.10029651947134,0.658723652716445,-0.000143820311710196));
#1401=CARTESIAN_POINT('',(2.1102714597284,0.658956571021569,-0.000145368081684636));
#1402=CARTESIAN_POINT('',(2.12158936108339,0.659657407467184,-0.000150319889139367));
#1403=CARTESIAN_POINT('',(2.13336572532267,0.660666899593626,-0.000158485509812738));
#1404=CARTESIAN_POINT('',(2.14595626064827,0.661886732445229,-0.000169925643994934));
#1405=CARTESIAN_POINT('',(2.15968763872445,0.663214313836163,-0.000184967386654285));
#1406=CARTESIAN_POINT('',(2.17487131269491,0.664521143764668,-0.0002040231115924));
#1407=CARTESIAN_POINT('',(2.19183898833819,0.665643021284679,-0.000227641165144325));
#1408=CARTESIAN_POINT('',(2.21096340463945,0.666364205980393,-0.000256533061786434));
#1409=CARTESIAN_POINT('',(2.23255685242914,0.666404245066818,-0.000291414215595714));
#1410=CARTESIAN_POINT('',(2.25691904157335,0.66542425544502,-0.000333062986358317));
#1411=CARTESIAN_POINT('',(2.28432644318861,0.663026868804509,-0.000382318344746524));
#1412=CARTESIAN_POINT('',(2.31418302125825,0.658868694780623,-0.000438475822883502));
#1413=CARTESIAN_POINT('',(2.34477644536356,0.652931667883659,-0.000498384580546779));
#1414=CARTESIAN_POINT('',(2.37380745852446,0.645649445969977,-0.000557088161122712));
#1415=CARTESIAN_POINT('',(2.39974272628638,0.637563930573494,-0.000610709192082574));
#1416=CARTESIAN_POINT('',(2.42230291385017,0.628971994316643,-0.000657961896914519));
#1417=CARTESIAN_POINT('',(2.44184001295812,0.619921458630498,-0.000699116014262423));
#1418=CARTESIAN_POINT('',(2.45873677536877,0.610370259009176,-0.000734709680244073));
#1419=CARTESIAN_POINT('',(2.473153723508,0.600383074434722,-0.000764951541499797));
#1420=CARTESIAN_POINT('',(2.48526050383813,0.590069009903554,-0.000790166904446489));
#1421=CARTESIAN_POINT('',(2.49531342792626,0.579484254640891,-0.000810918498745666));
#1422=CARTESIAN_POINT('',(2.50355967601345,0.568642200153798,-0.000827771911279753));
#1423=CARTESIAN_POINT('',(2.51019180351518,0.557547648297124,-0.000841185194417969));
#1424=CARTESIAN_POINT('',(2.51535948582032,0.546194926013292,-0.000851526421010673));
#1425=CARTESIAN_POINT('',(2.5191731351421,0.534538497383629,-0.000859077825452751));
#1426=CARTESIAN_POINT('',(2.52168315621664,0.522530910276076,-0.000863995531388883));
#1427=CARTESIAN_POINT('',(2.5228901184997,0.510164870645129,-0.000866334691535555));
#1428=CARTESIAN_POINT('',(2.52276794386017,0.497442565757529,-0.000866091635799227));
#1429=CARTESIAN_POINT('',(2.52159308986636,0.48723087036236,-0.000863852311964255));
#1430=CARTESIAN_POINT('',(2.52048644628988,0.481293987919686,-0.000861744206197015));
#1431=CARTESIAN_POINT('',(2.5201436668947,0.479631846393364,-0.000861093221425495));
#1432=CARTESIAN_POINT('',(2.09335102073656,0.62660138667379,0.00232413150827341));
#1433=CARTESIAN_POINT('',(2.09532586781909,0.626607824869156,0.00231326605920578));
#1434=CARTESIAN_POINT('',(2.10023355054001,0.626623564395186,0.00229918301048856));
#1435=CARTESIAN_POINT('',(2.10812431115158,0.626598242152375,0.00232209635591492));
#1436=CARTESIAN_POINT('',(2.1169743087746,0.626434940866189,0.00240176965070587));
#1437=CARTESIAN_POINT('',(2.12598675867776,0.626083287137136,0.00253207143179348));
#1438=CARTESIAN_POINT('',(2.13534019449039,0.625485968759612,0.00271489718852744));
#1439=CARTESIAN_POINT('',(2.14517202191807,0.62457522969567,0.00295520291224737));
#1440=CARTESIAN_POINT('',(2.1555903461429,0.623274418040006,0.00325965904388076));
#1441=CARTESIAN_POINT('',(2.16669839191584,0.621494303319355,0.00363700097791428));
#1442=CARTESIAN_POINT('',(2.17860449588695,0.619127673405172,0.00409860454925406));
#1443=CARTESIAN_POINT('',(2.19136486385786,0.616063373583603,0.00465589728641949));
#1444=CARTESIAN_POINT('',(2.20502699253713,0.612184998360185,0.0053213158022763));
#1445=CARTESIAN_POINT('',(2.21963005646982,0.607371187484841,0.00610826398236837));
#1446=CARTESIAN_POINT('',(2.23478283684309,0.601652017983069,0.00700548669727892));
#1447=CARTESIAN_POINT('',(2.24965771479017,0.595307039941667,0.0079626432432806));
#1448=CARTESIAN_POINT('',(2.26330169795523,0.588787012877606,0.00890054479099546));
#1449=CARTESIAN_POINT('',(2.27519520563348,0.582415910724736,0.00975724292423146));
#1450=CARTESIAN_POINT('',(2.28536837925679,0.576255159188898,0.0105121949143367));
#1451=CARTESIAN_POINT('',(2.29407898965545,0.570212841238201,0.0111697103496612));
#1452=CARTESIAN_POINT('',(2.30155612954948,0.564177199874057,0.0117383869803416));
#1453=CARTESIAN_POINT('',(2.30790600298851,0.55812492550881,0.012221558332951));
#1454=CARTESIAN_POINT('',(2.31322404648604,0.552067870805328,0.0126244218004533));
#1455=CARTESIAN_POINT('',(2.31763415781371,0.545995653593849,0.0129559680520575));
#1456=CARTESIAN_POINT('',(2.3212504287983,0.539883567580669,0.0132252334440537));
#1457=CARTESIAN_POINT('',(2.32415978579629,0.533709914100037,0.013439536145517));
#1458=CARTESIAN_POINT('',(2.3264285627682,0.527452457004332,0.0136047571256087));
#1459=CARTESIAN_POINT('',(2.32810487606203,0.521071069811488,0.013725404550068));
#1460=CARTESIAN_POINT('',(2.32920988064322,0.514527244164592,0.0138039766584114));
#1461=CARTESIAN_POINT('',(2.32974230936381,0.507805353444149,0.0138413402019549));
#1462=CARTESIAN_POINT('',(2.32968864906848,0.500894882964431,0.0138374916751709));
#1463=CARTESIAN_POINT('',(2.32916872381714,0.49534228793118,0.0138016067863719));
#1464=CARTESIAN_POINT('',(2.32867788834105,0.492107823813446,0.0137680705987713));
#1465=CARTESIAN_POINT('',(2.32852576935093,0.491201672525355,0.0137576989471114));
#1466=CARTESIAN_POINT('',(2.09462906765084,0.603226929030936,-0.0203659641943565));
#1467=CARTESIAN_POINT('',(2.0962194256515,0.603321333858787,-0.0202713182433591));
#1468=CARTESIAN_POINT('',(2.1001880975061,0.603452670784288,-0.0201459746486723));
#1469=CARTESIAN_POINT('',(2.10657442908439,0.603240942068016,-0.0203477984481783));
#1470=CARTESIAN_POINT('',(2.11364301307919,0.602453877904613,-0.0210456205192512));
#1471=CARTESIAN_POINT('',(2.12066037921814,0.60111970457966,-0.0221874916554001));
#1472=CARTESIAN_POINT('',(2.12767717072979,0.599210707013481,-0.0237894889112867));
#1473=CARTESIAN_POINT('',(2.13469417496188,0.596684275039047,-0.0258951947908789));
#1474=CARTESIAN_POINT('',(2.14167271388524,0.593501182402802,-0.0285630124009136));
#1475=CARTESIAN_POINT('',(2.14855108717387,0.589626314770701,-0.0318695009613028));
#1476=CARTESIAN_POINT('',(2.15524677722352,0.585030799281505,-0.035914337479481));
#1477=CARTESIAN_POINT('',(2.16163113928828,0.579725686106087,-0.0407976580332628));
#1478=CARTESIAN_POINT('',(2.16756961436948,0.573755161361249,-0.0466284389206733));
#1479=CARTESIAN_POINT('',(2.17293008858605,0.56719709644202,-0.0535241328743954));
#1480=CARTESIAN_POINT('',(2.17746918688219,0.560351149350631,-0.0613861159075176));
#1481=CARTESIAN_POINT('',(2.18099790412363,0.553711698830803,-0.0697732737481945));
#1482=CARTESIAN_POINT('',(2.18353502579184,0.547741848937402,-0.0779917081846136));
#1483=CARTESIAN_POINT('',(2.18529273179402,0.542608266335126,-0.0854985914574665));
#1484=CARTESIAN_POINT('',(2.18652455362721,0.538202423444843,-0.0921139163266244));
#1485=CARTESIAN_POINT('',(2.18742025038595,0.534331535441905,-0.0978754458917132));
#1486=CARTESIAN_POINT('',(2.18809799867069,0.530833539007132,-0.102858518599236));
#1487=CARTESIAN_POINT('',(2.18862479375045,0.527621611525494,-0.107092344732863));
#1488=CARTESIAN_POINT('',(2.18904250497105,0.524637405744715,-0.110622466845978));
#1489=CARTESIAN_POINT('',(2.18937944949537,0.521822486084996,-0.113527666374859));
#1490=CARTESIAN_POINT('',(2.18965365157983,0.519124646013883,-0.115887125069412));
#1491=CARTESIAN_POINT('',(2.18987579107188,0.516503057923235,-0.117764969001229));
#1492=CARTESIAN_POINT('',(2.19005204336297,0.513923529885309,-0.119212730440184));
#1493=CARTESIAN_POINT('',(2.19018555760881,0.511349840126285,-0.120269913148152));
#1494=CARTESIAN_POINT('',(2.19027637533253,0.508749936198647,-0.120958405917547));
#1495=CARTESIAN_POINT('',(2.19032190366639,0.506102176758439,-0.121285812014371));
#1496=CARTESIAN_POINT('',(2.19031769926562,0.503386878435305,-0.121252069018651));
#1497=CARTESIAN_POINT('',(2.19027052300067,0.501197374423149,-0.120937686695293));
#1498=CARTESIAN_POINT('',(2.19022419795203,0.49991360423724,-0.120643739994473));
#1499=CARTESIAN_POINT('',(2.190209703878,0.499553151428406,-0.120552840882271));
#1500=CARTESIAN_POINT('',(2.09453658601255,0.604918344354645,-0.0529995481215513));
#1501=CARTESIAN_POINT('',(2.09615476629403,0.605006383768076,-0.0527531524743741));
#1502=CARTESIAN_POINT('',(2.10019138656487,0.605129355870054,-0.0524272812517357));
#1503=CARTESIAN_POINT('',(2.10668658117472,0.604931115841717,-0.0529523288303229));
#1504=CARTESIAN_POINT('',(2.11388407127513,0.604189188216039,-0.054768368321338));
#1505=CARTESIAN_POINT('',(2.12104580505233,0.602926111672275,-0.0577399171375056));
#1506=CARTESIAN_POINT('',(2.12823168010126,0.60111202943263,-0.0619089009914635));
#1507=CARTESIAN_POINT('',(2.1354523697049,0.59870251173225,-0.0673887119235042));
#1508=CARTESIAN_POINT('',(2.14267981731536,0.595655624134107,-0.0743313437905992));
#1509=CARTESIAN_POINT('',(2.14986425686527,0.591932336368725,-0.0829360291143988));
#1510=CARTESIAN_POINT('',(2.15693698128616,0.587498106812827,-0.093462164468911));
#1511=CARTESIAN_POINT('',(2.16378272193166,0.582355142684988,-0.106170340094827));
#1512=CARTESIAN_POINT('',(2.17028009366221,0.57653600942118,-0.121344152021537));
#1513=CARTESIAN_POINT('',(2.1763093773163,0.570104161677254,-0.13928925493951));
#1514=CARTESIAN_POINT('',(2.18161649961496,0.56333975011966,-0.159748993383641));
#1515=CARTESIAN_POINT('',(2.18596624425183,0.55672160812684,-0.181575427628263));
#1516=CARTESIAN_POINT('',(2.18930707721984,0.550711946482037,-0.20296278222792));
#1517=CARTESIAN_POINT('',(2.19179822698958,0.545488814870197,-0.22249842198222));
#1518=CARTESIAN_POINT('',(2.19367706017457,0.54095598381958,-0.239713902602381));
#1519=CARTESIAN_POINT('',(2.19513825731306,0.536927967469769,-0.254707497404153));
#1520=CARTESIAN_POINT('',(2.19630802108513,0.533246342752152,-0.267675264418217));
#1521=CARTESIAN_POINT('',(2.19725618397212,0.529828882961845,-0.278693219423284));
#1522=CARTESIAN_POINT('',(2.19802849153178,0.526622320631232,-0.287879880702714));
#1523=CARTESIAN_POINT('',(2.19866017730127,0.523571697406669,-0.295440266197377));
#1524=CARTESIAN_POINT('',(2.19917621714832,0.520626796719518,-0.301580435613737));
#1525=CARTESIAN_POINT('',(2.19959280824852,0.517748175164198,-0.306467268297245));
#1526=CARTESIAN_POINT('',(2.1999204791675,0.514902505953628,-0.310234869979927));
#1527=CARTESIAN_POINT('',(2.20016563296415,0.512053284762559,-0.312986043713002));
#1528=CARTESIAN_POINT('',(2.20032983896554,0.509167991983012,-0.314777752457892));
#1529=CARTESIAN_POINT('',(2.20041060023582,0.506225421506588,-0.315629781316559));
#1530=CARTESIAN_POINT('',(2.20040281712274,0.50320655342451,-0.315541973052785));
#1531=CARTESIAN_POINT('',(2.20032143194107,0.500773690452986,-0.314723825799808));
#1532=CARTESIAN_POINT('',(2.20024294136544,0.499348764752008,-0.313958883274901));
#1533=CARTESIAN_POINT('',(2.2002184885195,0.498948824277447,-0.313722333478137));
#1540=EDGE_LOOP('',(#4672,#4673,#4674,#4675));
#1541=AXIS2_PLACEMENT_3D('',#4676,#4677,#4678);
#1542=EDGE_LOOP('',(#4679,#4680,#4681,#4682));
#1543=AXIS2_PLACEMENT_3D('',#4683,#4684,#4685);
#1544=EDGE_LOOP('',(#4686,#4687,#4688,#4689));
#1545=AXIS2_PLACEMENT_3D('',#4690,#4691,#4692);
#1546=EDGE_LOOP('',(#4693,#4694,#4695,#4696));
#1548=CARTESIAN_POINT('',(2.5161281900553,-0.487282792709815,-0.000455976911967219));
#1549=CARTESIAN_POINT('',(2.51661361592323,-0.496256908807436,-0.000461755832175603));
#1550=CARTESIAN_POINT('',(2.51686538501973,-0.516341911049484,-0.00046131705496635));
#1551=CARTESIAN_POINT('',(2.514445779348,-0.547703328435478,-0.000440821257927939));
#1552=CARTESIAN_POINT('',(2.50871891631027,-0.581304994629209,-0.000397765256497783));
#1553=CARTESIAN_POINT('',(2.49991748609407,-0.615174509989329,-0.000346079384655399));
#1554=CARTESIAN_POINT('',(2.48811061610704,-0.649184941283138,-0.000293544997603539));
#1555=CARTESIAN_POINT('',(2.47333911937918,-0.683155407470284,-0.000245584878717729));
#1556=CARTESIAN_POINT('',(2.45566924698285,-0.716790289579646,-0.000204736682598779));
#1557=CARTESIAN_POINT('',(2.43521056501536,-0.749740143562044,-0.000171716875058917));
#1558=CARTESIAN_POINT('',(2.41208209470066,-0.781691387121506,-0.000146138768282286));
#1559=CARTESIAN_POINT('',(2.38639175926388,-0.812383591650412,-0.000127195366966222));
#1560=CARTESIAN_POINT('',(2.35824530652417,-0.841586110509932,-0.000114048124484264));
#1561=CARTESIAN_POINT('',(2.32775818263521,-0.869082472258893,-0.00010601557653907));
#1562=CARTESIAN_POINT('',(2.29505743296029,-0.894670475277809,-0.00010264921209799));
#1563=CARTESIAN_POINT('',(2.26026374113085,-0.918176704989048,-0.000103765652546668));
#1564=CARTESIAN_POINT('',(2.22348811440383,-0.939449887847813,-0.000109473916995289));
#1565=CARTESIAN_POINT('',(2.18485060938204,-0.958345400985671,-0.000120182136851813));
#1566=CARTESIAN_POINT('',(2.1445927605743,-0.974688213908189,-0.000136534635894615));
#1567=CARTESIAN_POINT('',(2.10316374357027,-0.988297559348484,-0.000159199500226679));
#1568=CARTESIAN_POINT('',(2.06138720728739,-0.99902056799841,-0.000188351677508186));
#1569=CARTESIAN_POINT('',(2.02017447816377,-1.00689868268222,-0.000222924586661518));
#1570=CARTESIAN_POINT('',(1.98028174801699,-1.01217736338848,-0.000259812210821075));
#1571=CARTESIAN_POINT('',(1.94206005192834,-1.01521124432292,-0.00029243967098604));
#1572=CARTESIAN_POINT('',(1.90868953131167,-1.01623357175423,-0.000309684029444162));
#1573=CARTESIAN_POINT('',(1.8881021608111,-1.01602497822509,-0.000305353947152837));
#1574=CARTESIAN_POINT('',(1.87964013320194,-1.01579425863427,-0.000301139919117835));
#1575=CARTESIAN_POINT('',(2.32733987721676,-0.495820067510297,0.00997140877689605));
#1576=CARTESIAN_POINT('',(2.3275204658798,-0.500450578232886,0.0100226662069831));
#1577=CARTESIAN_POINT('',(2.32761815112338,-0.51086365541278,0.0100497847756133));
#1578=CARTESIAN_POINT('',(2.3266966877432,-0.527586837641505,0.00980447968002482));
#1579=CARTESIAN_POINT('',(2.32441074281518,-0.546311808652512,0.00930392844422476));
#1580=CARTESIAN_POINT('',(2.32070533758139,-0.566167808373651,0.00865373980186399));
#1581=CARTESIAN_POINT('',(2.31544552764829,-0.587157168199979,0.00793781385351203));
#1582=CARTESIAN_POINT('',(2.30848080804268,-0.60917797070534,0.00722015116869187));
#1583=CARTESIAN_POINT('',(2.29968147313034,-0.632001460718889,0.0065463162515417));
#1584=CARTESIAN_POINT('',(2.2889572347008,-0.655325366648078,0.00594506429997273));
#1585=CARTESIAN_POINT('',(2.27624320351029,-0.678850631856014,0.00543174058506174));
#1586=CARTESIAN_POINT('',(2.26148525775368,-0.702307411188525,0.00501314623368533));
#1587=CARTESIAN_POINT('',(2.24464079020093,-0.725443190931377,0.00469152130160973));
#1588=CARTESIAN_POINT('',(2.22568330563672,-0.748010747234156,0.00446678680113834));
#1589=CARTESIAN_POINT('',(2.20460282063082,-0.769766059887092,0.00433756314186227));
#1590=CARTESIAN_POINT('',(2.18139389837837,-0.790478627111593,0.00430162365970516));
#1591=CARTESIAN_POINT('',(2.15605086833868,-0.809925729581666,0.00435645359593942));
#1592=CARTESIAN_POINT('',(2.12857798124484,-0.827876626123774,0.00449946979441136));
#1593=CARTESIAN_POINT('',(2.09907044165694,-0.844050228870473,0.00472719926208032));
#1594=CARTESIAN_POINT('',(2.06778898576411,-0.858123605504762,0.00503286642175414));
#1595=CARTESIAN_POINT('',(2.03530612376226,-0.869749587395141,0.00540168765605908));
#1596=CARTESIAN_POINT('',(2.00231316979291,-0.878728898103212,0.0058072529257143));
#1597=CARTESIAN_POINT('',(1.96942878128186,-0.885058872185517,0.00620806541680344));
#1598=CARTESIAN_POINT('',(1.936975202717,-0.888878895273879,0.00654318677588279));
#1599=CARTESIAN_POINT('',(1.90780527049871,-0.89022621291286,0.0067076684131284));
#1600=CARTESIAN_POINT('',(1.88939497121722,-0.889951882134847,0.00667557831884563));
#1601=CARTESIAN_POINT('',(1.88177606503263,-0.889642207800835,0.0066298331710105));
#1602=CARTESIAN_POINT('',(2.1928045743459,-0.499657784199925,-0.12284993332849));
#1603=CARTESIAN_POINT('',(2.19283303025443,-0.502346376367985,-0.122858670472203));
#1604=CARTESIAN_POINT('',(2.19285256250206,-0.508403915762552,-0.122863298880295));
#1605=CARTESIAN_POINT('',(2.19268337047343,-0.518337343796065,-0.122809446431439));
#1606=CARTESIAN_POINT('',(2.19214308941279,-0.529849149260034,-0.122605644404971));
#1607=CARTESIAN_POINT('',(2.19106091687542,-0.542534018066152,-0.122179380609405));
#1608=CARTESIAN_POINT('',(2.18923319067022,-0.556450040043266,-0.121468208058309));
#1609=CARTESIAN_POINT('',(2.18644955046019,-0.571555480639205,-0.120434125987208));
#1610=CARTESIAN_POINT('',(2.18251588004795,-0.587699573560399,-0.119066685283347));
#1611=CARTESIAN_POINT('',(2.17726985244281,-0.604662391479799,-0.117379434919777));
#1612=CARTESIAN_POINT('',(2.17057651811208,-0.622213609392105,-0.115399487951673));
#1613=CARTESIAN_POINT('',(2.16231804241536,-0.640135919357595,-0.113159132065793));
#1614=CARTESIAN_POINT('',(2.15239115783228,-0.658217898372932,-0.110692825267247));
#1615=CARTESIAN_POINT('',(2.14070848061972,-0.676244579708623,-0.108036688894281));
#1616=CARTESIAN_POINT('',(2.12719870762178,-0.693994868472703,-0.105228426532733));
#1617=CARTESIAN_POINT('',(2.11179932936552,-0.711249125006062,-0.102306261914064));
#1618=CARTESIAN_POINT('',(2.09445271730378,-0.72778447609904,-0.099309803895477));
#1619=CARTESIAN_POINT('',(2.07511271726628,-0.743360606209141,-0.0962834498557481));
#1620=CARTESIAN_POINT('',(2.05380462185091,-0.757679747212704,-0.0932870950426604));
#1621=CARTESIAN_POINT('',(2.03068900303551,-0.770387780366652,-0.0904032876155001));
#1622=CARTESIAN_POINT('',(2.00618503204028,-0.78108494265719,-0.0877467534300588));
#1623=CARTESIAN_POINT('',(1.98084225009765,-0.789486164565414,-0.0854403638564663));
#1624=CARTESIAN_POINT('',(1.95519057590516,-0.795487085424465,-0.0836006362162309));
#1625=CARTESIAN_POINT('',(1.92954942078926,-0.799137759059073,-0.0823376696435049));
#1626=CARTESIAN_POINT('',(1.90627186836733,-0.800426753229914,-0.0818243953729097));
#1627=CARTESIAN_POINT('',(1.89149492094116,-0.80016429305912,-0.0819273904716455));
#1628=CARTESIAN_POINT('',(1.88537266879504,-0.799869286156692,-0.0820557626908471));
#1629=CARTESIAN_POINT('',(2.20010390011227,-0.496311372496779,-0.311595060092409));
#1630=CARTESIAN_POINT('',(2.20023156638707,-0.500716844129179,-0.311741150189687));
#1631=CARTESIAN_POINT('',(2.20029955971988,-0.510555120487361,-0.311814974340831));
#1632=CARTESIAN_POINT('',(2.19964897588319,-0.52594505404713,-0.311094748267398));
#1633=CARTESIAN_POINT('',(2.19802701559231,-0.542582193092283,-0.309403849295687));
#1634=CARTESIAN_POINT('',(2.19539375220849,-0.559589431328184,-0.306833227217267));
#1635=CARTESIAN_POINT('',(2.19165642471722,-0.576971035153654,-0.303440525280561));
#1636=CARTESIAN_POINT('',(2.18671477702861,-0.594687469525833,-0.299291777677007));
#1637=CARTESIAN_POINT('',(2.18048329855509,-0.612626126002343,-0.294471583273025));
#1638=CARTESIAN_POINT('',(2.17290190471405,-0.630630689263214,-0.289079643525681));
#1639=CARTESIAN_POINT('',(2.1639246710197,-0.648548670452771,-0.283214981257622));
#1640=CARTESIAN_POINT('',(2.1535095417565,-0.666242688301198,-0.276968343747413));
#1641=CARTESIAN_POINT('',(2.14161949731542,-0.683578271363618,-0.270424865520468));
#1642=CARTESIAN_POINT('',(2.12822670968546,-0.700414388556554,-0.263668311370568));
#1643=CARTESIAN_POINT('',(2.11331396125849,-0.716602367009251,-0.256783343565887));
#1644=CARTESIAN_POINT('',(2.0968676706663,-0.731993991604794,-0.249854126093365));
#1645=CARTESIAN_POINT('',(2.07887660442712,-0.746437316397856,-0.242967685532124));
#1646=CARTESIAN_POINT('',(2.05934222094446,-0.759764910996085,-0.236222405256038));
#1647=CARTESIAN_POINT('',(2.03834162057105,-0.771762202096216,-0.229751132565546));
#1648=CARTESIAN_POINT('',(2.01608848350989,-0.782174735778121,-0.223732088350182));
#1649=CARTESIAN_POINT('',(1.99304610745166,-0.790725572215001,-0.21839966409856));
#1650=CARTESIAN_POINT('',(1.96979270139525,-0.797254100481982,-0.21397891058855));
#1651=CARTESIAN_POINT('',(1.94687595252679,-0.801766437663226,-0.210642680622537));
#1652=CARTESIAN_POINT('',(1.92464013249163,-0.804406984584476,-0.208499871884388));
#1653=CARTESIAN_POINT('',(1.90509309267279,-0.805294085691043,-0.207699143350192));
#1654=CARTESIAN_POINT('',(1.89302773641274,-0.805113016631226,-0.207861094234743));
#1655=CARTESIAN_POINT('',(1.88807587145334,-0.804916316440913,-0.208050683680884));
#1662=EDGE_LOOP('',(#4697,#4698,#4699,#4700));
#1663=AXIS2_PLACEMENT_3D('',#4701,#4702,#4703);
#1664=EDGE_LOOP('',(#4704,#4705,#4706,#4707));
#1666=CARTESIAN_POINT('',(0.660300707248253,-1.0157485758466,-0.000298805146505764));
#1667=CARTESIAN_POINT('',(0.657259030331779,-1.01583121305062,-0.000300438340888718));
#1668=CARTESIAN_POINT('',(0.642742610242845,-1.01613611997307,-0.00030629117126388));
#1669=CARTESIAN_POINT('',(0.616146762057569,-1.01592012152326,-0.000301371913572372));
#1670=CARTESIAN_POINT('',(0.579962432353338,-1.01395687229627,-0.000275429020344781));
#1671=CARTESIAN_POINT('',(0.542164871088373,-1.01005615342786,-0.000241061031623961));
#1672=CARTESIAN_POINT('',(0.502923740270054,-1.00390053812419,-0.000205973010678352));
#1673=CARTESIAN_POINT('',(0.462657442594437,-0.995183539726442,-0.000174475938623998));
#1674=CARTESIAN_POINT('',(0.422175431376314,-0.983749929127485,-0.000148621246305323));
#1675=CARTESIAN_POINT('',(0.382328013688645,-0.969640954981364,-0.000128875136140304));
#1676=CARTESIAN_POINT('',(0.343781103266412,-0.953034510088046,-0.000114855695705812));
#1677=CARTESIAN_POINT('',(0.306831156664671,-0.934080117077258,-0.000105909586319895));
#1678=CARTESIAN_POINT('',(0.271656024650957,-0.912925213812287,-0.000101500592592404));
#1679=CARTESIAN_POINT('',(0.238367225254931,-0.88970576936701,-0.000101323224474781));
#1680=CARTESIAN_POINT('',(0.20706916053436,-0.864565479216953,-0.00010533388696535));
#1681=CARTESIAN_POINT('',(0.177869708711418,-0.837664665352281,-0.000113744095894903));
#1682=CARTESIAN_POINT('',(0.150880677457751,-0.80918707368547,-0.000126996720136113));
#1683=CARTESIAN_POINT('',(0.126206272154867,-0.779330436934142,-0.000145735036233774));
#1684=CARTESIAN_POINT('',(0.103945671891452,-0.748309633510187,-0.000170727303275858));
#1685=CARTESIAN_POINT('',(0.0841939443917833,-0.716359222174302,-0.000202703796834525));
#1686=CARTESIAN_POINT('',(0.0670543914385371,-0.683753901513464,-0.000242014467608469));
#1687=CARTESIAN_POINT('',(0.0526384343221944,-0.650826465184256,-0.000288028037096383));
#1688=CARTESIAN_POINT('',(0.0410143050701219,-0.617869658222902,-0.000338422009310497));
#1689=CARTESIAN_POINT('',(0.0322128350715269,-0.585057613193239,-0.000388651138280424));
#1690=CARTESIAN_POINT('',(0.0262806699793633,-0.552463366621063,-0.000431300762381319));
#1691=CARTESIAN_POINT('',(0.0233112835964047,-0.52022778069904,-0.000457451648991212));
#1692=CARTESIAN_POINT('',(0.0233513154526004,-0.498435196406165,-0.000456582037003885));
#1693=CARTESIAN_POINT('',(0.0239315770097799,-0.487484874685483,-0.00045166149804726));
#1694=CARTESIAN_POINT('',(0.023956105072373,-0.487039612655353,-0.000451461487540182));
#1695=CARTESIAN_POINT('',(0.658121234591043,-0.886952636616781,0.00674723623647689));
#1696=CARTESIAN_POINT('',(0.655389477662954,-0.887064242280645,0.00676389194727885));
#1697=CARTESIAN_POINT('',(0.642386305807801,-0.887474742016958,0.00682328496726982));
#1698=CARTESIAN_POINT('',(0.618892335622718,-0.887176780947197,0.00677384531146175));
#1699=CARTESIAN_POINT('',(0.587813526513563,-0.884636765360654,0.00650722319705677));
#1700=CARTESIAN_POINT('',(0.556285404304379,-0.879815730493157,0.00613615957937684));
#1701=CARTESIAN_POINT('',(0.524497079273881,-0.872573133431907,0.00573080436197857));
#1702=CARTESIAN_POINT('',(0.492810408332939,-0.862816473717876,0.00533870075108866));
#1703=CARTESIAN_POINT('',(0.461867300356223,-0.850624776750075,0.00499293093387945));
#1704=CARTESIAN_POINT('',(0.432290199960945,-0.836251296679775,0.00471404822371261));
#1705=CARTESIAN_POINT('',(0.404517702083103,-0.820035585571391,0.00451277940475647));
#1706=CARTESIAN_POINT('',(0.378696199276173,-0.802247125773244,0.00439389871876656));
#1707=CARTESIAN_POINT('',(0.354878784100046,-0.783126435187846,0.00436031191568544));
#1708=CARTESIAN_POINT('',(0.333067941712921,-0.762885599050471,0.00441441726552783));
#1709=CARTESIAN_POINT('',(0.31325723535416,-0.741731276954777,0.00455849718770488));
#1710=CARTESIAN_POINT('',(0.295436651598971,-0.719874414517585,0.00479452732127792));
#1711=CARTESIAN_POINT('',(0.279590957127652,-0.697536364455294,0.0051236891324613));
#1712=CARTESIAN_POINT('',(0.265691936200315,-0.674942727744053,0.00554591368550795));
#1713=CARTESIAN_POINT('',(0.253698781064942,-0.652327220392635,0.00605883593386887));
#1714=CARTESIAN_POINT('',(0.243556597329243,-0.629933435123697,0.00665588262784836));
#1715=CARTESIAN_POINT('',(0.235200119239902,-0.608026036429259,0.00732279519271167));
#1716=CARTESIAN_POINT('',(0.228549596415368,-0.586890671490521,0.00803262533531271));
#1717=CARTESIAN_POINT('',(0.223486623558106,-0.566749776239642,0.00874302148676567));
#1718=CARTESIAN_POINT('',(0.219867422832826,-0.547702100931535,0.00939541557465546));
#1719=CARTESIAN_POINT('',(0.217557818744131,-0.529723715625247,0.00991504218394556));
#1720=CARTESIAN_POINT('',(0.216457177869079,-0.51274243489175,0.0102138224464172));
#1721=CARTESIAN_POINT('',(0.21647608210663,-0.501638412215971,0.0102144861435394));
#1722=CARTESIAN_POINT('',(0.216684742159969,-0.496100431589114,0.0101496045737205));
#1723=CARTESIAN_POINT('',(0.216693561816646,-0.495875309449874,0.0101468504170161));
#1724=CARTESIAN_POINT('',(0.65446305605607,-0.796950835486656,-0.0850134064703306));
#1725=CARTESIAN_POINT('',(0.652280429480468,-0.797056447475384,-0.0849664500614514));
#1726=CARTESIAN_POINT('',(0.641895103159319,-0.797445277934014,-0.0847962133655264));
#1727=CARTESIAN_POINT('',(0.62318021474639,-0.797163444449839,-0.0849286026922658));
#1728=CARTESIAN_POINT('',(0.598617403804212,-0.794747731062144,-0.0858431959144119));
#1729=CARTESIAN_POINT('',(0.573964925086052,-0.790180656113499,-0.0873746140624979));
#1730=CARTESIAN_POINT('',(0.549438104931507,-0.783385623624145,-0.0894151363027592));
#1731=CARTESIAN_POINT('',(0.525375489355099,-0.774358432197783,-0.0918657261036529));
#1732=CARTESIAN_POINT('',(0.502308545604818,-0.763266069077541,-0.0946133301823443));
#1733=CARTESIAN_POINT('',(0.48071718646999,-0.750426853388021,-0.097541932852717));
#1734=CARTESIAN_POINT('',(0.460909131480832,-0.736215735230217,-0.100550877715986));
#1735=CARTESIAN_POINT('',(0.442958990480896,-0.720925812232149,-0.103573313934275));
#1736=CARTESIAN_POINT('',(0.426864072325324,-0.704809849737639,-0.106558188229894));
#1737=CARTESIAN_POINT('',(0.412580351954954,-0.688084646252994,-0.109464732314468));
#1738=CARTESIAN_POINT('',(0.400053416970494,-0.670953096479039,-0.112256020013409));
#1739=CARTESIAN_POINT('',(0.389222048542299,-0.653613122301808,-0.11489658637008));
#1740=CARTESIAN_POINT('',(0.38001666552676,-0.636262772373565,-0.117351462577434));
#1741=CARTESIAN_POINT('',(0.372354646225532,-0.619095925447719,-0.119586821961547));
#1742=CARTESIAN_POINT('',(0.366140183114602,-0.602305868273703,-0.121570025691913));
#1743=CARTESIAN_POINT('',(0.361262328650529,-0.586086751330064,-0.123270987411529));
#1744=CARTESIAN_POINT('',(0.357594907978336,-0.570640948330682,-0.124664345469276));
#1745=CARTESIAN_POINT('',(0.35499130079692,-0.556174900969604,-0.125735329208614));
#1746=CARTESIAN_POINT('',(0.353274091914716,-0.542834256130771,-0.126491156401965));
#1747=CARTESIAN_POINT('',(0.352248681849917,-0.530660721158548,-0.126964808526559));
#1748=CARTESIAN_POINT('',(0.351725194699722,-0.519590023990512,-0.127210710486827));
#1749=CARTESIAN_POINT('',(0.35153545741025,-0.509488542625823,-0.127297215997867));
#1750=CARTESIAN_POINT('',(0.351543619703498,-0.50304181829059,-0.127292112618857));
#1751=CARTESIAN_POINT('',(0.351572003844862,-0.499837406699927,-0.127280760896468));
#1752=CARTESIAN_POINT('',(0.351573201022634,-0.499707160711332,-0.127280288935684));
#1753=CARTESIAN_POINT('',(0.651788310476413,-0.805169446641669,-0.212877510764459));
#1754=CARTESIAN_POINT('',(0.650024168533407,-0.805238634419725,-0.212808632150417));
#1755=CARTESIAN_POINT('',(0.641598633135355,-0.805494930035407,-0.212556569463581));
#1756=CARTESIAN_POINT('',(0.626127359899668,-0.805315059464637,-0.212744745425216));
#1757=CARTESIAN_POINT('',(0.605124135984773,-0.803631103553833,-0.214225169143762));
#1758=CARTESIAN_POINT('',(0.583359077934662,-0.80030495063336,-0.216886516144384));
#1759=CARTESIAN_POINT('',(0.561062909759385,-0.795170097339934,-0.220648217636224));
#1760=CARTESIAN_POINT('',(0.538599138605977,-0.788127992098607,-0.225394438441793));
#1761=CARTESIAN_POINT('',(0.516518669927804,-0.779230869186536,-0.230941332602803));
#1762=CARTESIAN_POINT('',(0.495337960686634,-0.768674029164748,-0.237067778454261));
#1763=CARTESIAN_POINT('',(0.475416100535827,-0.756719883706113,-0.243564793485875));
#1764=CARTESIAN_POINT('',(0.456880870624851,-0.743574526152051,-0.25028777775836));
#1765=CARTESIAN_POINT('',(0.439778916388739,-0.729415205240539,-0.257124560580842));
#1766=CARTESIAN_POINT('',(0.424112285433898,-0.714389978530094,-0.263985868917256));
#1767=CARTESIAN_POINT('',(0.409872485169296,-0.698634777852446,-0.270791326273996));
#1768=CARTESIAN_POINT('',(0.397046905244192,-0.682280512356746,-0.277463487859085));
#1769=CARTESIAN_POINT('',(0.385619441233755,-0.665457487912894,-0.283924458069642));
#1770=CARTESIAN_POINT('',(0.375566169409743,-0.648290336345666,-0.290096306815968));
#1771=CARTESIAN_POINT('',(0.366856647700542,-0.630900515573482,-0.295898693403233));
#1772=CARTESIAN_POINT('',(0.359453728575864,-0.613408123306232,-0.301247466365018));
#1773=CARTESIAN_POINT('',(0.353316958757601,-0.595943324672378,-0.306051355000685));
#1774=CARTESIAN_POINT('',(0.348399842620019,-0.578654606810741,-0.310213451915091));
#1775=CARTESIAN_POINT('',(0.344630982886405,-0.561655654981288,-0.313650683213145));
#1776=CARTESIAN_POINT('',(0.341920744605343,-0.544987232777007,-0.316300163081962));
#1777=CARTESIAN_POINT('',(0.340183903918092,-0.528627387462312,-0.318108587421427));
#1778=CARTESIAN_POINT('',(0.339354420541336,-0.512571323440218,-0.319022800440535));
#1779=CARTESIAN_POINT('',(0.339369231235605,-0.501737046306105,-0.319011643506939));
#1780=CARTESIAN_POINT('',(0.339525960062659,-0.496278322322309,-0.318831093761291));
#1781=CARTESIAN_POINT('',(0.339532580247912,-0.496056334105947,-0.318823461299759));
#1788=EDGE_LOOP('',(#4708,#4709,#4710,#4711));
#1789=AXIS2_PLACEMENT_3D('',#4712,#4713,#4714);
#1790=EDGE_LOOP('',(#4715,#4716,#4717,#4718));
#1791=AXIS2_PLACEMENT_3D('',#4719,#4720,#4721);
#1792=EDGE_LOOP('',(#4722,#4723,#4724,#4725));
#1793=AXIS2_PLACEMENT_3D('',#4726,#4727,#4728);
#1794=EDGE_LOOP('',(#4729,#4730,#4731,#4732,#4733,#4734,#4735,#4736));
#1795=AXIS2_PLACEMENT_3D('',#4737,#4738,#4739);
#1796=EDGE_LOOP('',(#4740,#4741,#4742,#4743));
#1797=AXIS2_PLACEMENT_3D('',#4744,#4745,#4746);
#1798=EDGE_LOOP('',(#4747,#4748,#4749,#4750));
#1799=AXIS2_PLACEMENT_3D('',#4751,#4752,#4753);
#1800=EDGE_LOOP('',(#4754,#4755,#4756,#4757));
#1802=CARTESIAN_POINT('',(-5.05190535315331,0.491618578790731,-0.000266758376488614));
#1803=CARTESIAN_POINT('',(-5.05232814507913,0.495394485133336,-0.000267015066520421));
#1804=CARTESIAN_POINT('',(-5.05284804203639,0.503314630448626,-0.00026733181975579));
#1805=CARTESIAN_POINT('',(-5.05242209864099,0.515282682950804,-0.000267072386835905));
#1806=CARTESIAN_POINT('',(-5.05068456058954,0.527285002893158,-0.000265996853913107));
#1807=CARTESIAN_POINT('',(-5.0476827521617,0.538898869769607,-0.000264118750377444));
#1808=CARTESIAN_POINT('',(-5.0433823831777,0.550209577868231,-0.000261399427523831));
#1809=CARTESIAN_POINT('',(-5.03769392146689,0.561271425728701,-0.000257763652897092));
#1810=CARTESIAN_POINT('',(-5.03050082979712,0.572078866714635,-0.000253116754596339));
#1811=CARTESIAN_POINT('',(-5.02164451439976,0.582630128708132,-0.000247335747846716));
#1812=CARTESIAN_POINT('',(-5.01086703470806,0.592964301817093,-0.000240232877729763));
#1813=CARTESIAN_POINT('',(-4.99782068149113,0.603095905800045,-0.000231563518944939));
#1814=CARTESIAN_POINT('',(-4.98223963605458,0.612916649483235,-0.000221148519784665));
#1815=CARTESIAN_POINT('',(-4.96400160518699,0.622278356138412,-0.000208931904440876));
#1816=CARTESIAN_POINT('',(-4.94289436541733,0.631147779955017,-0.000194839607109452));
#1817=CARTESIAN_POINT('',(-4.91853209511929,0.639538226930907,-0.000178739915055313));
#1818=CARTESIAN_POINT('',(-4.89096302974637,0.647247124706832,-0.000160867825371977));
#1819=CARTESIAN_POINT('',(-4.86123982010447,0.653821709154145,-0.000142160272252496));
#1820=CARTESIAN_POINT('',(-4.83154548716347,0.658743671459762,-0.000124182994659488));
#1821=CARTESIAN_POINT('',(-4.80373376419029,0.66188598186971,-0.000108089864941493));
#1822=CARTESIAN_POINT('',(-4.77876132050158,0.66349076590505,-9.43410486033713E-05));
#1823=CARTESIAN_POINT('',(-4.75656947006353,0.663940183672806,-8.27864550265774E-05));
#1824=CARTESIAN_POINT('',(-4.73687276841942,0.66358681775367,-7.31751501073209E-05));
#1825=CARTESIAN_POINT('',(-4.71939450445434,0.662727038064102,-6.52875190597706E-05));
#1826=CARTESIAN_POINT('',(-4.70383734248347,0.661599112751606,-5.89207016009537E-05));
#1827=CARTESIAN_POINT('',(-4.68997981816184,0.660396695130382,-5.39182480905003E-05));
#1828=CARTESIAN_POINT('',(-4.67754366511869,0.659261408395193,-5.01107068068861E-05));
#1829=CARTESIAN_POINT('',(-4.66611696145763,0.658280938721825,-4.73205507475847E-05));
#1830=CARTESIAN_POINT('',(-4.65515736320103,0.657516497035509,-4.54175780996118E-05));
#1831=CARTESIAN_POINT('',(-4.64426893088168,0.657069381179045,-4.44463047744458E-05));
#1832=CARTESIAN_POINT('',(-4.6351525028348,0.65710203981109,-4.4512994121783E-05));
#1833=CARTESIAN_POINT('',(-4.6297035514315,0.657374400795267,-4.50685060239687E-05));
#1834=CARTESIAN_POINT('',(-4.62790694005153,0.65749512383071,-4.52968660063013E-05));
#1835=CARTESIAN_POINT('',(-4.866744581663,0.497633829786986,0.00755770667808624));
#1836=CARTESIAN_POINT('',(-4.86693413584032,0.499713780451471,0.0075649707712688));
#1837=CARTESIAN_POINT('',(-4.867166798244,0.50407286824192,0.00757396390467487));
#1838=CARTESIAN_POINT('',(-4.86697613918339,0.510657939651449,0.00756660565945637));
#1839=CARTESIAN_POINT('',(-4.86620081473722,0.517271961338277,0.0075361361798439));
#1840=CARTESIAN_POINT('',(-4.86486375130568,0.523693759674913,0.00748292578779891));
#1841=CARTESIAN_POINT('',(-4.86295097541861,0.52998233752462,0.00740588298323148));
#1842=CARTESIAN_POINT('',(-4.86042343313432,0.536181696713557,0.00730287536184636));
#1843=CARTESIAN_POINT('',(-4.85722931043303,0.542305743000241,0.0071712209753368));
#1844=CARTESIAN_POINT('',(-4.85329677357962,0.54837461855128,0.00700743538123655));
#1845=CARTESIAN_POINT('',(-4.84850750291572,0.55443885218861,0.00680619919345937));
#1846=CARTESIAN_POINT('',(-4.84269876348372,0.560547325835703,0.00656058176038561));
#1847=CARTESIAN_POINT('',(-4.83573578317497,0.566690018316659,0.00626550741600438));
#1848=CARTESIAN_POINT('',(-4.82753428010047,0.572840350620367,0.00591939027214672));
#1849=CARTESIAN_POINT('',(-4.81794926424084,0.57905359691219,0.00552013192050863));
#1850=CARTESIAN_POINT('',(-4.80672247149053,0.585445937188141,0.00506400071959122));
#1851=CARTESIAN_POINT('',(-4.79373906439004,0.592016216242805,0.0045576545293948));
#1852=CARTESIAN_POINT('',(-4.77930363721118,0.598542825256512,0.00402763826260926));
#1853=CARTESIAN_POINT('',(-4.76429200406748,0.604578597011835,0.00351831192366115));
#1854=CARTESIAN_POINT('',(-4.74955556523922,0.609787406261887,0.00306236664262214));
#1855=CARTESIAN_POINT('',(-4.73563957765383,0.614053634957589,0.0026728396880855));
#1856=CARTESIAN_POINT('',(-4.72261158850754,0.617459699559722,0.00234547871003159));
#1857=CARTESIAN_POINT('',(-4.71042824645835,0.620122001771867,0.00207317442309282));
#1858=CARTESIAN_POINT('',(-4.6990536792491,0.622149718876127,0.00184970447202523));
#1859=CARTESIAN_POINT('',(-4.68843116848241,0.623646485581565,0.0016693224207215));
#1860=CARTESIAN_POINT('',(-4.67854807728232,0.624703480106563,0.00152759288610143));
#1861=CARTESIAN_POINT('',(-4.66933985286679,0.625411567558566,0.00141972407274936));
#1862=CARTESIAN_POINT('',(-4.6606161857465,0.625855438444217,0.00134065739868547));
#1863=CARTESIAN_POINT('',(-4.6520507995103,0.626101390541767,0.00128680170855413));
#1864=CARTESIAN_POINT('',(-4.6434073155954,0.626191838433728,0.00125906564176933));
#1865=CARTESIAN_POINT('',(-4.63613289632554,0.626176635498937,0.00126163681954983));
#1866=CARTESIAN_POINT('',(-4.63181189128795,0.62615665425356,0.0012763381678702));
#1867=CARTESIAN_POINT('',(-4.63039258876485,0.626151077769837,0.00128268698484573));
#1868=CARTESIAN_POINT('',(-4.73452785685591,0.501929106692669,-0.122675610915408));
#1869=CARTESIAN_POINT('',(-4.73455086424817,0.502798035695417,-0.122793525545916));
#1870=CARTESIAN_POINT('',(-4.7345784226678,0.504614298896208,-0.122939489641693));
#1871=CARTESIAN_POINT('',(-4.73455577178655,0.507355574862196,-0.122820056408027));
#1872=CARTESIAN_POINT('',(-4.73446752987093,0.510122004308575,-0.122325478921685));
#1873=CARTESIAN_POINT('',(-4.734319201663,0.512836331069078,-0.121461775826379));
#1874=CARTESIAN_POINT('',(-4.73411132113211,0.515538784235274,-0.120211228003441));
#1875=CARTESIAN_POINT('',(-4.73384087904527,0.518266013116112,-0.118539223126728));
#1876=CARTESIAN_POINT('',(-4.73350227792887,0.521045813733846,-0.116402228041263));
#1877=CARTESIAN_POINT('',(-4.73308563630287,0.523913976466662,-0.113743683824387));
#1878=CARTESIAN_POINT('',(-4.73257233283621,0.526929198115545,-0.110477246949887));
#1879=CARTESIAN_POINT('',(-4.73193171612466,0.53016489740445,-0.106490420082544));
#1880=CARTESIAN_POINT('',(-4.73112258976757,0.533681224269649,-0.101700815740114));
#1881=CARTESIAN_POINT('',(-4.7300878144107,0.537538428307232,-0.0960826920136574));
#1882=CARTESIAN_POINT('',(-4.72873040905185,0.541854992650692,-0.0896019878414561));
#1883=CARTESIAN_POINT('',(-4.72688319387697,0.546820555961085,-0.0821981317546895));
#1884=CARTESIAN_POINT('',(-4.72431488685649,0.552577787862633,-0.0739791931802342));
#1885=CARTESIAN_POINT('',(-4.72079592168253,0.559070139324657,-0.065376045325237));
#1886=CARTESIAN_POINT('',(-4.71626868252251,0.565901242814197,-0.0571087334042372));
#1887=CARTESIAN_POINT('',(-4.71086883930029,0.572585665425867,-0.049707895143442));
#1888=CARTESIAN_POINT('',(-4.70484787398259,0.578752337144203,-0.043385149606615));
#1889=CARTESIAN_POINT('',(-4.6983634724268,0.584269638147574,-0.0380714732779037));
#1890=CARTESIAN_POINT('',(-4.69154515337846,0.589085321770975,-0.033651469202224));
#1891=CARTESIAN_POINT('',(-4.68452901904785,0.5931748976907,-0.0300241371803337));
#1892=CARTESIAN_POINT('',(-4.67743016728861,0.596545863663353,-0.0270962013382284));
#1893=CARTESIAN_POINT('',(-4.67038507749686,0.599216224084116,-0.0247956688807159));
#1894=CARTESIAN_POINT('',(-4.66348180216769,0.60124059951474,-0.0230447547537185));
#1895=CARTESIAN_POINT('',(-4.65668827735343,0.602701541360996,-0.0217613657863729));
#1896=CARTESIAN_POINT('',(-4.64983251281108,0.603668979742028,-0.0208871534759374));
#1897=CARTESIAN_POINT('',(-4.64279206674823,0.604143282797348,-0.0204370738562055));
#1898=CARTESIAN_POINT('',(-4.63683296046607,0.604093903619079,-0.0204784083237823));
#1899=CARTESIAN_POINT('',(-4.63331738183187,0.603865171179769,-0.0207176478530618));
#1900=CARTESIAN_POINT('',(-4.63216750215084,0.603769408699115,-0.0208207720249211));
#1901=CARTESIAN_POINT('',(-4.74008106968705,0.501748701476473,-0.30843860918151));
#1902=CARTESIAN_POINT('',(-4.74011107218329,0.502668494400112,-0.308735077007627));
#1903=CARTESIAN_POINT('',(-4.74014724514139,0.504591558356691,-0.309102069946298));
#1904=CARTESIAN_POINT('',(-4.74011753777673,0.507494276940545,-0.308801783105398));
#1905=CARTESIAN_POINT('',(-4.74000043782086,0.510422308473399,-0.307558285907702));
#1906=CARTESIAN_POINT('',(-4.73980218174128,0.513292352135533,-0.30538671012886));
#1907=CARTESIAN_POINT('',(-4.7395226941819,0.516145425532513,-0.302242505444611));
#1908=CARTESIAN_POINT('',(-4.73915745200209,0.519018486785227,-0.298038647354725));
#1909=CARTESIAN_POINT('',(-4.73869891659544,0.521938748513169,-0.292665682121889));
#1910=CARTESIAN_POINT('',(-4.73813460443427,0.524941343856685,-0.285981405799951));
#1911=CARTESIAN_POINT('',(-4.73744170677504,0.528084626554716,-0.277768728155779));
#1912=CARTESIAN_POINT('',(-4.73658402459468,0.531440984765205,-0.26774480142968));
#1913=CARTESIAN_POINT('',(-4.73551643123332,0.535067621179041,-0.255702481917826));
#1914=CARTESIAN_POINT('',(-4.73418064732883,0.539021138518376,-0.241577047720246));
#1915=CARTESIAN_POINT('',(-4.73247767545993,0.54341736508721,-0.225282860408697));
#1916=CARTESIAN_POINT('',(-4.73023651019549,0.548442854221374,-0.206667627449443));
#1917=CARTESIAN_POINT('',(-4.72723076027563,0.554234234782201,-0.186003063680462));
#1918=CARTESIAN_POINT('',(-4.72325329458329,0.560728025089988,-0.164372497172028));
#1919=CARTESIAN_POINT('',(-4.71828570212239,0.567525723982634,-0.143586310142926));
#1920=CARTESIAN_POINT('',(-4.71249371408957,0.574148169601141,-0.124978664788305));
#1921=CARTESIAN_POINT('',(-4.70614115124532,0.580235021125803,-0.109081626849077));
#1922=CARTESIAN_POINT('',(-4.69938191354735,0.585663648437609,-0.0957216531304203));
#1923=CARTESIAN_POINT('',(-4.69233825905334,0.590388888243873,-0.0846086054746866));
#1924=CARTESIAN_POINT('',(-4.68513906690323,0.594391864371894,-0.075488542917753));
#1925=CARTESIAN_POINT('',(-4.67789221852372,0.597684112410561,-0.0681269455356305));
#1926=CARTESIAN_POINT('',(-4.67072793030332,0.600286710116639,-0.0623428044394591));
#1927=CARTESIAN_POINT('',(-4.66372784518791,0.602255800353154,-0.0579405481021453));
#1928=CARTESIAN_POINT('',(-4.65685325278537,0.603674024369966,-0.0547137713011043));
#1929=CARTESIAN_POINT('',(-4.64992568270462,0.604611159724696,-0.0525157756642072));
#1930=CARTESIAN_POINT('',(-4.64281790771373,0.605069340542673,-0.0513841463751132));
#1931=CARTESIAN_POINT('',(-4.6368035571877,0.605021396795154,-0.0514881072463839));
#1932=CARTESIAN_POINT('',(-4.63325414997213,0.604801432080281,-0.0520895645220645));
#1933=CARTESIAN_POINT('',(-4.63209295430681,0.604709457486793,-0.0523488394471327));
#1940=EDGE_LOOP('',(#4758,#4759,#4760,#4761));
#1941=AXIS2_PLACEMENT_3D('',#4762,#4763,#4764);
#1942=EDGE_LOOP('',(#4765,#4766,#4767,#4768));
#1943=AXIS2_PLACEMENT_3D('',#4769,#4770,#4771);
#1944=EDGE_LOOP('',(#4772,#4773,#4774,#4775));
#1945=AXIS2_PLACEMENT_3D('',#4776,#4777,#4778);
#1946=EDGE_LOOP('',(#4779,#4780,#4781,#4782));
#1948=CARTESIAN_POINT('',(-2.98841953759785,0.658983484952856,-0.000145531658027901));
#1949=CARTESIAN_POINT('',(-2.98591203373979,0.658868057469796,-0.000144912906157026));
#1950=CARTESIAN_POINT('',(-2.97970348052871,0.658723652687556,-0.000143820309511592));
#1951=CARTESIAN_POINT('',(-2.96972854027353,0.658956570992448,-0.000145368079464714));
#1952=CARTESIAN_POINT('',(-2.95841063892077,0.659657407437285,-0.00015031988684335));
#1953=CARTESIAN_POINT('',(-2.94663427468398,0.660666899562502,-0.000158485507391822));
#1954=CARTESIAN_POINT('',(-2.93404373936054,0.661886732412534,-0.000169925641399121));
#1955=CARTESIAN_POINT('',(-2.92031236128791,0.663214313801454,-0.00018496738382676));
#1956=CARTESIAN_POINT('',(-2.90512868732174,0.664521143727542,-0.000204023108474548));
#1957=CARTESIAN_POINT('',(-2.88816101168419,0.665643021245012,-0.000227641161666275));
#1958=CARTESIAN_POINT('',(-2.86903659538967,0.666364205937876,-0.00025653305786644));
#1959=CARTESIAN_POINT('',(-2.84744314760793,0.666404245021513,-0.000291414211141808));
#1960=CARTESIAN_POINT('',(-2.82308095847335,0.665424255397106,-0.000333062981270892));
#1961=CARTESIAN_POINT('',(-2.79567355686961,0.66302686875442,-0.000382318338904486));
#1962=CARTESIAN_POINT('',(-2.76581697881321,0.658868694729131,-0.000438475816181265));
#1963=CARTESIAN_POINT('',(-2.73522355472204,0.652931667831799,-0.000498384572932194));
#1964=CARTESIAN_POINT('',(-2.70619254157499,0.645649445918803,-0.000557088152613677));
#1965=CARTESIAN_POINT('',(-2.6802572738257,0.637563930523863,-0.000610709182750672));
#1966=CARTESIAN_POINT('',(-2.65769708627306,0.6289719942692,-0.00065796188686131));
#1967=CARTESIAN_POINT('',(-2.63815998717485,0.619921458585762,-0.000699116003580441));
#1968=CARTESIAN_POINT('',(-2.62126322477269,0.610370258967604,-0.000734709669018784));
#1969=CARTESIAN_POINT('',(-2.60684627664072,0.600383074396691,-0.000764951529819427));
#1970=CARTESIAN_POINT('',(-2.5947394963167,0.590069009869355,-0.000790166892373897));
#1971=CARTESIAN_POINT('',(-2.58468657223364,0.579484254610753,-0.000810918486356022));
#1972=CARTESIAN_POINT('',(-2.57644032415063,0.568642200127917,-0.000827771898632608));
#1973=CARTESIAN_POINT('',(-2.56980819665224,0.557547648275671,-0.000841185181565891));
#1974=CARTESIAN_POINT('',(-2.56464051434971,0.546194925996424,-0.0008515264080006));
#1975=CARTESIAN_POINT('',(-2.56082686502985,0.534538497371579,-0.000859077812327304));
#1976=CARTESIAN_POINT('',(-2.55831684395658,0.522530910268873,-0.000863995518188292));
#1977=CARTESIAN_POINT('',(-2.55710988167412,0.510164870643006,-0.000866334678299237));
#1978=CARTESIAN_POINT('',(-2.5572320563136,0.497442565760636,-0.000866091622573561));
#1979=CARTESIAN_POINT('',(-2.55840691029923,0.487230870435605,-0.000863852298781935));
#1980=CARTESIAN_POINT('',(-2.55951355385856,0.481293988059119,-0.00086174419307955));
#1981=CARTESIAN_POINT('',(-2.55985633323785,0.479631846597254,-0.00086109320834805));
#1982=CARTESIAN_POINT('',(-2.98664897925308,0.626601386484277,0.00232413150377847));
#1983=CARTESIAN_POINT('',(-2.98467413217367,0.626607824680356,0.00231326605473174));
#1984=CARTESIAN_POINT('',(-2.97976644946036,0.626623564207324,0.00229918300604214));
#1985=CARTESIAN_POINT('',(-2.97187568886099,0.626598241963002,0.00232209635142378));
#1986=CARTESIAN_POINT('',(-2.96302569125241,0.626434940671758,0.00240176964606032));
#1987=CARTESIAN_POINT('',(-2.95401324136542,0.626083286934739,0.00253207142689723));
#1988=CARTESIAN_POINT('',(-2.94465980557132,0.625485968546579,0.00271489718328125));
#1989=CARTESIAN_POINT('',(-2.93482797816668,0.624575229469538,0.00295520290654222));
#1990=CARTESIAN_POINT('',(-2.9244096539697,0.623274417798592,0.00325965903758682));
#1991=CARTESIAN_POINT('',(-2.91330160823075,0.621494303060978,0.00363700097088662));
#1992=CARTESIAN_POINT('',(-2.90139550430243,0.619127673128704,0.00409860454133582));
#1993=CARTESIAN_POINT('',(-2.88863513638321,0.616063373288988,0.00465589727742274));
#1994=CARTESIAN_POINT('',(-2.87497300776656,0.612184998048604,0.00532131579199109));
#1995=CARTESIAN_POINT('',(-2.86036994390877,0.607371187159118,0.00610826397055234));
#1996=CARTESIAN_POINT('',(-2.8452171636216,0.601652017648214,0.00700548668373804));
#1997=CARTESIAN_POINT('',(-2.8303422857665,0.595307039604425,0.00796264322788101));
#1998=CARTESIAN_POINT('',(-2.8166983026915,0.588787012544825,0.00890054477377653));
#1999=CARTESIAN_POINT('',(-2.80480479509542,0.582415910401988,0.00975724290536724));
#2000=CARTESIAN_POINT('',(-2.7946316215446,0.576255158880378,0.0105121948940085));
#2001=CARTESIAN_POINT('',(-2.78592101120931,0.570212840947287,0.0111697103280614));
#2002=CARTESIAN_POINT('',(-2.7784438713704,0.564177199603717,0.0117383869576398));
#2003=CARTESIAN_POINT('',(-2.77209399797858,0.558124925261498,0.0122215583093127));
#2004=CARTESIAN_POINT('',(-2.76677595452079,0.552067870582931,0.0126244217760379));
#2005=CARTESIAN_POINT('',(-2.76236584322614,0.54599565339786,0.0129559680270009));
#2006=CARTESIAN_POINT('',(-2.75874957226865,0.539883567412362,0.0132252334184764));
#2007=CARTESIAN_POINT('',(-2.75584021529244,0.533709913960529,0.0134395361195252));
#2008=CARTESIAN_POINT('',(-2.7535714383375,0.527452456894643,0.0136047570992974));
#2009=CARTESIAN_POINT('',(-2.75189512505618,0.521071069732691,0.0137254045235233));
#2010=CARTESIAN_POINT('',(-2.75079012048321,0.514527244117751,0.0138039766317148));
#2011=CARTESIAN_POINT('',(-2.75025769176657,0.50780535343034,0.013841340175186));
#2012=CARTESIAN_POINT('',(-2.7503113520615,0.500894882984636,0.0138374916484075));
#2013=CARTESIAN_POINT('',(-2.75083127730565,0.495342288014508,0.0138016067599112));
#2014=CARTESIAN_POINT('',(-2.75132211277076,0.492107823947395,0.013768070572876));
#2015=CARTESIAN_POINT('',(-2.75147423175279,0.491201672698544,0.0137576989217107));
#2016=CARTESIAN_POINT('',(-2.98537093233872,0.603226928840023,-0.0203659643968577));
#2017=CARTESIAN_POINT('',(-2.9837805743412,0.603321333668593,-0.0202713184449187));
#2018=CARTESIAN_POINT('',(-2.97981190249427,0.603452670595038,-0.0201459748489875));
#2019=CARTESIAN_POINT('',(-2.97342557092827,0.603240941877244,-0.0203477986504992));
#2020=CARTESIAN_POINT('',(-2.96635698694802,0.602453877708746,-0.0210456207285128));
#2021=CARTESIAN_POINT('',(-2.95933962082536,0.601119704375768,-0.0221874918760261));
#2022=CARTESIAN_POINT('',(-2.95232282933221,0.599210706798827,-0.0237894891478574));
#2023=CARTESIAN_POINT('',(-2.94530582512365,0.596684274811196,-0.0258951950483992));
#2024=CARTESIAN_POINT('',(-2.9383272862282,0.593501182159573,-0.0285630126849546));
#2025=CARTESIAN_POINT('',(-2.93144891297412,0.589626314510368,-0.0318695012782393));
#2026=CARTESIAN_POINT('',(-2.92475322296726,0.585030799002963,-0.0359143378366305));
#2027=CARTESIAN_POINT('',(-2.91836886095457,0.579725685809296,-0.0407976584389514));
#2028=CARTESIAN_POINT('',(-2.91243038593646,0.573755161047352,-0.0466284393843297));
#2029=CARTESIAN_POINT('',(-2.90706991179519,0.567197096113877,-0.0535241334066208));
#2030=CARTESIAN_POINT('',(-2.90253081358592,0.560351149013304,-0.0613861165178811));
#2031=CARTESIAN_POINT('',(-2.89900209643715,0.553711698491071,-0.0697732744419604));
#2032=CARTESIAN_POINT('',(-2.89646497485966,0.547741848602164,-0.0779917089600989));
#2033=CARTESIAN_POINT('',(-2.89470726894027,0.542608266009995,-0.0854985923075675));
#2034=CARTESIAN_POINT('',(-2.8934754471801,0.538202423134045,-0.0921139172425212));
#2035=CARTESIAN_POINT('',(-2.89257975048519,0.534331535148842,-0.0978754468648977));
#2036=CARTESIAN_POINT('',(-2.89190200225598,0.530833538734795,-0.102858519621974));
#2037=CARTESIAN_POINT('',(-2.89137520722378,0.527621611276356,-0.107092345797699));
#2038=CARTESIAN_POINT('',(-2.89095749604321,0.524637405520675,-0.110622467945913));
#2039=CARTESIAN_POINT('',(-2.89062055155215,0.521822485887561,-0.113527667503682));
#2040=CARTESIAN_POINT('',(-2.890346349495,0.519124645844333,-0.115887126221695));
#2041=CARTESIAN_POINT('',(-2.89012421002489,0.516503057782697,-0.117764970172183));
#2042=CARTESIAN_POINT('',(-2.88994795775089,0.513923529774811,-0.119212731625534));
#2043=CARTESIAN_POINT('',(-2.88981444351765,0.511349840046891,-0.120269914344013));
#2044=CARTESIAN_POINT('',(-2.88972362580222,0.508749936151461,-0.120958407120254));
#2045=CARTESIAN_POINT('',(-2.88967809747234,0.506102176744528,-0.121285813220334));
#2046=CARTESIAN_POINT('',(-2.8896823018727,0.503386878455659,-0.121252070224278));
#2047=CARTESIAN_POINT('',(-2.88972947813348,0.50119737448511,-0.120937687899825));
#2048=CARTESIAN_POINT('',(-2.88977580317779,0.499913604329041,-0.120643741200473));
#2049=CARTESIAN_POINT('',(-2.88979029725002,0.499553151538574,-0.120552842091527));
#2050=CARTESIAN_POINT('',(-2.98546341398833,0.604918344370723,-0.0529995484317424));
#2051=CARTESIAN_POINT('',(-2.98384523370659,0.605006383784093,-0.0527531527831228));
#2052=CARTESIAN_POINT('',(-2.9798086134351,0.605129355885991,-0.0524272815585783));
#2053=CARTESIAN_POINT('',(-2.97331341882421,0.604931115857783,-0.0529523291402378));
#2054=CARTESIAN_POINT('',(-2.96611592872258,0.604189188232533,-0.0547683686418887));
#2055=CARTESIAN_POINT('',(-2.95895419494401,0.602926111689446,-0.057739917475477));
#2056=CARTESIAN_POINT('',(-2.9517683198932,0.601112029450677,-0.0619089013538727));
#2057=CARTESIAN_POINT('',(-2.94454763028788,0.598702511751409,-0.0673887123180274));
#2058=CARTESIAN_POINT('',(-2.93732018267438,0.59565562415456,-0.0743313442257175));
#2059=CARTESIAN_POINT('',(-2.93013574312219,0.591932336390619,-0.0829360295999457));
#2060=CARTESIAN_POINT('',(-2.92306301869777,0.587498106836254,-0.0934621650160619));
#2061=CARTESIAN_POINT('',(-2.91621727804789,0.582355142709982,-0.106170340716288));
#2062=CARTESIAN_POINT('',(-2.90971990631203,0.576536009447544,-0.121344152731802));
#2063=CARTESIAN_POINT('',(-2.9036906226509,0.570104161704818,-0.139289255754803));
#2064=CARTESIAN_POINT('',(-2.89838350034561,0.563339750148068,-0.159748994318604));
#2065=CARTESIAN_POINT('',(-2.89403375570095,0.556721608155449,-0.181575428690973));
#2066=CARTESIAN_POINT('',(-2.89069292272529,0.550711946510269,-0.202962783415805));
#2067=CARTESIAN_POINT('',(-2.88820177294858,0.545488814897578,-0.22249842328437));
#2068=CARTESIAN_POINT('',(-2.88632293975745,0.540955983845754,-0.239713904005357));
#2069=CARTESIAN_POINT('',(-2.88486174261358,0.536927967494448,-0.254707498894882));
#2070=CARTESIAN_POINT('',(-2.88369197883683,0.533246342775086,-0.267675265984845));
#2071=CARTESIAN_POINT('',(-2.88274381594584,0.529828882982825,-0.278693221054397));
#2072=CARTESIAN_POINT('',(-2.8819715083828,0.526622320650099,-0.287879882387594));
#2073=CARTESIAN_POINT('',(-2.88133982261052,0.523571697423295,-0.295440267926506));
#2074=CARTESIAN_POINT('',(-2.88082378276117,0.520626796733796,-0.301580437378803));
#2075=CARTESIAN_POINT('',(-2.88040719165912,0.517748175176033,-0.306467270090912));
#2076=CARTESIAN_POINT('',(-2.8800795207387,0.514902505962934,-0.310234871795645));
#2077=CARTESIAN_POINT('',(-2.87983436694099,0.512053284769246,-0.312986045544822));
#2078=CARTESIAN_POINT('',(-2.8796701609389,0.509167991986986,-0.314777754300198));
#2079=CARTESIAN_POINT('',(-2.87958939966828,0.506225421507759,-0.315629783163851));
#2080=CARTESIAN_POINT('',(-2.87959718278139,0.503206553422796,-0.315541974899563));
#2081=CARTESIAN_POINT('',(-2.87967856796286,0.500773690464669,-0.314723827647081));
#2082=CARTESIAN_POINT('',(-2.87975705853762,0.499348764777769,-0.313958885129125));
#2083=CARTESIAN_POINT('',(-2.87978151138252,0.498948824318257,-0.313722335341801));
#2090=EDGE_LOOP('',(#4783,#4784,#4785,#4786));
#2091=AXIS2_PLACEMENT_3D('',#4787,#4788,#4789);
#2092=EDGE_LOOP('',(#4790,#4791,#4792,#4793));
#2093=AXIS2_PLACEMENT_3D('',#4794,#4795,#4796);
#2094=EDGE_LOOP('',(#4797,#4798,#4799,#4800));
#2095=AXIS2_PLACEMENT_3D('',#4801,#4802,#4803);
#2096=EDGE_LOOP('',(#4804,#4805,#4806,#4807));
#2098=CARTESIAN_POINT('',(-2.56387180994274,-0.487282792709727,-0.000455976912075449));
#2099=CARTESIAN_POINT('',(-2.56338638407481,-0.496256908807392,-0.000461755832284425));
#2100=CARTESIAN_POINT('',(-2.56313461497831,-0.516341911049541,-0.000461317055076338));
#2101=CARTESIAN_POINT('',(-2.56555422065005,-0.547703328435687,-0.000440821258035168));
#2102=CARTESIAN_POINT('',(-2.57128108368781,-0.581304994629572,-0.000397765256598481));
#2103=CARTESIAN_POINT('',(-2.58008251390407,-0.615174509989838,-0.000346079384749702));
#2104=CARTESIAN_POINT('',(-2.59188938389117,-0.649184941283683,-0.000293544997688976));
#2105=CARTESIAN_POINT('',(-2.60666088061911,-0.683155407470963,-0.000245584878795219));
#2106=CARTESIAN_POINT('',(-2.62433075301553,-0.716790289580437,-0.000204736682667962));
#2107=CARTESIAN_POINT('',(-2.64478943498312,-0.749740143562935,-0.000171716875122405));
#2108=CARTESIAN_POINT('',(-2.66791790529793,-0.781691387122484,-0.000146138768339293));
#2109=CARTESIAN_POINT('',(-2.69360824073483,-0.812383591651454,-0.000127195367021025));
#2110=CARTESIAN_POINT('',(-2.72175469347465,-0.841586110511127,-0.000114048124533255));
#2111=CARTESIAN_POINT('',(-2.75224181736373,-0.869082472260049,-0.000106015576586533));
#2112=CARTESIAN_POINT('',(-2.78494256703877,-0.894670475279006,-0.00010264921214409));
#2113=CARTESIAN_POINT('',(-2.81973625886833,-0.918176704990284,-0.000103765652592393));
#2114=CARTESIAN_POINT('',(-2.85651188559547,-0.939449887849068,-0.000109473917041699));
#2115=CARTESIAN_POINT('',(-2.89514939061738,-0.958345400986925,-0.000120182136899832));
#2116=CARTESIAN_POINT('',(-2.93540723942523,-0.974688213909544,-0.000136534635945154));
#2117=CARTESIAN_POINT('',(-2.97683625642936,-0.988297559349825,-0.000159199500280625));
#2118=CARTESIAN_POINT('',(-3.01861279271145,-0.999020567999741,-0.000188351677566263));
#2119=CARTESIAN_POINT('',(-3.05982552183594,-1.00689868268354,-0.000222924586723275));
#2120=CARTESIAN_POINT('',(-3.09971825198201,-1.0121773633898,-0.000259812210889318));
#2121=CARTESIAN_POINT('',(-3.1379399480716,-1.01521124432423,-0.00029243967105617));
#2122=CARTESIAN_POINT('',(-3.17131046868822,-1.01623357175554,-0.000309684029516998));
#2123=CARTESIAN_POINT('',(-3.19189783918891,-1.0160249782264,-0.000305353947225296));
#2124=CARTESIAN_POINT('',(-3.20035986679808,-1.01579425863558,-0.000301139919188886));
#2125=CARTESIAN_POINT('',(-2.75266008923124,-0.495820065993048,0.00997140692495312));
#2126=CARTESIAN_POINT('',(-2.75247950051402,-0.500450577487584,0.0100226643449044));
#2127=CARTESIAN_POINT('',(-2.75238181524306,-0.51086365638637,0.0100497829087934));
#2128=CARTESIAN_POINT('',(-2.75330327888949,-0.52758684121662,0.00980447786043947));
#2129=CARTESIAN_POINT('',(-2.75558922442904,-0.546311814871526,0.00930392672124123));
#2130=CARTESIAN_POINT('',(-2.75929463056849,-0.566167817083162,0.00865373820360559));
#2131=CARTESIAN_POINT('',(-2.76455444166514,-0.587157179223522,0.00793781239180917));
#2132=CARTESIAN_POINT('',(-2.77151916265819,-0.609177983852683,0.00722014984303734));
#2133=CARTESIAN_POINT('',(-2.78031849914702,-0.632001475787654,0.00654631505288017));
#2134=CARTESIAN_POINT('',(-2.79104273930657,-0.65532538342759,0.00594506321401147));
#2135=CARTESIAN_POINT('',(-2.80375677234795,-0.678850650133014,0.00543173959485023));
#2136=CARTESIAN_POINT('',(-2.81851472004749,-0.702307430751335,0.00501314532119883));
#2137=CARTESIAN_POINT('',(-2.83535918960885,-0.725443211572406,0.00469152044860225));
#2138=CARTESIAN_POINT('',(-2.85431667622213,-0.748010768751142,0.00446678598947185));
#2139=CARTESIAN_POINT('',(-2.87539716329321,-0.769766082085254,0.0043375623537329));
#2140=CARTESIAN_POINT('',(-2.89860608760454,-0.790478649806351,0.00430162287773854));
#2141=CARTESIAN_POINT('',(-2.92394911967606,-0.809925752600966,0.00435645280318721));
#2142=CARTESIAN_POINT('',(-2.95142200875411,-0.827876649310883,0.00449946897431393));
#2143=CARTESIAN_POINT('',(-2.98092955025259,-0.84405025208776,0.00472719839858129));
#2144=CARTESIAN_POINT('',(-3.01221100794888,-0.85812362863952,0.00503286549988224));
#2145=CARTESIAN_POINT('',(-3.04469387160239,-0.869749610369433,0.00540168666344046));
#2146=CARTESIAN_POINT('',(-3.0776868270318,-0.878728920881809,0.00580725185485907));
#2147=CARTESIAN_POINT('',(-3.11057121678921,-0.88505889477737,0.00620806426814033));
#2148=CARTESIAN_POINT('',(-3.14302479637928,-0.888878917726023,0.00654318556186468));
#2149=CARTESIAN_POINT('',(-3.17219472934327,-0.890226235307248,0.00670766716681265));
#2150=CARTESIAN_POINT('',(-3.19060502901255,-0.889951904540918,0.00667557707900297));
#2151=CARTESIAN_POINT('',(-3.19822393534699,-0.889642230220937,0.0066298319400472));
#2152=CARTESIAN_POINT('',(-2.88719538828585,-0.499657783133986,-0.122849896435202));
#2153=CARTESIAN_POINT('',(-2.88716693233507,-0.50234637584142,-0.12285863356225));
#2154=CARTESIAN_POINT('',(-2.88714740006573,-0.508403916445667,-0.122863261961524));
#2155=CARTESIAN_POINT('',(-2.8873165923033,-0.518337346365146,-0.122809409595765));
#2156=CARTESIAN_POINT('',(-2.88785687384881,-0.529849153832601,-0.122605607764946));
#2157=CARTESIAN_POINT('',(-2.8889390471148,-0.542534024630536,-0.122179344268386));
#2158=CARTESIAN_POINT('',(-2.89076677427327,-0.5564500485723,-0.121468172113693));
#2159=CARTESIAN_POINT('',(-2.89355041564463,-0.571555491089032,-0.120434090529171));
#2160=CARTESIAN_POINT('',(-2.89748408740833,-0.587699585865474,-0.11906665039231));
#2161=CARTESIAN_POINT('',(-2.90273011653507,-0.604662405551712,-0.117379400664412));
#2162=CARTESIAN_POINT('',(-2.90942345253809,-0.622213625123351,-0.115399454388856));
#2163=CARTESIAN_POINT('',(-2.91768193004008,-0.640135936625999,-0.11315909924163));
#2164=CARTESIAN_POINT('',(-2.92760881654456,-0.658217917045161,-0.110692793217392));
#2165=CARTESIAN_POINT('',(-2.93929149577775,-0.676244599642038,-0.108036657644635));
#2166=CARTESIAN_POINT('',(-2.95280127087851,-0.693994889518642,-0.105228396099027));
#2167=CARTESIAN_POINT('',(-2.96820065130393,-0.711249147012587,-0.102306232302012));
#2168=CARTESIAN_POINT('',(-2.98554726558674,-0.727784498914254,-0.0993097751005172));
#2169=CARTESIAN_POINT('',(-3.00488726788322,-0.743360629683977,-0.0962834218616862));
#2170=CARTESIAN_POINT('',(-3.02619536557605,-0.757679771202654,-0.0932870678176205));
#2171=CARTESIAN_POINT('',(-3.04931098665958,-0.770387804735927,-0.0904032611065777));
#2172=CARTESIAN_POINT('',(-3.07381495987102,-0.781084967284459,-0.0877467275565827));
#2173=CARTESIAN_POINT('',(-3.09915774393848,-0.789486189353268,-0.0854403385109716));
#2174=CARTESIAN_POINT('',(-3.12480942013995,-0.795487110303733,-0.0836006112704161));
#2175=CARTESIAN_POINT('',(-3.15045057714814,-0.799137783985385,-0.082337644955417));
#2176=CARTESIAN_POINT('',(-3.17372813120661,-0.800426778172427,-0.0818243707816888));
#2177=CARTESIAN_POINT('',(-3.18850507964213,-0.800164317998336,-0.0819273658607298));
#2178=CARTESIAN_POINT('',(-3.19462733220396,-0.799869311091834,-0.0820557380569807));
#2179=CARTESIAN_POINT('',(-2.87989610226719,-0.496311373587658,-0.3115949985644));
#2180=CARTESIAN_POINT('',(-2.87976843602474,-0.500716844660382,-0.311741088616903));
#2181=CARTESIAN_POINT('',(-2.87970044270772,-0.510555119786092,-0.31181491274549));
#2182=CARTESIAN_POINT('',(-2.88035102638748,-0.525945051567134,-0.311094686889285));
#2183=CARTESIAN_POINT('',(-2.88197298632576,-0.542582188941507,-0.309403788402344));
#2184=CARTESIAN_POINT('',(-2.88460624920394,-0.559589425768383,-0.306833167022953));
#2185=CARTESIAN_POINT('',(-2.88834357607271,-0.576971028464127,-0.303440465960383));
#2186=CARTESIAN_POINT('',(-2.89328522305784,-0.594687461985163,-0.299291719372163));
#2187=CARTESIAN_POINT('',(-2.89951670078232,-0.612626117876673,-0.294471526093726));
#2188=CARTESIAN_POINT('',(-2.90709809386206,-0.630630680797951,-0.289079587554053));
#2189=CARTESIAN_POINT('',(-2.9160753268119,-0.648548661867859,-0.283214926552351));
#2190=CARTESIAN_POINT('',(-2.92649045537206,-0.666242679790787,-0.276968290348139));
#2191=CARTESIAN_POINT('',(-2.93838049917318,-0.68357826309653,-0.270424813450279));
#2192=CARTESIAN_POINT('',(-2.95177328624567,-0.700414380677562,-0.263668260637052));
#2193=CARTESIAN_POINT('',(-2.96668603421529,-0.716602359639558,-0.256783294161404));
#2194=CARTESIAN_POINT('',(-2.9831323244662,-0.7319939848422,-0.24985407799503));
#2195=CARTESIAN_POINT('',(-3.0011233904953,-0.746437310317222,-0.242967638701864));
#2196=CARTESIAN_POINT('',(-3.0206577739146,-0.759764905648528,-0.236222359638182));
#2197=CARTESIAN_POINT('',(-3.04165837438824,-0.771762197505547,-0.229751088080369));
#2198=CARTESIAN_POINT('',(-3.06391151173056,-0.782174731935758,-0.223732044887044));
#2199=CARTESIAN_POINT('',(-3.08695388826525,-0.790725569072217,-0.218399621507721));
#2200=CARTESIAN_POINT('',(-3.11020729500276,-0.797254097949758,-0.213978868686961));
#2201=CARTESIAN_POINT('',(-3.13312404476187,-0.801766435616258,-0.210642639208785));
#2202=CARTESIAN_POINT('',(-3.15535986590802,-0.804406982866794,-0.208499830757541));
#2203=CARTESIAN_POINT('',(-3.17490690694204,-0.805294084104372,-0.20769910231696));
#2204=CARTESIAN_POINT('',(-3.18697226408694,-0.805113015018023,-0.207861053182293));
#2205=CARTESIAN_POINT('',(-3.19192412942786,-0.804916314795663,-0.208050642608477));
#2212=EDGE_LOOP('',(#4808,#4809,#4810,#4811));
#2213=AXIS2_PLACEMENT_3D('',#4812,#4813,#4814);
#2214=EDGE_LOOP('',(#4815,#4816,#4817,#4818));
#2216=CARTESIAN_POINT('',(-4.4196992923109,-1.01574860188583,-0.000298806571036194));
#2217=CARTESIAN_POINT('',(-4.42274096929061,-1.01583123908399,-0.000300439769116695));
#2218=CARTESIAN_POINT('',(-4.43725738968525,-1.0161361459851,-0.000306292612682893));
#2219=CARTESIAN_POINT('',(-4.46385323849711,-1.01592014755186,-0.000301373344001353));
#2220=CARTESIAN_POINT('',(-4.50003756923426,-1.01395689844147,-0.000275430391624689));
#2221=CARTESIAN_POINT('',(-4.53783513176632,-1.01005617975913,-0.000241062320936908));
#2222=CARTESIAN_POINT('',(-4.5770762640916,-1.00390056467522,-0.000205974210945003));
#2223=CARTESIAN_POINT('',(-4.6173425635021,-0.995183566487665,-0.000174477053248606));
#2224=CARTESIAN_POINT('',(-4.65782457664805,-0.983749956041985,-0.000148622285797031));
#2225=CARTESIAN_POINT('',(-4.69767199641228,-0.96964098194934,-0.000128876115257804));
#2226=CARTESIAN_POINT('',(-4.73621890901255,-0.953034536977104,-0.000114856631297598));
#2227=CARTESIAN_POINT('',(-4.77316885786486,-0.934080143730505,-0.00010591049606753));
#2228=CARTESIAN_POINT('',(-4.80834399217474,-0.91292524005428,-0.000101501494658386));
#2229=CARTESIAN_POINT('',(-4.84163279389098,-0.889705795006893,-0.000101324137445614));
#2230=CARTESIAN_POINT('',(-4.87293086093403,-0.864565504050975,-0.000105334829873519));
#2231=CARTESIAN_POINT('',(-4.9021303150577,-0.837664689166536,-0.000113745088223578));
#2232=CARTESIAN_POINT('',(-4.92911934856447,-0.809187096258467,-0.000126997781691688));
#2233=CARTESIAN_POINT('',(-4.95379375604595,-0.779330458038669,-0.000145736186940777));
#2234=CARTESIAN_POINT('',(-4.97605435838501,-0.748309652915379,-0.000170728562735095));
#2235=CARTESIAN_POINT('',(-4.99580608782692,-0.716359239647468,-0.000202705183468987));
#2236=CARTESIAN_POINT('',(-5.01294564255624,-0.683753916823784,-0.000242015997022301));
#2237=CARTESIAN_POINT('',(-5.02736160124264,-0.650826478110432,-0.000288029719321399));
#2238=CARTESIAN_POINT('',(-5.03898573182073,-0.61786966855803,-0.000338423845346008));
#2239=CARTESIAN_POINT('',(-5.04778720286729,-0.585057620745565,-0.0003886531163719));
#2240=CARTESIAN_POINT('',(-5.05371936869219,-0.552463371218437,-0.000431302854147084));
#2241=CARTESIAN_POINT('',(-5.05668875545279,-0.520227782212385,-0.000457453806454168));
#2242=CARTESIAN_POINT('',(-5.05664872359207,-0.498435195758557,-0.000456584194419881));
#2243=CARTESIAN_POINT('',(-5.05606846196031,-0.487484872943638,-0.000451663641354613));
#2244=CARTESIAN_POINT('',(-5.05604393389403,-0.487039610869002,-0.000451463630250278));
#2245=CARTESIAN_POINT('',(-4.42187876481719,-0.886952649647369,0.00674725235368549));
#2246=CARTESIAN_POINT('',(-4.42461052183421,-0.887064255312869,0.00676390805958729));
#2247=CARTESIAN_POINT('',(-4.43761369411434,-0.887474755055115,0.00682330106161892));
#2248=CARTESIAN_POINT('',(-4.46110766506777,-0.887176793980869,0.00677386141913836));
#2249=CARTESIAN_POINT('',(-4.49218647520606,-0.884636778360884,0.006507239411538));
#2250=CARTESIAN_POINT('',(-4.5237145984839,-0.879815743430341,0.00613617598754513));
#2251=CARTESIAN_POINT('',(-4.55550292462599,-0.872573146268935,0.00573082104576905));
#2252=CARTESIAN_POINT('',(-4.58718959671877,-0.862816486406643,0.00533871778453427));
#2253=CARTESIAN_POINT('',(-4.61813270587142,-0.850624789232049,0.00499294837781139));
#2254=CARTESIAN_POINT('',(-4.64770980744648,-0.836251308889272,0.00471406612277592));
#2255=CARTESIAN_POINT('',(-4.67548230649005,-0.820035597439848,0.00451279778815189));
#2256=CARTESIAN_POINT('',(-4.70130381043923,-0.802247137230636,0.00439391760497459));
#2257=CARTESIAN_POINT('',(-4.7251212267273,-0.783126446163921,0.00436033131485198));
#2258=CARTESIAN_POINT('',(-4.74693207018921,-0.762885609475543,0.00441443718115657));
#2259=CARTESIAN_POINT('',(-4.76674277758099,-0.741731286761182,0.0045585176173398));
#2260=CARTESIAN_POINT('',(-4.78456336232013,-0.719874423640888,0.00479454825665191));
#2261=CARTESIAN_POINT('',(-4.80040905771879,-0.697536372836034,0.00512371055947714));
#2262=CARTESIAN_POINT('',(-4.81430807951205,-0.674942735328892,0.00554593558416136));
#2263=CARTESIAN_POINT('',(-4.82630123544263,-0.652327227135458,0.00605885827802971));
#2264=CARTESIAN_POINT('',(-4.83644341989836,-0.629933440987205,0.00665590538489514));
#2265=CARTESIAN_POINT('',(-4.8447998986244,-0.60802604138695,0.00732281832284977));
#2266=CARTESIAN_POINT('',(-4.85145042199443,-0.586890675528629,0.00803264879092074));
#2267=CARTESIAN_POINT('',(-4.85651339529898,-0.566749779356335,0.00874304521317477));
#2268=CARTESIAN_POINT('',(-4.86013259636991,-0.547702103133364,0.00939543951145939));
#2269=CARTESIAN_POINT('',(-4.8624422006953,-0.5297237169238,0.00991506626551582));
#2270=CARTESIAN_POINT('',(-4.86354284169072,-0.51274243530495,0.0102138466017056));
#2271=CARTESIAN_POINT('',(-4.86352393745206,-0.501638412037241,0.0102145102980511));
#2272=CARTESIAN_POINT('',(-4.86331527737475,-0.496100431114956,0.0101496287135332));
#2273=CARTESIAN_POINT('',(-4.86330645771718,-0.495875308963707,0.0101468745562067));
#2274=CARTESIAN_POINT('',(-4.42553694376044,-0.796950831714144,-0.0850133950697794));
#2275=CARTESIAN_POINT('',(-4.42771957036557,-0.797056443706757,-0.084966438662393));
#2276=CARTESIAN_POINT('',(-4.43810489682308,-0.797445274179532,-0.0847962019721116));
#2277=CARTESIAN_POINT('',(-4.45681978544706,-0.797163440684459,-0.0849285912952285));
#2278=CARTESIAN_POINT('',(-4.48138259658146,-0.794747727218814,-0.0858431844746008));
#2279=CARTESIAN_POINT('',(-4.50603507540448,-0.790180652139349,-0.0873746025330178));
#2280=CARTESIAN_POINT('',(-4.5305618955787,-0.783385619478393,-0.0894151246324943));
#2281=CARTESIAN_POINT('',(-4.5546245110927,-0.774358427853004,-0.091865714241735));
#2282=CARTESIAN_POINT('',(-4.57769145470391,-0.763266064521954,-0.0946133180832928));
#2283=CARTESIAN_POINT('',(-4.59928281363143,-0.750426848625729,-0.0975419204797788));
#2284=CARTESIAN_POINT('',(-4.6190908683551,-0.736215730278797,-0.100550865041698));
#2285=CARTESIAN_POINT('',(-4.63704100903985,-0.720925807119936,-0.103573300937892));
#2286=CARTESIAN_POINT('',(-4.65313592683863,-0.704809844501701,-0.106558174896011));
#2287=CARTESIAN_POINT('',(-4.66741964681547,-0.688084640938249,-0.109464718631857));
#2288=CARTESIAN_POINT('',(-4.67994658137719,-0.670953091137778,-0.11225600597462));
#2289=CARTESIAN_POINT('',(-4.6907779493603,-0.653613116993492,-0.1148965719713));
#2290=CARTESIAN_POINT('',(-4.69998333191712,-0.63626276716425,-0.117351447818496));
#2291=CARTESIAN_POINT('',(-4.7076453507531,-0.619095920410538,-0.119586806846319));
#2292=CARTESIAN_POINT('',(-4.71385981340145,-0.602305863488208,-0.121570010228494));
#2293=CARTESIAN_POINT('',(-4.71873766741637,-0.586086746882766,-0.123270971612729));
#2294=CARTESIAN_POINT('',(-4.72240508766325,-0.570640944314145,-0.124664329354113));
#2295=CARTESIAN_POINT('',(-4.7250086944581,-0.556174897480338,-0.125735312803975));
#2296=CARTESIAN_POINT('',(-4.72672590300445,-0.542834253266454,-0.126491139743728));
#2297=CARTESIAN_POINT('',(-4.72775131279796,-0.530660719015131,-0.126964791660522));
#2298=CARTESIAN_POINT('',(-4.72827479975571,-0.519590022657947,-0.127210693470195));
#2299=CARTESIAN_POINT('',(-4.72846453694535,-0.509488542177695,-0.127297198900819));
#2300=CARTESIAN_POINT('',(-4.72845637465316,-0.503041818481089,-0.127292095522346));
#2301=CARTESIAN_POINT('',(-4.72842799053142,-0.49983740721667,-0.127280743816476));
#2302=CARTESIAN_POINT('',(-4.72842679335491,-0.499707161241348,-0.127280271856391));
#2303=CARTESIAN_POINT('',(-4.42821168962295,-0.805169446945578,-0.212877515492634));
#2304=CARTESIAN_POINT('',(-4.42997583154965,-0.805238634722288,-0.212808636877782));
#2305=CARTESIAN_POINT('',(-4.43840136687542,-0.805494930333068,-0.21255657418792));
#2306=CARTESIAN_POINT('',(-4.45387263999085,-0.805315059766068,-0.212744750151618));
#2307=CARTESIAN_POINT('',(-4.47487586377443,-0.803631103882323,-0.214225173891087));
#2308=CARTESIAN_POINT('',(-4.49664092171793,-0.800304951007738,-0.216886520933492));
#2309=CARTESIAN_POINT('',(-4.51893708981121,-0.795170097775702,-0.220648222488978));
#2310=CARTESIAN_POINT('',(-4.54140086090486,-0.788127992607779,-0.225394443379436));
#2311=CARTESIAN_POINT('',(-4.56348132954648,-0.779230869776978,-0.230941337643957));
#2312=CARTESIAN_POINT('',(-4.5846620387731,-0.768674029839501,-0.237067783613666));
#2313=CARTESIAN_POINT('',(-4.60458389892754,-0.756719884464318,-0.243564798774261));
#2314=CARTESIAN_POINT('',(-4.62311912885986,-0.743574526989652,-0.250287783183492));
#2315=CARTESIAN_POINT('',(-4.64022108313419,-0.729415206150399,-0.257124566148505));
#2316=CARTESIAN_POINT('',(-4.65588771413922,-0.714389979502816,-0.263985874631158));
#2317=CARTESIAN_POINT('',(-4.67012751446799,-0.698634778876063,-0.270791332136336));
#2318=CARTESIAN_POINT('',(-4.68295309446615,-0.682280513416819,-0.277463493870505));
#2319=CARTESIAN_POINT('',(-4.69438055855907,-0.665457488992554,-0.283924464229193));
#2320=CARTESIAN_POINT('',(-4.70443383047151,-0.648290337425227,-0.290096313121084));
#2321=CARTESIAN_POINT('',(-4.71314335227324,-0.630900516630953,-0.295898699849581));
#2322=CARTESIAN_POINT('',(-4.72054627149131,-0.613408124316525,-0.301247472946256));
#2323=CARTESIAN_POINT('',(-4.72668304140076,-0.595943325608106,-0.306051361708037));
#2324=CARTESIAN_POINT('',(-4.73160015762394,-0.578654607641999,-0.310213458736747));
#2325=CARTESIAN_POINT('',(-4.73536901743369,-0.561655655677361,-0.313650690133954));
#2326=CARTESIAN_POINT('',(-4.73807925577673,-0.544987233306774,-0.316300170083229));
#2327=CARTESIAN_POINT('',(-4.73981609650829,-0.528627387796497,-0.318108594480474));
#2328=CARTESIAN_POINT('',(-4.74064557990893,-0.512571323554214,-0.319022807530188));
#2329=CARTESIAN_POINT('',(-4.74063076921507,-0.501737046257857,-0.319011650596368));
#2330=CARTESIAN_POINT('',(-4.74047404038314,-0.496278322190701,-0.318831100844464));
#2331=CARTESIAN_POINT('',(-4.74046742019725,-0.496056333970947,-0.318823468382668));
#2338=EDGE_LOOP('',(#4819,#4820,#4821,#4822));
#2339=AXIS2_PLACEMENT_3D('',#4823,#4824,#4825);
#2340=EDGE_LOOP('',(#4826,#4827,#4828,#4829));
#2342=CARTESIAN_POINT('',(2.9884195375999,-0.658983484990298,-0.000145531660882761));
#2343=CARTESIAN_POINT('',(2.98591203374122,-0.658868057507097,-0.000144912908998609));
#2344=CARTESIAN_POINT('',(2.97970348052864,-0.658723652724672,-0.000143820312336323));
#2345=CARTESIAN_POINT('',(2.96972854027105,-0.658956571029863,-0.000145368082317031));
#2346=CARTESIAN_POINT('',(2.95841063891543,-0.659657407475699,-0.000150319889793516));
#2347=CARTESIAN_POINT('',(2.94663427467544,-0.660666899602489,-0.00015848551050027));
#2348=CARTESIAN_POINT('',(2.93404373934827,-0.661886732454622,-0.000169925644734011));
#2349=CARTESIAN_POINT('',(2.92031236127113,-0.66321431384613,-0.000184967387457592));
#2350=CARTESIAN_POINT('',(2.90512868729945,-0.664521143775234,-0.000204023112479443));
#2351=CARTESIAN_POINT('',(2.88816101165512,-0.665643021296059,-0.000227641166136538));
#2352=CARTESIAN_POINT('',(2.86903659535226,-0.666364205992494,-0.000256533062903144));
#2353=CARTESIAN_POINT('',(2.84744314756031,-0.66640424507972,-0.000291414216862335));
#2354=CARTESIAN_POINT('',(2.82308095841335,-0.665424255458734,-0.000333062987808786));
#2355=CARTESIAN_POINT('',(2.7956735567948,-0.663026868818772,-0.000382318346409245));
#2356=CARTESIAN_POINT('',(2.76581697872116,-0.658868694795288,-0.000438475824788888));
#2357=CARTESIAN_POINT('',(2.73522355461206,-0.652931667898428,-0.000498384582712833));
#2358=CARTESIAN_POINT('',(2.70619254144722,-0.64564944598455,-0.000557088163546645));
#2359=CARTESIAN_POINT('',(2.6802572736817,-0.637563930587628,-0.00061070919473736));
#2360=CARTESIAN_POINT('',(2.65769708611473,-0.628971994330154,-0.000657961899776841));
#2361=CARTESIAN_POINT('',(2.63815998700401,-0.619921458643238,-0.00069911601730433));
#2362=CARTESIAN_POINT('',(2.62126322459095,-0.610370259021015,-0.000734709683440845));
#2363=CARTESIAN_POINT('',(2.60684627644965,-0.600383074445552,-0.000764951544835125));
#2364=CARTESIAN_POINT('',(2.59473949611778,-0.590069009913294,-0.000790166907884558));
#2365=CARTESIAN_POINT('',(2.5846865720282,-0.579484254649474,-0.000810918502274034));
#2366=CARTESIAN_POINT('',(2.57644032393983,-0.568642200161169,-0.000827771914881447));
#2367=CARTESIAN_POINT('',(2.56980819643714,-0.557547648303233,-0.000841185198078027));
#2368=CARTESIAN_POINT('',(2.56464051413126,-0.546194926018095,-0.000851526424715727));
#2369=CARTESIAN_POINT('',(2.56082686480893,-0.534538497387151,-0.000859077829190659));
#2370=CARTESIAN_POINT('',(2.55831684373404,-0.522530910278127,-0.000863995535148187));
#2371=CARTESIAN_POINT('',(2.5571098814508,-0.510164870645734,-0.00086633469530504));
#2372=CARTESIAN_POINT('',(2.55723205609035,-0.497442565756644,-0.000866091639574629));
#2373=CARTESIAN_POINT('',(2.55840691008648,-0.4872308703415,-0.000863852315720343));
#2374=CARTESIAN_POINT('',(2.55951355366785,-0.481293987879975,-0.000861744209936153));
#2375=CARTESIAN_POINT('',(2.55985633306756,-0.479631846335295,-0.000861093225153722));
#2376=CARTESIAN_POINT('',(2.98664897925734,-0.626601386562195,0.00232413152218074));
#2377=CARTESIAN_POINT('',(2.98467413217665,-0.62660782475798,0.00231326607304844));
#2378=CARTESIAN_POINT('',(2.9797664494602,-0.626623564284563,0.00229918302424555));
#2379=CARTESIAN_POINT('',(2.97187568885582,-0.626598242040862,0.00232209636980966));
#2380=CARTESIAN_POINT('',(2.96302569124131,-0.626434940751698,0.00240176966507676));
#2381=CARTESIAN_POINT('',(2.95401324134763,-0.626083287017954,0.00253207144695107));
#2382=CARTESIAN_POINT('',(2.94465980554578,-0.625485968634167,0.00271489720477697));
#2383=CARTESIAN_POINT('',(2.93482797813175,-0.624575229562511,0.00295520292994039));
#2384=CARTESIAN_POINT('',(2.92440965392331,-0.62327441789784,0.00325965906339555));
#2385=CARTESIAN_POINT('',(2.91330160817025,-0.621494303167209,0.00363700099967776));
#2386=CARTESIAN_POINT('',(2.90139550422457,-0.619127673242365,0.00409860457378196));
#2387=CARTESIAN_POINT('',(2.88863513628409,-0.616063373410119,0.00465589731428831));
#2388=CARTESIAN_POINT('',(2.8749730076417,-0.612184998176729,0.00532131583412325));
#2389=CARTESIAN_POINT('',(2.86036994375309,-0.607371187293037,0.00610826401891524));
#2390=CARTESIAN_POINT('',(2.84521716343,-0.601652017785889,0.00700548673920268));
#2391=CARTESIAN_POINT('',(2.83034228553762,-0.595307039743082,0.00796264329093163));
#2392=CARTESIAN_POINT('',(2.8166983024256,-0.588787012681647,0.00890054484425311));
#2393=CARTESIAN_POINT('',(2.80480479479574,-0.582415910534685,0.00975724298262073));
#2394=CARTESIAN_POINT('',(2.79463162121511,-0.576255159007226,0.0105121949772401));
#2395=CARTESIAN_POINT('',(2.78592101085377,-0.570212841066896,0.0111697104164968));
#2396=CARTESIAN_POINT('',(2.77844387099219,-0.564177199714867,0.0117383870505799));
#2397=CARTESIAN_POINT('',(2.77209399758096,-0.55812492536318,0.0122215584060784));
#2398=CARTESIAN_POINT('',(2.76677595410683,-0.552067870674369,0.0126244218759933));
#2399=CARTESIAN_POINT('',(2.76236584279861,-0.54599565347844,0.0129559681295813));
#2400=CARTESIAN_POINT('',(2.75874957182998,-0.539883567481561,0.0132252335231888));
#2401=CARTESIAN_POINT('',(2.75584021484481,-0.533709914017888,0.0134395362259343));
#2402=CARTESIAN_POINT('',(2.75357143788289,-0.527452456939742,0.0136047572070146));
#2403=CARTESIAN_POINT('',(2.75189512459643,-0.521071069765097,0.0137254046321959));
#2404=CARTESIAN_POINT('',(2.75079012002008,-0.51452724413701,0.0138039767410094));
#2405=CARTESIAN_POINT('',(2.75025769130182,-0.507805353436018,0.0138413402847765));
#2406=CARTESIAN_POINT('',(2.75031135159691,-0.500894882976329,0.0138374917579675));
#2407=CARTESIAN_POINT('',(2.75083127684695,-0.495342287948921,0.0138016068688894));
#2408=CARTESIAN_POINT('',(2.75132211232301,-0.492107823830587,0.013768070680945));
#2409=CARTESIAN_POINT('',(2.75147423131447,-0.491201672535185,0.0137576990290877));
#2410=CARTESIAN_POINT('',(2.985370932342,-0.603226928900088,-0.0203659643164805));
#2411=CARTESIAN_POINT('',(2.9837805743435,-0.603321333728432,-0.0202713183649153));
#2412=CARTESIAN_POINT('',(2.97981190249415,-0.60345267065458,-0.020145974769478));
#2413=CARTESIAN_POINT('',(2.97342557092429,-0.603240941937265,-0.0203477985701936));
#2414=CARTESIAN_POINT('',(2.96635698693946,-0.60245387777037,-0.021045620645453));
#2415=CARTESIAN_POINT('',(2.95933962081149,-0.601119704439917,-0.0221874917884557));
#2416=CARTESIAN_POINT('',(2.95232282931252,-0.599210706866346,-0.0237894890539686));
#2417=CARTESIAN_POINT('',(2.94530582509673,-0.596684274882868,-0.0258951949461999));
#2418=CARTESIAN_POINT('',(2.93832728619244,-0.593501182236081,-0.0285630125722263));
#2419=CARTESIAN_POINT('',(2.93144891292748,-0.589626314592258,-0.0318695011524637));
#2420=CARTESIAN_POINT('',(2.92475322290724,-0.585030799090581,-0.0359143376948913));
#2421=CARTESIAN_POINT('',(2.91836886087816,-0.579725685902673,-0.0407976582779319));
#2422=CARTESIAN_POINT('',(2.9124303858402,-0.573755161146109,-0.0466284392003035));
#2423=CARTESIAN_POINT('',(2.90706991167518,-0.567197096217112,-0.0535241331953797));
#2424=CARTESIAN_POINT('',(2.90253081343841,-0.560351149119434,-0.0613861162756169));
#2425=CARTESIAN_POINT('',(2.89900209626072,-0.553711698597958,-0.0697732741665874));
#2426=CARTESIAN_POINT('',(2.89646497465469,-0.547741848707637,-0.0779917086522905));
#2427=CARTESIAN_POINT('',(2.89470726870925,-0.542608266112288,-0.0854985919701561));
#2428=CARTESIAN_POINT('',(2.89347544692611,-0.538202423231829,-0.0921139168789797));
#2429=CARTESIAN_POINT('',(2.89257975021111,-0.534331535241046,-0.0978754464786229));
#2430=CARTESIAN_POINT('',(2.89190200196443,-0.530833538820478,-0.102858519216027));
#2431=CARTESIAN_POINT('',(2.89137520691727,-0.52762161135474,-0.107092345375042));
#2432=CARTESIAN_POINT('',(2.89095749572411,-0.524637405591162,-0.110622467509325));
#2433=CARTESIAN_POINT('',(2.89062055122258,-0.521822485949678,-0.113527667055627));
#2434=CARTESIAN_POINT('',(2.89034634915684,-0.519124645897677,-0.115887125764329));
#2435=CARTESIAN_POINT('',(2.89012420967983,-0.516503057826914,-0.117764969707406));
#2436=CARTESIAN_POINT('',(2.88994795740044,-0.513923529809576,-0.119212731155043));
#2437=CARTESIAN_POINT('',(2.88981444316324,-0.511349840071871,-0.12026991386935));
#2438=CARTESIAN_POINT('',(2.88972362544521,-0.508749936166307,-0.120958406642874));
#2439=CARTESIAN_POINT('',(2.88967809711407,-0.506102176748905,-0.121285812741661));
#2440=CARTESIAN_POINT('',(2.88968230151456,-0.503386878449255,-0.121252069745738));
#2441=CARTESIAN_POINT('',(2.88972947777695,-0.501197374451898,-0.120937687419918));
#2442=CARTESIAN_POINT('',(2.8897758028233,-0.499913604272948,-0.120643740716084));
#2443=CARTESIAN_POINT('',(2.88979029689676,-0.499553151463206,-0.120552841602153));
#2444=CARTESIAN_POINT('',(2.98546341398805,-0.604918344365595,-0.0529995483328194));
#2445=CARTESIAN_POINT('',(2.98384523370639,-0.605006383778985,-0.0527531526846597));
#2446=CARTESIAN_POINT('',(2.97980861343511,-0.605129355880909,-0.0524272814607231));
#2447=CARTESIAN_POINT('',(2.97331341882455,-0.604931115852659,-0.0529523290414028));
#2448=CARTESIAN_POINT('',(2.96611592872331,-0.604189188227273,-0.054768368539664));
#2449=CARTESIAN_POINT('',(2.9589541949445,-0.60292611168397,-0.0577399173676986));
#2450=CARTESIAN_POINT('',(2.95176831989488,-0.601112029444914,-0.0619089012383203));
#2451=CARTESIAN_POINT('',(2.94454763029018,-0.598702511745291,-0.0673887121922469));
#2452=CARTESIAN_POINT('',(2.93732018267743,-0.59565562414803,-0.0743313440869787));
#2453=CARTESIAN_POINT('',(2.93013574312617,-0.591932336383629,-0.0829360294451469));
#2454=CARTESIAN_POINT('',(2.92306301870289,-0.587498106828775,-0.0934621648416161));
#2455=CARTESIAN_POINT('',(2.91621727805441,-0.582355142702011,-0.106170340518119));
#2456=CARTESIAN_POINT('',(2.90971990632025,-0.576536009439115,-0.121344152505314));
#2457=CARTESIAN_POINT('',(2.90369062266114,-0.570104161696006,-0.139289255494821));
#2458=CARTESIAN_POINT('',(2.89838350035813,-0.563339750139008,-0.159748994020436));
#2459=CARTESIAN_POINT('',(2.89403375571601,-0.556721608146325,-0.181575428352063));
#2460=CARTESIAN_POINT('',(2.89069292274279,-0.550711946501265,-0.202962783036976));
#2461=CARTESIAN_POINT('',(2.8882017729683,-0.545488814888846,-0.222498422869148));
#2462=CARTESIAN_POINT('',(2.88632293977913,-0.540955983837407,-0.239713903557933));
#2463=CARTESIAN_POINT('',(2.88486174263698,-0.536927967486578,-0.254707498419475));
#2464=CARTESIAN_POINT('',(2.88369197886172,-0.533246342767772,-0.267675265485232));
#2465=CARTESIAN_POINT('',(2.882743815972,-0.529828882976135,-0.278693220534219));
#2466=CARTESIAN_POINT('',(2.88197150841004,-0.526622320644082,-0.287879881850269));
#2467=CARTESIAN_POINT('',(2.88133982263865,-0.523571697417993,-0.295440267375069));
#2468=CARTESIAN_POINT('',(2.88082378279003,-0.520626796729243,-0.301580436815905));
#2469=CARTESIAN_POINT('',(2.88040719168858,-0.517748175172259,-0.306467269518893));
#2470=CARTESIAN_POINT('',(2.88007952076861,-0.514902505959966,-0.310234871216594));
#2471=CARTESIAN_POINT('',(2.87983436697124,-0.512053284767114,-0.312986044960636));
#2472=CARTESIAN_POINT('',(2.87967016096937,-0.509167991985718,-0.314777753712668));
#2473=CARTESIAN_POINT('',(2.87958939969886,-0.506225421507385,-0.315629782574731));
#2474=CARTESIAN_POINT('',(2.87959718281197,-0.503206553423342,-0.315541974310607));
#2475=CARTESIAN_POINT('',(2.87967856799401,-0.500773690445768,-0.314723827052864));
#2476=CARTESIAN_POINT('',(2.87975705857019,-0.499348764739485,-0.313958884521653));
#2477=CARTESIAN_POINT('',(2.87978151141652,-0.498948824260276,-0.313722334720864));
#2484=EDGE_LOOP('',(#4830,#4831,#4832,#4833));
#2485=AXIS2_PLACEMENT_3D('',#4834,#4835,#4836);
#2486=EDGE_LOOP('',(#4837,#4838,#4839,#4840));
#2488=CARTESIAN_POINT('',(2.56387180994286,0.487282792709732,-0.000455976912067617));
#2489=CARTESIAN_POINT('',(2.56338638407493,0.496256908807306,-0.000461755832276555));
#2490=CARTESIAN_POINT('',(2.56313461497843,0.516341911049537,-0.000461317055070227));
#2491=CARTESIAN_POINT('',(2.56555422065017,0.547703328435673,-0.000440821258028346));
#2492=CARTESIAN_POINT('',(2.57128108368793,0.581304994629549,-0.000397765256592021));
#2493=CARTESIAN_POINT('',(2.58008251390419,0.615174509989806,-0.000346079384743708));
#2494=CARTESIAN_POINT('',(2.59188938389128,0.649184941283641,-0.000293544997683495));
#2495=CARTESIAN_POINT('',(2.60666088061922,0.683155407470913,-0.000245584878791137));
#2496=CARTESIAN_POINT('',(2.62433075301564,0.71679028958037,-0.000204736682664915));
#2497=CARTESIAN_POINT('',(2.64478943498322,0.749740143562773,-0.000171716875118346));
#2498=CARTESIAN_POINT('',(2.66791790529802,0.781691387122316,-0.000146138768337369));
#2499=CARTESIAN_POINT('',(2.69360824073491,0.812383591651292,-0.000127195367017437));
#2500=CARTESIAN_POINT('',(2.72175469347473,0.841586110510861,-0.000114048124531516));
#2501=CARTESIAN_POINT('',(2.7522418173638,0.869082472259869,-0.000106015576583502));
#2502=CARTESIAN_POINT('',(2.78494256703883,0.894670475278823,-0.000102649212141134));
#2503=CARTESIAN_POINT('',(2.81973625886838,0.918176704990099,-0.00010376565258946));
#2504=CARTESIAN_POINT('',(2.85651188559452,0.939449887848971,-0.000109473917038781));
#2505=CARTESIAN_POINT('',(2.89514939061742,0.958345400986749,-0.0001201821368977));
#2506=CARTESIAN_POINT('',(2.93540723942526,0.974688213909447,-0.000136534635941082));
#2507=CARTESIAN_POINT('',(2.97683625642938,0.988297559349738,-0.000159199500276335));
#2508=CARTESIAN_POINT('',(3.01861279271146,0.999020567999655,-0.000188351677562541));
#2509=CARTESIAN_POINT('',(3.05982552183595,1.00689868268345,-0.000222924586719315));
#2510=CARTESIAN_POINT('',(3.09971825198202,1.01217736338971,-0.000259812210885011));
#2511=CARTESIAN_POINT('',(3.13793994807161,1.01521124432415,-0.000292439671051618));
#2512=CARTESIAN_POINT('',(3.17131046868822,1.01623357175545,-0.000309684029512325));
#2513=CARTESIAN_POINT('',(3.19189783918891,1.01602497822631,-0.000305353947220647));
#2514=CARTESIAN_POINT('',(3.20035986679808,1.01579425863549,-0.000301139919184271));
#2515=CARTESIAN_POINT('',(2.75266009915229,0.495820066441691,0.0099714074728452));
#2516=CARTESIAN_POINT('',(2.7524795104511,0.500450577707961,0.0100226648957937));
#2517=CARTESIAN_POINT('',(2.75238182518823,0.510863656098482,0.0100497834610846));
#2518=CARTESIAN_POINT('',(2.75330328875594,0.527586840159477,0.00980447839876292));
#2519=CARTESIAN_POINT('',(2.75558923411465,0.546311813032597,0.00930392723099808));
#2520=CARTESIAN_POINT('',(2.75929463998631,0.566167814507807,0.00865373867647899));
#2521=CARTESIAN_POINT('',(2.76455445073891,0.587157175963896,0.00793781282430017));
#2522=CARTESIAN_POINT('',(2.7715191713217,0.609177979965078,0.00722015023529519));
#2523=CARTESIAN_POINT('',(2.78031850734437,0.632001471331813,0.00654631540757297));
#2524=CARTESIAN_POINT('',(2.79104274699236,0.655325378465889,0.00594506353538285));
#2525=CARTESIAN_POINT('',(2.80375677948645,0.678850644728519,0.00543173988790319));
#2526=CARTESIAN_POINT('',(2.81851472661149,0.702307424966702,0.00501314559126926));
#2527=CARTESIAN_POINT('',(2.83535919557891,0.725443205468859,0.00469152070106382));
#2528=CARTESIAN_POINT('',(2.85431668158629,0.748010762388594,0.00446678622971205));
#2529=CARTESIAN_POINT('',(2.87539716804672,0.769766075521283,0.00433756258700738));
#2530=CARTESIAN_POINT('',(2.89860609174925,0.79047864309557,0.00430162310918472));
#2531=CARTESIAN_POINT('',(2.92394912321898,0.809925745794235,0.00435645303781549));
#2532=CARTESIAN_POINT('',(2.95142201171131,0.827876642454591,0.00449946921702214));
#2533=CARTESIAN_POINT('',(2.98092955264485,0.844050245222495,0.00472719865411788));
#2534=CARTESIAN_POINT('',(3.01221100980787,0.858123621798724,0.0050328657726744));
#2535=CARTESIAN_POINT('',(3.04469387297289,0.869749603576089,0.0054016869571486));
#2536=CARTESIAN_POINT('',(3.07768682797044,0.878728914146334,0.005807252171697));
#2537=CARTESIAN_POINT('',(3.11057121735955,0.88505888809714,0.00620806460798147));
#2538=CARTESIAN_POINT('',(3.14302479664649,0.888878911087106,0.00654318592103184));
#2539=CARTESIAN_POINT('',(3.17219472938974,0.890226228685409,0.00670766753552986));
#2540=CARTESIAN_POINT('',(3.19060502894461,0.889951897915624,0.00667557744580623));
#2541=CARTESIAN_POINT('',(3.19822393523475,0.889642223591495,0.00662983230422501));
#2542=CARTESIAN_POINT('',(2.88719539933565,0.499657783449189,-0.122849907344304));
#2543=CARTESIAN_POINT('',(2.88716694339737,0.502346375997127,-0.12285864447628));
#2544=CARTESIAN_POINT('',(2.88714741113445,0.508403916243642,-0.12286327287816));
#2545=CARTESIAN_POINT('',(2.88731660331024,0.518337345605458,-0.122809420487831));
#2546=CARTESIAN_POINT('',(2.88785688471237,0.529849152480476,-0.12260561859916));
#2547=CARTESIAN_POINT('',(2.8889390577629,0.542534022689424,-0.122179355014187));
#2548=CARTESIAN_POINT('',(2.89076678463949,0.556450046050234,-0.121468182742281));
#2549=CARTESIAN_POINT('',(2.89355042566744,0.571555487998901,-0.120434101013881));
#2550=CARTESIAN_POINT('',(2.89748409703151,0.587699582226729,-0.119066660709449));
#2551=CARTESIAN_POINT('',(2.90273012570831,0.604662401390511,-0.117379410793508));
#2552=CARTESIAN_POINT('',(2.90942346121682,0.622213620471489,-0.115399464313171));
#2553=CARTESIAN_POINT('',(2.917681938185,0.640135931519661,-0.113159108947548));
#2554=CARTESIAN_POINT('',(2.92760882412131,0.658217911523644,-0.11069280269442));
#2555=CARTESIAN_POINT('',(2.93929150275695,0.676244593747651,-0.10803666688496));
#2556=CARTESIAN_POINT('',(2.95280127723596,0.693994883295223,-0.10522840509808));
#2557=CARTESIAN_POINT('',(2.96820065701996,0.711249140505132,-0.102306241058106));
#2558=CARTESIAN_POINT('',(2.98554727064505,0.727784492167733,-0.0993097836150125));
#2559=CARTESIAN_POINT('',(3.00488727227449,0.743360622742409,-0.0962834301393627));
#2560=CARTESIAN_POINT('',(3.02619536929388,0.757679764108771,-0.0932870758678998));
#2561=CARTESIAN_POINT('',(3.04931098970673,0.770387797529912,-0.0904032689451051));
#2562=CARTESIAN_POINT('',(3.07381496226197,0.781084960002156,-0.0877467352072035));
#2563=CARTESIAN_POINT('',(3.09915774570196,0.789486182023484,-0.0854403460054796));
#2564=CARTESIAN_POINT('',(3.12480942130938,0.795487102946922,-0.0836006186467323));
#2565=CARTESIAN_POINT('',(3.15045057775805,0.799137776614664,-0.0823376522555261));
#2566=CARTESIAN_POINT('',(3.17372813133255,0.800426770796917,-0.0818243780531503));
#2567=CARTESIAN_POINT('',(3.18850507946965,0.8001643106238,-0.081927373138015));
#2568=CARTESIAN_POINT('',(3.19462733190856,0.799869303718503,-0.0820557453410523));
#2569=CARTESIAN_POINT('',(2.87989610156359,0.496311373265085,-0.311595016758239));
#2570=CARTESIAN_POINT('',(2.87976843531157,0.500716844503305,-0.311741106823982));
#2571=CARTESIAN_POINT('',(2.87970044198988,0.510555119993455,-0.31181493095924));
#2572=CARTESIAN_POINT('',(2.88035102571604,0.525945052300469,-0.311094705038801));
#2573=CARTESIAN_POINT('',(2.88197298575859,0.542582190168892,-0.309403806408513));
#2574=CARTESIAN_POINT('',(2.88460624878628,0.559589427412416,-0.306833184822419));
#2575=CARTESIAN_POINT('',(2.88834357583913,0.576971030442221,-0.303440483501367));
#2576=CARTESIAN_POINT('',(2.89328522303228,0.59468746421493,-0.299291736612912));
#2577=CARTESIAN_POINT('',(2.89951670097825,0.612626120279334,-0.294471543001661));
#2578=CARTESIAN_POINT('',(2.9070980942831,0.63063068330103,-0.289079604104961));
#2579=CARTESIAN_POINT('',(2.9160753274531,0.648548664406381,-0.283214942728796));
#2580=CARTESIAN_POINT('',(2.92649045622115,0.666242682307223,-0.276968306138313));
#2581=CARTESIAN_POINT('',(2.93838050021151,0.683578265541008,-0.27042482884754));
#2582=CARTESIAN_POINT('',(2.95177328744793,0.700414383007287,-0.263668275639049));
#2583=CARTESIAN_POINT('',(2.96668603555369,0.716602361818676,-0.256783308770342));
#2584=CARTESIAN_POINT('',(2.98313232590552,0.731993986841862,-0.249854092217714));
#2585=CARTESIAN_POINT('',(3.00112339199665,0.746437312115236,-0.242967652549579));
#2586=CARTESIAN_POINT('',(3.02065777543478,0.759764907229708,-0.236222373127415));
#2587=CARTESIAN_POINT('',(3.04165837587878,0.771762198863004,-0.229751101234642));
#2588=CARTESIAN_POINT('',(3.06391151313796,0.782174733071945,-0.223732057739101));
#2589=CARTESIAN_POINT('',(3.08695388953167,0.790725570001511,-0.218399634101837));
#2590=CARTESIAN_POINT('',(3.11020729606787,0.797254098698536,-0.213978881077267));
#2591=CARTESIAN_POINT('',(3.13312404556334,0.801766436221546,-0.210642651454836));
#2592=CARTESIAN_POINT('',(3.15535986638124,0.804406983374712,-0.208499842918782));
#2593=CARTESIAN_POINT('',(3.17490690705567,0.80529408457355,-0.207699114450491));
#2594=CARTESIAN_POINT('',(3.18697226393918,0.805113015495046,-0.207861065321507));
#2595=CARTESIAN_POINT('',(3.19192412916729,0.804916315282163,-0.208050654753593));
#2602=EDGE_LOOP('',(#4841,#4842,#4843,#4844));
#2603=AXIS2_PLACEMENT_3D('',#4845,#4846,#4847);
#2604=EDGE_LOOP('',(#4848,#4849,#4850,#4851));
#2606=CARTESIAN_POINT('',(4.41969925131333,1.01575102465703,-0.000298939128661399));
#2607=CARTESIAN_POINT('',(4.42274093412287,1.01583366131026,-0.000300572670770461));
#2608=CARTESIAN_POINT('',(4.43725738298287,1.01613856622506,-0.000306426741661529));
#2609=CARTESIAN_POINT('',(4.46385329014354,1.01592256933362,-0.000301506450445409));
#2610=CARTESIAN_POINT('',(4.50003771691981,1.01395933107283,-0.000275557994719332));
#2611=CARTESIAN_POINT('',(4.53783539738545,1.01005862970262,-0.000241182297621138));
#2612=CARTESIAN_POINT('',(4.5770766699046,1.00390303506604,-0.000206085902690427));
#2613=CARTESIAN_POINT('',(4.6173431307047,0.995186056435703,-0.000174580776946142));
#2614=CARTESIAN_POINT('',(4.65782532328698,0.983752460251473,-0.000148719019225782));
#2615=CARTESIAN_POINT('',(4.69767293624529,0.96964349113381,-0.000128967231580192));
#2616=CARTESIAN_POINT('',(4.73622005152308,0.953037038811777,-0.000114943698261483));
#2617=CARTESIAN_POINT('',(4.77317020971085,0.934082623633154,-0.000105995158929516));
#2618=CARTESIAN_POINT('',(4.80834555766996,0.912927681691735,-0.000101585443239211));
#2619=CARTESIAN_POINT('',(4.84163457529731,0.889708180614095,-0.000101409100928409));
#2620=CARTESIAN_POINT('',(4.87293285842835,0.86456781467861,-0.000105422579551465));
#2621=CARTESIAN_POINT('',(4.90213252659924,0.837666904912926,-0.000113837436523743));
#2622=CARTESIAN_POINT('',(4.9291217697227,0.809189196514488,-0.000127096571597362));
#2623=CARTESIAN_POINT('',(4.95379637989937,0.779332421671048,-0.000145843272228766));
#2624=CARTESIAN_POINT('',(4.97605717537882,0.748311458436238,-0.000170845767140896));
#2625=CARTESIAN_POINT('',(4.9958090855854,0.716360865399251,-0.000202834220808122));
#2626=CARTESIAN_POINT('',(5.01294880553273,0.683755341337564,-0.000242158319475529));
#2627=CARTESIAN_POINT('',(5.02736491029437,0.650827680804246,-0.000288186260256808));
#2628=CARTESIAN_POINT('',(5.0389891642941,0.61787063017231,-0.000338594697762666));
#2629=CARTESIAN_POINT('',(5.04779073282412,0.585058323438843,-0.000388837186030803));
#2630=CARTESIAN_POINT('',(5.05372296679288,0.55246379897328,-0.000431497500928694));
#2631=CARTESIAN_POINT('',(5.05669238870638,0.520227923018997,-0.000457654565579667));
#2632=CARTESIAN_POINT('',(5.05665235644822,0.498435135502964,-0.000456784949685275));
#2633=CARTESIAN_POINT('',(5.05607208782628,0.487484710876658,-0.000451863083548464));
#2634=CARTESIAN_POINT('',(5.05604755946451,0.487039444660977,-0.000451663016872678));
#2635=CARTESIAN_POINT('',(4.4218787058146,0.886954092794967,0.00674873932441923));
#2636=CARTESIAN_POINT('',(4.42461047169047,0.887065698560812,0.00676539454162917));
#2637=CARTESIAN_POINT('',(4.43761368619894,0.88747619866594,0.00682478575577889));
#2638=CARTESIAN_POINT('',(4.46110773420531,0.887178237321235,0.00677534745063112));
#2639=CARTESIAN_POINT('',(4.49218664930161,0.884638219622907,0.00650873590467276));
#2640=CARTESIAN_POINT('',(4.52371488323104,0.879817180475271,0.00613769122826858));
#2641=CARTESIAN_POINT('',(4.55550332614061,0.872574575942291,0.00573236272028556));
#2642=CARTESIAN_POINT('',(4.58719012074556,0.862817904148005,0.00534029275091427));
#2643=CARTESIAN_POINT('',(4.61813335638538,0.8506261890828,0.00499456220286362));
#2644=CARTESIAN_POINT('',(4.64771058613971,0.836252683860846,0.00471572282955022));
#2645=CARTESIAN_POINT('',(4.67548321296073,0.820036939988716,0.00451449994434831));
#2646=CARTESIAN_POINT('',(4.70130484313974,0.802248439444294,0.00439566677335337));
#2647=CARTESIAN_POINT('',(4.72512238322077,0.783127699941929,0.00436212827863315));
#2648=CARTESIAN_POINT('',(4.74693334729772,0.762886806649884,0.00441628210234544));
#2649=CARTESIAN_POINT('',(4.76674417136211,0.741732419231847,0.00456041009709757));
#2650=CARTESIAN_POINT('',(4.78456486801542,0.719875483524593,0.00479648735398661));
#2651=CARTESIAN_POINT('',(4.80041066970392,0.69753735263103,0.0051256947863615));
#2652=CARTESIAN_POINT('',(4.81430979129646,0.674943628050326,0.00554796290361739));
#2653=CARTESIAN_POINT('',(4.8263030396608,0.652328026455594,0.00606092608602229));
#2654=CARTESIAN_POINT('',(4.83644530829383,0.629934141380116,0.00665801048295498));
#2655=CARTESIAN_POINT('',(4.84480186197325,0.608026638334253,0.00732495686922254));
#2656=CARTESIAN_POINT('',(4.85145245001128,0.586891165789549,0.0080348162650754));
#2657=CARTESIAN_POINT('',(4.8565154767638,0.566750160925843,0.00874523652049328));
#2658=CARTESIAN_POINT('',(4.86013471925924,0.547702374921803,0.00939764913579249));
#2659=CARTESIAN_POINT('',(4.86244435210398,0.529723878483957,0.00991728835199616));
#2660=CARTESIAN_POINT('',(4.86354500764161,0.512742487160598,0.0102160749650428));
#2661=CARTESIAN_POINT('',(4.86352610323136,0.501638389669015,0.0102167385894405));
#2662=CARTESIAN_POINT('',(4.86331744027622,0.496100371562794,0.0101518557623693));
#2663=CARTESIAN_POINT('',(4.86330862049696,0.495875247899764,0.0101491015524584));
#2664=CARTESIAN_POINT('',(4.42553691655004,0.796950730391698,-0.0850120797558788));
#2665=CARTESIAN_POINT('',(4.42771954741651,0.797056342762525,-0.0849651235714531));
#2666=CARTESIAN_POINT('',(4.43810489382207,0.797445174611511,-0.0847948877137807));
#2667=CARTESIAN_POINT('',(4.45681981538455,0.797163340057583,-0.0849272764705484));
#2668=CARTESIAN_POINT('',(4.48138266244169,0.794747618994355,-0.0858418638716464));
#2669=CARTESIAN_POINT('',(4.50603517012661,0.790180531038379,-0.0873732703678433));
#2670=CARTESIAN_POINT('',(4.5305620122567,0.783385481169326,-0.0894137748318558));
#2671=CARTESIAN_POINT('',(4.55462464308452,0.774358269002198,-0.0918643408982924));
#2672=CARTESIAN_POINT('',(4.57769159558922,0.763265883005745,-0.0946119160128247));
#2673=CARTESIAN_POINT('',(4.59928295739535,0.750426643613014,-0.0975404855757906));
#2674=CARTESIAN_POINT('',(4.61909100954053,0.736215502116373,-0.100549394309874));
#2675=CARTESIAN_POINT('',(4.63704114275591,0.720925557064652,-0.103571792182601));
#2676=CARTESIAN_POINT('',(4.65313604871788,0.704809574598852,-0.106556626549574));
#2677=CARTESIAN_POINT('',(4.66741975297842,0.688084353949721,-0.109463129624947));
#2678=CARTESIAN_POINT('',(4.67994666843067,0.670952790522034,-0.112254375684263));
#2679=CARTESIAN_POINT('',(4.69077801442643,0.653612806904397,-0.114894900205772));
#2680=CARTESIAN_POINT('',(4.69998337268429,0.636262452457202,-0.11734973482713));
#2681=CARTESIAN_POINT('',(4.7076453655304,0.619095606656075,-0.119585053331828));
#2682=CARTESIAN_POINT('',(4.7138598011882,0.602305556997952,-0.121568217383892));
#2683=CARTESIAN_POINT('',(4.71873762799013,0.586086454730782,-0.123269141187825));
#2684=CARTESIAN_POINT('',(4.7224050217048,0.570640674315247,-0.124662463777967));
#2685=CARTESIAN_POINT('',(4.72500860370246,0.556174658039046,-0.125733415353584));
#2686=CARTESIAN_POINT('',(4.72672579030086,0.542834053106629,-0.126489214630094));
#2687=CARTESIAN_POINT('',(4.72775118209748,0.530660566860487,-0.126962844088375));
#2688=CARTESIAN_POINT('',(4.72827465610884,0.519589926784497,-0.127208729762422));
#2689=CARTESIAN_POINT('',(4.72846438647782,0.509488509509311,-0.127295226642058));
#2690=CARTESIAN_POINT('',(4.72845622425674,0.50304183231241,-0.127290123325929));
#2691=CARTESIAN_POINT('',(4.72842784150291,0.499837444929027,-0.127278773368385));
#2692=CARTESIAN_POINT('',(4.7284266443842,0.49970719992556,-0.127278301482293));
#2693=CARTESIAN_POINT('',(4.42821169016891,0.805169448623121,-0.212877541591593));
#2694=CARTESIAN_POINT('',(4.42997583201019,0.805238636392396,-0.212808662972266));
#2695=CARTESIAN_POINT('',(4.43840136693594,0.805494931976124,-0.212556600265703));
#2696=CARTESIAN_POINT('',(4.4538726393903,0.805315061429936,-0.212744776240788));
#2697=CARTESIAN_POINT('',(4.47487586244631,0.803631105695554,-0.214225200095751));
#2698=CARTESIAN_POINT('',(4.49664091980045,0.800304953074259,-0.216886547368791));
#2699=CARTESIAN_POINT('',(4.51893708743841,0.79517010018109,-0.220648249275595));
#2700=CARTESIAN_POINT('',(4.54140085820572,0.78812799541836,-0.225394470634625));
#2701=CARTESIAN_POINT('',(4.56348132664598,0.779230873035633,-0.230941365470523));
#2702=CARTESIAN_POINT('',(4.58466203578879,0.768674033564022,-0.237067812092959));
#2703=CARTESIAN_POINT('',(4.60458389596645,0.756719888649521,-0.243564827965522));
#2704=CARTESIAN_POINT('',(4.6231191260182,0.743574531612593,-0.25028781313009));
#2705=CARTESIAN_POINT('',(4.64022108049808,0.729415211172719,-0.257124596881334));
#2706=CARTESIAN_POINT('',(4.65588771178632,0.714389984872127,-0.263985906171213));
#2707=CARTESIAN_POINT('',(4.67012751246377,0.698634784526307,-0.270791364495742));
#2708=CARTESIAN_POINT('',(4.68295309286898,0.682280519268255,-0.277463527052819));
#2709=CARTESIAN_POINT('',(4.69438055741546,0.665457494951536,-0.283924498229211));
#2710=CARTESIAN_POINT('',(4.70443382981599,0.648290343384234,-0.290096347924604));
#2711=CARTESIAN_POINT('',(4.713143352127,0.630900522467446,-0.295898735432647));
#2712=CARTESIAN_POINT('',(4.72054627186048,0.613408129893224,-0.301247509273893));
#2713=CARTESIAN_POINT('',(4.72668304227396,0.595943330772604,-0.306051398731815));
#2714=CARTESIAN_POINT('',(4.73160015896936,0.578654612230441,-0.310213496391467));
#2715=CARTESIAN_POINT('',(4.73536901919788,0.561655659519089,-0.313650728335988));
#2716=CARTESIAN_POINT('',(4.73807925788482,0.544987236231028,-0.316300208729382));
#2717=CARTESIAN_POINT('',(4.73981609886404,0.528627389641157,-0.318108633445561));
#2718=CARTESIAN_POINT('',(4.74064558239527,0.512571324183455,-0.319022846664222));
#2719=CARTESIAN_POINT('',(4.74063077170004,0.501737045991533,-0.319011689729173));
#2720=CARTESIAN_POINT('',(4.74047404284192,0.496278321464239,-0.318831139942727));
#2721=CARTESIAN_POINT('',(4.74046742265493,0.496056333225759,-0.318823507479469));
#2728=EDGE_LOOP('',(#4852,#4853,#4854,#4855));
#2729=AXIS2_PLACEMENT_3D('',#4856,#4857,#4858);
#2730=EDGE_LOOP('',(#4859,#4860,#4861,#4862));
#2731=AXIS2_PLACEMENT_3D('',#4863,#4864,#4865);
#2732=EDGE_LOOP('',(#4866,#4867,#4868,#4869));
#2733=AXIS2_PLACEMENT_3D('',#4870,#4871,#4872);
#2734=EDGE_LOOP('',(#4873,#4874,#4875,#4876,#4877,#4878,#4879,#4880));
#2735=AXIS2_PLACEMENT_3D('',#4881,#4882,#4883);
#2736=EDGE_LOOP('',(#4884,#4885,#4886,#4887));
#2737=AXIS2_PLACEMENT_3D('',#4888,#4889,#4890);
#2738=EDGE_LOOP('',(#4891,#4892,#4893,#4894));
#2739=AXIS2_PLACEMENT_3D('',#4895,#4896,#4897);
#2740=EDGE_LOOP('',(#4898,#4899,#4900,#4901));
#2741=AXIS2_PLACEMENT_3D('',#4902,#4903,#4904);
#2742=EDGE_LOOP('',(#4905,#4906,#4907,#4908));
#2743=AXIS2_PLACEMENT_3D('',#4909,#4910,#4911);
#2744=EDGE_LOOP('',(#4912,#4913,#4914,#4915));
#2745=AXIS2_PLACEMENT_3D('',#4916,#4917,#4918);
#2746=EDGE_LOOP('',(#4919,#4920,#4921,#4922));
#2747=AXIS2_PLACEMENT_3D('',#4923,#4924,#4925);
#2748=EDGE_LOOP('',(#4926,#4927,#4928,#4929));
#2750=CARTESIAN_POINT('',(5.05190535250222,-0.491618579600736,-0.000266758345307518));
#2751=CARTESIAN_POINT('',(5.05232814437375,-0.495394485678543,-0.000267015035276985));
#2752=CARTESIAN_POINT('',(5.05284804128575,-0.503314630716358,-0.000267331788448339));
#2753=CARTESIAN_POINT('',(5.05242209790071,-0.515282682932316,-0.000267072355564595));
#2754=CARTESIAN_POINT('',(5.0506845598531,-0.527285002853187,-0.000265996822767722));
#2755=CARTESIAN_POINT('',(5.0476827514319,-0.538898869708909,-0.000264118719451967));
#2756=CARTESIAN_POINT('',(5.04338238245744,-0.550209577787486,-0.000261399396916757));
#2757=CARTESIAN_POINT('',(5.03769392075924,-0.561271425628545,-0.000257763622709021));
#2758=CARTESIAN_POINT('',(5.03050082910544,-0.572078866595784,-0.000253116724959078));
#2759=CARTESIAN_POINT('',(5.02164451372773,-0.582630128571387,-0.000247335718886346));
#2760=CARTESIAN_POINT('',(5.01086703405993,-0.592964301663302,-0.000240232849594359));
#2761=CARTESIAN_POINT('',(4.9978206808719,-0.603095905630196,-0.000231563491831338));
#2762=CARTESIAN_POINT('',(4.98223963546975,-0.612916649298703,-0.000221148493894916));
#2763=CARTESIAN_POINT('',(4.96400160464222,-0.622278355941127,-0.000208931879979793));
#2764=CARTESIAN_POINT('',(4.94289436491856,-0.631147779747062,-0.000194839584290279));
#2765=CARTESIAN_POINT('',(4.91853209467295,-0.639538226714975,-0.000178739894131379));
#2766=CARTESIAN_POINT('',(4.89096302935826,-0.647247124486355,-0.000160867806540682));
#2767=CARTESIAN_POINT('',(4.86123981977738,-0.653821708933476,-0.000142160255601505));
#2768=CARTESIAN_POINT('',(4.831545486895,-0.65874367124354,-0.000124182980116883));
#2769=CARTESIAN_POINT('',(4.80373376397402,-0.66188598166167,-0.00010808985228322));
#2770=CARTESIAN_POINT('',(4.77876132032944,-0.663490765707701,-9.43410375584401E-05));
#2771=CARTESIAN_POINT('',(4.75656946992797,-0.66394018348726,-8.27864453357587E-05));
#2772=CARTESIAN_POINT('',(4.73687276831318,-0.663586817580169,-7.31751415392813E-05));
#2773=CARTESIAN_POINT('',(4.71939450437314,-0.662727037902121,-6.52875114139584E-05));
#2774=CARTESIAN_POINT('',(4.70383734242197,-0.661599112600102,-5.89206947012144E-05));
#2775=CARTESIAN_POINT('',(4.68997981811621,-0.660396694987898,-5.39182417784334E-05));
#2776=CARTESIAN_POINT('',(4.67754366508594,-0.659261408260068,-5.01107009401153E-05));
#2777=CARTESIAN_POINT('',(4.66611696143567,-0.658280938592386,-4.73205452062358E-05));
#2778=CARTESIAN_POINT('',(4.65515736318862,-0.657516496910102,-4.54175727834505E-05));
#2779=CARTESIAN_POINT('',(4.64426893087824,-0.657069381055784,-4.44462995734686E-05));
#2780=CARTESIAN_POINT('',(4.63515092452723,-0.657102045341793,-4.45130004539625E-05));
#2781=CARTESIAN_POINT('',(4.62970040911046,-0.657374557758315,-4.50688211491518E-05));
#2782=CARTESIAN_POINT('',(4.62790224257471,-0.657495439423223,-4.52974578884876E-05));
#2783=CARTESIAN_POINT('',(4.86674458105039,-0.497633830241136,0.00755770624846579));
#2784=CARTESIAN_POINT('',(4.86693413520293,-0.499713780757266,0.00756497034032136));
#2785=CARTESIAN_POINT('',(4.86716679758575,-0.504072868390236,0.0075739634724522));
#2786=CARTESIAN_POINT('',(4.86697613853018,-0.510657939635106,0.00756660522781621));
#2787=CARTESIAN_POINT('',(4.8662008140874,-0.517271961303008,0.00753613574994188));
#2788=CARTESIAN_POINT('',(4.86486375066172,-0.523693759621355,0.0074829253609323));
#2789=CARTESIAN_POINT('',(4.86295097478306,-0.529982337453372,0.0074058825607598));
#2790=CARTESIAN_POINT('',(4.86042343250991,-0.536181696625182,0.00730287494525283));
#2791=CARTESIAN_POINT('',(4.8572293098227,-0.542305742895369,0.00717122056625151));
#2792=CARTESIAN_POINT('',(4.85329677298664,-0.548374618430619,0.00700743498149449));
#2793=CARTESIAN_POINT('',(4.84850750234383,-0.554438852052909,0.00680619880519894));
#2794=CARTESIAN_POINT('',(4.84269876293732,-0.560547325685832,0.00656058138613448));
#2795=CARTESIAN_POINT('',(4.83573578265893,-0.566690018153832,0.00626550705857994));
#2796=CARTESIAN_POINT('',(4.82753427961978,-0.572840350446248,0.00591938993446738));
#2797=CARTESIAN_POINT('',(4.81794926380074,-0.579053596728695,0.00552013160561399));
#2798=CARTESIAN_POINT('',(4.8067224710967,-0.585445936997608,0.00506400043070495));
#2799=CARTESIAN_POINT('',(4.79373906404758,-0.592016216048261,0.00455765426939323));
#2800=CARTESIAN_POINT('',(4.77930363692257,-0.598542825061799,0.00402763803285454));
#2801=CARTESIAN_POINT('',(4.76429200383059,-0.604578596821045,0.00351831172295136));
#2802=CARTESIAN_POINT('',(4.74955556504839,-0.609787406078356,0.00306236646792194));
#2803=CARTESIAN_POINT('',(4.73563957750194,-0.614053634783453,0.00267283953561151));
#2804=CARTESIAN_POINT('',(4.72261158838793,-0.617459699396,0.00234547857622514));
#2805=CARTESIAN_POINT('',(4.71042824636499,-0.62012200161879,0.00207317430482533));
#2806=CARTESIAN_POINT('',(4.69905367917745,-0.622149718733198,0.00184970436650848));
#2807=CARTESIAN_POINT('',(4.68843116842814,-0.623646485447882,0.00166932232549496));
#2808=CARTESIAN_POINT('',(4.67854807724205,-0.624703479980839,0.00152759279895486));
#2809=CARTESIAN_POINT('',(4.6693398528379,-0.625411567439334,0.00141972399176041));
#2810=CARTESIAN_POINT('',(4.66061618572712,-0.625855438330002,0.00134065732220729));
#2811=CARTESIAN_POINT('',(4.65205079949935,-0.626101390431111,0.00128680163514303));
#2812=CARTESIAN_POINT('',(4.64340731559237,-0.626191838324966,0.00125906556994027));
#2813=CARTESIAN_POINT('',(4.63613163692133,-0.626176632757992,0.00126163719272302));
#2814=CARTESIAN_POINT('',(4.63180939943812,-0.626156642619822,0.00127634657420523));
#2815=CARTESIAN_POINT('',(4.63038887782495,-0.626151063081277,0.00128270351495451));
#2816=CARTESIAN_POINT('',(4.73452785664148,-0.501929106880677,-0.122675611566595));
#2817=CARTESIAN_POINT('',(4.73455086403048,-0.502798035821612,-0.122793526182891));
#2818=CARTESIAN_POINT('',(4.73457842244712,-0.504614298957737,-0.122939490267042));
#2819=CARTESIAN_POINT('',(4.73455577156666,-0.507355574856689,-0.122820057035408));
#2820=CARTESIAN_POINT('',(4.73446752965218,-0.510122004296702,-0.122325479546538));
#2821=CARTESIAN_POINT('',(4.73431920144622,-0.512836331051049,-0.121461776446821));
#2822=CARTESIAN_POINT('',(4.73411132091816,-0.51553878421129,-0.120211228617495));
#2823=CARTESIAN_POINT('',(4.73384087883507,-0.518266013086362,-0.11853922373224));
#2824=CARTESIAN_POINT('',(4.73350227772341,-0.521045813698542,-0.11640222863586));
#2825=CARTESIAN_POINT('',(4.73308563610326,-0.523913976426044,-0.113743684405404));
#2826=CARTESIAN_POINT('',(4.73257233264369,-0.526929198069864,-0.110477247514218));
#2827=CARTESIAN_POINT('',(4.73193171594072,-0.530164897353998,-0.10649042062651));
#2828=CARTESIAN_POINT('',(4.73112258959385,-0.533681224214836,-0.1017008162596));
#2829=CARTESIAN_POINT('',(4.73008781424888,-0.537538428248616,-0.0960826925044621));
#2830=CARTESIAN_POINT('',(4.72873040890369,-0.541854992588922,-0.0896019882991312));
#2831=CARTESIAN_POINT('',(4.72688319374439,-0.546820555896946,-0.0821981321745672));
#2832=CARTESIAN_POINT('',(4.72431488674121,-0.552577787797143,-0.0739791935581286));
#2833=CARTESIAN_POINT('',(4.72079592158537,-0.55907013925911,-0.065376045659163));
#2834=CARTESIAN_POINT('',(4.71626868244276,-0.56590124274997,-0.0571087336959547));
#2835=CARTESIAN_POINT('',(4.71086883923605,-0.572585665364087,-0.049707895397355));
#2836=CARTESIAN_POINT('',(4.70484787393146,-0.578752337085583,-0.0433851498282236));
#2837=CARTESIAN_POINT('',(4.69836347238653,-0.58426963809246,-0.0380714734723768));
#2838=CARTESIAN_POINT('',(4.69154515334706,-0.589085321719489,-0.0336514693741169));
#2839=CARTESIAN_POINT('',(4.68452901902373,-0.593174897642585,-0.0300241373337007));
#2840=CARTESIAN_POINT('',(4.67743016727034,-0.596545863618351,-0.0270962014766371));
#2841=CARTESIAN_POINT('',(4.67038507748331,-0.599216224041792,-0.0247956690073756));
#2842=CARTESIAN_POINT('',(4.66348180215796,-0.601240599474603,-0.0230447548714341));
#2843=CARTESIAN_POINT('',(4.65668827734691,-0.602701541322547,-0.0217613658975326));
#2844=CARTESIAN_POINT('',(4.6498325128074,-0.603668979704777,-0.0208871535826339));
#2845=CARTESIAN_POINT('',(4.64279206674721,-0.604143282760735,-0.020437073960601));
#2846=CARTESIAN_POINT('',(4.63683192877743,-0.604093895033497,-0.0204784155845539));
#2847=CARTESIAN_POINT('',(4.63331535445617,-0.603865039219518,-0.020717785942698));
#2848=CARTESIAN_POINT('',(4.63216449565692,-0.603769158231301,-0.0208210418189967));
#2849=CARTESIAN_POINT('',(4.74008106970494,-0.501748701667564,-0.308438609627074));
#2850=CARTESIAN_POINT('',(4.74011107219734,-0.502668494528038,-0.308735077416312));
#2851=CARTESIAN_POINT('',(4.74014724515224,-0.504591558420846,-0.309102070324333));
#2852=CARTESIAN_POINT('',(4.74011753778822,-0.507494276940825,-0.308801783489701));
#2853=CARTESIAN_POINT('',(4.74000043783229,-0.510422308474019,-0.307558286290458));
#2854=CARTESIAN_POINT('',(4.73980218175261,-0.513292352136476,-0.305386710508913));
#2855=CARTESIAN_POINT('',(4.73952269419309,-0.516145425533766,-0.302242505820751));
#2856=CARTESIAN_POINT('',(4.73915745201308,-0.519018486786782,-0.298038647725634));
#2857=CARTESIAN_POINT('',(4.73869891660617,-0.521938748515014,-0.292665682486111));
#2858=CARTESIAN_POINT('',(4.73813460444471,-0.524941343858808,-0.285981406155854));
#2859=CARTESIAN_POINT('',(4.73744170678511,-0.528084626557103,-0.277768728501462));
#2860=CARTESIAN_POINT('',(4.73658402460429,-0.531440984767842,-0.267744801762888));
#2861=CARTESIAN_POINT('',(4.7355164312424,-0.535067621181906,-0.255702482235982));
#2862=CARTESIAN_POINT('',(4.73418064733729,-0.539021138521441,-0.241577048020889));
#2863=CARTESIAN_POINT('',(4.73247767546767,-0.543417365090438,-0.225282860688993));
#2864=CARTESIAN_POINT('',(4.73023651020242,-0.548442854224726,-0.206667627706639));
#2865=CARTESIAN_POINT('',(4.72723076028165,-0.554234234785624,-0.186003063911941));
#2866=CARTESIAN_POINT('',(4.72325329458836,-0.560728025093414,-0.164372497376522));
#2867=CARTESIAN_POINT('',(4.71828570212656,-0.56752572398599,-0.143586310321618));
#2868=CARTESIAN_POINT('',(4.71249371409293,-0.574148169604368,-0.12497866494384));
#2869=CARTESIAN_POINT('',(4.70614115124799,-0.580235021128867,-0.109081626984824));
#2870=CARTESIAN_POINT('',(4.69938191354946,-0.58566364844049,-0.0957216532495444));
#2871=CARTESIAN_POINT('',(4.69233825905497,-0.590388888246593,-0.0846086055799798));
#2872=CARTESIAN_POINT('',(4.68513906690449,-0.594391864374408,-0.0754885430116984));
#2873=CARTESIAN_POINT('',(4.67789221852468,-0.597684112412913,-0.0681269456204078));
#2874=CARTESIAN_POINT('',(4.67072793030403,-0.600286710118851,-0.0623428045170386));
#2875=CARTESIAN_POINT('',(4.66372784518842,-0.602255800355252,-0.0579405481742523));
#2876=CARTESIAN_POINT('',(4.65685325278571,-0.603674024371975,-0.0547137713691956));
#2877=CARTESIAN_POINT('',(4.64992568270481,-0.604611159726643,-0.0525157757295636));
#2878=CARTESIAN_POINT('',(4.64281790771378,-0.605069340544586,-0.0513841464390547));
#2879=CARTESIAN_POINT('',(4.6368025159335,-0.605021388496658,-0.0514881253090264));
#2880=CARTESIAN_POINT('',(4.63325210308529,-0.604801305215852,-0.0520899114834242));
#2881=CARTESIAN_POINT('',(4.63208991822223,-0.604709216964084,-0.0523495175615172));
#2888=EDGE_LOOP('',(#4930,#4931,#4932,#4933));
#2889=AXIS2_PLACEMENT_3D('',#4934,#4935,#4936);
#2890=EDGE_LOOP('',(#4937,#4938,#4939,#4940));
#2892=CARTESIAN_POINT('',(-0.0280946471811814,-0.491618579207344,-0.000266758360456547));
#2893=CARTESIAN_POINT('',(-0.0276718552832797,-0.495394485413757,-0.000267015050456296));
#2894=CARTESIAN_POINT('',(-0.0271519583494864,-0.503314630586329,-0.000267331803658746));
#2895=CARTESIAN_POINT('',(-0.0275779017394786,-0.515282682941286,-0.000267072370757443));
#2896=CARTESIAN_POINT('',(-0.0293154397889255,-0.527285002872606,-0.000265996837899392));
#2897=CARTESIAN_POINT('',(-0.0323172482135815,-0.538898869738399,-0.000264118734476797));
#2898=CARTESIAN_POINT('',(-0.0366176171924636,-0.550209577826715,-0.000261399411786897));
#2899=CARTESIAN_POINT('',(-0.0423060788971446,-0.561271425677205,-0.00025776363737904));
#2900=CARTESIAN_POINT('',(-0.0494991705583469,-0.572078866653526,-0.000253116739358039));
#2901=CARTESIAN_POINT('',(-0.0583554859456532,-0.582630128637823,-0.000247335732956446));
#2902=CARTESIAN_POINT('',(-0.0691329656249209,-0.592964301737953,-0.00024023286326711));
#2903=CARTESIAN_POINT('',(-0.0821793188271312,-0.603095905712715,-0.000231563505005044));
#2904=CARTESIAN_POINT('',(-0.0977603642461311,-0.612916649388356,-0.000221148506470941));
#2905=CARTESIAN_POINT('',(-0.115998395093402,-0.622278356036942,-0.000208931891863229));
#2906=CARTESIAN_POINT('',(-0.137105634838844,-0.631147779848028,-0.000194839595376994));
#2907=CARTESIAN_POINT('',(-0.161467905110497,-0.639538226819816,-0.000178739904294696));
#2908=CARTESIAN_POINT('',(-0.189036970453131,-0.647247124593471,-0.000160867815687309));
#2909=CARTESIAN_POINT('',(-0.218760180063461,-0.653821709040686,-0.000142160263694074));
#2910=CARTESIAN_POINT('',(-0.24845451297412,-0.65874367134859,-0.000124182987176636));
#2911=CARTESIAN_POINT('',(-0.276266235920824,-0.661885981762711,-0.0001080898584362));
#2912=CARTESIAN_POINT('',(-0.301238679587049,-0.663490765803581,-9.43410429225834E-05));
#2913=CARTESIAN_POINT('',(-0.323430530005972,-0.663940183577405,-8.27864500439424E-05));
#2914=CARTESIAN_POINT('',(-0.343127231635351,-0.663586817664466,-7.31751457026409E-05));
#2915=CARTESIAN_POINT('',(-0.360605495587708,-0.662727037980818,-6.52875151312224E-05));
#2916=CARTESIAN_POINT('',(-0.37616265754849,-0.661599112673709,-5.89206980530164E-05));
#2917=CARTESIAN_POINT('',(-0.390020181861664,-0.660396695057123,-5.39182448463305E-05));
#2918=CARTESIAN_POINT('',(-0.402456334898342,-0.659261408325717,-5.01107037893273E-05));
#2919=CARTESIAN_POINT('',(-0.413883038553835,-0.658280938655273,-4.73205478987058E-05));
#2920=CARTESIAN_POINT('',(-0.424842636805338,-0.65751649697103,-4.54175753678637E-05));
#2921=CARTESIAN_POINT('',(-0.435731069120004,-0.657069381115669,-4.44463020982606E-05));
#2922=CARTESIAN_POINT('',(-0.444849059439399,-0.657102045344326,-4.45130028698916E-05));
#2923=CARTESIAN_POINT('',(-0.450299558967969,-0.657374556222658,-4.50688204549522E-05));
#2924=CARTESIAN_POINT('',(-0.45209770970428,-0.657495436275655,-4.52974543946333E-05));
#2925=CARTESIAN_POINT('',(-0.213255418300651,-0.497633830009163,0.0075577064423567));
#2926=CARTESIAN_POINT('',(-0.213065864135686,-0.499713780600562,0.00756497053484255));
#2927=CARTESIAN_POINT('',(-0.212833201742426,-0.504072868316765,0.00757396366757516));
#2928=CARTESIAN_POINT('',(-0.213023860800811,-0.51065793965179,0.00756660542267063));
#2929=CARTESIAN_POINT('',(-0.21379918524703,-0.517271961339129,0.00753613594401166));
#2930=CARTESIAN_POINT('',(-0.215136248678691,-0.523693759676207,0.0074829255536318));
#2931=CARTESIAN_POINT('',(-0.217049024565887,-0.529982337526341,0.0074058827514753));
#2932=CARTESIAN_POINT('',(-0.219576566850742,-0.536181696715691,0.00730287513331367));
#2933=CARTESIAN_POINT('',(-0.222770689552068,-0.542305743002773,0.00717122075092403));
#2934=CARTESIAN_POINT('',(-0.226703226405898,-0.548374618554194,0.00700743516194922));
#2935=CARTESIAN_POINT('',(-0.231492497070291,-0.554438852191867,0.00680619898046942));
#2936=CARTESIAN_POINT('',(-0.237301236502915,-0.560547325839323,0.00656058155507733));
#2937=CARTESIAN_POINT('',(-0.24426421681282,-0.566690018320591,0.00626550721993458));
#2938=CARTESIAN_POINT('',(-0.25246571988825,-0.572840350624572,0.00591939008690588));
#2939=CARTESIAN_POINT('',(-0.262050735748433,-0.579053596916601,0.0055201317477695));
#2940=CARTESIAN_POINT('',(-0.273277528500127,-0.585445937192722,0.0050640005611208));
#2941=CARTESIAN_POINT('',(-0.286260935601853,-0.592016216247498,0.00455765438676973));
#2942=CARTESIAN_POINT('',(-0.300696362781897,-0.598542825261213,0.00402763813657027));
#2943=CARTESIAN_POINT('',(-0.315707995926503,-0.604578597016442,0.00351831181356281));
#2944=CARTESIAN_POINT('',(-0.330444434756225,-0.609787406266298,0.0030623665467869));
#2945=CARTESIAN_POINT('',(-0.344360422342553,-0.614053634961794,0.00267283960444744));
#2946=CARTESIAN_POINT('',(-0.357388411489572,-0.617459699563676,0.00234547863663051));
#2947=CARTESIAN_POINT('',(-0.369571753539864,-0.620122001775587,0.0020731743582133));
#2948=CARTESIAN_POINT('',(-0.380946320749314,-0.622149718879578,0.00184970441413641));
#2949=CARTESIAN_POINT('',(-0.391568831516398,-0.623646485584793,0.00166932236848318));
#2950=CARTESIAN_POINT('',(-0.401451922716776,-0.624703480109599,0.00152759283829307));
#2951=CARTESIAN_POINT('',(-0.410660147132537,-0.625411567561445,0.00141972402832186));
#2952=CARTESIAN_POINT('',(-0.419383814252874,-0.625855438446975,0.00134065735673202));
#2953=CARTESIAN_POINT('',(-0.42794920048954,-0.626101390544439,0.00128680166828037));
#2954=CARTESIAN_POINT('',(-0.436592684404451,-0.626191838436354,0.0012590656023692));
#2955=CARTESIAN_POINT('',(-0.443868350286893,-0.626176632896295,0.00126163722069019));
#2956=CARTESIAN_POINT('',(-0.448190575252574,-0.626156642849541,0.00127634652092011));
#2957=CARTESIAN_POINT('',(-0.449611084481407,-0.626151063342452,0.00128270337926919));
#2958=CARTESIAN_POINT('',(-0.34547214285913,-0.501929106776532,-0.122675610861047));
#2959=CARTESIAN_POINT('',(-0.345449135468111,-0.502798035751107,-0.122793525483871));
#2960=CARTESIAN_POINT('',(-0.345421577049619,-0.504614298926236,-0.122939489573205));
#2961=CARTESIAN_POINT('',(-0.345444227930695,-0.507355574869222,-0.122820056340963));
#2962=CARTESIAN_POINT('',(-0.345532469847644,-0.510122004323837,-0.122325478854891));
#2963=CARTESIAN_POINT('',(-0.345680798058215,-0.512836331092253,-0.121461775760057));
#2964=CARTESIAN_POINT('',(-0.34588867859279,-0.515538784266104,-0.120211227937802));
#2965=CARTESIAN_POINT('',(-0.346159120684373,-0.518266013154354,-0.118539223062001));
#2966=CARTESIAN_POINT('',(-0.346497721806869,-0.521045813779226,-0.116402227977703));
#2967=CARTESIAN_POINT('',(-0.346914363440499,-0.523913976518874,-0.113743683762279));
#2968=CARTESIAN_POINT('',(-0.347427666916306,-0.526929198174261,-0.110477246889562));
#2969=CARTESIAN_POINT('',(-0.348068283638863,-0.530164897469302,-0.106490420024416));
#2970=CARTESIAN_POINT('',(-0.348877410009494,-0.533681224340107,-0.101700815684582));
#2971=CARTESIAN_POINT('',(-0.349912185381668,-0.537538428382585,-0.0960826919611981));
#2972=CARTESIAN_POINT('',(-0.351269590757605,-0.541854992730089,-0.0896019877925278));
#2973=CARTESIAN_POINT('',(-0.353116805952475,-0.546820556043528,-0.0821981317098064));
#2974=CARTESIAN_POINT('',(-0.35568511299556,-0.552577787946796,-0.073979193139839));
#2975=CARTESIAN_POINT('',(-0.359204078192474,-0.559070139408913,-0.0653760452895394));
#2976=CARTESIAN_POINT('',(-0.363731317374956,-0.565901242896755,-0.0571087333730534));
#2977=CARTESIAN_POINT('',(-0.369131160617128,-0.572585665505271,-0.0497078951162968));
#2978=CARTESIAN_POINT('',(-0.375152125951874,-0.578752337219555,-0.0433851495829147));
#2979=CARTESIAN_POINT('',(-0.381636527521713,-0.584269638218419,-0.0380714732571123));
#2980=CARTESIAN_POINT('',(-0.388454846581602,-0.589085321837276,-0.0336514691838461));
#2981=CARTESIAN_POINT('',(-0.39547098092125,-0.593174897752547,-0.0300241371639417));
#2982=CARTESIAN_POINT('',(-0.402569832687991,-0.5965458637212,-0.0270962013234309));
#2983=CARTESIAN_POINT('',(-0.409614922485695,-0.599216224138519,-0.0247956688671769));
#2984=CARTESIAN_POINT('',(-0.416518197819734,-0.601240599566334,-0.0230447547411333));
#2985=CARTESIAN_POINT('',(-0.423311722637917,-0.602701541410418,-0.0217613657744884));
#2986=CARTESIAN_POINT('',(-0.430167487184283,-0.60366897978991,-0.0208871534645346));
#2987=CARTESIAN_POINT('',(-0.437207933250355,-0.604143282844412,-0.0204370738450442));
#2988=CARTESIAN_POINT('',(-0.443168060743335,-0.604093895204159,-0.0204784153960593));
#2989=CARTESIAN_POINT('',(-0.446684624951599,-0.60386504064464,-0.0207177844234711));
#2990=CARTESIAN_POINT('',(-0.447835473804349,-0.603769160861085,-0.0208210389607163));
#2991=CARTESIAN_POINT('',(-0.33991893032316,-0.501748701575395,-0.308438608755403));
#2992=CARTESIAN_POINT('',(-0.339888927828942,-0.502668494466367,-0.308735076561922));
#2993=CARTESIAN_POINT('',(-0.339852754872721,-0.504591558389768,-0.309102069484048));
#2994=CARTESIAN_POINT('',(-0.339882462237147,-0.507494276940197,-0.30880178264701));
#2995=CARTESIAN_POINT('',(-0.339999562192485,-0.510422308472658,-0.30755828545116));
#2996=CARTESIAN_POINT('',(-0.340197818272283,-0.513292352134409,-0.305386709675542));
#2997=CARTESIAN_POINT('',(-0.340477305831459,-0.516145425531018,-0.30224250499596));
#2998=CARTESIAN_POINT('',(-0.340842548010734,-0.519018486783372,-0.298038646912314));
#2999=CARTESIAN_POINT('',(-0.341301083417522,-0.521938748510968,-0.292665681687453));
#3000=CARTESIAN_POINT('',(-0.341865395578283,-0.524941343854153,-0.285981405375438));
#3001=CARTESIAN_POINT('',(-0.342558293236856,-0.528084626551867,-0.277768727743457));
#3002=CARTESIAN_POINT('',(-0.343415975417009,-0.53144098476206,-0.267744801032304));
#3003=CARTESIAN_POINT('',(-0.344483568777792,-0.535067621175624,-0.255702481538259));
#3004=CARTESIAN_POINT('',(-0.345819352681646,-0.539021138514722,-0.24157704736165));
#3005=CARTESIAN_POINT('',(-0.347522324549537,-0.543417365083358,-0.225282860074284));
#3006=CARTESIAN_POINT('',(-0.34976348981274,-0.548442854217374,-0.206667627142664));
#3007=CARTESIAN_POINT('',(-0.352769239731505,-0.554234234778052,-0.186003063404357));
#3008=CARTESIAN_POINT('',(-0.356746705422475,-0.560728025085902,-0.164372496928033));
#3009=CARTESIAN_POINT('',(-0.361714297882317,-0.56752572397863,-0.143586309929786));
#3010=CARTESIAN_POINT('',(-0.36750628591431,-0.574148169597289,-0.124978664602784));
#3011=CARTESIAN_POINT('',(-0.373858848758248,-0.580235021122149,-0.10908162668715));
#3012=CARTESIAN_POINT('',(-0.380618086455585,-0.585663648434173,-0.0957216529883283));
#3013=CARTESIAN_POINT('',(-0.387661740948822,-0.590388888240686,-0.0846086053490909));
#3014=CARTESIAN_POINT('',(-0.394860933098481,-0.594391864368894,-0.0754885428056979));
#3015=CARTESIAN_POINT('',(-0.402107781477621,-0.597684112407755,-0.0681269454344958));
#3016=CARTESIAN_POINT('',(-0.409272069697618,-0.600286710114,-0.0623428043469109));
#3017=CARTESIAN_POINT('',(-0.416272154812541,-0.602255800350652,-0.0579405480161313));
#3018=CARTESIAN_POINT('',(-0.423146747214743,-0.603674024367569,-0.0547137712198802));
#3019=CARTESIAN_POINT('',(-0.43007431729582,-0.604611159722373,-0.052515775586253));
#3020=CARTESIAN_POINT('',(-0.437182092286452,-0.60506934054039,-0.0513841462988315));
#3021=CARTESIAN_POINT('',(-0.443197473487326,-0.605021388576787,-0.0514881249856563));
#3022=CARTESIAN_POINT('',(-0.446747876118353,-0.604801306500734,-0.0520899078163892));
#3023=CARTESIAN_POINT('',(-0.447910050931466,-0.604709219403988,-0.0523495105283612));
#3030=EDGE_LOOP('',(#4941,#4942,#4943,#4944));
#3031=AXIS2_PLACEMENT_3D('',#4945,#4946,#4947);
#3032=EDGE_LOOP('',(#4948,#4949,#4950,#4951));
#3034=CARTESIAN_POINT('',(-2.09158046240245,-0.658983484947323,-0.000145531657605861));
#3035=CARTESIAN_POINT('',(-2.09408796626043,-0.658868057464283,-0.000144912905736252));
#3036=CARTESIAN_POINT('',(-2.10029651947128,-0.65872365268207,-0.000143820309093411));
#3037=CARTESIAN_POINT('',(-2.1102714597261,-0.658956570986919,-0.000145368079042984));
#3038=CARTESIAN_POINT('',(-2.12158936107844,-0.659657407431608,-0.00015031988640507));
#3039=CARTESIAN_POINT('',(-2.13336572531476,-0.660666899556592,-0.000158485506930626));
#3040=CARTESIAN_POINT('',(-2.14595626063765,-0.661886732406244,-0.000169925640907479));
#3041=CARTESIAN_POINT('',(-2.15968763870891,-0.663214313794781,-0.00018496738329135));
#3042=CARTESIAN_POINT('',(-2.17487131267497,-0.664521143720493,-0.00020402310788179));
#3043=CARTESIAN_POINT('',(-2.19183898831151,-0.665643021237467,-0.000227641161005561));
#3044=CARTESIAN_POINT('',(-2.21096340460479,-0.666364205929804,-0.000256533057121495));
#3045=CARTESIAN_POINT('',(-2.23255685238503,-0.66640424501291,-0.000291414210297862));
#3046=CARTESIAN_POINT('',(-2.25691904151778,-0.665424255387984,-0.000333062980299967));
#3047=CARTESIAN_POINT('',(-2.28432644311934,-0.663026868744904,-0.000382318337795693));
#3048=CARTESIAN_POINT('',(-2.31418302117347,-0.658868694719353,-0.000438475814915744));
#3049=CARTESIAN_POINT('',(-2.34477644526171,-0.652931667821877,-0.000498384571483449));
#3050=CARTESIAN_POINT('',(-2.37380745840637,-0.645649445908986,-0.000557088150994104));
#3051=CARTESIAN_POINT('',(-2.39974272615371,-0.637563930514369,-0.000610709180977474));
#3052=CARTESIAN_POINT('',(-2.42230291370354,-0.628971994260166,-0.000657961884955278));
#3053=CARTESIAN_POINT('',(-2.44184001279989,-0.619921458577243,-0.000699116001555142));
#3054=CARTESIAN_POINT('',(-2.45873677520045,-0.61037025895971,-0.000734709666892679));
#3055=CARTESIAN_POINT('',(-2.47315372333104,-0.6003830743894,-0.000764951527581438));
#3056=CARTESIAN_POINT('',(-2.4852605036539,-0.590069009862861,-0.000790166890087289));
#3057=CARTESIAN_POINT('',(-2.49531342773599,-0.57948425460496,-0.000810918484004051));
#3058=CARTESIAN_POINT('',(-2.50355967581822,-0.568642200123002,-0.000827771896236255));
#3059=CARTESIAN_POINT('',(-2.51019180331597,-0.557547648271503,-0.000841185179126108));
#3060=CARTESIAN_POINT('',(-2.515359485618,-0.546194925993152,-0.000851526405530168));
#3061=CARTESIAN_POINT('',(-2.5191731349375,-0.534538497369208,-0.000859077809834963));
#3062=CARTESIAN_POINT('',(-2.52168315601052,-0.522530910267505,-0.000863995515681684));
#3063=CARTESIAN_POINT('',(-2.52289011829287,-0.510164870642603,-0.000866334675785846));
#3064=CARTESIAN_POINT('',(-2.52276794365341,-0.497442565761201,-0.000866091620060868));
#3065=CARTESIAN_POINT('',(-2.52159308966932,-0.487230870449439,-0.000863852296278487));
#3066=CARTESIAN_POINT('',(-2.52048644611322,-0.481293988085451,-0.000861744190585935));
#3067=CARTESIAN_POINT('',(-2.52014366673694,-0.479631846635759,-0.000861093205861368));
#3068=CARTESIAN_POINT('',(-2.09335102075249,-0.626601386382481,0.00232413150794403));
#3069=CARTESIAN_POINT('',(-2.09532586783022,-0.626607824578943,0.00231326605887813));
#3070=CARTESIAN_POINT('',(-2.10023355053945,-0.626623564106414,0.00229918301016293));
#3071=CARTESIAN_POINT('',(-2.10812431113226,-0.626598241861281,0.00232209635558603));
#3072=CARTESIAN_POINT('',(-2.11697430873308,-0.626434940567321,0.0024017696503659));
#3073=CARTESIAN_POINT('',(-2.12598675861138,-0.626083286826023,0.00253207143143889));
#3074=CARTESIAN_POINT('',(-2.13534019439531,-0.62548596843213,0.00271489718814068));
#3075=CARTESIAN_POINT('',(-2.14517202178749,-0.624575229348053,0.00295520291183312));
#3076=CARTESIAN_POINT('',(-2.15559034596968,-0.62327441766893,0.00325965904342647));
#3077=CARTESIAN_POINT('',(-2.16669839169022,-0.621494302922193,0.00363700097740417));
#3078=CARTESIAN_POINT('',(-2.17860449559585,-0.619127672980212,0.00409860454868178));
#3079=CARTESIAN_POINT('',(-2.1913648634873,-0.616063373130737,0.00465589728576588));
#3080=CARTESIAN_POINT('',(-2.20502699207031,-0.612184997881188,0.00532131580153211));
#3081=CARTESIAN_POINT('',(-2.21963005588786,-0.607371186984138,0.00610826398150506));
#3082=CARTESIAN_POINT('',(-2.23478283612935,-0.601652017468349,0.00700548669629403));
#3083=CARTESIAN_POINT('',(-2.24965771393449,-0.595307039423236,0.00796264324215993));
#3084=CARTESIAN_POINT('',(-2.26330169696167,-0.588787012365973,0.00890054478973856));
#3085=CARTESIAN_POINT('',(-2.27519520451325,-0.582415910228606,0.00975724292286138));
#3086=CARTESIAN_POINT('',(-2.28536837802493,-0.5762551587146,0.0105121949128488));
#3087=CARTESIAN_POINT('',(-2.29407898832619,-0.570212840790969,0.0111697103480783));
#3088=CARTESIAN_POINT('',(-2.30155612813549,-0.564177199458506,0.011738386978667));
#3089=CARTESIAN_POINT('',(-2.30790600150195,-0.558124925128637,0.0122215583312461));
#3090=CARTESIAN_POINT('',(-2.3132240449384,-0.552067870463471,0.0126244217986388));
#3091=CARTESIAN_POINT('',(-2.31763415621531,-0.545995653292566,0.0129559680502174));
#3092=CARTESIAN_POINT('',(-2.32125042715825,-0.539883567321957,0.013225233442158));
#3093=CARTESIAN_POINT('',(-2.32415978412275,-0.533709913885519,0.0134395361436084));
#3094=CARTESIAN_POINT('',(-2.32642856106858,-0.527452456835705,0.0136047571236806));
#3095=CARTESIAN_POINT('',(-2.32810487434318,-0.521071069690335,0.0137254045481228));
#3096=CARTESIAN_POINT('',(-2.32920987891173,-0.514527244092591,0.0138039766564551));
#3097=CARTESIAN_POINT('',(-2.32974230762625,-0.507805353422923,0.0138413401999933));
#3098=CARTESIAN_POINT('',(-2.32968864733154,-0.500894882995434,0.0138374916732079));
#3099=CARTESIAN_POINT('',(-2.32916872209008,-0.495342288046767,0.013801606784691));
#3100=CARTESIAN_POINT('',(-2.3286778866283,-0.492107823994712,0.013768070597691));
#3101=CARTESIAN_POINT('',(-2.32852576764819,-0.49120167275481,0.0137576989465968));
#3102=CARTESIAN_POINT('',(-2.09462906766729,-0.603226928730151,-0.0203659645067752));
#3103=CARTESIAN_POINT('',(-2.096219425663,-0.603321333559134,-0.020271318554325));
#3104=CARTESIAN_POINT('',(-2.10018809750551,-0.603452670486122,-0.0201459749577184));
#3105=CARTESIAN_POINT('',(-2.10657442906444,-0.603240941767452,-0.020347798760317));
#3106=CARTESIAN_POINT('',(-2.11364301303632,-0.602453877596022,-0.0210456208420969));
#3107=CARTESIAN_POINT('',(-2.1206603791496,-0.601119704258426,-0.0221874919957639));
#3108=CARTESIAN_POINT('',(-2.12767717063177,-0.599210706675314,-0.023789489276244));
#3109=CARTESIAN_POINT('',(-2.13469417482705,-0.59668427468009,-0.0258951951881468));
#3110=CARTESIAN_POINT('',(-2.14167271370638,-0.593501182019623,-0.0285630128391097));
#3111=CARTESIAN_POINT('',(-2.14855108694058,-0.589626314360571,-0.0318695014502268));
#3112=CARTESIAN_POINT('',(-2.15524677692295,-0.585030798842689,-0.0359143380304649));
#3113=CARTESIAN_POINT('',(-2.16163113890567,-0.57972568563849,-0.0407976586591637));
#3114=CARTESIAN_POINT('',(-2.16756961388747,-0.573755160866689,-0.046628439636023));
#3115=CARTESIAN_POINT('',(-2.1729300879853,-0.567197095924983,-0.0535241336955346));
#3116=CARTESIAN_POINT('',(-2.1774691861449,-0.560351148819168,-0.0613861168492547));
#3117=CARTESIAN_POINT('',(-2.18099790324011,-0.553711698295492,-0.0697732748185979));
#3118=CARTESIAN_POINT('',(-2.18353502476562,-0.547741848409129,-0.077991709381087));
#3119=CARTESIAN_POINT('',(-2.18529273063719,-0.542608265822873,-0.0854985927690681));
#3120=CARTESIAN_POINT('',(-2.18652455235528,-0.538202422955135,-0.0921139177397115));
#3121=CARTESIAN_POINT('',(-2.18742024901346,-0.534331534980158,-0.097875447393197));
#3122=CARTESIAN_POINT('',(-2.1880979972107,-0.530833538578062,-0.102858520177181));
#3123=CARTESIAN_POINT('',(-2.18862479221553,-0.52762161113297,-0.10709234637574));
#3124=CARTESIAN_POINT('',(-2.18904250337307,-0.524637405391737,-0.11062246854303));
#3125=CARTESIAN_POINT('',(-2.18937944784498,-0.521822485773929,-0.113527668116424));
#3126=CARTESIAN_POINT('',(-2.18965364988643,-0.519124645746755,-0.115887126847207));
#3127=CARTESIAN_POINT('',(-2.1898757893439,-0.516503057701789,-0.117764970807795));
#3128=CARTESIAN_POINT('',(-2.19005204160807,-0.513923529711213,-0.119212732268941));
#3129=CARTESIAN_POINT('',(-2.19018555583405,-0.511349840001192,-0.120269914993126));
#3130=CARTESIAN_POINT('',(-2.19027637354472,-0.508749936124304,-0.120958407773083));
#3131=CARTESIAN_POINT('',(-2.19032190187231,-0.506102176736522,-0.12128581387493));
#3132=CARTESIAN_POINT('',(-2.19031769747218,-0.503386878467349,-0.121252070878692));
#3133=CARTESIAN_POINT('',(-2.19027052121368,-0.501197374515297,-0.120937688552925));
#3134=CARTESIAN_POINT('',(-2.1902241961716,-0.499913604371019,-0.120643741852816));
#3135=CARTESIAN_POINT('',(-2.19020970210014,-0.499553151585744,-0.120552842744165));
#3136=CARTESIAN_POINT('',(-2.09453658601117,-0.604918344379948,-0.0529995486097325));
#3137=CARTESIAN_POINT('',(-2.09615476629306,-0.605006383793284,-0.0527531529602852));
#3138=CARTESIAN_POINT('',(-2.10019138656492,-0.605129355895136,-0.052427281734647));
#3139=CARTESIAN_POINT('',(-2.1066865811764,-0.604931115867001,-0.0529523293180627));
#3140=CARTESIAN_POINT('',(-2.11388407127874,-0.604189188241998,-0.0547683688258125));
#3141=CARTESIAN_POINT('',(-2.12104580505809,-0.602926111699298,-0.0577399176693642));
#3142=CARTESIAN_POINT('',(-2.12823168010982,-0.601112029461047,-0.0619089015617551));
#3143=CARTESIAN_POINT('',(-2.13545236971625,-0.598702511762416,-0.0673887125442992));
#3144=CARTESIAN_POINT('',(-2.14267981733111,-0.595655624166311,-0.0743313444753451));
#3145=CARTESIAN_POINT('',(-2.14986425688497,-0.591932336403197,-0.0829360298784056));
#3146=CARTESIAN_POINT('',(-2.15693698131145,-0.587498106849711,-0.0934621653299393));
#3147=CARTESIAN_POINT('',(-2.16378272196384,-0.582355142724323,-0.106170341072913));
#3148=CARTESIAN_POINT('',(-2.17028009370275,-0.576536009462706,-0.121344153139393));
#3149=CARTESIAN_POINT('',(-2.17630937736753,-0.570104161720648,-0.139289256222661));
#3150=CARTESIAN_POINT('',(-2.18161649967706,-0.563339750164368,-0.159748994855245));
#3151=CARTESIAN_POINT('',(-2.18596624432615,-0.55672160817184,-0.181575429300915));
#3152=CARTESIAN_POINT('',(-2.18930707730625,-0.550711946526368,-0.20296278409757));
#3153=CARTESIAN_POINT('',(-2.19179822708691,-0.545488814913288,-0.22249842403174));
#3154=CARTESIAN_POINT('',(-2.19367706028157,-0.540955983860699,-0.239713904810475));
#3155=CARTESIAN_POINT('',(-2.19513825742851,-0.536927967508604,-0.25470749975042));
#3156=CARTESIAN_POINT('',(-2.19630802120795,-0.533246342788246,-0.26767526688388));
#3157=CARTESIAN_POINT('',(-2.19725618410124,-0.529828882994864,-0.27869322199043));
#3158=CARTESIAN_POINT('',(-2.19802849166621,-0.526622320660925,-0.287879883354485));
#3159=CARTESIAN_POINT('',(-2.1986601774401,-0.523571697432835,-0.295440268918761));
#3160=CARTESIAN_POINT('',(-2.19917621729077,-0.520626796741989,-0.301580438391637));
#3161=CARTESIAN_POINT('',(-2.19959280839388,-0.517748175182817,-0.3064672711202));
#3162=CARTESIAN_POINT('',(-2.19992047931513,-0.514902505968272,-0.310234872837518));
#3163=CARTESIAN_POINT('',(-2.20016563311345,-0.512053284773082,-0.312986046595934));
#3164=CARTESIAN_POINT('',(-2.20032983911594,-0.509167991989266,-0.314777755357328));
#3165=CARTESIAN_POINT('',(-2.20041060038674,-0.506225421508431,-0.315629784223842));
#3166=CARTESIAN_POINT('',(-2.20040281727361,-0.503206553421806,-0.315541975959259));
#3167=CARTESIAN_POINT('',(-2.20032143209206,-0.500773690465324,-0.314723828705028));
#3168=CARTESIAN_POINT('',(-2.20024294151735,-0.499348764780564,-0.313958886186661));
#3169=CARTESIAN_POINT('',(-2.20021848867261,-0.49894882432375,-0.313722336400586));
#3176=EDGE_LOOP('',(#4952,#4953,#4954,#4955));
#3177=AXIS2_PLACEMENT_3D('',#4956,#4957,#4958);
#3178=EDGE_LOOP('',(#4959,#4960,#4961,#4962));
#3179=AXIS2_PLACEMENT_3D('',#4963,#4964,#4965);
#3180=EDGE_LOOP('',(#4966,#4967,#4968,#4969));
#3181=AXIS2_PLACEMENT_3D('',#4970,#4971,#4972);
#3182=EDGE_LOOP('',(#4973,#4974,#4975,#4976,#4977,#4978,#4979,#4980));
#3183=AXIS2_PLACEMENT_3D('',#4981,#4982,#4983);
#3184=EDGE_LOOP('',(#4984,#4985,#4986,#4987));
#3185=AXIS2_PLACEMENT_3D('',#4988,#4989,#4990);
#3186=EDGE_LOOP('',(#4991,#4992,#4993,#4994));
#3188=CARTESIAN_POINT('',(-2.51612633941078,0.487282876398489,-0.000455874700666875));
#3189=CARTESIAN_POINT('',(-2.51661176229046,0.496256949916882,-0.000461653061766334));
#3190=CARTESIAN_POINT('',(-2.51686352987652,0.516341857347575,-0.00046121402302474));
#3191=CARTESIAN_POINT('',(-2.51444393889069,0.547703131238768,-0.000440720831545852));
#3192=CARTESIAN_POINT('',(-2.50871710958339,0.581304651600122,-0.000397670158916482));
#3193=CARTESIAN_POINT('',(-2.4999157293222,0.615174029589376,-0.000345991167309468));
#3194=CARTESIAN_POINT('',(-2.48810892351431,0.649184333240875,-0.000293464313199892));
#3195=CARTESIAN_POINT('',(-2.47333750331427,0.683154682288537,-0.000245511699429307));
#3196=CARTESIAN_POINT('',(-2.45566771787354,0.716789458416574,-0.000204670509064964));
#3197=CARTESIAN_POINT('',(-2.43520913133031,0.749739218038137,-0.000171656919020238));
#3198=CARTESIAN_POINT('',(-2.41208076310568,0.781690378999844,-0.000146084094843418));
#3199=CARTESIAN_POINT('',(-2.38639053483632,0.812382512601675,-0.000127144982481755));
#3200=CARTESIAN_POINT('',(-2.3582441928871,0.841584971990531,-0.000114001021560822));
#3201=CARTESIAN_POINT('',(-2.32775718202027,0.869081285423505,-0.000105970755248138));
#3202=CARTESIAN_POINT('',(-2.29505654625586,0.894669250871466,-0.000102605690429561));
#3203=CARTESIAN_POINT('',(-2.26026296798899,0.918175453197081,-0.000103722472117511));
#3204=CARTESIAN_POINT('',(-2.22348745333385,0.939448618155261,-0.00010943014300657));
#3205=CARTESIAN_POINT('',(-2.18485005775501,0.95834412203312,-0.000120136855827515));
#3206=CARTESIAN_POINT('',(-2.14459231432989,0.97468693329702,-0.000136486962089535));
#3207=CARTESIAN_POINT('',(-2.10316339679991,0.988296283286028,-0.00015914860776812));
#3208=CARTESIAN_POINT('',(-2.06138695162153,0.99901930078751,-0.000188296883734681));
#3209=CARTESIAN_POINT('',(-2.02017430307359,1.00689742626601,-0.000222865478257786));
#3210=CARTESIAN_POINT('',(-1.9802816416287,1.0121761172778,-0.000259748811708537));
#3211=CARTESIAN_POINT('',(-1.94206000208269,1.01521000591857,-0.000292372666894754));
#3212=CARTESIAN_POINT('',(-1.90868952264355,1.01623233653566,-0.000309615243930307));
#3213=CARTESIAN_POINT('',(-1.88810217348425,1.01602374236212,-0.00030528551865869));
#3214=CARTESIAN_POINT('',(-1.87964015414003,1.01579302199733,-0.00030107198036201));
#3215=CARTESIAN_POINT('',(-2.32733874214436,0.495820100055857,0.00997029858029015));
#3216=CARTESIAN_POINT('',(-2.32751932951903,0.500450594308852,0.0100215555116774));
#3217=CARTESIAN_POINT('',(-2.32761701410088,0.510863634552737,0.0100486738162282));
#3218=CARTESIAN_POINT('',(-2.32669555709102,0.527586759225971,0.00980337120834603));
#3219=CARTESIAN_POINT('',(-2.3244096269436,0.546311669127987,0.00930282583409148));
#3220=CARTESIAN_POINT('',(-2.32070424391687,0.566167608137338,0.00865264615666402));
#3221=CARTESIAN_POINT('',(-2.31544446303181,0.587156908122124,0.00793673210207848));
#3222=CARTESIAN_POINT('',(-2.30847977880455,0.609177652163917,0.00721908402610232));
#3223=CARTESIAN_POINT('',(-2.29968048505185,0.632001085747368,0.00654526614175004));
#3224=CARTESIAN_POINT('',(-2.28895629295023,0.655324937971042,0.00594403329474092));
#3225=CARTESIAN_POINT('',(-2.27624231266028,0.678850152773753,0.00543073040184979));
#3226=CARTESIAN_POINT('',(-2.26148442183548,0.70230688544012,0.00501215826338104));
#3227=CARTESIAN_POINT('',(-2.24464001273069,0.725442622598381,0.00469055662829726));
#3228=CARTESIAN_POINT('',(-2.22568258961384,0.748010140666149,0.00446584620744878));
#3229=CARTESIAN_POINT('',(-2.20460216853466,0.769765419623344,0.00433664710654523));
#3230=CARTESIAN_POINT('',(-2.18139331220434,0.790477957779189,0.00430073236035808));
#3231=CARTESIAN_POINT('',(-2.15605034964251,0.809925035802454,0.00435558689982313));
#3232=CARTESIAN_POINT('',(-2.12857753115159,0.827875912435048,0.00449862721899163));
#3233=CARTESIAN_POINT('',(-2.0990700607023,0.844049499664449,0.00472637985283218));
#3234=CARTESIAN_POINT('',(-2.06778867363522,0.858122864905311,0.00503206859015957));
#3235=CARTESIAN_POINT('',(-2.03530587885051,0.869748839076011,0.00540090897704127));
#3236=CARTESIAN_POINT('',(-2.00231298929314,0.87872814500796,0.00580649016606025));
#3237=CARTESIAN_POINT('',(-1.96942866163738,0.885058116394202,0.00620731471355604));
#3238=CARTESIAN_POINT('',(-1.93697514034813,0.888878138107943,0.00654244385141954));
#3239=CARTESIAN_POINT('',(-1.90780525762935,0.890225455276379,0.00670692841514022));
#3240=CARTESIAN_POINT('',(-1.88939498884694,0.889951124594158,0.00667483772597102));
#3241=CARTESIAN_POINT('',(-1.88177609522307,0.889641450378628,0.00662909188450461));
#3242=CARTESIAN_POINT('',(-2.19280460222244,0.499657766633793,-0.122850952998496));
#3243=CARTESIAN_POINT('',(-2.19283305864857,0.502346367816408,-0.122859690881206));
#3244=CARTESIAN_POINT('',(-2.19285259114872,0.508403927055268,-0.122864319661716));
#3245=CARTESIAN_POINT('',(-2.19268339660972,0.518337383687365,-0.122810463626915));
#3246=CARTESIAN_POINT('',(-2.19214310991287,0.529849215944967,-0.122606653594917));
#3247=CARTESIAN_POINT('',(-2.19106092930332,0.542534107257047,-0.122180378250537));
#3248=CARTESIAN_POINT('',(-2.18923319317694,0.556450147169416,-0.121469191250896));
#3249=CARTESIAN_POINT('',(-2.18644954178018,0.571555601146578,-0.120435092389649));
#3250=CARTESIAN_POINT('',(-2.18251585949074,0.587699703105475,-0.119067633064981));
#3251=CARTESIAN_POINT('',(-2.17726981985839,0.604662526065837,-0.117380362713604));
#3252=CARTESIAN_POINT('',(-2.17057647382037,0.622213745443772,-0.115400394778746));
#3253=CARTESIAN_POINT('',(-2.16231798713598,0.64013605373129,-0.113160017262815));
#3254=CARTESIAN_POINT('',(-2.15239109263391,0.658218028339611,-0.110693688444621));
#3255=CARTESIAN_POINT('',(-2.14070840688429,0.67624470293703,-0.108037529920006));
#3256=CARTESIAN_POINT('',(-2.12719862701503,0.693994983020511,-0.105229245528926));
#3257=CARTESIAN_POINT('',(-2.11179924381012,0.711249229313561,-0.102307059251246));
#3258=CARTESIAN_POINT('',(-2.09445262896694,0.727784568985534,-0.0993105802006646));
#3259=CARTESIAN_POINT('',(-2.07511262856263,0.743360686882654,-0.0962842060479196));
#3260=CARTESIAN_POINT('',(-2.05380453546902,0.757679815324495,-0.0932878324352923));
#3261=CARTESIAN_POINT('',(-2.03068892193937,0.77038783609809,-0.0904040080396795));
#3262=CARTESIAN_POINT('',(-2.00618495941532,0.781084986841508,-0.0877474593646116));
#3263=CARTESIAN_POINT('',(-1.98084218927083,0.789486198693973,-0.0854410583342862));
#3264=CARTESIAN_POINT('',(-1.95519053029261,0.79548711157061,-0.0836013225774763));
#3265=CARTESIAN_POINT('',(-1.92954939393891,0.799137779792951,-0.0823383512259846));
#3266=CARTESIAN_POINT('',(-1.90627186194105,0.800426771811194,-0.0818250753903192));
#3267=CARTESIAN_POINT('',(-1.8914949293065,0.800164312076347,-0.0819280708099897));
#3268=CARTESIAN_POINT('',(-1.88537268353892,0.799869305700497,-0.0820564433631814));
#3269=CARTESIAN_POINT('',(-2.20010390082112,0.496311372171804,-0.311595078421768));
#3270=CARTESIAN_POINT('',(-2.20023156710555,0.500716843970933,-0.311741168532385));
#3271=CARTESIAN_POINT('',(-2.20029956044307,0.510555120696259,-0.311814992690249));
#3272=CARTESIAN_POINT('',(-2.19964897655964,0.525945054785928,-0.311094766552103));
#3273=CARTESIAN_POINT('',(-2.19802701616371,0.54258219432881,-0.309403867435977));
#3274=CARTESIAN_POINT('',(-2.19539375262926,0.559589432984464,-0.306833245149316));
#3275=CARTESIAN_POINT('',(-2.19165642495255,0.576971037146483,-0.303440542952201));
#3276=CARTESIAN_POINT('',(-2.18671477705437,0.594687471772211,-0.299291795046177));
#3277=CARTESIAN_POINT('',(-2.1804832983577,0.612626128422904,-0.294471600306902));
#3278=CARTESIAN_POINT('',(-2.17290190428988,0.630630691784949,-0.28907966019987));
#3279=CARTESIAN_POINT('',(-2.16392467037373,0.648548673010114,-0.283214997554559));
#3280=CARTESIAN_POINT('',(-2.15350954090109,0.666242690836371,-0.276968359655213));
#3281=CARTESIAN_POINT('',(-2.14161949626936,0.683578273826307,-0.270424881032327));
#3282=CARTESIAN_POINT('',(-2.12822670847424,0.700414390903715,-0.263668326484309));
#3283=CARTESIAN_POINT('',(-2.11331395991012,0.716602369204604,-0.256783358283732));
#3284=CARTESIAN_POINT('',(-2.09686766921627,0.731993993619263,-0.249854140421989));
#3285=CARTESIAN_POINT('',(-2.0788766029146,0.746437318209166,-0.242967699482985));
#3286=CARTESIAN_POINT('',(-2.05934221941296,0.759764912589035,-0.236222418845839));
#3287=CARTESIAN_POINT('',(-2.03834161906942,0.771762203463777,-0.229751145817801));
#3288=CARTESIAN_POINT('',(-2.01608848209211,0.782174736922772,-0.22373210129797));
#3289=CARTESIAN_POINT('',(-1.99304610617581,0.790725573151128,-0.218399676786486));
#3290=CARTESIAN_POINT('',(-1.96979270032221,0.797254101236339,-0.213978923071147));
#3291=CARTESIAN_POINT('',(-1.94687595172025,0.801766438273025,-0.210642692959806));
#3292=CARTESIAN_POINT('',(-1.92464013201488,0.80440698509618,-0.208499884136305));
#3293=CARTESIAN_POINT('',(-1.90509309255922,0.805294086163718,-0.207699155574102));
#3294=CARTESIAN_POINT('',(-1.89302773656159,0.805113017111806,-0.207861106464379));
#3295=CARTESIAN_POINT('',(-1.88807587171585,0.804916316931039,-0.208050695916465));
#3302=EDGE_LOOP('',(#4995,#4996,#4997,#4998));
#3303=AXIS2_PLACEMENT_3D('',#4999,#5000,#5001);
#3304=EDGE_LOOP('',(#5002,#5003,#5004,#5005));
#3305=AXIS2_PLACEMENT_3D('',#5006,#5007,#5008);
#3306=EDGE_LOOP('',(#5009,#5010,#5011,#5012));
#3307=AXIS2_PLACEMENT_3D('',#5013,#5014,#5015);
#3308=EDGE_LOOP('',(#5016,#5017,#5018,#5019));
#3310=CARTESIAN_POINT('',(-0.660300748686467,1.01575102465753,-0.000298939128688665));
#3311=CARTESIAN_POINT('',(-0.657259065877503,1.01583366131076,-0.000300572670797797));
#3312=CARTESIAN_POINT('',(-0.642742617017261,1.01613856622556,-0.000306426741689117));
#3313=CARTESIAN_POINT('',(-0.616146709856055,1.01592256933412,-0.000301506450472787));
#3314=CARTESIAN_POINT('',(-0.579962283080475,1.01395933107333,-0.000275557994744523));
#3315=CARTESIAN_POINT('',(-0.542164602614385,1.01005862970314,-0.000241182297645816));
#3316=CARTESIAN_POINT('',(-0.502923330095394,1.00390303506654,-0.000206085902713401));
#3317=CARTESIAN_POINT('',(-0.462656869294672,0.995186056436215,-0.000174580776967477));
#3318=CARTESIAN_POINT('',(-0.422174676712553,0.983752460251089,-0.000148719019245736));
#3319=CARTESIAN_POINT('',(-0.382327063754283,0.969643491134314,-0.000128967231598102));
#3320=CARTESIAN_POINT('',(-0.343779948477051,0.953037038812203,-0.000114943698280281));
#3321=CARTESIAN_POINT('',(-0.306829790289125,0.934082623633664,-0.000105995158946945));
#3322=CARTESIAN_POINT('',(-0.271654442329818,0.912927681692149,-0.00010158544325648));
#3323=CARTESIAN_POINT('',(-0.238365424702183,0.889708180614586,-0.000101409100943942));
#3324=CARTESIAN_POINT('',(-0.207067141571127,0.864567814679086,-0.000105422579569516));
#3325=CARTESIAN_POINT('',(-0.177867473400392,0.837666904913371,-0.000113837436543628));
#3326=CARTESIAN_POINT('',(-0.150878230277018,0.80918919651491,-0.000127096571618414));
#3327=CARTESIAN_POINT('',(-0.1262036201004,0.779332421671452,-0.000145843272250795));
#3328=CARTESIAN_POINT('',(-0.1039428246208,0.74831145843661,-0.000170845767165005));
#3329=CARTESIAN_POINT('',(-0.0841909144136255,0.716360865399585,-0.000202834220835553));
#3330=CARTESIAN_POINT('',(-0.0670511944666235,0.683755341337857,-0.000242158319504636));
#3331=CARTESIAN_POINT('',(-0.0526350897050357,0.650827680804493,-0.000288186260289007));
#3332=CARTESIAN_POINT('',(-0.0410108357048034,0.617870630172419,-0.000338594697797808));
#3333=CARTESIAN_POINT('',(-0.0322092671750169,0.585058323438988,-0.000388837186068664));
#3334=CARTESIAN_POINT('',(-0.0262770332065962,0.552463798973369,-0.000431497500968731));
#3335=CARTESIAN_POINT('',(-0.0233076112929217,0.520227923019026,-0.000457654565623626));
#3336=CARTESIAN_POINT('',(-0.0233476435508179,0.498435135502951,-0.000456784949722283));
#3337=CARTESIAN_POINT('',(-0.02392791217331,0.487484710876625,-0.000451863083590375));
#3338=CARTESIAN_POINT('',(-0.0239524405345585,0.487039444660943,-0.000451663016914578));
#3339=CARTESIAN_POINT('',(-0.658121294462697,0.88695410915748,0.00674873842939597));
#3340=CARTESIAN_POINT('',(-0.655389528547146,0.887065714919645,0.00676539364428242));
#3341=CARTESIAN_POINT('',(-0.642386313846676,0.887476215011358,0.00682478485014308));
#3342=CARTESIAN_POINT('',(-0.618892265446264,0.887178253677065,0.00677534655190125));
#3343=CARTESIAN_POINT('',(-0.587813349700631,0.884638236052011,0.00650873504312021));
#3344=CARTESIAN_POINT('',(-0.556285114974836,0.879817197021379,0.00613769041821535));
#3345=CARTESIAN_POINT('',(-0.524496671118551,0.872574592626404,0.00573236196618885));
#3346=CARTESIAN_POINT('',(-0.492809875423894,0.862817920964188,0.0053402920506349));
#3347=CARTESIAN_POINT('',(-0.461866638572438,0.850626205995176,0.00499456154979799));
#3348=CARTESIAN_POINT('',(-0.432289407513236,0.83625270080685,0.00471572221442612));
#3349=CARTESIAN_POINT('',(-0.404516779323228,0.82003695688517,0.00451449935657908));
#3350=CARTESIAN_POINT('',(-0.378695147730244,0.802248456192617,0.00439566620182675));
#3351=CARTESIAN_POINT('',(-0.354877606206544,0.783127716431825,0.00436212771193759));
#3352=CARTESIAN_POINT('',(-0.333066640670864,0.762886822761374,0.00441628152881123));
#3353=CARTESIAN_POINT('',(-0.313255815147342,0.741732434836949,0.00456040950474469));
#3354=CARTESIAN_POINT('',(-0.295435117048578,0.719875498488812,0.00479648673058328));
#3355=CARTESIAN_POINT('',(-0.279589313944023,0.697537366815268,0.00512569411944303));
#3356=CARTESIAN_POINT('',(-0.265690190983336,0.674943641311944,0.00554796218069965));
#3357=CARTESIAN_POINT('',(-0.253696941314063,0.652328038649385,0.00606092529477034));
#3358=CARTESIAN_POINT('',(-0.243554671460566,0.629934152359813,0.00665800961179396));
#3359=CARTESIAN_POINT('',(-0.235198116665565,0.608026647954864,0.00732495590835328));
#3360=CARTESIAN_POINT('',(-0.228547527640981,0.586891173912072,0.00803481520817636));
#3361=CARTESIAN_POINT('',(-0.223484500054095,0.566750167420204,0.00874523536694433));
#3362=CARTESIAN_POINT('',(-0.219865256900507,0.547702379667517,0.0093976478929828));
#3363=CARTESIAN_POINT('',(-0.21755562359547,0.529723881372844,0.00991728703775514));
#3364=CARTESIAN_POINT('',(-0.216454967820495,0.51274248811155,0.0102160736095225));
#3365=CARTESIAN_POINT('',(-0.216473872233762,0.501638389262073,0.0102167372339645));
#3366=CARTESIAN_POINT('',(-0.216682535235918,0.496100370468258,0.0101518544157429));
#3367=CARTESIAN_POINT('',(-0.216691355017192,0.495875246777261,0.0101491002062073));
#3368=CARTESIAN_POINT('',(-0.654463084169524,0.796950748098025,-0.0850120617035174));
#3369=CARTESIAN_POINT('',(-0.652280453195124,0.797056360470032,-0.0849651055250529));
#3370=CARTESIAN_POINT('',(-0.641895106274576,0.79744519232328,-0.0847948696891871));
#3371=CARTESIAN_POINT('',(-0.623180183772378,0.79716335776618,-0.0849272584296359));
#3372=CARTESIAN_POINT('',(-0.5986173354328,0.794747636678497,-0.0858418457032559));
#3373=CARTESIAN_POINT('',(-0.57396482639488,0.790180548672565,-0.0873732519711731));
#3374=CARTESIAN_POINT('',(-0.549437982836425,0.783385498715455,-0.0894137561134941));
#3375=CARTESIAN_POINT('',(-0.525375350509027,0.774358286404729,-0.0918643217749583));
#3376=CARTESIAN_POINT('',(-0.502308396455009,0.763265900192075,-0.094611896416979));
#3377=CARTESIAN_POINT('',(-0.48071703307767,0.750426660497423,-0.0975404654586572));
#3378=CARTESIAN_POINT('',(-0.460908979365224,0.736215518606505,-0.100549373640369));
#3379=CARTESIAN_POINT('',(-0.442958844601174,0.720925573063146,-0.103571770941876));
#3380=CARTESIAN_POINT('',(-0.426863937120611,0.704809590006311,-0.106556604728227));
#3381=CARTESIAN_POINT('',(-0.412580231379039,0.688084368665538,-0.109463107221142));
#3382=CARTESIAN_POINT('',(-0.40005331449366,0.670952804446432,-0.112254352702974));
#3383=CARTESIAN_POINT('',(-0.389221967122509,0.653612819940175,-0.114894876658562));
#3384=CARTESIAN_POINT('',(-0.380016607558716,0.636262464511734,-0.117349710732295));
#3385=CARTESIAN_POINT('',(-0.372354613485626,0.619095617642983,-0.11958502871407));
#3386=CARTESIAN_POINT('',(-0.366140176690781,0.602305566838803,-0.121568192275062));
#3387=CARTESIAN_POINT('',(-0.361262348853473,0.586086463356871,-0.123269115626901));
#3388=CARTESIAN_POINT('',(-0.357594954215965,0.570640681670127,-0.124662437811719));
#3389=CARTESIAN_POINT('',(-0.354991371422748,0.556174664081851,-0.125733389036991));
#3390=CARTESIAN_POINT('',(-0.353274184165835,0.542834057811594,-0.126489188025046));
#3391=CARTESIAN_POINT('',(-0.352248791858486,0.530660570213089,-0.126962817261797));
#3392=CARTESIAN_POINT('',(-0.351725317495612,0.519589928778128,-0.127208702785239));
#3393=CARTESIAN_POINT('',(-0.351535586948135,0.509488510149459,-0.127295199589076));
#3394=CARTESIAN_POINT('',(-0.351543749171313,0.503041832036313,-0.127290096273732));
#3395=CARTESIAN_POINT('',(-0.351572131960151,0.499837444193841,-0.127278746331274));
#3396=CARTESIAN_POINT('',(-0.351573329080769,0.499707199171709,-0.127278274445817));
#3397=CARTESIAN_POINT('',(-0.65178831044543,0.805169446736869,-0.212877512245567));
#3398=CARTESIAN_POINT('',(-0.650024168507272,0.805238634514503,-0.212808633631272));
#3399=CARTESIAN_POINT('',(-0.641598633131921,0.80549493012865,-0.212556570943488));
#3400=CARTESIAN_POINT('',(-0.626127359933806,0.805315059559061,-0.212744746905769));
#3401=CARTESIAN_POINT('',(-0.605124136060144,0.803631103656733,-0.214225170630869));
#3402=CARTESIAN_POINT('',(-0.583359078043479,0.800304950750635,-0.21688651764458));
#3403=CARTESIAN_POINT('',(-0.56106290989404,0.795170097476439,-0.220648219156357));
#3404=CARTESIAN_POINT('',(-0.538599138759152,0.788127992258106,-0.225394439988518));
#3405=CARTESIAN_POINT('',(-0.516518670092406,0.779230869371463,-0.230941334181953));
#3406=CARTESIAN_POINT('',(-0.4953379608559,0.768674029376113,-0.237067780070454));
#3407=CARTESIAN_POINT('',(-0.475416100703861,0.756719883943622,-0.243564795142471));
#3408=CARTESIAN_POINT('',(-0.456880870786115,0.743574526414396,-0.250287779457821));
#3409=CARTESIAN_POINT('',(-0.439778916538244,0.729415205525554,-0.257124562324922));
#3410=CARTESIAN_POINT('',(-0.424112285567471,0.714389978834801,-0.263985870707145));
#3411=CARTESIAN_POINT('',(-0.409872485282941,0.698634778173003,-0.270791328110384));
#3412=CARTESIAN_POINT('',(-0.397046905334831,0.682280512688814,-0.277463489742172));
#3413=CARTESIAN_POINT('',(-0.385619441298655,0.66545748825107,-0.283924459999134));
#3414=CARTESIAN_POINT('',(-0.37556616944685,0.648290336683838,-0.290096308791058));
#3415=CARTESIAN_POINT('',(-0.366856647708841,0.630900515904701,-0.295898695422562));
#3416=CARTESIAN_POINT('',(-0.359453728554914,0.613408123622708,-0.301247468426602));
#3417=CARTESIAN_POINT('',(-0.353316958708048,0.595943324965467,-0.306051357101774));
#3418=CARTESIAN_POINT('',(-0.348399842543574,0.578654607071134,-0.310213454051986));
#3419=CARTESIAN_POINT('',(-0.344630982786282,0.561655655199305,-0.3136506853811));
#3420=CARTESIAN_POINT('',(-0.341920744485709,0.544987232942957,-0.316300165275121));
#3421=CARTESIAN_POINT('',(-0.340183903784398,0.528627387566996,-0.318108589632686));
#3422=CARTESIAN_POINT('',(-0.339354420400144,0.512571323475927,-0.319022802661381));
#3423=CARTESIAN_POINT('',(-0.339369231094583,0.501737046290991,-0.319011645727714));
#3424=CARTESIAN_POINT('',(-0.339525959923124,0.496278322281083,-0.318831095980107));
#3425=CARTESIAN_POINT('',(-0.33953258010844,0.496056334063658,-0.318823463518492));
#3432=EDGE_LOOP('',(#5020,#5021,#5022,#5023));
#3433=AXIS2_PLACEMENT_3D('',#5024,#5025,#5026);
#3434=EDGE_LOOP('',(#5027,#5028,#5029,#5030));
#3435=AXIS2_PLACEMENT_3D('',#5031,#5032,#5033);
#3436=EDGE_LOOP('',(#5034,#5035,#5036,#5037));
#3437=AXIS2_PLACEMENT_3D('',#5038,#5039,#5040);
#3438=EDGE_LOOP('',(#5041,#5042,#5043,#5044));
#3439=AXIS2_PLACEMENT_3D('',#5045,#5046,#5047);
#3440=EDGE_LOOP('',(#5048,#5049,#5050,#5051));
#3442=CARTESIAN_POINT('',(-5.10809464694334,-0.491618578911007,-0.000266758371859848));
#3443=CARTESIAN_POINT('',(-5.10767185502559,-0.495394485214292,-0.000267015061883605));
#3444=CARTESIAN_POINT('',(-5.10715195807508,-0.503314630488383,-0.000267331815113329));
#3445=CARTESIAN_POINT('',(-5.10757790146894,-0.51528268294813,-0.000267072382198816));
#3446=CARTESIAN_POINT('',(-5.10931543951982,-0.527285002887222,-0.000265996849288005));
#3447=CARTESIAN_POINT('',(-5.11231724794668,-0.538898869760593,-0.000264118745791707));
#3448=CARTESIAN_POINT('',(-5.11661761692926,-0.550209577856241,-0.00026139942297867));
#3449=CARTESIAN_POINT('',(-5.1223060786382,-0.561271425713828,-0.00025776364841515));
#3450=CARTESIAN_POINT('',(-5.12949917030559,-0.572078866696986,-0.000253116750194355));
#3451=CARTESIAN_POINT('',(-5.13835548570004,-0.582630128687825,-0.000247335743539222));
#3452=CARTESIAN_POINT('',(-5.14913296538819,-0.592964301794255,-0.000240232873552642));
#3453=CARTESIAN_POINT('',(-5.16217931860082,-0.603095905774823,-0.000231563514912533));
#3454=CARTESIAN_POINT('',(-5.17776036403226,-0.612916649455832,-0.000221148515941156));
#3455=CARTESIAN_POINT('',(-5.19599839489391,-0.622278356109172,-0.00020893190081001));
#3456=CARTESIAN_POINT('',(-5.21710563465674,-0.631147779924136,-0.000194839603719578));
#3457=CARTESIAN_POINT('',(-5.24146790494699,-0.639538226898841,-0.000178739911949417));
#3458=CARTESIAN_POINT('',(-5.26903697031127,-0.647247124674091,-0.000160867822576238));
#3459=CARTESIAN_POINT('',(-5.29876017994411,-0.653821709121375,-0.000142160269779203));
#3460=CARTESIAN_POINT('',(-5.3284545128764,-0.658743671427653,-0.000124182992492905));
#3461=CARTESIAN_POINT('',(-5.35626623584182,-0.661885981838759,-0.000108089863064049));
#3462=CARTESIAN_POINT('',(-5.38123867952398,-0.663490765875743,-9.43410469623843E-05));
#3463=CARTESIAN_POINT('',(-5.4034305299566,-0.663940183645252,-8.27864535884463E-05));
#3464=CARTESIAN_POINT('',(-5.42312723159626,-0.663586817727904,-7.31751488343633E-05));
#3465=CARTESIAN_POINT('',(-5.44060549555772,-0.662727038040048,-6.5287517924564E-05));
#3466=CARTESIAN_POINT('',(-5.45616265752566,-0.661599112729106,-5.8920700574602E-05));
#3467=CARTESIAN_POINT('',(-5.47002018184494,-0.660396695109223,-5.39182471536523E-05));
#3468=CARTESIAN_POINT('',(-5.48245633488617,-0.659261408375127,-5.01107059369112E-05));
#3469=CARTESIAN_POINT('',(-5.49388303854564,-0.658280938702604,-4.73205499254631E-05));
#3470=CARTESIAN_POINT('',(-5.50484263680082,-0.657516497016886,-4.54175773098731E-05));
#3471=CARTESIAN_POINT('',(-5.51573106911883,-0.657069381160741,-4.44463040023121E-05));
#3472=CARTESIAN_POINT('',(-5.52484748452206,-0.657102039747489,-4.45129932551634E-05));
#3473=CARTESIAN_POINT('',(-5.5302964233966,-0.657374399518643,-4.50685026746209E-05));
#3474=CARTESIAN_POINT('',(-5.53209302231914,-0.657495121283746,-4.52968604367793E-05));
#3475=CARTESIAN_POINT('',(-5.293255418577,-0.497633829859266,0.00755770662058947));
#3476=CARTESIAN_POINT('',(-5.29306586440356,-0.499713780500356,0.00756497071358067));
#3477=CARTESIAN_POINT('',(-5.29283320200331,-0.504072868264555,0.00757396384680371));
#3478=CARTESIAN_POINT('',(-5.29302386106298,-0.510657939645325,0.00756660560166557));
#3479=CARTESIAN_POINT('',(-5.29379918550788,-0.517271961324975,0.00753613612228785));
#3480=CARTESIAN_POINT('',(-5.29513624893721,-0.523693759654713,0.00748292573064722));
#3481=CARTESIAN_POINT('',(-5.2970490248211,-0.529982337497747,0.00740588292667021));
#3482=CARTESIAN_POINT('',(-5.29957656710119,-0.536181696680224,0.00730287530607179));
#3483=CARTESIAN_POINT('',(-5.30277068979717,-0.54230574296069,0.00717122092057228));
#3484=CARTESIAN_POINT('',(-5.30670322664404,-0.54837461850577,0.00700743532774546));
#3485=CARTESIAN_POINT('',(-5.31149249729998,-0.554438852137427,0.0068061991414781));
#3486=CARTESIAN_POINT('',(-5.31730123672237,-0.560547325779175,0.00656058171030272));
#3487=CARTESIAN_POINT('',(-5.32426421701967,-0.566690018255244,0.00626550736815184));
#3488=CARTESIAN_POINT('',(-5.33246572008084,-0.572840350554706,0.0059193902269353));
#3489=CARTESIAN_POINT('',(-5.34205073592516,-0.57905359684298,0.00552013187835855));
#3490=CARTESIAN_POINT('',(-5.35327752865801,-0.585445937116277,0.00506400068091271));
#3491=CARTESIAN_POINT('',(-5.36626093573913,-0.592016216169427,0.00455765449458567));
#3492=CARTESIAN_POINT('',(-5.38069636289768,-0.598542825183071,0.00402763823185561));
#3493=CARTESIAN_POINT('',(-5.39570799602187,-0.604578596939874,0.00351831189679489));
#3494=CARTESIAN_POINT('',(-5.41044443483276,-0.609787406192651,0.0030623666192308));
#3495=CARTESIAN_POINT('',(-5.42436042240346,-0.614053634891909,0.00267283966767436));
#3496=CARTESIAN_POINT('',(-5.43738841153758,-0.61745969949797,0.00234547869211796));
#3497=CARTESIAN_POINT('',(-5.44957175357679,-0.620122001714122,0.00207317440726153));
#3498=CARTESIAN_POINT('',(-5.46094632077792,-0.622149718822218,0.00184970445789841));
#3499=CARTESIAN_POINT('',(-5.47156883153806,-0.623646485531139,0.00166932240797691));
#3500=CARTESIAN_POINT('',(-5.48145192273287,-0.624703480059143,0.00152759287443447));
#3501=CARTESIAN_POINT('',(-5.49066014714411,-0.625411567513595,0.00141972406190604));
#3502=CARTESIAN_POINT('',(-5.49938381426081,-0.625855438401137,0.0013406573884462));
#3503=CARTESIAN_POINT('',(-5.50794920049383,-0.62610139050003,0.0012868016987264));
#3504=CARTESIAN_POINT('',(-5.51659268440574,-0.626191838392705,0.00125906563215362));
#3505=CARTESIAN_POINT('',(-5.52386709358507,-0.626176635478978,0.00126163680635049));
#3506=CARTESIAN_POINT('',(-5.52818808874898,-0.62615665430442,0.00127633809021349));
#3507=CARTESIAN_POINT('',(-5.52960738150627,-0.626151077845014,0.00128268684208219));
#3508=CARTESIAN_POINT('',(-5.42547214334349,-0.501929106726038,-0.122675611177435));
#3509=CARTESIAN_POINT('',(-5.42544913595196,-0.50279803571807,-0.122793525805992));
#3510=CARTESIAN_POINT('',(-5.42542157753329,-0.504614298906032,-0.122939489900239));
#3511=CARTESIAN_POINT('',(-5.4254442284142,-0.507355574857195,-0.122820056666714));
#3512=CARTESIAN_POINT('',(-5.42553247032878,-0.510122004297735,-0.12232547917933));
#3513=CARTESIAN_POINT('',(-5.42568079853491,-0.512836331052618,-0.121461776082205));
#3514=CARTESIAN_POINT('',(-5.42588867906322,-0.515538784213377,-0.120211228256633));
#3515=CARTESIAN_POINT('',(-5.42615912114664,-0.518266013088951,-0.118539223376398));
#3516=CARTESIAN_POINT('',(-5.42649772225871,-0.521045813701634,-0.116402228286413));
#3517=CARTESIAN_POINT('',(-5.42691436387937,-0.523913976429579,-0.113743684063885));
#3518=CARTESIAN_POINT('',(-5.42742766733955,-0.526929198073839,-0.110477247182577));
#3519=CARTESIAN_POINT('',(-5.42806828404327,-0.530164897358389,-0.106490420306784));
#3520=CARTESIAN_POINT('',(-5.42887741039103,-0.533681224219606,-0.101700815954302));
#3521=CARTESIAN_POINT('',(-5.42991218573703,-0.537538428253717,-0.0960826922160262));
#3522=CARTESIAN_POINT('',(-5.43126959108341,-0.541854992594297,-0.0896019880301479));
#3523=CARTESIAN_POINT('',(-5.43311680624407,-0.546820555902527,-0.0821981319278142));
#3524=CARTESIAN_POINT('',(-5.43568511324876,-0.552577787802842,-0.0739791933360429));
#3525=CARTESIAN_POINT('',(-5.43920407840618,-0.559070139264815,-0.0653760454629088));
#3526=CARTESIAN_POINT('',(-5.4437313175503,-0.56590124275556,-0.0571087335245153));
#3527=CARTESIAN_POINT('',(-5.44913116075836,-0.572585665369463,-0.049707895248135));
#3528=CARTESIAN_POINT('',(-5.45515212606409,-0.578752337090685,-0.0433851496979886));
#3529=CARTESIAN_POINT('',(-5.46163652760996,-0.584269638097256,-0.0380714733580908));
#3530=CARTESIAN_POINT('',(-5.46845484665017,-0.589085321723922,-0.0336514692730963));
#3531=CARTESIAN_POINT('',(-5.47547098097417,-0.593174897646772,-0.0300241372435713));
#3532=CARTESIAN_POINT('',(-5.48256983272807,-0.596545863622248,-0.0270962013952987));
#3533=CARTESIAN_POINT('',(-5.48961492251551,-0.599216224045475,-0.0247956689329412));
#3534=CARTESIAN_POINT('',(-5.4965181978412,-0.601240599478096,-0.023044754802256));
#3535=CARTESIAN_POINT('',(-5.50331172265252,-0.602701541325893,-0.0217613658322072));
#3536=CARTESIAN_POINT('',(-5.51016748719228,-0.603668979708019,-0.0208871535199304));
#3537=CARTESIAN_POINT('',(-5.5172079332527,-0.604143282763921,-0.0204370738992487));
#3538=CARTESIAN_POINT('',(-5.52316703126885,-0.604093903654098,-0.0204784083095876));
#3539=CARTESIAN_POINT('',(-5.52668260192613,-0.60386517220261,-0.0207176467915608));
#3540=CARTESIAN_POINT('',(-5.52783247376362,-0.603769410670847,-0.0208207699089627));
#3541=CARTESIAN_POINT('',(-5.41991893030183,-0.501748701504577,-0.308438609526013));
#3542=CARTESIAN_POINT('',(-5.41988892780616,-0.502668494418913,-0.308735077346921));
#3543=CARTESIAN_POINT('',(-5.41985275484866,-0.504591558366183,-0.309102070281372));
#3544=CARTESIAN_POINT('',(-5.41988246221323,-0.507494276940796,-0.308801783441132));
#3545=CARTESIAN_POINT('',(-5.41999956216916,-0.510422308473941,-0.307558286242084));
#3546=CARTESIAN_POINT('',(-5.42019781824882,-0.513292352136356,-0.305386710460881));
#3547=CARTESIAN_POINT('',(-5.42047730580833,-0.516145425533608,-0.302242505773213));
#3548=CARTESIAN_POINT('',(-5.42084254798831,-0.519018486786586,-0.298038647678757));
#3549=CARTESIAN_POINT('',(-5.42130108339518,-0.521938748514847,-0.292665682440013));
#3550=CARTESIAN_POINT('',(-5.42186539555661,-0.52494134385854,-0.285981406110781));
#3551=CARTESIAN_POINT('',(-5.42255829321616,-0.528084626556802,-0.277768728457773));
#3552=CARTESIAN_POINT('',(-5.42341597539693,-0.531440984767509,-0.26774480172075));
#3553=CARTESIAN_POINT('',(-5.42448356875875,-0.535067621181544,-0.255702482195763));
#3554=CARTESIAN_POINT('',(-5.42581935266378,-0.539021138521053,-0.24157704798289));
#3555=CARTESIAN_POINT('',(-5.42752232453331,-0.54341736509003,-0.225282860653556));
#3556=CARTESIAN_POINT('',(-5.42976348979846,-0.548442854224302,-0.206667627674133));
#3557=CARTESIAN_POINT('',(-5.43276923971911,-0.554234234785192,-0.186003063882682));
#3558=CARTESIAN_POINT('',(-5.43674670541228,-0.560728025092981,-0.164372497350668));
#3559=CARTESIAN_POINT('',(-5.44171429787397,-0.567525723985566,-0.143586310299033));
#3560=CARTESIAN_POINT('',(-5.44750628590749,-0.574148169603961,-0.124978664924182));
#3561=CARTESIAN_POINT('',(-5.45385884875235,-0.58023502112848,-0.10908162696767));
#3562=CARTESIAN_POINT('',(-5.46061808645081,-0.585663648440126,-0.0957216532344903));
#3563=CARTESIAN_POINT('',(-5.46766174094523,-0.590388888246226,-0.0846086055666716));
#3564=CARTESIAN_POINT('',(-5.47486093309567,-0.59439186437409,-0.0754885429998253));
#3565=CARTESIAN_POINT('',(-5.48210778147544,-0.597684112412549,-0.0681269456097051));
#3566=CARTESIAN_POINT('',(-5.48927206969606,-0.600286710118571,-0.0623428045072391));
#3567=CARTESIAN_POINT('',(-5.49627215481165,-0.602255800354987,-0.0579405481651391));
#3568=CARTESIAN_POINT('',(-5.50314674721433,-0.603674024371721,-0.05471377136059));
#3569=CARTESIAN_POINT('',(-5.51007431729521,-0.604611159726396,-0.0525157757213031));
#3570=CARTESIAN_POINT('',(-5.51718209228622,-0.605069340544344,-0.0513841464309722));
#3571=CARTESIAN_POINT('',(-5.52319643447172,-0.605021396863322,-0.0514881071581875));
#3572=CARTESIAN_POINT('',(-5.52674583363201,-0.604801433098084,-0.0520895618003505));
#3573=CARTESIAN_POINT('',(-5.52790702137348,-0.604709459414801,-0.0523488340738541));
#3580=EDGE_LOOP('',(#5052,#5053,#5054,#5055));
#3581=AXIS2_PLACEMENT_3D('',#5056,#5057,#5058);
#3582=EDGE_LOOP('',(#5059,#5060,#5061,#5062));
#3584=CARTESIAN_POINT('',(-7.17158046240678,-0.658983484868032,-0.000145531651558702));
#3585=CARTESIAN_POINT('',(-7.17408796626346,-0.658868057385292,-0.000144912899717909));
#3586=CARTESIAN_POINT('',(-7.18029651947112,-0.658723652603471,-0.000143820303112924));
#3587=CARTESIAN_POINT('',(-7.19027145972084,-0.658956570907687,-0.000145368073001273));
#3588=CARTESIAN_POINT('',(-7.20158936106715,-0.65965740735026,-0.000150319880158303));
#3589=CARTESIAN_POINT('',(-7.2133657252967,-0.660666899471911,-0.000158485500343237));
#3590=CARTESIAN_POINT('',(-7.22595626061165,-0.661886732317183,-0.00016992563384284));
#3591=CARTESIAN_POINT('',(-7.23968763867337,-0.66321431370017,-0.000184967375602467));
#3592=CARTESIAN_POINT('',(-7.25487131262775,-0.664521143619498,-0.000204023099401942));
#3593=CARTESIAN_POINT('',(-7.27183898824971,-0.665643021129296,-0.000227641151543262));
#3594=CARTESIAN_POINT('',(-7.29096340452556,-0.666364205814147,-0.000256533046456682));
#3595=CARTESIAN_POINT('',(-7.31255685228416,-0.666404244889647,-0.0002914141981835));
#3596=CARTESIAN_POINT('',(-7.33691904139002,-0.665424255257724,-0.000333062966458408));
#3597=CARTESIAN_POINT('',(-7.36432644296092,-0.663026868608633,-0.000382318321905332));
#3598=CARTESIAN_POINT('',(-7.39418302097811,-0.658868694579284,-0.000438475796686703));
#3599=CARTESIAN_POINT('',(-7.4247764450288,-0.652931667680879,-0.000498384550771145));
#3600=CARTESIAN_POINT('',(-7.45380745813555,-0.645649445769923,-0.00055708812784192));
#3601=CARTESIAN_POINT('',(-7.47974272584805,-0.637563930379504,-0.000610709155586109));
#3602=CARTESIAN_POINT('',(-7.50230291336824,-0.628971994131179,-0.000657961857602879));
#3603=CARTESIAN_POINT('',(-7.52184001243809,-0.619921458455623,-0.000699115972490577));
#3604=CARTESIAN_POINT('',(-7.53873677481558,-0.610370258846698,-0.000734709636352639));
#3605=CARTESIAN_POINT('',(-7.55315372292642,-0.600383074286091,-0.000764951495794087));
#3606=CARTESIAN_POINT('',(-7.56526050323266,-0.590069009769951,-0.00079016685723419));
#3607=CARTESIAN_POINT('',(-7.57531342730093,-0.579484254523125,-0.000810918450282008));
#3608=CARTESIAN_POINT('',(-7.58355967537182,-0.568642200052654,-0.000827771861813622));
#3609=CARTESIAN_POINT('',(-7.59019180286046,-0.557547648213299,-0.000841185144158025));
#3610=CARTESIAN_POINT('',(-7.59535948515539,-0.546194925947399,-0.000851526370132204));
#3611=CARTESIAN_POINT('',(-7.59917313446965,-0.534538497336396,-0.000859077774123093));
#3612=CARTESIAN_POINT('',(-7.60168315553924,-0.522530910248002,-0.000863995479766033));
#3613=CARTESIAN_POINT('',(-7.60289011781993,-0.510164870636895,-0.000866334639772979));
#3614=CARTESIAN_POINT('',(-7.60276794318064,-0.497442565769749,-0.000866091584058016));
#3615=CARTESIAN_POINT('',(-7.6015930892188,-0.487230870648816,-0.000863852260408839));
#3616=CARTESIAN_POINT('',(-7.60048644570942,-0.481293988464898,-0.000861744154891645));
#3617=CARTESIAN_POINT('',(-7.60014366637641,-0.479631847190575,-0.000861093170275454));
#3618=CARTESIAN_POINT('',(-7.17335102075065,-0.626601386416057,0.00232413145382926));
#3619=CARTESIAN_POINT('',(-7.17532586782894,-0.626607824612392,0.0023132660050148));
#3620=CARTESIAN_POINT('',(-7.18023355053951,-0.626623564139697,0.00229918295663192));
#3621=CARTESIAN_POINT('',(-7.18812431113449,-0.626598241894831,0.00232209630151904));
#3622=CARTESIAN_POINT('',(-7.19697430873786,-0.626434940601768,0.00240176959444362));
#3623=CARTESIAN_POINT('',(-7.20598675861903,-0.626083286861881,0.00253207137248101));
#3624=CARTESIAN_POINT('',(-7.21534019440631,-0.625485968469893,0.00271489712493327));
#3625=CARTESIAN_POINT('',(-7.22517202180254,-0.624575229388116,0.00295520284302594));
#3626=CARTESIAN_POINT('',(-7.23559034598964,-0.623274417711696,0.00325965896752785));
#3627=CARTESIAN_POINT('',(-7.24669839171574,-0.621494302967949,0.00363700089271923));
#3628=CARTESIAN_POINT('',(-7.2586044956294,-0.619127673029211,0.00409860445325065));
#3629=CARTESIAN_POINT('',(-7.27136486353001,-0.616063373182934,0.00465589717735729));
#3630=CARTESIAN_POINT('',(-7.28502699212391,-0.612184997936489,0.00532131567762946));
#3631=CARTESIAN_POINT('',(-7.2996300559549,-0.607371187041871,0.00610826383927359));
#3632=CARTESIAN_POINT('',(-7.31478283621093,-0.601652017527754,0.00700548653317377));
#3633=CARTESIAN_POINT('',(-7.32965771403311,-0.595307039483084,0.00796264305675012));
#3634=CARTESIAN_POINT('',(-7.3433016970757,-0.588787012425051,0.008900544582491));
#3635=CARTESIAN_POINT('',(-7.35519520464219,-0.582415910285906,0.00975724269567177));
#3636=CARTESIAN_POINT('',(-7.36536837816691,-0.576255158769338,0.0105121946680842));
#3637=CARTESIAN_POINT('',(-7.3740789884794,-0.570212840842588,0.0111697100880058));
#3638=CARTESIAN_POINT('',(-7.38155612829846,-0.56417719950648,0.0117383867053576));
#3639=CARTESIAN_POINT('',(-7.38790600167329,-0.558124925172547,0.0122215580466651));
#3640=CARTESIAN_POINT('',(-7.39322404511678,-0.552067870502913,0.0126244215047303));
#3641=CARTESIAN_POINT('',(-7.39763415639954,-0.545995653327383,0.0129559677485875));
#3642=CARTESIAN_POINT('',(-7.40125042734728,-0.539883567351796,0.0132252331342587));
#3643=CARTESIAN_POINT('',(-7.40415978431564,-0.533709913910334,0.013439535830696));
#3644=CARTESIAN_POINT('',(-7.40642856126448,-0.527452456855178,0.0136047568069214));
#3645=CARTESIAN_POINT('',(-7.40810487454129,-0.521071069704394,0.0137254042285545));
#3646=CARTESIAN_POINT('',(-7.4092098791113,-0.514527244100964,0.0138039763350534));
#3647=CARTESIAN_POINT('',(-7.40974230782652,-0.50780535342539,0.0138413398777216));
#3648=CARTESIAN_POINT('',(-7.40968864753174,-0.500894882991933,0.0138374913510259));
#3649=CARTESIAN_POINT('',(-7.40916872229873,-0.495342288135994,0.0138016064639718));
#3650=CARTESIAN_POINT('',(-7.40867788685652,-0.492107824175831,0.0137680702791158));
#3651=CARTESIAN_POINT('',(-7.40852576789526,-0.491201673029871,0.0137576986295547));
#3652=CARTESIAN_POINT('',(-7.1746290676621,-0.603226928825103,-0.0203659644613421));
#3653=CARTESIAN_POINT('',(-7.17621942565937,-0.603321333653729,-0.0202713185091032));
#3654=CARTESIAN_POINT('',(-7.1801880975057,-0.603452670580247,-0.0201459749127758));
#3655=CARTESIAN_POINT('',(-7.18657442907074,-0.603240941862334,-0.0203477987149262));
#3656=CARTESIAN_POINT('',(-7.19364301304986,-0.602453877693438,-0.0210456207951513));
#3657=CARTESIAN_POINT('',(-7.20066037917124,-0.601119704359833,-0.0221874919462763));
#3658=CARTESIAN_POINT('',(-7.20767717066289,-0.599210706782054,-0.023789489223175));
#3659=CARTESIAN_POINT('',(-7.21469417486961,-0.596684274793388,-0.0258951951303806));
#3660=CARTESIAN_POINT('',(-7.22167271376273,-0.593501182140568,-0.028563012775387));
#3661=CARTESIAN_POINT('',(-7.22855108701407,-0.589626314490021,-0.0318695013791191));
#3662=CARTESIAN_POINT('',(-7.23524677701783,-0.585030798981251,-0.035914337950312));
#3663=CARTESIAN_POINT('',(-7.24163113902645,-0.579725685786101,-0.0407976585680918));
#3664=CARTESIAN_POINT('',(-7.24756961403959,-0.573755161022898,-0.0466284395319134));
#3665=CARTESIAN_POINT('',(-7.25293008817482,-0.567197096088251,-0.0535241335760188));
#3666=CARTESIAN_POINT('',(-7.25746918637745,-0.560351148987036,-0.0613861167121693));
#3667=CARTESIAN_POINT('',(-7.26099790351902,-0.553711698464561,-0.0697732746628158));
#3668=CARTESIAN_POINT('',(-7.26353502508942,-0.547741848575968,-0.077991709206963));
#3669=CARTESIAN_POINT('',(-7.26529273100234,-0.542608265984685,-0.0854985925782218));
#3670=CARTESIAN_POINT('',(-7.2665245527568,-0.538202423109759,-0.0921139175341274));
#3671=CARTESIAN_POINT('',(-7.26742024944673,-0.534331535125961,-0.0978754471747683));
#3672=CARTESIAN_POINT('',(-7.26809799767159,-0.530833538713557,-0.102858519947642));
#3673=CARTESIAN_POINT('',(-7.26862479270008,-0.527621611256912,-0.107092346136765));
#3674=CARTESIAN_POINT('',(-7.26904250387752,-0.524637405503174,-0.110622468296157));
#3675=CARTESIAN_POINT('',(-7.26937944836598,-0.521822485872158,-0.113527667863089));
#3676=CARTESIAN_POINT('',(-7.269653650421,-0.519124645831086,-0.115887126588608));
#3677=CARTESIAN_POINT('',(-7.26987578988939,-0.516503057771737,-0.117764970545062));
#3678=CARTESIAN_POINT('',(-7.27005204216206,-0.513923529766179,-0.119212732002977));
#3679=CARTESIAN_POINT('',(-7.27018555639431,-0.511349840040713,-0.120269914724804));
#3680=CARTESIAN_POINT('',(-7.27027637410909,-0.5087499361478,-0.120958407503244));
#3681=CARTESIAN_POINT('',(-7.27032190243867,-0.506102176743445,-0.12128581360436));
#3682=CARTESIAN_POINT('',(-7.27031769803834,-0.503386878457272,-0.121252070608198));
#3683=CARTESIAN_POINT('',(-7.27027052177874,-0.501197374530028,-0.12093768828867));
#3684=CARTESIAN_POINT('',(-7.27022419673685,-0.499913604415658,-0.120643741601163));
#3685=CARTESIAN_POINT('',(-7.27020970266669,-0.499553151666015,-0.12055284250403));
#3686=CARTESIAN_POINT('',(-7.17453658601159,-0.60491834437218,-0.0529995484598694));
#3687=CARTESIAN_POINT('',(-7.17615476629336,-0.605006383785545,-0.0527531528111189));
#3688=CARTESIAN_POINT('',(-7.1801913865649,-0.605129355887436,-0.0524272815864016));
#3689=CARTESIAN_POINT('',(-7.18668658117589,-0.60493111585924,-0.0529523291683397));
#3690=CARTESIAN_POINT('',(-7.19388407127763,-0.604189188234029,-0.0547683686709612));
#3691=CARTESIAN_POINT('',(-7.20104580505632,-0.602926111691003,-0.0577399175061129));
#3692=CARTESIAN_POINT('',(-7.20823168010728,-0.601112029452316,-0.0619089013867123));
#3693=CARTESIAN_POINT('',(-7.21545236971277,-0.598702511753147,-0.0673887123537553));
#3694=CARTESIAN_POINT('',(-7.22267981732581,-0.595655624156417,-0.0743313442651612));
#3695=CARTESIAN_POINT('',(-7.22986425687888,-0.591932336392606,-0.0829360296438862));
#3696=CARTESIAN_POINT('',(-7.23693698130369,-0.587498106838406,-0.093462165065586));
#3697=CARTESIAN_POINT('',(-7.24378272195396,-0.582355142712248,-0.106170340772554));
#3698=CARTESIAN_POINT('',(-7.2502800936903,-0.576536009450035,-0.121344152796053));
#3699=CARTESIAN_POINT('',(-7.25630937735134,-0.570104161707392,-0.139289255828508));
#3700=CARTESIAN_POINT('',(-7.26161649965795,-0.563339750150743,-0.159748994403165));
#3701=CARTESIAN_POINT('',(-7.26596624430334,-0.556721608158117,-0.181575428787183));
#3702=CARTESIAN_POINT('',(-7.26930707727968,-0.550711946512829,-0.2029627835233));
#3703=CARTESIAN_POINT('',(-7.27179822705702,-0.54548881490016,-0.222498423402302));
#3704=CARTESIAN_POINT('',(-7.27367706024872,-0.540955983848128,-0.239713904132427));
#3705=CARTESIAN_POINT('',(-7.27513825739307,-0.536927967496755,-0.25470749902998));
#3706=CARTESIAN_POINT('',(-7.27630802117024,-0.53324634277724,-0.267675266126835));
#3707=CARTESIAN_POINT('',(-7.2772561840616,-0.529828882984734,-0.278693221202232));
#3708=CARTESIAN_POINT('',(-7.27802849162494,-0.526622320651811,-0.287879882540305));
#3709=CARTESIAN_POINT('',(-7.27866017739748,-0.523571697424809,-0.29544026808327));
#3710=CARTESIAN_POINT('',(-7.27917621724704,-0.520626796735092,-0.301580437538784));
#3711=CARTESIAN_POINT('',(-7.27959280834925,-0.517748175177175,-0.306467270253554));
#3712=CARTESIAN_POINT('',(-7.27992047926981,-0.514902505963778,-0.310234871960219));
#3713=CARTESIAN_POINT('',(-7.28016563306761,-0.512053284769859,-0.312986045710856));
#3714=CARTESIAN_POINT('',(-7.28032983906977,-0.509167991987352,-0.314777754467251));
#3715=CARTESIAN_POINT('',(-7.28041060034041,-0.506225421507866,-0.315629783331356));
#3716=CARTESIAN_POINT('',(-7.2804028172273,-0.503206553422709,-0.315541975067022));
#3717=CARTESIAN_POINT('',(-7.28032143204733,-0.50077369051009,-0.314723827829531));
#3718=CARTESIAN_POINT('',(-7.28024294147602,-0.49934876486791,-0.31395888534441));
#3719=CARTESIAN_POINT('',(-7.28021848863441,-0.498948824453238,-0.313722335588449));
#3726=EDGE_LOOP('',(#5063,#5064,#5065,#5066));
#3727=AXIS2_PLACEMENT_3D('',#5067,#5068,#5069);
#3728=EDGE_LOOP('',(#5070,#5071,#5072,#5073));
#3729=AXIS2_PLACEMENT_3D('',#5074,#5075,#5076);
#3730=EDGE_LOOP('',(#5077,#5078,#5079,#5080));
#3731=AXIS2_PLACEMENT_3D('',#5081,#5082,#5083);
#3732=EDGE_LOOP('',(#5084,#5085,#5086,#5087,#5088,#5089,#5090,#5091));
#3733=AXIS2_PLACEMENT_3D('',#5092,#5093,#5094);
#3734=EDGE_LOOP('',(#5095,#5096,#5097,#5098));
#3735=AXIS2_PLACEMENT_3D('',#5099,#5100,#5101);
#3736=EDGE_LOOP('',(#5102,#5103,#5104,#5105));
#3738=CARTESIAN_POINT('',(-7.59612634830317,0.487282875996363,-0.000455875191767856));
#3739=CARTESIAN_POINT('',(-7.59661177119721,0.496256949719261,-0.000461653555553826));
#3740=CARTESIAN_POINT('',(-7.59686353879052,0.516341857605525,-0.000461214518068006));
#3741=CARTESIAN_POINT('',(-7.59444394773413,0.547703132186302,-0.000440721314069442));
#3742=CARTESIAN_POINT('',(-7.58871711826476,0.581304653248383,-0.00039767061583439));
#3743=CARTESIAN_POINT('',(-7.57991573776353,0.615174031897617,-0.000345991591169778));
#3744=CARTESIAN_POINT('',(-7.56810893164726,0.649184336162528,-0.000293464700864629));
#3745=CARTESIAN_POINT('',(-7.5533375110795,0.683154685772949,-0.00024551205103031));
#3746=CARTESIAN_POINT('',(-7.53566772522094,0.716789462410139,-0.000204670827006502));
#3747=CARTESIAN_POINT('',(-7.51520913822009,0.749739222485196,-0.000171657207081601));
#3748=CARTESIAN_POINT('',(-7.49208076950403,0.781690383843699,-0.000146084357530163));
#3749=CARTESIAN_POINT('',(-7.46639054071973,0.812382517786424,-0.000127145224554531));
#3750=CARTESIAN_POINT('',(-7.43824419823815,0.841584977460949,-0.000114001247867981));
#3751=CARTESIAN_POINT('',(-7.40775718682824,0.869081291126172,-0.000105970970593642));
#3752=CARTESIAN_POINT('',(-7.3750565505165,0.894669256754662,-0.000102605899529001));
#3753=CARTESIAN_POINT('',(-7.34026297170396,0.918175459211866,-0.000103722679581278));
#3754=CARTESIAN_POINT('',(-7.30348745651031,0.939448624256059,-0.000109430353320747));
#3755=CARTESIAN_POINT('',(-7.2648500604056,0.958344128178413,-0.000120137073383562));
#3756=CARTESIAN_POINT('',(-7.2245923164741,0.974686939450284,-0.000136487191142635));
#3757=CARTESIAN_POINT('',(-7.18316339846625,0.988296289416635,-0.000159148852288198));
#3758=CARTESIAN_POINT('',(-7.14138695285012,0.999019306876485,-0.000188297147000172));
#3759=CARTESIAN_POINT('',(-7.1001743039149,1.00689743230311,-0.000222865762256368));
#3760=CARTESIAN_POINT('',(-7.06028164214,1.01217612326539,-0.000259749116323355));
#3761=CARTESIAN_POINT('',(-7.0220600023223,1.01521001186913,-0.000292372988833584));
#3762=CARTESIAN_POINT('',(-6.9886895226852,1.01623234247092,-0.000309615574427906));
#3763=CARTESIAN_POINT('',(-6.96810217342346,1.01602374830047,-0.000305285847440792));
#3764=CARTESIAN_POINT('',(-6.95964015403942,1.0157930279394,-0.000301072306790894));
#3765=CARTESIAN_POINT('',(-7.40733878993749,0.495820097984846,0.00997030157655109));
#3766=CARTESIAN_POINT('',(-7.40751937738672,0.5004505932911,0.0100215584975434));
#3767=CARTESIAN_POINT('',(-7.4076170620063,0.510863635881557,0.0100486767973798));
#3768=CARTESIAN_POINT('',(-7.40669560462985,0.527586764114225,0.00980337423715377));
#3769=CARTESIAN_POINT('',(-7.40440967363972,0.546311677646224,0.00930282895664578));
#3770=CARTESIAN_POINT('',(-7.40070428936341,0.566167620090061,0.00865264939354616));
#3771=CARTESIAN_POINT('',(-7.39544450687049,0.587156923282591,0.00793673545414775));
#3772=CARTESIAN_POINT('',(-7.38847982072243,0.60917767028513,0.00721908747968431));
#3773=CARTESIAN_POINT('',(-7.37968052478258,0.632001106564365,0.00654526967375542));
#3774=CARTESIAN_POINT('',(-7.3689563302753,0.655324961204878,0.00594403687719897));
#3775=CARTESIAN_POINT('',(-7.3562423474051,0.678850178139463,0.00543073400509235));
#3776=CARTESIAN_POINT('',(-7.34148445386458,0.70230691265273,0.00501216185802743));
#3777=CARTESIAN_POINT('',(-7.32464004194427,0.725442651376179,0.00469056018607377));
#3778=CARTESIAN_POINT('',(-7.30568261594644,0.748010170733045,0.00446584970171033));
#3779=CARTESIAN_POINT('',(-7.28460219195405,0.769765450711699,0.00433665051254173));
#3780=CARTESIAN_POINT('',(-7.26139333270888,0.79047798963375,0.00430073565528373));
#3781=CARTESIAN_POINT('',(-7.23605036725886,0.809925068184017,0.00435559006295481));
#3782=CARTESIAN_POINT('',(-7.20857754593445,0.827875945124127,0.00449863023174252));
#3783=CARTESIAN_POINT('',(-7.179070072742,0.84404953246604,0.00472638269952336));
#3784=CARTESIAN_POINT('',(-7.14778868306929,0.858122897657536,0.00503207125953219));
#3785=CARTESIAN_POINT('',(-7.11530588587733,0.869748871662963,0.0054009114651291));
#3786=CARTESIAN_POINT('',(-7.08231299416618,0.878728177370816,0.00580649247894344));
#3787=CARTESIAN_POINT('',(-7.04942866464711,0.885058148534338,0.00620731687034482));
#3788=CARTESIAN_POINT('',(-7.01697514178904,0.888878170078381,0.00654244588834808));
#3789=CARTESIAN_POINT('',(-6.98780525788951,0.890225487176193,0.00670693039725987));
#3790=CARTESIAN_POINT('',(-6.96939498847314,0.889951156508255,0.00667483971911706));
#3791=CARTESIAN_POINT('',(-6.96177609459898,0.889641482309862,0.00662909389218787));
#3792=CARTESIAN_POINT('',(-7.27280464924488,0.499657765373034,-0.122850901542997));
#3793=CARTESIAN_POINT('',(-7.27283310572184,0.502346367192999,-0.122859639401128));
#3794=CARTESIAN_POINT('',(-7.27285263824817,0.508403927863173,-0.12286426816872));
#3795=CARTESIAN_POINT('',(-7.27268344345755,0.518337386737742,-0.122810412256009));
#3796=CARTESIAN_POINT('',(-7.27214315617591,0.5298492213949,-0.122606602509365));
#3797=CARTESIAN_POINT('',(-7.27106097468567,0.542534115112407,-0.122180327597792));
#3798=CARTESIAN_POINT('',(-7.26923323740397,0.556450157417889,-0.121469141167798));
#3799=CARTESIAN_POINT('',(-7.26644958459545,0.571555613754659,-0.120435043001243));
#3800=CARTESIAN_POINT('',(-7.26251590065761,0.587699718011349,-0.119067584481556));
#3801=CARTESIAN_POINT('',(-7.25726985916286,0.604662543177041,-0.11738031502837));
#3802=CARTESIAN_POINT('',(-7.25057651107076,0.622213764642,-0.115400348068275));
#3803=CARTESIAN_POINT('',(-7.24231802216103,0.6401360748774,-0.113159971588201));
#3804=CARTESIAN_POINT('',(-7.23239112528192,0.658218051278321,-0.110693643853026));
#3805=CARTESIAN_POINT('',(-7.2207084370234,0.676244727499757,-0.108037486444635));
#3806=CARTESIAN_POINT('',(-7.20719865453353,0.69399500902877,-0.105229203189041));
#3807=CARTESIAN_POINT('',(-7.19179926861506,0.711249256583206,-0.102307018052387));
#3808=CARTESIAN_POINT('',(-7.17445265098239,0.727784597330668,-0.0993105401338828));
#3809=CARTESIAN_POINT('',(-7.15511264772916,0.743360716118869,-0.0962841670884297));
#3810=CARTESIAN_POINT('',(-7.13380455175038,0.75767984527108,-0.093287794536595));
#3811=CARTESIAN_POINT('',(-7.11068893533318,0.770387866582736,-0.090403971126179));
#3812=CARTESIAN_POINT('',(-7.08618496997172,0.781085017707222,-0.0877474233226122));
#3813=CARTESIAN_POINT('',(-7.06084219708896,0.789486229810622,-0.0854410230136043));
#3814=CARTESIAN_POINT('',(-7.03519053550255,0.795487142841049,-0.0836012878001475));
#3815=CARTESIAN_POINT('',(-7.00954939667085,0.799137811148763,-0.0823383167968337));
#3816=CARTESIAN_POINT('',(-6.98627186250941,0.800426803197792,-0.0818250410909445));
#3817=CARTESIAN_POINT('',(-6.97149492853032,0.80016434345669,-0.0819280364842197));
#3818=CARTESIAN_POINT('',(-6.96537268220742,0.799869337073169,-0.0820564090068446));
#3819=CARTESIAN_POINT('',(-7.28010389781497,0.496311373549991,-0.311595000688871));
#3820=CARTESIAN_POINT('',(-7.28023156405854,0.50071684464204,-0.31174109074292));
#3821=CARTESIAN_POINT('',(-7.2802995573761,0.510555119810306,-0.311814914872287));
#3822=CARTESIAN_POINT('',(-7.27964897369092,0.525945051652765,-0.311094689008581));
#3823=CARTESIAN_POINT('',(-7.27802701374047,0.542582189084827,-0.309403790504902));
#3824=CARTESIAN_POINT('',(-7.27539375084483,0.559589425960354,-0.306833169101374));
#3825=CARTESIAN_POINT('',(-7.27165642395457,0.576971028695107,-0.303440468008622));
#3826=CARTESIAN_POINT('',(-7.26671477694515,0.594687462245431,-0.299291721385343));
#3827=CARTESIAN_POINT('',(-7.2604832991948,0.61262611815714,-0.294471528068143));
#3828=CARTESIAN_POINT('',(-7.25290190608878,0.630630681090054,-0.289079589486762));
#3829=CARTESIAN_POINT('',(-7.24392467311323,0.64854866216418,-0.283214928441343));
#3830=CARTESIAN_POINT('',(-7.23350954452879,0.666242680084448,-0.276968292192027));
#3831=CARTESIAN_POINT('',(-7.22161950070557,0.683578263381781,-0.270424815248285));
#3832=CARTESIAN_POINT('',(-7.20822671361474,0.700414380949511,-0.263668262388896));
#3833=CARTESIAN_POINT('',(-7.19331396562843,0.716602359893913,-0.256783295867271));
#3834=CARTESIAN_POINT('',(-7.17686767536573,0.731993985075589,-0.249854079655894));
#3835=CARTESIAN_POINT('',(-7.15887660932947,0.746437310527073,-0.242967640318936));
#3836=CARTESIAN_POINT('',(-7.13934222590789,0.759764905833071,-0.236222361213305));
#3837=CARTESIAN_POINT('',(-7.11834162543771,0.771762197663955,-0.229751089616469));
#3838=CARTESIAN_POINT('',(-7.0960884881052,0.782174732068329,-0.223732046387766));
#3839=CARTESIAN_POINT('',(-7.07304611158695,0.79072556918072,-0.218399622978322));
#3840=CARTESIAN_POINT('',(-7.04979270487287,0.797254098037092,-0.213978870133763));
#3841=CARTESIAN_POINT('',(-7.02687595514455,0.801766435686847,-0.210642640638742));
#3842=CARTESIAN_POINT('',(-7.00464013403673,0.804406982926103,-0.208499832177594));
#3843=CARTESIAN_POINT('',(-6.98509309304469,0.805294084159157,-0.207699103733777));
#3844=CARTESIAN_POINT('',(-6.97302773593032,0.805113015073724,-0.207861054599773));
#3845=CARTESIAN_POINT('',(-6.96807587060256,0.804916314852471,-0.208050644026647));
#3852=EDGE_LOOP('',(#5106,#5107,#5108,#5109));
#3853=AXIS2_PLACEMENT_3D('',#5110,#5111,#5112);
#3854=EDGE_LOOP('',(#5113,#5114,#5115,#5116));
#3855=AXIS2_PLACEMENT_3D('',#5117,#5118,#5119);
#3856=EDGE_LOOP('',(#5120,#5121,#5122,#5123));
#3857=AXIS2_PLACEMENT_3D('',#5124,#5125,#5126);
#3858=EDGE_LOOP('',(#5127,#5128,#5129,#5130));
#3860=CARTESIAN_POINT('',(-5.74030074868671,1.01575102465909,-0.000298939128773996));
#3861=CARTESIAN_POINT('',(-5.73725906587716,1.01583366131232,-0.00030057267088335));
#3862=CARTESIAN_POINT('',(-5.72274261701713,1.01613856622712,-0.00030642674177546));
#3863=CARTESIAN_POINT('',(-5.69614670985553,1.01592256933568,-0.000301506450558415));
#3864=CARTESIAN_POINT('',(-5.65996228308007,1.0139593310749,-0.000275557994826665));
#3865=CARTESIAN_POINT('',(-5.62216460261433,1.0100586297047,-0.00024118229772305));
#3866=CARTESIAN_POINT('',(-5.58292333009505,1.00390303506813,-0.000206085902785302));
#3867=CARTESIAN_POINT('',(-5.54265686929393,0.995186056437818,-0.00017458077703425));
#3868=CARTESIAN_POINT('',(-5.50217467671238,0.9837524602536,-0.000148719019307953));
#3869=CARTESIAN_POINT('',(-5.46232706375391,0.96964349113594,-0.000128967231657649));
#3870=CARTESIAN_POINT('',(-5.42377994847595,0.953037038813813,-0.000114943698336333));
#3871=CARTESIAN_POINT('',(-5.386829790288,0.934082623635261,-0.00010599515900145));
#3872=CARTESIAN_POINT('',(-5.35165444232871,0.912927681693721,-0.000101585443311414));
#3873=CARTESIAN_POINT('',(-5.31836542470107,0.889708180616121,-0.000101409100999697));
#3874=CARTESIAN_POINT('',(-5.28706714156995,0.864567814680573,-0.000105422579626009));
#3875=CARTESIAN_POINT('',(-5.25786747339888,0.837666904914798,-0.000113837436603081));
#3876=CARTESIAN_POINT('',(-5.23087823027514,0.809189196516261,-0.000127096571680957));
#3877=CARTESIAN_POINT('',(-5.2062036200984,0.779332421672716,-0.000145843272318845));
#3878=CARTESIAN_POINT('',(-5.18394282461879,0.748311458437772,-0.00017084576724029));
#3879=CARTESIAN_POINT('',(-5.16419091441206,0.716360865400632,-0.000202834220919511));
#3880=CARTESIAN_POINT('',(-5.14705119446458,0.683755341338774,-0.000242158319595368));
#3881=CARTESIAN_POINT('',(-5.13263508970282,0.650827680805268,-0.000288186260391556));
#3882=CARTESIAN_POINT('',(-5.12101083570298,0.617870630173127,-0.000338594697907792));
#3883=CARTESIAN_POINT('',(-5.11220926717288,0.58505832343944,-0.000388837186188045));
#3884=CARTESIAN_POINT('',(-5.10627703320407,0.552463798973644,-0.000431497501094031));
#3885=CARTESIAN_POINT('',(-5.10330761129054,0.520227923019116,-0.000457654565755527));
#3886=CARTESIAN_POINT('',(-5.1033476435487,0.498435135502913,-0.000456784949844239));
#3887=CARTESIAN_POINT('',(-5.10392791217064,0.487484710876521,-0.000451863083718762));
#3888=CARTESIAN_POINT('',(-5.10395244053241,0.487039444660836,-0.00045166301704204));
#3889=CARTESIAN_POINT('',(-5.73812129420059,0.886954093690957,0.00674873927672125));
#3890=CARTESIAN_POINT('',(-5.73538952832256,0.887065699456601,0.00676539449380372));
#3891=CARTESIAN_POINT('',(-5.72238631380354,0.887476199560996,0.00682478570749865));
#3892=CARTESIAN_POINT('',(-5.69889226577552,0.88717823821686,0.00677534740273058));
#3893=CARTESIAN_POINT('',(-5.6678133506437,0.884638220522537,0.00650873585882131));
#3894=CARTESIAN_POINT('',(-5.63628511667062,0.879817181381291,0.00613769118524087));
#3895=CARTESIAN_POINT('',(-5.60449667370917,0.872574576855857,0.00573236268033997));
#3896=CARTESIAN_POINT('',(-5.57280987904448,0.862817905068783,0.00534029271393957));
#3897=CARTESIAN_POINT('',(-5.54186664333833,0.85062619000883,0.00499456216850341));
#3898=CARTESIAN_POINT('',(-5.51228941351253,0.836252684788684,0.00471572279729985));
#3899=CARTESIAN_POINT('',(-5.48451678661656,0.820036940913817,0.00451449991363276));
#3900=CARTESIAN_POINT('',(-5.45869515636012,0.802248440361264,0.00439566674356517));
#3901=CARTESIAN_POINT('',(-5.43487761620009,0.783127700844723,0.00436212824914946));
#3902=CARTESIAN_POINT('',(-5.41306665204243,0.762886807531941,0.00441628207252757));
#3903=CARTESIAN_POINT('',(-5.39325582789901,0.741732420086158,0.00456041006629091));
#3904=CARTESIAN_POINT('',(-5.37543513116655,0.719875484343714,0.004796487321521));
#3905=CARTESIAN_POINT('',(-5.35958932939968,0.697537353407431,0.0051256947515459));
#3906=CARTESIAN_POINT('',(-5.34569020773306,0.674943628776284,0.00554796286578386));
#3907=CARTESIAN_POINT('',(-5.33369695929731,0.652328027123079,0.00606092604449446));
#3908=CARTESIAN_POINT('',(-5.32355469059745,0.629934141981125,0.00665801043707987));
#3909=CARTESIAN_POINT('',(-5.31519813685695,0.608026638860855,0.00732495681847806));
#3910=CARTESIAN_POINT('',(-5.30854754876492,0.586891166234138,0.00803481620909551));
#3911=CARTESIAN_POINT('',(-5.30348452196677,0.566750161281305,0.00874523645924816));
#3912=CARTESIAN_POINT('',(-5.29986527943529,0.54770237518155,0.00939764906968147));
#3913=CARTESIAN_POINT('',(-5.29755564656536,0.529723878642071,0.00991728828198942));
#3914=CARTESIAN_POINT('',(-5.29645499101473,0.512742487212644,0.0102160748927838));
#3915=CARTESIAN_POINT('',(-5.29647389542513,0.501638389646743,0.0102167385172101));
#3916=CARTESIAN_POINT('',(-5.29668255838286,0.49610037150289,0.0101518556905957));
#3917=CARTESIAN_POINT('',(-5.29669137816223,0.495875247838329,0.0101491014807053));
#3918=CARTESIAN_POINT('',(-5.73446308348934,0.79695073135988,-0.0850120787675866));
#3919=CARTESIAN_POINT('',(-5.73228045261696,0.797056343730772,-0.0849651225834871));
#3920=CARTESIAN_POINT('',(-5.72189510618322,0.797445175579992,-0.0847948867270078));
#3921=CARTESIAN_POINT('',(-5.7031801845693,0.79716334102589,-0.0849272754828739));
#3922=CARTESIAN_POINT('',(-5.67861733744203,0.794747619961318,-0.0858418628770042));
#3923=CARTESIAN_POINT('',(-5.65396482968311,0.7901805320026,-0.0873732693607085));
#3924=CARTESIAN_POINT('',(-5.62943798747488,0.783385482128717,-0.0894137738071146));
#3925=CARTESIAN_POINT('',(-5.60537535656502,0.774358269953724,-0.0918643398513856));
#3926=CARTESIAN_POINT('',(-5.58230840397559,0.763265883945424,-0.0946119149400542));
#3927=CARTESIAN_POINT('',(-5.56071704208354,0.75042664453608,-0.0975404844744948));
#3928=CARTESIAN_POINT('',(-5.54090898985267,0.736215503017941,-0.100549393178334));
#3929=CARTESIAN_POINT('',(-5.52295885655256,0.720925557939316,-0.103571791019797));
#3930=CARTESIAN_POINT('',(-5.50686395050757,0.70480957544118,-0.10655662535498));
#3931=CARTESIAN_POINT('',(-5.49258024616602,0.688084354754212,-0.109463128398468));
#3932=CARTESIAN_POINT('',(-5.48005333063548,0.670952791283235,-0.11225437442617));
#3933=CARTESIAN_POINT('',(-5.46922198456454,0.653612807616991,-0.114894898916697));
#3934=CARTESIAN_POINT('',(-5.46001662623521,0.636262453116133,-0.117349733508156));
#3935=CARTESIAN_POINT('',(-5.45235463332208,0.619095607256629,-0.119585051984142));
#3936=CARTESIAN_POINT('',(-5.44614019760213,0.602305557535841,-0.121568216009317));
#3937=CARTESIAN_POINT('',(-5.44126237074359,0.586086455202253,-0.123269139788497));
#3938=CARTESIAN_POINT('',(-5.4375949769785,0.570640674717221,-0.124662462356443));
#3939=CARTESIAN_POINT('',(-5.43499139493732,0.556174658369295,-0.125733413912876));
#3940=CARTESIAN_POINT('',(-5.43327420830294,0.542834053363746,-0.126489213173588));
#3941=CARTESIAN_POINT('',(-5.43224881647843,0.530660567043696,-0.126962842619736));
#3942=CARTESIAN_POINT('',(-5.43172534244787,0.519589926893438,-0.127208728285534));
#3943=CARTESIAN_POINT('',(-5.43153561206909,0.50948850954429,-0.127295225161018));
#3944=CARTESIAN_POINT('',(-5.43154377429029,0.503041832297323,-0.127290121844847));
#3945=CARTESIAN_POINT('',(-5.43157215704605,0.499837444888855,-0.127278771888214));
#3946=CARTESIAN_POINT('',(-5.43157335416485,0.499707199884368,-0.127278300002157));
#3947=CARTESIAN_POINT('',(-5.73178830986466,0.805169448519973,-0.212877539986834));
#3948=CARTESIAN_POINT('',(-5.73002416801813,0.805238636289705,-0.212808661367782));
#3949=CARTESIAN_POINT('',(-5.72159863306778,0.805494931875096,-0.212556598662245));
#3950=CARTESIAN_POINT('',(-5.70612736057272,0.805315061327629,-0.212744774636629));
#3951=CARTESIAN_POINT('',(-5.68512413747202,0.803631105584062,-0.214225198484492));
#3952=CARTESIAN_POINT('',(-5.66335908008165,0.800304952947194,-0.216886545743351));
#3953=CARTESIAN_POINT('',(-5.64106291241569,0.795170100033189,-0.220648247628553));
#3954=CARTESIAN_POINT('',(-5.61859914162832,0.788127995245544,-0.225394468958772));
#3955=CARTESIAN_POINT('',(-5.59651867317567,0.779230872835266,-0.230941363759537));
#3956=CARTESIAN_POINT('',(-5.57533796402771,0.768674033335005,-0.237067810341839));
#3957=CARTESIAN_POINT('',(-5.55541610385148,0.756719888392183,-0.243564826170625));
#3958=CARTESIAN_POINT('',(-5.53688087380614,0.743574531328246,-0.250287811288842));
#3959=CARTESIAN_POINT('',(-5.51977891933983,0.729415210863909,-0.257124594991649));
#3960=CARTESIAN_POINT('',(-5.50411228806895,0.714389984541981,-0.263985904231894));
#3961=CARTESIAN_POINT('',(-5.48987248741299,0.698634784178888,-0.270791362506043));
#3962=CARTESIAN_POINT('',(-5.47704690703281,0.682280518908464,-0.277463525012522));
#3963=CARTESIAN_POINT('',(-5.46561944251422,0.665457494585127,-0.283924496138642));
#3964=CARTESIAN_POINT('',(-5.4555661701437,0.64829034301783,-0.290096345784622));
#3965=CARTESIAN_POINT('',(-5.44685664786401,0.630900522108568,-0.295898733244733));
#3966=CARTESIAN_POINT('',(-5.43945372816223,0.613408129550327,-0.301247507040198));
#3967=CARTESIAN_POINT('',(-5.43331695777973,0.595943330455046,-0.306051396455316));
#3968=CARTESIAN_POINT('',(-5.42839984111337,0.578654611948309,-0.310213494076172));
#3969=CARTESIAN_POINT('',(-5.4246309809106,0.561655659282777,-0.313650725987041));
#3970=CARTESIAN_POINT('',(-5.4219207422448,0.544987236051223,-0.316300206353127));
#3971=CARTESIAN_POINT('',(-5.42018390128081,0.528627389527733,-0.318108631049695));
#3972=CARTESIAN_POINT('',(-5.41935441775761,0.512571324144765,-0.319022844257969));
#3973=CARTESIAN_POINT('',(-5.41936922845275,0.501737046007909,-0.319011687322989));
#3974=CARTESIAN_POINT('',(-5.41952595730926,0.496278321508907,-0.318831137538672));
#3975=CARTESIAN_POINT('',(-5.41953257749619,0.496056333271578,-0.318823505075504));
#3982=EDGE_LOOP('',(#5131,#5132,#5133,#5134));
#3983=AXIS2_PLACEMENT_3D('',#5135,#5136,#5137);
#3984=EDGE_LOOP('',(#5138,#5139,#5140,#5141));
#3985=AXIS2_PLACEMENT_3D('',#5142,#5143,#5144);
#3986=EDGE_LOOP('',(#5145,#5146,#5147,#5148));
#3987=AXIS2_PLACEMENT_3D('',#5149,#5150,#5151);
#3988=ORIENTED_EDGE('',*,*,#5152,.T.);
#3989=ORIENTED_EDGE('',*,*,#5153,.T.);
#3990=ORIENTED_EDGE('',*,*,#5154,.T.);
#3991=ORIENTED_EDGE('',*,*,#5155,.T.);
#3992=ORIENTED_EDGE('',*,*,#5156,.T.);
#3993=ORIENTED_EDGE('',*,*,#5157,.T.);
#3994=ORIENTED_EDGE('',*,*,#5158,.T.);
#3995=ORIENTED_EDGE('',*,*,#5159,.T.);
#3996=ORIENTED_EDGE('',*,*,#5160,.T.);
#3997=ORIENTED_EDGE('',*,*,#5161,.T.);
#3998=ORIENTED_EDGE('',*,*,#5162,.T.);
#3999=ORIENTED_EDGE('',*,*,#5163,.T.);
#4000=ORIENTED_EDGE('',*,*,#5164,.T.);
#4001=ORIENTED_EDGE('',*,*,#5165,.T.);
#4002=ORIENTED_EDGE('',*,*,#5166,.T.);
#4003=ORIENTED_EDGE('',*,*,#5167,.T.);
#4004=ORIENTED_EDGE('',*,*,#5168,.T.);
#4005=ORIENTED_EDGE('',*,*,#5169,.T.);
#4006=ORIENTED_EDGE('',*,*,#5170,.T.);
#4007=ORIENTED_EDGE('',*,*,#5171,.T.);
#4008=ORIENTED_EDGE('',*,*,#5172,.T.);
#4009=ORIENTED_EDGE('',*,*,#5173,.T.);
#4010=ORIENTED_EDGE('',*,*,#5174,.T.);
#4011=ORIENTED_EDGE('',*,*,#5175,.T.);
#4012=ORIENTED_EDGE('',*,*,#5176,.T.);
#4013=ORIENTED_EDGE('',*,*,#5177,.T.);
#4014=ORIENTED_EDGE('',*,*,#5178,.T.);
#4015=ORIENTED_EDGE('',*,*,#5179,.T.);
#4016=ORIENTED_EDGE('',*,*,#5180,.T.);
#4017=ORIENTED_EDGE('',*,*,#5181,.T.);
#4018=ORIENTED_EDGE('',*,*,#5182,.T.);
#4019=ORIENTED_EDGE('',*,*,#5183,.T.);
#4020=ORIENTED_EDGE('',*,*,#5184,.T.);
#4021=ORIENTED_EDGE('',*,*,#5185,.T.);
#4022=ORIENTED_EDGE('',*,*,#5186,.T.);
#4023=ORIENTED_EDGE('',*,*,#5187,.T.);
#4024=ORIENTED_EDGE('',*,*,#5188,.T.);
#4025=ORIENTED_EDGE('',*,*,#5189,.T.);
#4026=ORIENTED_EDGE('',*,*,#5190,.T.);
#4027=ORIENTED_EDGE('',*,*,#5191,.T.);
#4028=ORIENTED_EDGE('',*,*,#5192,.T.);
#4029=ORIENTED_EDGE('',*,*,#5193,.T.);
#4030=ORIENTED_EDGE('',*,*,#5194,.T.);
#4031=ORIENTED_EDGE('',*,*,#5195,.T.);
#4032=ORIENTED_EDGE('',*,*,#5196,.T.);
#4033=ORIENTED_EDGE('',*,*,#5197,.T.);
#4034=ORIENTED_EDGE('',*,*,#5198,.T.);
#4035=ORIENTED_EDGE('',*,*,#5199,.T.);
#4036=ORIENTED_EDGE('',*,*,#5200,.T.);
#4037=ORIENTED_EDGE('',*,*,#5201,.T.);
#4038=ORIENTED_EDGE('',*,*,#5202,.T.);
#4039=ORIENTED_EDGE('',*,*,#5203,.T.);
#4040=CARTESIAN_POINT('',(0.0,0.0,0.0));
#4041=DIRECTION('',(0.0,0.0,1.0));
#4042=DIRECTION('',(1.0,0.0,0.0));
#4043=ORIENTED_EDGE('',*,*,#5204,.T.);
#4044=ORIENTED_EDGE('',*,*,#5205,.T.);
#4045=ORIENTED_EDGE('',*,*,#5206,.F.);
#4046=ORIENTED_EDGE('',*,*,#5155,.F.);
#4047=CARTESIAN_POINT('',(-7.62,1.26,0.0));
#4048=DIRECTION('',(-1.0,0.0,0.0));
#4049=DIRECTION('',(0.0,0.0,1.0));
#4050=ORIENTED_EDGE('',*,*,#5206,.T.);
#4051=ORIENTED_EDGE('',*,*,#5207,.T.);
#4052=ORIENTED_EDGE('',*,*,#5208,.F.);
#4053=ORIENTED_EDGE('',*,*,#5152,.F.);
#4054=CARTESIAN_POINT('',(-7.62,-1.26,0.0));
#4055=DIRECTION('',(0.0,-1.0,0.0));
#4056=DIRECTION('',(0.0,0.0,-1.0));
#4057=ORIENTED_EDGE('',*,*,#5208,.T.);
#4058=ORIENTED_EDGE('',*,*,#5209,.T.);
#4059=ORIENTED_EDGE('',*,*,#5210,.F.);
#4060=ORIENTED_EDGE('',*,*,#5153,.F.);
#4061=CARTESIAN_POINT('',(7.62,-1.26,0.0));
#4062=DIRECTION('',(1.0,0.0,0.0));
#4063=DIRECTION('',(0.0,1.0,0.0));
#4064=ORIENTED_EDGE('',*,*,#5210,.T.);
#4065=ORIENTED_EDGE('',*,*,#5211,.T.);
#4066=ORIENTED_EDGE('',*,*,#5204,.F.);
#4067=ORIENTED_EDGE('',*,*,#5154,.F.);
#4068=CARTESIAN_POINT('',(7.62,1.26,0.0));
#4069=DIRECTION('',(-0.0,1.0,0.0));
#4070=DIRECTION('',(1.0,0.0,0.0));
#4071=ORIENTED_EDGE('',*,*,#5211,.F.);
#4072=ORIENTED_EDGE('',*,*,#5209,.F.);
#4073=ORIENTED_EDGE('',*,*,#5207,.F.);
#4074=ORIENTED_EDGE('',*,*,#5205,.F.);
#4075=ORIENTED_EDGE('',*,*,#5212,.F.);
#4076=ORIENTED_EDGE('',*,*,#5213,.F.);
#4077=ORIENTED_EDGE('',*,*,#5214,.F.);
#4078=ORIENTED_EDGE('',*,*,#5215,.F.);
#4079=ORIENTED_EDGE('',*,*,#5216,.F.);
#4080=ORIENTED_EDGE('',*,*,#5217,.F.);
#4081=ORIENTED_EDGE('',*,*,#5218,.F.);
#4082=ORIENTED_EDGE('',*,*,#5219,.T.);
#4083=ORIENTED_EDGE('',*,*,#5220,.T.);
#4084=ORIENTED_EDGE('',*,*,#5221,.F.);
#4085=ORIENTED_EDGE('',*,*,#5222,.F.);
#4086=ORIENTED_EDGE('',*,*,#5223,.T.);
#4087=ORIENTED_EDGE('',*,*,#5224,.T.);
#4088=ORIENTED_EDGE('',*,*,#5225,.F.);
#4089=ORIENTED_EDGE('',*,*,#5226,.F.);
#4090=ORIENTED_EDGE('',*,*,#5227,.T.);
#4091=ORIENTED_EDGE('',*,*,#5228,.T.);
#4092=ORIENTED_EDGE('',*,*,#5229,.F.);
#4093=ORIENTED_EDGE('',*,*,#5230,.F.);
#4094=ORIENTED_EDGE('',*,*,#5231,.T.);
#4095=ORIENTED_EDGE('',*,*,#5232,.T.);
#4096=ORIENTED_EDGE('',*,*,#5233,.F.);
#4097=ORIENTED_EDGE('',*,*,#5234,.F.);
#4098=ORIENTED_EDGE('',*,*,#5235,.T.);
#4099=ORIENTED_EDGE('',*,*,#5236,.T.);
#4100=ORIENTED_EDGE('',*,*,#5237,.F.);
#4101=ORIENTED_EDGE('',*,*,#5238,.F.);
#4102=ORIENTED_EDGE('',*,*,#5239,.T.);
#4103=ORIENTED_EDGE('',*,*,#5240,.T.);
#4104=ORIENTED_EDGE('',*,*,#5241,.F.);
#4105=ORIENTED_EDGE('',*,*,#5242,.F.);
#4106=CARTESIAN_POINT('',(0.0,0.0,-7.0));
#4107=DIRECTION('',(0.0,0.0,1.0));
#4108=DIRECTION('',(1.0,0.0,0.0));
#4109=ORIENTED_EDGE('',*,*,#5243,.T.);
#4110=ORIENTED_EDGE('',*,*,#5244,.F.);
#4111=ORIENTED_EDGE('',*,*,#5245,.F.);
#4112=ORIENTED_EDGE('',*,*,#5218,.T.);
#4113=CARTESIAN_POINT('',(5.72,-1.0,-7.0));
#4114=DIRECTION('',(-1.0,0.0,0.0));
#4115=DIRECTION('',(0.0,0.0,1.0));
#4116=ORIENTED_EDGE('',*,*,#5212,.T.);
#4117=ORIENTED_EDGE('',*,*,#5245,.T.);
#4118=ORIENTED_EDGE('',*,*,#5246,.F.);
#4119=ORIENTED_EDGE('',*,*,#5247,.F.);
#4120=CARTESIAN_POINT('',(6.92,-1.0,-7.0));
#4121=DIRECTION('',(0.0,-1.0,0.0));
#4122=DIRECTION('',(0.0,0.0,-1.0));
#4123=ORIENTED_EDGE('',*,*,#5247,.T.);
#4124=ORIENTED_EDGE('',*,*,#5248,.F.);
#4125=ORIENTED_EDGE('',*,*,#5249,.F.);
#4126=ORIENTED_EDGE('',*,*,#5213,.T.);
#4127=CARTESIAN_POINT('',(6.92,-0.85,-7.0));
#4128=DIRECTION('',(1.0,0.0,0.0));
#4129=DIRECTION('',(0.0,1.0,0.0));
#4130=ORIENTED_EDGE('',*,*,#5249,.T.);
#4131=ORIENTED_EDGE('',*,*,#5250,.F.);
#4132=ORIENTED_EDGE('',*,*,#5251,.F.);
#4133=ORIENTED_EDGE('',*,*,#5214,.T.);
#4134=CARTESIAN_POINT('',(5.9242552948,-0.85,-7.0));
#4135=DIRECTION('',(-0.0,1.0,0.0));
#4136=DIRECTION('',(1.0,0.0,0.0));
#4137=ORIENTED_EDGE('',*,*,#5251,.T.);
#4138=ORIENTED_EDGE('',*,*,#5252,.F.);
#4139=ORIENTED_EDGE('',*,*,#5253,.F.);
#4140=ORIENTED_EDGE('',*,*,#5215,.T.);
#4141=CARTESIAN_POINT('',(6.102978749275,-0.7,-7.0));
#4142=DIRECTION('',(0.64287114276419,-0.765974342782488,0.0));
#4143=DIRECTION('',(0.0,0.0,-1.0));
#4144=ORIENTED_EDGE('',*,*,#5253,.T.);
#4145=ORIENTED_EDGE('',*,*,#5254,.F.);
#4146=ORIENTED_EDGE('',*,*,#5255,.F.);
#4147=ORIENTED_EDGE('',*,*,#5216,.T.);
#4148=CARTESIAN_POINT('',(5.89872338295,-0.7,-7.0));
#4149=DIRECTION('',(-0.0,1.0,0.0));
#4150=DIRECTION('',(1.0,0.0,0.0));
#4151=ORIENTED_EDGE('',*,*,#5255,.T.);
#4152=ORIENTED_EDGE('',*,*,#5256,.F.);
#4153=ORIENTED_EDGE('',*,*,#5243,.F.);
#4154=ORIENTED_EDGE('',*,*,#5217,.T.);
#4155=CARTESIAN_POINT('',(5.72,-0.85,-7.0));
#4156=DIRECTION('',(-0.642871293713882,0.765974216092578,0.0));
#4157=DIRECTION('',(0.0,0.0,1.0));
#4158=ORIENTED_EDGE('',*,*,#5244,.T.);
#4159=ORIENTED_EDGE('',*,*,#5256,.T.);
#4160=ORIENTED_EDGE('',*,*,#5254,.T.);
#4161=ORIENTED_EDGE('',*,*,#5252,.T.);
#4162=ORIENTED_EDGE('',*,*,#5250,.T.);
#4163=ORIENTED_EDGE('',*,*,#5248,.T.);
#4164=ORIENTED_EDGE('',*,*,#5246,.T.);
#4165=CARTESIAN_POINT('',(0.0,0.0,-6.9));
#4166=DIRECTION('',(0.0,0.0,-1.0));
#4167=DIRECTION('',(0.0,-1.0,0.0));
#4168=ORIENTED_EDGE('',*,*,#5257,.F.);
#4169=ORIENTED_EDGE('',*,*,#5258,.F.);
#4170=ORIENTED_EDGE('',*,*,#5259,.F.);
#4171=ORIENTED_EDGE('',*,*,#5260,.F.);
#4172=ORIENTED_EDGE('',*,*,#5261,.F.);
#4173=ORIENTED_EDGE('',*,*,#5222,.T.);
#4174=CARTESIAN_POINT('',(6.0,0.0,0.0));
#4175=DIRECTION('',(1.0,0.0,0.0));
#4176=DIRECTION('',(0.0,1.0,0.0));
#4177=ORIENTED_EDGE('',*,*,#5262,.T.);
#4178=ORIENTED_EDGE('',*,*,#5263,.F.);
#4179=ORIENTED_EDGE('',*,*,#5219,.F.);
#4180=ORIENTED_EDGE('',*,*,#5261,.T.);
#4181=CARTESIAN_POINT('',(6.0,-0.1,-7.0));
#4182=DIRECTION('',(0.0,-1.0,0.0));
#4183=DIRECTION('',(0.0,0.0,-1.0));
#4184=ORIENTED_EDGE('',*,*,#5263,.T.);
#4185=ORIENTED_EDGE('',*,*,#5264,.T.);
#4186=ORIENTED_EDGE('',*,*,#5265,.T.);
#4187=ORIENTED_EDGE('',*,*,#5266,.T.);
#4188=ORIENTED_EDGE('',*,*,#5267,.T.);
#4189=ORIENTED_EDGE('',*,*,#5220,.F.);
#4190=CARTESIAN_POINT('',(6.7,0.0,0.0));
#4191=DIRECTION('',(1.0,0.0,0.0));
#4192=DIRECTION('',(0.0,1.0,0.0));
#4193=ORIENTED_EDGE('',*,*,#5221,.T.);
#4194=ORIENTED_EDGE('',*,*,#5267,.F.);
#4195=ORIENTED_EDGE('',*,*,#5268,.F.);
#4196=ORIENTED_EDGE('',*,*,#5257,.T.);
#4197=CARTESIAN_POINT('',(6.0,0.1,-7.575128869404));
#4198=DIRECTION('',(-0.0,1.0,0.0));
#4199=DIRECTION('',(1.0,0.0,0.0));
#4200=ORIENTED_EDGE('',*,*,#5268,.T.);
#4201=ORIENTED_EDGE('',*,*,#5266,.F.);
#4202=ORIENTED_EDGE('',*,*,#5269,.F.);
#4203=ORIENTED_EDGE('',*,*,#5258,.T.);
#4204=CARTESIAN_POINT('',(6.0,-2.2,-8.787564434702));
#4205=DIRECTION('',(-1.0,0.0,-0.0));
#4206=DIRECTION('',(0.0,0.0,-1.0));
#4207=ORIENTED_EDGE('',*,*,#5269,.T.);
#4208=ORIENTED_EDGE('',*,*,#5265,.F.);
#4209=ORIENTED_EDGE('',*,*,#5270,.F.);
#4210=ORIENTED_EDGE('',*,*,#5259,.T.);
#4211=CARTESIAN_POINT('',(6.0,-0.1,-10.0));
#4212=DIRECTION('',(0.0,0.0,-1.0));
#4213=DIRECTION('',(0.0,-1.0,0.0));
#4214=ORIENTED_EDGE('',*,*,#5270,.T.);
#4215=ORIENTED_EDGE('',*,*,#5264,.F.);
#4216=ORIENTED_EDGE('',*,*,#5262,.F.);
#4217=ORIENTED_EDGE('',*,*,#5260,.T.);
#4218=CARTESIAN_POINT('',(6.0,-2.4,-8.787564434702));
#4219=DIRECTION('',(-1.0,0.0,-0.0));
#4220=DIRECTION('',(0.0,0.0,-1.0));
#4221=ORIENTED_EDGE('',*,*,#5271,.F.);
#4222=ORIENTED_EDGE('',*,*,#5272,.F.);
#4223=ORIENTED_EDGE('',*,*,#5273,.F.);
#4224=ORIENTED_EDGE('',*,*,#5274,.F.);
#4225=ORIENTED_EDGE('',*,*,#5275,.F.);
#4226=ORIENTED_EDGE('',*,*,#5226,.T.);
#4227=CARTESIAN_POINT('',(0.92,0.0,0.0));
#4228=DIRECTION('',(1.0,0.0,0.0));
#4229=DIRECTION('',(0.0,1.0,0.0));
#4230=ORIENTED_EDGE('',*,*,#5275,.T.);
#4231=ORIENTED_EDGE('',*,*,#5276,.T.);
#4232=ORIENTED_EDGE('',*,*,#5277,.F.);
#4233=ORIENTED_EDGE('',*,*,#5223,.F.);
#4234=CARTESIAN_POINT('',(0.92,-0.1,-7.0));
#4235=DIRECTION('',(0.0,-1.0,0.0));
#4236=DIRECTION('',(0.0,0.0,-1.0));
#4237=ORIENTED_EDGE('',*,*,#5277,.T.);
#4238=ORIENTED_EDGE('',*,*,#5278,.T.);
#4239=ORIENTED_EDGE('',*,*,#5279,.T.);
#4240=ORIENTED_EDGE('',*,*,#5280,.T.);
#4241=ORIENTED_EDGE('',*,*,#5281,.T.);
#4242=ORIENTED_EDGE('',*,*,#5224,.F.);
#4243=CARTESIAN_POINT('',(1.62,0.0,0.0));
#4244=DIRECTION('',(1.0,0.0,0.0));
#4245=DIRECTION('',(0.0,1.0,0.0));
#4246=ORIENTED_EDGE('',*,*,#5281,.F.);
#4247=ORIENTED_EDGE('',*,*,#5282,.F.);
#4248=ORIENTED_EDGE('',*,*,#5271,.T.);
#4249=ORIENTED_EDGE('',*,*,#5225,.T.);
#4250=CARTESIAN_POINT('',(0.92,0.1,-7.575128869404));
#4251=DIRECTION('',(-0.0,1.0,0.0));
#4252=DIRECTION('',(1.0,0.0,0.0));
#4253=ORIENTED_EDGE('',*,*,#5282,.T.);
#4254=ORIENTED_EDGE('',*,*,#5280,.F.);
#4255=ORIENTED_EDGE('',*,*,#5283,.F.);
#4256=ORIENTED_EDGE('',*,*,#5272,.T.);
#4257=CARTESIAN_POINT('',(0.92,-2.2,-8.787564434702));
#4258=DIRECTION('',(-1.0,0.0,-0.0));
#4259=DIRECTION('',(0.0,0.0,-1.0));
#4260=ORIENTED_EDGE('',*,*,#5283,.T.);
#4261=ORIENTED_EDGE('',*,*,#5279,.F.);
#4262=ORIENTED_EDGE('',*,*,#5284,.F.);
#4263=ORIENTED_EDGE('',*,*,#5273,.T.);
#4264=CARTESIAN_POINT('',(0.92,-0.1,-10.0));
#4265=DIRECTION('',(0.0,0.0,-1.0));
#4266=DIRECTION('',(0.0,-1.0,0.0));
#4267=ORIENTED_EDGE('',*,*,#5284,.T.);
#4268=ORIENTED_EDGE('',*,*,#5278,.F.);
#4269=ORIENTED_EDGE('',*,*,#5276,.F.);
#4270=ORIENTED_EDGE('',*,*,#5274,.T.);
#4271=CARTESIAN_POINT('',(0.92,-2.4,-8.787564434702));
#4272=DIRECTION('',(-1.0,0.0,-0.0));
#4273=DIRECTION('',(0.0,0.0,-1.0));
#4274=ORIENTED_EDGE('',*,*,#5285,.F.);
#4275=ORIENTED_EDGE('',*,*,#5286,.F.);
#4276=ORIENTED_EDGE('',*,*,#5287,.F.);
#4277=ORIENTED_EDGE('',*,*,#5288,.F.);
#4278=ORIENTED_EDGE('',*,*,#5289,.F.);
#4279=ORIENTED_EDGE('',*,*,#5230,.T.);
#4280=CARTESIAN_POINT('',(-4.16,0.0,0.0));
#4281=DIRECTION('',(1.0,0.0,0.0));
#4282=DIRECTION('',(0.0,1.0,0.0));
#4283=ORIENTED_EDGE('',*,*,#5289,.T.);
#4284=ORIENTED_EDGE('',*,*,#5290,.T.);
#4285=ORIENTED_EDGE('',*,*,#5291,.F.);
#4286=ORIENTED_EDGE('',*,*,#5227,.F.);
#4287=CARTESIAN_POINT('',(-4.16,-0.1,-7.0));
#4288=DIRECTION('',(0.0,-1.0,0.0));
#4289=DIRECTION('',(0.0,0.0,-1.0));
#4290=ORIENTED_EDGE('',*,*,#5291,.T.);
#4291=ORIENTED_EDGE('',*,*,#5292,.T.);
#4292=ORIENTED_EDGE('',*,*,#5293,.T.);
#4293=ORIENTED_EDGE('',*,*,#5294,.T.);
#4294=ORIENTED_EDGE('',*,*,#5295,.T.);
#4295=ORIENTED_EDGE('',*,*,#5228,.F.);
#4296=CARTESIAN_POINT('',(-3.46,0.0,0.0));
#4297=DIRECTION('',(1.0,0.0,0.0));
#4298=DIRECTION('',(0.0,1.0,0.0));
#4299=ORIENTED_EDGE('',*,*,#5295,.F.);
#4300=ORIENTED_EDGE('',*,*,#5296,.F.);
#4301=ORIENTED_EDGE('',*,*,#5285,.T.);
#4302=ORIENTED_EDGE('',*,*,#5229,.T.);
#4303=CARTESIAN_POINT('',(-4.16,0.1,-7.575128869404));
#4304=DIRECTION('',(-0.0,1.0,0.0));
#4305=DIRECTION('',(1.0,0.0,0.0));
#4306=ORIENTED_EDGE('',*,*,#5296,.T.);
#4307=ORIENTED_EDGE('',*,*,#5294,.F.);
#4308=ORIENTED_EDGE('',*,*,#5297,.F.);
#4309=ORIENTED_EDGE('',*,*,#5286,.T.);
#4310=CARTESIAN_POINT('',(-4.16,-2.2,-8.787564434702));
#4311=DIRECTION('',(-1.0,0.0,-0.0));
#4312=DIRECTION('',(0.0,0.0,-1.0));
#4313=ORIENTED_EDGE('',*,*,#5297,.T.);
#4314=ORIENTED_EDGE('',*,*,#5293,.F.);
#4315=ORIENTED_EDGE('',*,*,#5298,.F.);
#4316=ORIENTED_EDGE('',*,*,#5287,.T.);
#4317=CARTESIAN_POINT('',(-4.16,-0.1,-10.0));
#4318=DIRECTION('',(0.0,0.0,-1.0));
#4319=DIRECTION('',(0.0,-1.0,0.0));
#4320=ORIENTED_EDGE('',*,*,#5298,.T.);
#4321=ORIENTED_EDGE('',*,*,#5292,.F.);
#4322=ORIENTED_EDGE('',*,*,#5290,.F.);
#4323=ORIENTED_EDGE('',*,*,#5288,.T.);
#4324=CARTESIAN_POINT('',(-4.16,-2.4,-8.787564434702));
#4325=DIRECTION('',(-1.0,0.0,-0.0));
#4326=DIRECTION('',(0.0,0.0,-1.0));
#4327=ORIENTED_EDGE('',*,*,#5299,.F.);
#4328=ORIENTED_EDGE('',*,*,#5300,.F.);
#4329=ORIENTED_EDGE('',*,*,#5301,.F.);
#4330=ORIENTED_EDGE('',*,*,#5302,.F.);
#4331=ORIENTED_EDGE('',*,*,#5303,.F.);
#4332=ORIENTED_EDGE('',*,*,#5234,.T.);
#4333=CARTESIAN_POINT('',(3.46,0.0,0.0));
#4334=DIRECTION('',(1.0,0.0,0.0));
#4335=DIRECTION('',(0.0,1.0,0.0));
#4336=ORIENTED_EDGE('',*,*,#5304,.T.);
#4337=ORIENTED_EDGE('',*,*,#5305,.F.);
#4338=ORIENTED_EDGE('',*,*,#5231,.F.);
#4339=ORIENTED_EDGE('',*,*,#5303,.T.);
#4340=CARTESIAN_POINT('',(3.46,-0.1,-7.0));
#4341=DIRECTION('',(0.0,-1.0,0.0));
#4342=DIRECTION('',(0.0,0.0,-1.0));
#4343=ORIENTED_EDGE('',*,*,#5305,.T.);
#4344=ORIENTED_EDGE('',*,*,#5306,.T.);
#4345=ORIENTED_EDGE('',*,*,#5307,.T.);
#4346=ORIENTED_EDGE('',*,*,#5308,.T.);
#4347=ORIENTED_EDGE('',*,*,#5309,.T.);
#4348=ORIENTED_EDGE('',*,*,#5232,.F.);
#4349=CARTESIAN_POINT('',(4.16,0.0,0.0));
#4350=DIRECTION('',(1.0,0.0,0.0));
#4351=DIRECTION('',(0.0,1.0,0.0));
#4352=ORIENTED_EDGE('',*,*,#5233,.T.);
#4353=ORIENTED_EDGE('',*,*,#5309,.F.);
#4354=ORIENTED_EDGE('',*,*,#5310,.F.);
#4355=ORIENTED_EDGE('',*,*,#5299,.T.);
#4356=CARTESIAN_POINT('',(3.46,0.1,-7.575128869404));
#4357=DIRECTION('',(-0.0,1.0,0.0));
#4358=DIRECTION('',(1.0,0.0,0.0));
#4359=ORIENTED_EDGE('',*,*,#5310,.T.);
#4360=ORIENTED_EDGE('',*,*,#5308,.F.);
#4361=ORIENTED_EDGE('',*,*,#5311,.F.);
#4362=ORIENTED_EDGE('',*,*,#5300,.T.);
#4363=CARTESIAN_POINT('',(3.46,2.4,-8.787564434702));
#4364=DIRECTION('',(-1.0,0.0,-0.0));
#4365=DIRECTION('',(0.0,0.0,-1.0));
#4366=ORIENTED_EDGE('',*,*,#5311,.T.);
#4367=ORIENTED_EDGE('',*,*,#5307,.F.);
#4368=ORIENTED_EDGE('',*,*,#5312,.F.);
#4369=ORIENTED_EDGE('',*,*,#5301,.T.);
#4370=CARTESIAN_POINT('',(3.46,-0.1,-10.0));
#4371=DIRECTION('',(0.0,0.0,-1.0));
#4372=DIRECTION('',(0.0,-1.0,0.0));
#4373=ORIENTED_EDGE('',*,*,#5312,.T.);
#4374=ORIENTED_EDGE('',*,*,#5306,.F.);
#4375=ORIENTED_EDGE('',*,*,#5304,.F.);
#4376=ORIENTED_EDGE('',*,*,#5302,.T.);
#4377=CARTESIAN_POINT('',(3.46,2.2,-8.787564434702));
#4378=DIRECTION('',(-1.0,0.0,-0.0));
#4379=DIRECTION('',(0.0,0.0,-1.0));
#4380=ORIENTED_EDGE('',*,*,#5313,.F.);
#4381=ORIENTED_EDGE('',*,*,#5314,.F.);
#4382=ORIENTED_EDGE('',*,*,#5315,.F.);
#4383=ORIENTED_EDGE('',*,*,#5316,.F.);
#4384=ORIENTED_EDGE('',*,*,#5317,.F.);
#4385=ORIENTED_EDGE('',*,*,#5238,.T.);
#4386=CARTESIAN_POINT('',(-1.62,0.0,0.0));
#4387=DIRECTION('',(1.0,0.0,0.0));
#4388=DIRECTION('',(0.0,1.0,0.0));
#4389=ORIENTED_EDGE('',*,*,#5317,.T.);
#4390=ORIENTED_EDGE('',*,*,#5318,.T.);
#4391=ORIENTED_EDGE('',*,*,#5319,.F.);
#4392=ORIENTED_EDGE('',*,*,#5235,.F.);
#4393=CARTESIAN_POINT('',(-1.62,-0.1,-7.0));
#4394=DIRECTION('',(0.0,-1.0,0.0));
#4395=DIRECTION('',(0.0,0.0,-1.0));
#4396=ORIENTED_EDGE('',*,*,#5319,.T.);
#4397=ORIENTED_EDGE('',*,*,#5320,.T.);
#4398=ORIENTED_EDGE('',*,*,#5321,.T.);
#4399=ORIENTED_EDGE('',*,*,#5322,.T.);
#4400=ORIENTED_EDGE('',*,*,#5323,.T.);
#4401=ORIENTED_EDGE('',*,*,#5236,.F.);
#4402=CARTESIAN_POINT('',(-0.92,0.0,0.0));
#4403=DIRECTION('',(1.0,0.0,0.0));
#4404=DIRECTION('',(0.0,1.0,0.0));
#4405=ORIENTED_EDGE('',*,*,#5323,.F.);
#4406=ORIENTED_EDGE('',*,*,#5324,.F.);
#4407=ORIENTED_EDGE('',*,*,#5313,.T.);
#4408=ORIENTED_EDGE('',*,*,#5237,.T.);
#4409=CARTESIAN_POINT('',(-1.62,0.1,-7.575128869404));
#4410=DIRECTION('',(-0.0,1.0,0.0));
#4411=DIRECTION('',(1.0,0.0,0.0));
#4412=ORIENTED_EDGE('',*,*,#5324,.T.);
#4413=ORIENTED_EDGE('',*,*,#5322,.F.);
#4414=ORIENTED_EDGE('',*,*,#5325,.F.);
#4415=ORIENTED_EDGE('',*,*,#5314,.T.);
#4416=CARTESIAN_POINT('',(-1.62,2.4,-8.787564434702));
#4417=DIRECTION('',(-1.0,0.0,-0.0));
#4418=DIRECTION('',(0.0,0.0,-1.0));
#4419=ORIENTED_EDGE('',*,*,#5325,.T.);
#4420=ORIENTED_EDGE('',*,*,#5321,.F.);
#4421=ORIENTED_EDGE('',*,*,#5326,.F.);
#4422=ORIENTED_EDGE('',*,*,#5315,.T.);
#4423=CARTESIAN_POINT('',(-1.62,-0.1,-10.0));
#4424=DIRECTION('',(0.0,0.0,-1.0));
#4425=DIRECTION('',(0.0,-1.0,0.0));
#4426=ORIENTED_EDGE('',*,*,#5326,.T.);
#4427=ORIENTED_EDGE('',*,*,#5320,.F.);
#4428=ORIENTED_EDGE('',*,*,#5318,.F.);
#4429=ORIENTED_EDGE('',*,*,#5316,.T.);
#4430=CARTESIAN_POINT('',(-1.62,2.2,-8.787564434702));
#4431=DIRECTION('',(-1.0,0.0,-0.0));
#4432=DIRECTION('',(0.0,0.0,-1.0));
#4433=ORIENTED_EDGE('',*,*,#5327,.F.);
#4434=ORIENTED_EDGE('',*,*,#5328,.F.);
#4435=ORIENTED_EDGE('',*,*,#5329,.F.);
#4436=ORIENTED_EDGE('',*,*,#5330,.F.);
#4437=ORIENTED_EDGE('',*,*,#5331,.F.);
#4438=ORIENTED_EDGE('',*,*,#5242,.T.);
#4439=CARTESIAN_POINT('',(-6.7,0.0,0.0));
#4440=DIRECTION('',(1.0,0.0,0.0));
#4441=DIRECTION('',(0.0,1.0,0.0));
#4442=ORIENTED_EDGE('',*,*,#5331,.T.);
#4443=ORIENTED_EDGE('',*,*,#5332,.T.);
#4444=ORIENTED_EDGE('',*,*,#5333,.F.);
#4445=ORIENTED_EDGE('',*,*,#5239,.F.);
#4446=CARTESIAN_POINT('',(-6.7,-0.1,-7.0));
#4447=DIRECTION('',(0.0,-1.0,0.0));
#4448=DIRECTION('',(0.0,0.0,-1.0));
#4449=ORIENTED_EDGE('',*,*,#5333,.T.);
#4450=ORIENTED_EDGE('',*,*,#5334,.T.);
#4451=ORIENTED_EDGE('',*,*,#5335,.T.);
#4452=ORIENTED_EDGE('',*,*,#5336,.T.);
#4453=ORIENTED_EDGE('',*,*,#5337,.T.);
#4454=ORIENTED_EDGE('',*,*,#5240,.F.);
#4455=CARTESIAN_POINT('',(-6.0,0.0,0.0));
#4456=DIRECTION('',(1.0,0.0,0.0));
#4457=DIRECTION('',(0.0,1.0,0.0));
#4458=ORIENTED_EDGE('',*,*,#5337,.F.);
#4459=ORIENTED_EDGE('',*,*,#5338,.F.);
#4460=ORIENTED_EDGE('',*,*,#5327,.T.);
#4461=ORIENTED_EDGE('',*,*,#5241,.T.);
#4462=CARTESIAN_POINT('',(-6.7,0.1,-7.575128869404));
#4463=DIRECTION('',(-0.0,1.0,0.0));
#4464=DIRECTION('',(1.0,0.0,0.0));
#4465=ORIENTED_EDGE('',*,*,#5338,.T.);
#4466=ORIENTED_EDGE('',*,*,#5336,.F.);
#4467=ORIENTED_EDGE('',*,*,#5339,.F.);
#4468=ORIENTED_EDGE('',*,*,#5328,.T.);
#4469=CARTESIAN_POINT('',(-6.7,2.4,-8.787564434702));
#4470=DIRECTION('',(-1.0,0.0,-0.0));
#4471=DIRECTION('',(0.0,0.0,-1.0));
#4472=ORIENTED_EDGE('',*,*,#5339,.T.);
#4473=ORIENTED_EDGE('',*,*,#5335,.F.);
#4474=ORIENTED_EDGE('',*,*,#5340,.F.);
#4475=ORIENTED_EDGE('',*,*,#5329,.T.);
#4476=CARTESIAN_POINT('',(-6.7,-0.1,-10.0));
#4477=DIRECTION('',(0.0,0.0,-1.0));
#4478=DIRECTION('',(0.0,-1.0,0.0));
#4479=ORIENTED_EDGE('',*,*,#5340,.T.);
#4480=ORIENTED_EDGE('',*,*,#5334,.F.);
#4481=ORIENTED_EDGE('',*,*,#5332,.F.);
#4482=ORIENTED_EDGE('',*,*,#5330,.T.);
#4483=CARTESIAN_POINT('',(-6.7,2.2,-8.787564434702));
#4484=DIRECTION('',(-1.0,0.0,-0.0));
#4485=DIRECTION('',(0.0,0.0,-1.0));
#4486=ORIENTED_EDGE('',*,*,#5341,.F.);
#4487=ORIENTED_EDGE('',*,*,#5163,.F.);
#4488=ORIENTED_EDGE('',*,*,#5342,.F.);
#4489=ORIENTED_EDGE('',*,*,#5343,.T.);
#4490=CARTESIAN_POINT('',(-27.486864,0.655,-0.05));
#4491=DIRECTION('',(-1.0,0.0,0.0));
#4492=DIRECTION('',(0.0,0.0,1.0));
#4493=ORIENTED_EDGE('',*,*,#5343,.F.);
#4494=ORIENTED_EDGE('',*,*,#5344,.T.);
#4495=ORIENTED_EDGE('',*,*,#5345,.T.);
#4496=ORIENTED_EDGE('',*,*,#5346,.F.);
#4497=CARTESIAN_POINT('',(7.28,0.605,0.0));
#4498=DIRECTION('',(-0.0,1.0,0.0));
#4499=DIRECTION('',(1.0,0.0,0.0));
#4500=ORIENTED_EDGE('',*,*,#5347,.F.);
#4501=ORIENTED_EDGE('',*,*,#5348,.F.);
#4502=ORIENTED_EDGE('',*,*,#5346,.T.);
#4503=ORIENTED_EDGE('',*,*,#5349,.F.);
#4504=CARTESIAN_POINT('',(7.18,0.505,9.1252));
#4505=DIRECTION('',(-0.0,0.0,1.0));
#4506=DIRECTION('',(0.0,1.0,0.0));
#4507=ORIENTED_EDGE('',*,*,#5345,.F.);
#4508=ORIENTED_EDGE('',*,*,#5350,.T.);
#4509=ORIENTED_EDGE('',*,*,#5351,.F.);
#4510=ORIENTED_EDGE('',*,*,#5352,.T.);
#4511=ORIENTED_EDGE('',*,*,#5353,.F.);
#4512=ORIENTED_EDGE('',*,*,#5354,.T.);
#4513=ORIENTED_EDGE('',*,*,#5355,.F.);
#4514=ORIENTED_EDGE('',*,*,#5349,.T.);
#4515=CARTESIAN_POINT('',(0.0,0.0,-0.4));
#4516=DIRECTION('',(0.0,0.0,1.0));
#4517=DIRECTION('',(1.0,0.0,0.0));
#4518=ORIENTED_EDGE('',*,*,#5355,.T.);
#4519=ORIENTED_EDGE('',*,*,#5356,.F.);
#4520=ORIENTED_EDGE('',*,*,#5357,.F.);
#4521=ORIENTED_EDGE('',*,*,#5347,.T.);
#4522=CARTESIAN_POINT('',(7.28,-0.805,0.0));
#4523=DIRECTION('',(1.0,0.0,0.0));
#4524=DIRECTION('',(0.0,1.0,0.0));
#4525=ORIENTED_EDGE('',*,*,#5358,.F.);
#4526=ORIENTED_EDGE('',*,*,#5357,.T.);
#4527=ORIENTED_EDGE('',*,*,#5359,.F.);
#4528=ORIENTED_EDGE('',*,*,#5157,.F.);
#4529=CARTESIAN_POINT('',(7.58,4.545072,-0.3));
#4530=DIRECTION('',(0.0,1.0,-0.0));
#4531=DIRECTION('',(0.0,0.0,1.0));
#4532=ORIENTED_EDGE('',*,*,#5359,.T.);
#4533=ORIENTED_EDGE('',*,*,#5360,.T.);
#4534=ORIENTED_EDGE('',*,*,#5361,.T.);
#4535=ORIENTED_EDGE('',*,*,#5158,.F.);
#4536=ORIENTED_EDGE('',*,*,#5361,.F.);
#4537=ORIENTED_EDGE('',*,*,#5362,.T.);
#4538=ORIENTED_EDGE('',*,*,#5363,.F.);
#4539=ORIENTED_EDGE('',*,*,#5159,.F.);
#4540=CARTESIAN_POINT('',(27.486864,-1.005,-0.2));
#4541=DIRECTION('',(1.0,-0.0,0.0));
#4542=DIRECTION('',(0.0,0.0,1.0));
#4543=ORIENTED_EDGE('',*,*,#5363,.T.);
#4544=ORIENTED_EDGE('',*,*,#5364,.T.);
#4545=ORIENTED_EDGE('',*,*,#5365,.T.);
#4546=ORIENTED_EDGE('',*,*,#5160,.F.);
#4547=ORIENTED_EDGE('',*,*,#5366,.F.);
#4548=ORIENTED_EDGE('',*,*,#5161,.F.);
#4549=ORIENTED_EDGE('',*,*,#5365,.F.);
#4550=ORIENTED_EDGE('',*,*,#5367,.T.);
#4551=CARTESIAN_POINT('',(5.12,-4.545072,-0.3));
#4552=DIRECTION('',(0.0,-1.0,0.0));
#4553=DIRECTION('',(0.0,0.0,1.0));
#4554=ORIENTED_EDGE('',*,*,#5367,.F.);
#4555=ORIENTED_EDGE('',*,*,#5368,.T.);
#4556=ORIENTED_EDGE('',*,*,#5351,.T.);
#4557=ORIENTED_EDGE('',*,*,#5369,.F.);
#4558=CARTESIAN_POINT('',(5.42,0.605,0.0));
#4559=DIRECTION('',(-1.0,0.0,0.0));
#4560=DIRECTION('',(0.0,0.0,1.0));
#4561=ORIENTED_EDGE('',*,*,#5344,.F.);
#4562=ORIENTED_EDGE('',*,*,#5370,.F.);
#4563=ORIENTED_EDGE('',*,*,#5369,.T.);
#4564=ORIENTED_EDGE('',*,*,#5350,.F.);
#4565=CARTESIAN_POINT('',(5.52,0.505,9.1252));
#4566=DIRECTION('',(0.0,0.0,1.0));
#4567=DIRECTION('',(-1.0,0.0,0.0));
#4568=ORIENTED_EDGE('',*,*,#5366,.T.);
#4569=ORIENTED_EDGE('',*,*,#5370,.T.);
#4570=ORIENTED_EDGE('',*,*,#5342,.T.);
#4571=ORIENTED_EDGE('',*,*,#5162,.F.);
#4572=ORIENTED_EDGE('',*,*,#5368,.F.);
#4573=ORIENTED_EDGE('',*,*,#5364,.F.);
#4574=ORIENTED_EDGE('',*,*,#5371,.T.);
#4575=ORIENTED_EDGE('',*,*,#5352,.F.);
#4576=CARTESIAN_POINT('',(5.72,-0.505,9.1252));
#4577=DIRECTION('',(-0.0,0.0,1.0));
#4578=DIRECTION('',(0.0,-1.0,0.0));
#4579=ORIENTED_EDGE('',*,*,#5372,.T.);
#4580=ORIENTED_EDGE('',*,*,#5353,.T.);
#4581=ORIENTED_EDGE('',*,*,#5371,.F.);
#4582=ORIENTED_EDGE('',*,*,#5362,.F.);
#4583=CARTESIAN_POINT('',(5.42,-0.805,0.0));
#4584=DIRECTION('',(0.0,-1.0,0.0));
#4585=DIRECTION('',(0.0,0.0,-1.0));
#4586=ORIENTED_EDGE('',*,*,#5372,.F.);
#4587=ORIENTED_EDGE('',*,*,#5360,.F.);
#4588=ORIENTED_EDGE('',*,*,#5356,.T.);
#4589=ORIENTED_EDGE('',*,*,#5354,.F.);
#4590=CARTESIAN_POINT('',(6.98,-0.505,9.1252));
#4591=DIRECTION('',(-0.0,0.0,1.0));
#4592=DIRECTION('',(1.0,0.0,0.0));
#4593=ORIENTED_EDGE('',*,*,#5341,.T.);
#4594=ORIENTED_EDGE('',*,*,#5348,.T.);
#4595=ORIENTED_EDGE('',*,*,#5358,.T.);
#4596=ORIENTED_EDGE('',*,*,#5156,.F.);
#4597=ORIENTED_EDGE('',*,*,#5373,.F.);
#4598=ORIENTED_EDGE('',*,*,#5171,.F.);
#4599=ORIENTED_EDGE('',*,*,#5374,.F.);
#4600=ORIENTED_EDGE('',*,*,#5375,.T.);
#4601=CARTESIAN_POINT('',(26.43448483375,-1.005,-0.2));
#4602=DIRECTION('',(1.0,-0.0,0.0));
#4603=DIRECTION('',(0.0,0.0,1.0));
#4604=ORIENTED_EDGE('',*,*,#5375,.F.);
#4605=ORIENTED_EDGE('',*,*,#5376,.T.);
#4606=ORIENTED_EDGE('',*,*,#5377,.T.);
#4607=ORIENTED_EDGE('',*,*,#5378,.F.);
#4608=CARTESIAN_POINT('',(0.34,-0.805,0.0));
#4609=DIRECTION('',(0.0,-1.0,0.0));
#4610=DIRECTION('',(0.0,0.0,-1.0));
#4611=ORIENTED_EDGE('',*,*,#5379,.F.);
#4612=ORIENTED_EDGE('',*,*,#5380,.F.);
#4613=ORIENTED_EDGE('',*,*,#5378,.T.);
#4614=ORIENTED_EDGE('',*,*,#5381,.F.);
#4615=CARTESIAN_POINT('',(0.64,-0.505,9.125200471202));
#4616=DIRECTION('',(-0.0,0.0,1.0));
#4617=DIRECTION('',(0.0,-1.0,0.0));
#4618=ORIENTED_EDGE('',*,*,#5377,.F.);
#4619=ORIENTED_EDGE('',*,*,#5382,.T.);
#4620=ORIENTED_EDGE('',*,*,#5383,.F.);
#4621=ORIENTED_EDGE('',*,*,#5384,.T.);
#4622=ORIENTED_EDGE('',*,*,#5385,.F.);
#4623=ORIENTED_EDGE('',*,*,#5386,.T.);
#4624=ORIENTED_EDGE('',*,*,#5387,.F.);
#4625=ORIENTED_EDGE('',*,*,#5381,.T.);
#4626=CARTESIAN_POINT('',(-5.08,0.0,-0.4));
#4627=DIRECTION('',(0.0,0.0,1.0));
#4628=DIRECTION('',(1.0,0.0,0.0));
#4629=ORIENTED_EDGE('',*,*,#5387,.T.);
#4630=ORIENTED_EDGE('',*,*,#5388,.F.);
#4631=ORIENTED_EDGE('',*,*,#5389,.F.);
#4632=ORIENTED_EDGE('',*,*,#5379,.T.);
#4633=CARTESIAN_POINT('',(0.34,0.605,0.0));
#4634=DIRECTION('',(-1.0,0.0,0.0));
#4635=DIRECTION('',(0.0,0.0,1.0));
#4636=ORIENTED_EDGE('',*,*,#5390,.F.);
#4637=ORIENTED_EDGE('',*,*,#5389,.T.);
#4638=ORIENTED_EDGE('',*,*,#5391,.F.);
#4639=ORIENTED_EDGE('',*,*,#5165,.F.);
#4640=CARTESIAN_POINT('',(0.04,-4.545072,-0.3));
#4641=DIRECTION('',(0.0,-1.0,0.0));
#4642=DIRECTION('',(0.0,0.0,1.0));
#4643=ORIENTED_EDGE('',*,*,#5391,.T.);
#4644=ORIENTED_EDGE('',*,*,#5392,.T.);
#4645=ORIENTED_EDGE('',*,*,#5393,.T.);
#4646=ORIENTED_EDGE('',*,*,#5166,.F.);
#4647=ORIENTED_EDGE('',*,*,#5394,.F.);
#4648=ORIENTED_EDGE('',*,*,#5167,.F.);
#4649=ORIENTED_EDGE('',*,*,#5393,.F.);
#4650=ORIENTED_EDGE('',*,*,#5395,.T.);
#4651=CARTESIAN_POINT('',(-24.16469762009,0.655,-0.05));
#4652=DIRECTION('',(-1.0,0.0,0.0));
#4653=DIRECTION('',(0.0,0.0,1.0));
#4654=ORIENTED_EDGE('',*,*,#5395,.F.);
#4655=ORIENTED_EDGE('',*,*,#5396,.T.);
#4656=ORIENTED_EDGE('',*,*,#5385,.T.);
#4657=ORIENTED_EDGE('',*,*,#5397,.F.);
#4658=CARTESIAN_POINT('',(2.2,0.605,0.0));
#4659=DIRECTION('',(-0.0,1.0,0.0));
#4660=DIRECTION('',(1.0,0.0,0.0));
#4661=ORIENTED_EDGE('',*,*,#5398,.F.);
#4662=ORIENTED_EDGE('',*,*,#5399,.F.);
#4663=ORIENTED_EDGE('',*,*,#5397,.T.);
#4664=ORIENTED_EDGE('',*,*,#5384,.F.);
#4665=CARTESIAN_POINT('',(2.1,0.505,9.125200471202));
#4666=DIRECTION('',(-0.0,0.0,1.0));
#4667=DIRECTION('',(0.0,1.0,0.0));
#4668=ORIENTED_EDGE('',*,*,#5394,.T.);
#4669=ORIENTED_EDGE('',*,*,#5399,.T.);
#4670=ORIENTED_EDGE('',*,*,#5400,.T.);
#4671=ORIENTED_EDGE('',*,*,#5168,.F.);
#4672=ORIENTED_EDGE('',*,*,#5401,.F.);
#4673=ORIENTED_EDGE('',*,*,#5169,.F.);
#4674=ORIENTED_EDGE('',*,*,#5400,.F.);
#4675=ORIENTED_EDGE('',*,*,#5402,.T.);
#4676=CARTESIAN_POINT('',(2.5,4.545072,-0.3));
#4677=DIRECTION('',(0.0,1.0,-0.0));
#4678=DIRECTION('',(0.0,0.0,1.0));
#4679=ORIENTED_EDGE('',*,*,#5402,.F.);
#4680=ORIENTED_EDGE('',*,*,#5398,.T.);
#4681=ORIENTED_EDGE('',*,*,#5383,.T.);
#4682=ORIENTED_EDGE('',*,*,#5403,.F.);
#4683=CARTESIAN_POINT('',(2.2,-0.805,0.0));
#4684=DIRECTION('',(1.0,0.0,0.0));
#4685=DIRECTION('',(0.0,1.0,0.0));
#4686=ORIENTED_EDGE('',*,*,#5376,.F.);
#4687=ORIENTED_EDGE('',*,*,#5404,.F.);
#4688=ORIENTED_EDGE('',*,*,#5403,.T.);
#4689=ORIENTED_EDGE('',*,*,#5382,.F.);
#4690=CARTESIAN_POINT('',(1.9,-0.505,9.125200471202));
#4691=DIRECTION('',(-0.0,0.0,1.0));
#4692=DIRECTION('',(1.0,0.0,0.0));
#4693=ORIENTED_EDGE('',*,*,#5401,.T.);
#4694=ORIENTED_EDGE('',*,*,#5404,.T.);
#4695=ORIENTED_EDGE('',*,*,#5374,.T.);
#4696=ORIENTED_EDGE('',*,*,#5170,.F.);
#4697=ORIENTED_EDGE('',*,*,#5396,.F.);
#4698=ORIENTED_EDGE('',*,*,#5392,.F.);
#4699=ORIENTED_EDGE('',*,*,#5388,.T.);
#4700=ORIENTED_EDGE('',*,*,#5386,.F.);
#4701=CARTESIAN_POINT('',(0.44,0.505,9.125200471202));
#4702=DIRECTION('',(0.0,0.0,1.0));
#4703=DIRECTION('',(-1.0,0.0,0.0));
#4704=ORIENTED_EDGE('',*,*,#5373,.T.);
#4705=ORIENTED_EDGE('',*,*,#5380,.T.);
#4706=ORIENTED_EDGE('',*,*,#5390,.T.);
#4707=ORIENTED_EDGE('',*,*,#5164,.F.);
#4708=ORIENTED_EDGE('',*,*,#5405,.F.);
#4709=ORIENTED_EDGE('',*,*,#5179,.F.);
#4710=ORIENTED_EDGE('',*,*,#5406,.F.);
#4711=ORIENTED_EDGE('',*,*,#5407,.T.);
#4712=CARTESIAN_POINT('',(22.29593286078,-1.005,-0.2));
#4713=DIRECTION('',(1.0,-0.0,0.0));
#4714=DIRECTION('',(0.0,0.0,1.0));
#4715=ORIENTED_EDGE('',*,*,#5407,.F.);
#4716=ORIENTED_EDGE('',*,*,#5408,.T.);
#4717=ORIENTED_EDGE('',*,*,#5409,.T.);
#4718=ORIENTED_EDGE('',*,*,#5410,.F.);
#4719=CARTESIAN_POINT('',(-4.74,-0.805,0.0));
#4720=DIRECTION('',(0.0,-1.0,0.0));
#4721=DIRECTION('',(0.0,0.0,-1.0));
#4722=ORIENTED_EDGE('',*,*,#5411,.F.);
#4723=ORIENTED_EDGE('',*,*,#5412,.F.);
#4724=ORIENTED_EDGE('',*,*,#5410,.T.);
#4725=ORIENTED_EDGE('',*,*,#5413,.F.);
#4726=CARTESIAN_POINT('',(-4.44,-0.505,9.125200471202));
#4727=DIRECTION('',(-0.0,0.0,1.0));
#4728=DIRECTION('',(0.0,-1.0,0.0));
#4729=ORIENTED_EDGE('',*,*,#5409,.F.);
#4730=ORIENTED_EDGE('',*,*,#5414,.T.);
#4731=ORIENTED_EDGE('',*,*,#5415,.F.);
#4732=ORIENTED_EDGE('',*,*,#5416,.T.);
#4733=ORIENTED_EDGE('',*,*,#5417,.F.);
#4734=ORIENTED_EDGE('',*,*,#5418,.T.);
#4735=ORIENTED_EDGE('',*,*,#5419,.F.);
#4736=ORIENTED_EDGE('',*,*,#5413,.T.);
#4737=CARTESIAN_POINT('',(-10.16,0.0,-0.4));
#4738=DIRECTION('',(0.0,0.0,1.0));
#4739=DIRECTION('',(1.0,0.0,0.0));
#4740=ORIENTED_EDGE('',*,*,#5419,.T.);
#4741=ORIENTED_EDGE('',*,*,#5420,.F.);
#4742=ORIENTED_EDGE('',*,*,#5421,.F.);
#4743=ORIENTED_EDGE('',*,*,#5411,.T.);
#4744=CARTESIAN_POINT('',(-4.74,0.605,0.0));
#4745=DIRECTION('',(-1.0,0.0,0.0));
#4746=DIRECTION('',(0.0,0.0,1.0));
#4747=ORIENTED_EDGE('',*,*,#5422,.F.);
#4748=ORIENTED_EDGE('',*,*,#5421,.T.);
#4749=ORIENTED_EDGE('',*,*,#5423,.F.);
#4750=ORIENTED_EDGE('',*,*,#5173,.F.);
#4751=CARTESIAN_POINT('',(-5.04,-4.545072,-0.3));
#4752=DIRECTION('',(0.0,-1.0,0.0));
#4753=DIRECTION('',(0.0,0.0,1.0));
#4754=ORIENTED_EDGE('',*,*,#5423,.T.);
#4755=ORIENTED_EDGE('',*,*,#5424,.T.);
#4756=ORIENTED_EDGE('',*,*,#5425,.T.);
#4757=ORIENTED_EDGE('',*,*,#5174,.F.);
#4758=ORIENTED_EDGE('',*,*,#5426,.F.);
#4759=ORIENTED_EDGE('',*,*,#5175,.F.);
#4760=ORIENTED_EDGE('',*,*,#5425,.F.);
#4761=ORIENTED_EDGE('',*,*,#5427,.T.);
#4762=CARTESIAN_POINT('',(-27.486864,0.655,-0.05));
#4763=DIRECTION('',(-1.0,0.0,0.0));
#4764=DIRECTION('',(0.0,0.0,1.0));
#4765=ORIENTED_EDGE('',*,*,#5427,.F.);
#4766=ORIENTED_EDGE('',*,*,#5428,.T.);
#4767=ORIENTED_EDGE('',*,*,#5417,.T.);
#4768=ORIENTED_EDGE('',*,*,#5429,.F.);
#4769=CARTESIAN_POINT('',(-2.88,0.605,0.0));
#4770=DIRECTION('',(-0.0,1.0,0.0));
#4771=DIRECTION('',(1.0,0.0,0.0));
#4772=ORIENTED_EDGE('',*,*,#5430,.F.);
#4773=ORIENTED_EDGE('',*,*,#5431,.F.);
#4774=ORIENTED_EDGE('',*,*,#5429,.T.);
#4775=ORIENTED_EDGE('',*,*,#5416,.F.);
#4776=CARTESIAN_POINT('',(-2.98,0.505,9.125200471202));
#4777=DIRECTION('',(-0.0,0.0,1.0));
#4778=DIRECTION('',(0.0,1.0,0.0));
#4779=ORIENTED_EDGE('',*,*,#5426,.T.);
#4780=ORIENTED_EDGE('',*,*,#5431,.T.);
#4781=ORIENTED_EDGE('',*,*,#5432,.T.);
#4782=ORIENTED_EDGE('',*,*,#5176,.F.);
#4783=ORIENTED_EDGE('',*,*,#5433,.F.);
#4784=ORIENTED_EDGE('',*,*,#5177,.F.);
#4785=ORIENTED_EDGE('',*,*,#5432,.F.);
#4786=ORIENTED_EDGE('',*,*,#5434,.T.);
#4787=CARTESIAN_POINT('',(-2.58,4.545072,-0.3));
#4788=DIRECTION('',(0.0,1.0,-0.0));
#4789=DIRECTION('',(0.0,0.0,1.0));
#4790=ORIENTED_EDGE('',*,*,#5434,.F.);
#4791=ORIENTED_EDGE('',*,*,#5430,.T.);
#4792=ORIENTED_EDGE('',*,*,#5415,.T.);
#4793=ORIENTED_EDGE('',*,*,#5435,.F.);
#4794=CARTESIAN_POINT('',(-2.88,-0.805,0.0));
#4795=DIRECTION('',(1.0,0.0,0.0));
#4796=DIRECTION('',(0.0,1.0,0.0));
#4797=ORIENTED_EDGE('',*,*,#5408,.F.);
#4798=ORIENTED_EDGE('',*,*,#5436,.F.);
#4799=ORIENTED_EDGE('',*,*,#5435,.T.);
#4800=ORIENTED_EDGE('',*,*,#5414,.F.);
#4801=CARTESIAN_POINT('',(-3.18,-0.505,9.125200471202));
#4802=DIRECTION('',(-0.0,0.0,1.0));
#4803=DIRECTION('',(1.0,0.0,0.0));
#4804=ORIENTED_EDGE('',*,*,#5433,.T.);
#4805=ORIENTED_EDGE('',*,*,#5436,.T.);
#4806=ORIENTED_EDGE('',*,*,#5406,.T.);
#4807=ORIENTED_EDGE('',*,*,#5178,.F.);
#4808=ORIENTED_EDGE('',*,*,#5428,.F.);
#4809=ORIENTED_EDGE('',*,*,#5424,.F.);
#4810=ORIENTED_EDGE('',*,*,#5420,.T.);
#4811=ORIENTED_EDGE('',*,*,#5418,.F.);
#4812=CARTESIAN_POINT('',(-4.64,0.505,9.125200471202));
#4813=DIRECTION('',(0.0,0.0,1.0));
#4814=DIRECTION('',(-1.0,0.0,0.0));
#4815=ORIENTED_EDGE('',*,*,#5405,.T.);
#4816=ORIENTED_EDGE('',*,*,#5412,.T.);
#4817=ORIENTED_EDGE('',*,*,#5422,.T.);
#4818=ORIENTED_EDGE('',*,*,#5172,.F.);
#4819=ORIENTED_EDGE('',*,*,#5437,.F.);
#4820=ORIENTED_EDGE('',*,*,#5438,.T.);
#4821=ORIENTED_EDGE('',*,*,#5439,.F.);
#4822=ORIENTED_EDGE('',*,*,#5187,.F.);
#4823=CARTESIAN_POINT('',(27.486864,-0.655,-0.05));
#4824=DIRECTION('',(1.0,-0.0,0.0));
#4825=DIRECTION('',(0.0,0.0,1.0));
#4826=ORIENTED_EDGE('',*,*,#5439,.T.);
#4827=ORIENTED_EDGE('',*,*,#5440,.T.);
#4828=ORIENTED_EDGE('',*,*,#5441,.T.);
#4829=ORIENTED_EDGE('',*,*,#5180,.F.);
#4830=ORIENTED_EDGE('',*,*,#5441,.F.);
#4831=ORIENTED_EDGE('',*,*,#5442,.T.);
#4832=ORIENTED_EDGE('',*,*,#5443,.F.);
#4833=ORIENTED_EDGE('',*,*,#5181,.F.);
#4834=CARTESIAN_POINT('',(2.58,-4.545072,-0.3));
#4835=DIRECTION('',(0.0,-1.0,0.0));
#4836=DIRECTION('',(0.0,0.0,1.0));
#4837=ORIENTED_EDGE('',*,*,#5443,.T.);
#4838=ORIENTED_EDGE('',*,*,#5444,.T.);
#4839=ORIENTED_EDGE('',*,*,#5445,.T.);
#4840=ORIENTED_EDGE('',*,*,#5182,.F.);
#4841=ORIENTED_EDGE('',*,*,#5445,.F.);
#4842=ORIENTED_EDGE('',*,*,#5446,.T.);
#4843=ORIENTED_EDGE('',*,*,#5447,.F.);
#4844=ORIENTED_EDGE('',*,*,#5183,.F.);
#4845=CARTESIAN_POINT('',(-25.93714575909,1.005,-0.2));
#4846=DIRECTION('',(-1.0,0.0,0.0));
#4847=DIRECTION('',(0.0,0.0,1.0));
#4848=ORIENTED_EDGE('',*,*,#5447,.T.);
#4849=ORIENTED_EDGE('',*,*,#5448,.T.);
#4850=ORIENTED_EDGE('',*,*,#5449,.T.);
#4851=ORIENTED_EDGE('',*,*,#5184,.F.);
#4852=ORIENTED_EDGE('',*,*,#5450,.F.);
#4853=ORIENTED_EDGE('',*,*,#5185,.F.);
#4854=ORIENTED_EDGE('',*,*,#5449,.F.);
#4855=ORIENTED_EDGE('',*,*,#5451,.T.);
#4856=CARTESIAN_POINT('',(5.04,4.545072,-0.3));
#4857=DIRECTION('',(0.0,1.0,-0.0));
#4858=DIRECTION('',(0.0,0.0,1.0));
#4859=ORIENTED_EDGE('',*,*,#5451,.F.);
#4860=ORIENTED_EDGE('',*,*,#5452,.T.);
#4861=ORIENTED_EDGE('',*,*,#5453,.F.);
#4862=ORIENTED_EDGE('',*,*,#5454,.F.);
#4863=CARTESIAN_POINT('',(4.74,-0.605,0.0));
#4864=DIRECTION('',(1.0,0.0,0.0));
#4865=DIRECTION('',(0.0,1.0,0.0));
#4866=ORIENTED_EDGE('',*,*,#5455,.F.);
#4867=ORIENTED_EDGE('',*,*,#5456,.F.);
#4868=ORIENTED_EDGE('',*,*,#5454,.T.);
#4869=ORIENTED_EDGE('',*,*,#5457,.F.);
#4870=CARTESIAN_POINT('',(4.64,-0.505,9.125200471202));
#4871=DIRECTION('',(-0.0,0.0,1.0));
#4872=DIRECTION('',(1.0,0.0,0.0));
#4873=ORIENTED_EDGE('',*,*,#5453,.T.);
#4874=ORIENTED_EDGE('',*,*,#5458,.T.);
#4875=ORIENTED_EDGE('',*,*,#5459,.T.);
#4876=ORIENTED_EDGE('',*,*,#5460,.T.);
#4877=ORIENTED_EDGE('',*,*,#5461,.T.);
#4878=ORIENTED_EDGE('',*,*,#5462,.T.);
#4879=ORIENTED_EDGE('',*,*,#5463,.T.);
#4880=ORIENTED_EDGE('',*,*,#5457,.T.);
#4881=CARTESIAN_POINT('',(0.0,0.0,-0.4));
#4882=DIRECTION('',(0.0,0.0,1.0));
#4883=DIRECTION('',(1.0,0.0,0.0));
#4884=ORIENTED_EDGE('',*,*,#5463,.F.);
#4885=ORIENTED_EDGE('',*,*,#5464,.F.);
#4886=ORIENTED_EDGE('',*,*,#5438,.F.);
#4887=ORIENTED_EDGE('',*,*,#5455,.T.);
#4888=CARTESIAN_POINT('',(2.88,-0.605,0.0));
#4889=DIRECTION('',(0.0,-1.0,0.0));
#4890=DIRECTION('',(0.0,0.0,-1.0));
#4891=ORIENTED_EDGE('',*,*,#5465,.F.);
#4892=ORIENTED_EDGE('',*,*,#5440,.F.);
#4893=ORIENTED_EDGE('',*,*,#5464,.T.);
#4894=ORIENTED_EDGE('',*,*,#5462,.F.);
#4895=CARTESIAN_POINT('',(2.98,-0.505,9.125200471202));
#4896=DIRECTION('',(-0.0,0.0,1.0));
#4897=DIRECTION('',(0.0,-1.0,0.0));
#4898=ORIENTED_EDGE('',*,*,#5461,.F.);
#4899=ORIENTED_EDGE('',*,*,#5466,.F.);
#4900=ORIENTED_EDGE('',*,*,#5442,.F.);
#4901=ORIENTED_EDGE('',*,*,#5465,.T.);
#4902=CARTESIAN_POINT('',(2.88,0.805,0.0));
#4903=DIRECTION('',(-1.0,0.0,0.0));
#4904=DIRECTION('',(0.0,0.0,1.0));
#4905=ORIENTED_EDGE('',*,*,#5467,.F.);
#4906=ORIENTED_EDGE('',*,*,#5444,.F.);
#4907=ORIENTED_EDGE('',*,*,#5466,.T.);
#4908=ORIENTED_EDGE('',*,*,#5460,.F.);
#4909=CARTESIAN_POINT('',(3.18,0.505,9.125200471202));
#4910=DIRECTION('',(0.0,0.0,1.0));
#4911=DIRECTION('',(-1.0,0.0,0.0));
#4912=ORIENTED_EDGE('',*,*,#5467,.T.);
#4913=ORIENTED_EDGE('',*,*,#5459,.F.);
#4914=ORIENTED_EDGE('',*,*,#5468,.F.);
#4915=ORIENTED_EDGE('',*,*,#5446,.F.);
#4916=CARTESIAN_POINT('',(4.74,0.805,0.0));
#4917=DIRECTION('',(-0.0,1.0,0.0));
#4918=DIRECTION('',(1.0,0.0,0.0));
#4919=ORIENTED_EDGE('',*,*,#5452,.F.);
#4920=ORIENTED_EDGE('',*,*,#5448,.F.);
#4921=ORIENTED_EDGE('',*,*,#5468,.T.);
#4922=ORIENTED_EDGE('',*,*,#5458,.F.);
#4923=CARTESIAN_POINT('',(4.44,0.505,9.125200471202));
#4924=DIRECTION('',(-0.0,0.0,1.0));
#4925=DIRECTION('',(0.0,1.0,0.0));
#4926=ORIENTED_EDGE('',*,*,#5450,.T.);
#4927=ORIENTED_EDGE('',*,*,#5456,.T.);
#4928=ORIENTED_EDGE('',*,*,#5437,.T.);
#4929=ORIENTED_EDGE('',*,*,#5186,.F.);
#4930=ORIENTED_EDGE('',*,*,#5469,.F.);
#4931=ORIENTED_EDGE('',*,*,#5470,.T.);
#4932=ORIENTED_EDGE('',*,*,#5471,.F.);
#4933=ORIENTED_EDGE('',*,*,#5195,.F.);
#4934=CARTESIAN_POINT('',(-0.03999999999999,4.545072,-0.3));
#4935=DIRECTION('',(0.0,1.0,-0.0));
#4936=DIRECTION('',(0.0,0.0,1.0));
#4937=ORIENTED_EDGE('',*,*,#5471,.T.);
#4938=ORIENTED_EDGE('',*,*,#5472,.T.);
#4939=ORIENTED_EDGE('',*,*,#5473,.T.);
#4940=ORIENTED_EDGE('',*,*,#5188,.F.);
#4941=ORIENTED_EDGE('',*,*,#5473,.F.);
#4942=ORIENTED_EDGE('',*,*,#5474,.T.);
#4943=ORIENTED_EDGE('',*,*,#5475,.F.);
#4944=ORIENTED_EDGE('',*,*,#5189,.F.);
#4945=CARTESIAN_POINT('',(19.99005166163,-0.655,-0.05));
#4946=DIRECTION('',(1.0,-0.0,0.0));
#4947=DIRECTION('',(0.0,0.0,1.0));
#4948=ORIENTED_EDGE('',*,*,#5475,.T.);
#4949=ORIENTED_EDGE('',*,*,#5476,.T.);
#4950=ORIENTED_EDGE('',*,*,#5477,.T.);
#4951=ORIENTED_EDGE('',*,*,#5190,.F.);
#4952=ORIENTED_EDGE('',*,*,#5478,.F.);
#4953=ORIENTED_EDGE('',*,*,#5191,.F.);
#4954=ORIENTED_EDGE('',*,*,#5477,.F.);
#4955=ORIENTED_EDGE('',*,*,#5479,.T.);
#4956=CARTESIAN_POINT('',(-2.5,-4.545072,-0.3));
#4957=DIRECTION('',(0.0,-1.0,0.0));
#4958=DIRECTION('',(0.0,0.0,1.0));
#4959=ORIENTED_EDGE('',*,*,#5480,.F.);
#4960=ORIENTED_EDGE('',*,*,#5481,.F.);
#4961=ORIENTED_EDGE('',*,*,#5479,.F.);
#4962=ORIENTED_EDGE('',*,*,#5482,.T.);
#4963=CARTESIAN_POINT('',(-2.2,0.805,0.0));
#4964=DIRECTION('',(-1.0,0.0,0.0));
#4965=DIRECTION('',(0.0,0.0,1.0));
#4966=ORIENTED_EDGE('',*,*,#5482,.F.);
#4967=ORIENTED_EDGE('',*,*,#5476,.F.);
#4968=ORIENTED_EDGE('',*,*,#5483,.T.);
#4969=ORIENTED_EDGE('',*,*,#5484,.F.);
#4970=CARTESIAN_POINT('',(-2.1,-0.505,9.125200471202));
#4971=DIRECTION('',(-0.0,0.0,1.0));
#4972=DIRECTION('',(0.0,-1.0,0.0));
#4973=ORIENTED_EDGE('',*,*,#5485,.T.);
#4974=ORIENTED_EDGE('',*,*,#5486,.T.);
#4975=ORIENTED_EDGE('',*,*,#5487,.T.);
#4976=ORIENTED_EDGE('',*,*,#5488,.T.);
#4977=ORIENTED_EDGE('',*,*,#5489,.T.);
#4978=ORIENTED_EDGE('',*,*,#5490,.T.);
#4979=ORIENTED_EDGE('',*,*,#5480,.T.);
#4980=ORIENTED_EDGE('',*,*,#5484,.T.);
#4981=CARTESIAN_POINT('',(-5.08,0.0,-0.4));
#4982=DIRECTION('',(0.0,0.0,1.0));
#4983=DIRECTION('',(1.0,0.0,0.0));
#4984=ORIENTED_EDGE('',*,*,#5491,.F.);
#4985=ORIENTED_EDGE('',*,*,#5492,.F.);
#4986=ORIENTED_EDGE('',*,*,#5481,.T.);
#4987=ORIENTED_EDGE('',*,*,#5490,.F.);
#4988=CARTESIAN_POINT('',(-1.9,0.505,9.125200471202));
#4989=DIRECTION('',(0.0,0.0,1.0));
#4990=DIRECTION('',(-1.0,0.0,0.0));
#4991=ORIENTED_EDGE('',*,*,#5478,.T.);
#4992=ORIENTED_EDGE('',*,*,#5492,.T.);
#4993=ORIENTED_EDGE('',*,*,#5493,.T.);
#4994=ORIENTED_EDGE('',*,*,#5192,.F.);
#4995=ORIENTED_EDGE('',*,*,#5494,.F.);
#4996=ORIENTED_EDGE('',*,*,#5193,.F.);
#4997=ORIENTED_EDGE('',*,*,#5493,.F.);
#4998=ORIENTED_EDGE('',*,*,#5495,.T.);
#4999=CARTESIAN_POINT('',(-22.90643217871,1.005,-0.2));
#5000=DIRECTION('',(-1.0,0.0,0.0));
#5001=DIRECTION('',(0.0,0.0,1.0));
#5002=ORIENTED_EDGE('',*,*,#5495,.F.);
#5003=ORIENTED_EDGE('',*,*,#5491,.T.);
#5004=ORIENTED_EDGE('',*,*,#5489,.F.);
#5005=ORIENTED_EDGE('',*,*,#5496,.F.);
#5006=CARTESIAN_POINT('',(-0.34,0.805,0.0));
#5007=DIRECTION('',(-0.0,1.0,0.0));
#5008=DIRECTION('',(1.0,0.0,0.0));
#5009=ORIENTED_EDGE('',*,*,#5497,.F.);
#5010=ORIENTED_EDGE('',*,*,#5498,.F.);
#5011=ORIENTED_EDGE('',*,*,#5496,.T.);
#5012=ORIENTED_EDGE('',*,*,#5488,.F.);
#5013=CARTESIAN_POINT('',(-0.64,0.505,9.125200471202));
#5014=DIRECTION('',(-0.0,0.0,1.0));
#5015=DIRECTION('',(0.0,1.0,0.0));
#5016=ORIENTED_EDGE('',*,*,#5494,.T.);
#5017=ORIENTED_EDGE('',*,*,#5498,.T.);
#5018=ORIENTED_EDGE('',*,*,#5469,.T.);
#5019=ORIENTED_EDGE('',*,*,#5194,.F.);
#5020=ORIENTED_EDGE('',*,*,#5470,.F.);
#5021=ORIENTED_EDGE('',*,*,#5497,.T.);
#5022=ORIENTED_EDGE('',*,*,#5487,.F.);
#5023=ORIENTED_EDGE('',*,*,#5499,.F.);
#5024=CARTESIAN_POINT('',(-0.34,-0.605,0.0));
#5025=DIRECTION('',(1.0,0.0,0.0));
#5026=DIRECTION('',(0.0,1.0,0.0));
#5027=ORIENTED_EDGE('',*,*,#5500,.F.);
#5028=ORIENTED_EDGE('',*,*,#5472,.F.);
#5029=ORIENTED_EDGE('',*,*,#5499,.T.);
#5030=ORIENTED_EDGE('',*,*,#5486,.F.);
#5031=CARTESIAN_POINT('',(-0.44,-0.505,9.125200471202));
#5032=DIRECTION('',(-0.0,0.0,1.0));
#5033=DIRECTION('',(1.0,0.0,0.0));
#5034=ORIENTED_EDGE('',*,*,#5474,.F.);
#5035=ORIENTED_EDGE('',*,*,#5500,.T.);
#5036=ORIENTED_EDGE('',*,*,#5485,.F.);
#5037=ORIENTED_EDGE('',*,*,#5483,.F.);
#5038=CARTESIAN_POINT('',(-2.2,-0.605,0.0));
#5039=DIRECTION('',(0.0,-1.0,0.0));
#5040=DIRECTION('',(0.0,0.0,-1.0));
#5041=ORIENTED_EDGE('',*,*,#5501,.F.);
#5042=ORIENTED_EDGE('',*,*,#5502,.T.);
#5043=ORIENTED_EDGE('',*,*,#5503,.F.);
#5044=ORIENTED_EDGE('',*,*,#5203,.F.);
#5045=CARTESIAN_POINT('',(-5.12,4.545072,-0.3));
#5046=DIRECTION('',(0.0,1.0,-0.0));
#5047=DIRECTION('',(0.0,0.0,1.0));
#5048=ORIENTED_EDGE('',*,*,#5503,.T.);
#5049=ORIENTED_EDGE('',*,*,#5504,.T.);
#5050=ORIENTED_EDGE('',*,*,#5505,.T.);
#5051=ORIENTED_EDGE('',*,*,#5196,.F.);
#5052=ORIENTED_EDGE('',*,*,#5505,.F.);
#5053=ORIENTED_EDGE('',*,*,#5506,.T.);
#5054=ORIENTED_EDGE('',*,*,#5507,.F.);
#5055=ORIENTED_EDGE('',*,*,#5197,.F.);
#5056=CARTESIAN_POINT('',(24.73582599814,-0.655,-0.05));
#5057=DIRECTION('',(1.0,-0.0,0.0));
#5058=DIRECTION('',(0.0,0.0,1.0));
#5059=ORIENTED_EDGE('',*,*,#5507,.T.);
#5060=ORIENTED_EDGE('',*,*,#5508,.T.);
#5061=ORIENTED_EDGE('',*,*,#5509,.T.);
#5062=ORIENTED_EDGE('',*,*,#5198,.F.);
#5063=ORIENTED_EDGE('',*,*,#5510,.F.);
#5064=ORIENTED_EDGE('',*,*,#5199,.F.);
#5065=ORIENTED_EDGE('',*,*,#5509,.F.);
#5066=ORIENTED_EDGE('',*,*,#5511,.T.);
#5067=CARTESIAN_POINT('',(-7.58,-4.545072,-0.3));
#5068=DIRECTION('',(0.0,-1.0,0.0));
#5069=DIRECTION('',(0.0,0.0,1.0));
#5070=ORIENTED_EDGE('',*,*,#5512,.F.);
#5071=ORIENTED_EDGE('',*,*,#5513,.F.);
#5072=ORIENTED_EDGE('',*,*,#5511,.F.);
#5073=ORIENTED_EDGE('',*,*,#5514,.T.);
#5074=CARTESIAN_POINT('',(-7.28,0.805,0.0));
#5075=DIRECTION('',(-1.0,0.0,0.0));
#5076=DIRECTION('',(0.0,0.0,1.0));
#5077=ORIENTED_EDGE('',*,*,#5514,.F.);
#5078=ORIENTED_EDGE('',*,*,#5508,.F.);
#5079=ORIENTED_EDGE('',*,*,#5515,.T.);
#5080=ORIENTED_EDGE('',*,*,#5516,.F.);
#5081=CARTESIAN_POINT('',(-7.18,-0.505,9.125200471202));
#5082=DIRECTION('',(-0.0,0.0,1.0));
#5083=DIRECTION('',(0.0,-1.0,0.0));
#5084=ORIENTED_EDGE('',*,*,#5517,.T.);
#5085=ORIENTED_EDGE('',*,*,#5518,.T.);
#5086=ORIENTED_EDGE('',*,*,#5519,.T.);
#5087=ORIENTED_EDGE('',*,*,#5520,.T.);
#5088=ORIENTED_EDGE('',*,*,#5521,.T.);
#5089=ORIENTED_EDGE('',*,*,#5522,.T.);
#5090=ORIENTED_EDGE('',*,*,#5512,.T.);
#5091=ORIENTED_EDGE('',*,*,#5516,.T.);
#5092=CARTESIAN_POINT('',(-10.16,0.0,-0.4));
#5093=DIRECTION('',(0.0,0.0,1.0));
#5094=DIRECTION('',(1.0,0.0,0.0));
#5095=ORIENTED_EDGE('',*,*,#5523,.F.);
#5096=ORIENTED_EDGE('',*,*,#5524,.F.);
#5097=ORIENTED_EDGE('',*,*,#5513,.T.);
#5098=ORIENTED_EDGE('',*,*,#5522,.F.);
#5099=CARTESIAN_POINT('',(-6.98,0.505,9.125200471202));
#5100=DIRECTION('',(0.0,0.0,1.0));
#5101=DIRECTION('',(-1.0,0.0,0.0));
#5102=ORIENTED_EDGE('',*,*,#5510,.T.);
#5103=ORIENTED_EDGE('',*,*,#5524,.T.);
#5104=ORIENTED_EDGE('',*,*,#5525,.T.);
#5105=ORIENTED_EDGE('',*,*,#5200,.F.);
#5106=ORIENTED_EDGE('',*,*,#5526,.F.);
#5107=ORIENTED_EDGE('',*,*,#5201,.F.);
#5108=ORIENTED_EDGE('',*,*,#5525,.F.);
#5109=ORIENTED_EDGE('',*,*,#5527,.T.);
#5110=CARTESIAN_POINT('',(-27.486864,1.005,-0.2));
#5111=DIRECTION('',(-1.0,0.0,0.0));
#5112=DIRECTION('',(0.0,0.0,1.0));
#5113=ORIENTED_EDGE('',*,*,#5527,.F.);
#5114=ORIENTED_EDGE('',*,*,#5523,.T.);
#5115=ORIENTED_EDGE('',*,*,#5521,.F.);
#5116=ORIENTED_EDGE('',*,*,#5528,.F.);
#5117=CARTESIAN_POINT('',(-5.42,0.805,0.0));
#5118=DIRECTION('',(-0.0,1.0,0.0));
#5119=DIRECTION('',(1.0,0.0,0.0));
#5120=ORIENTED_EDGE('',*,*,#5529,.F.);
#5121=ORIENTED_EDGE('',*,*,#5530,.F.);
#5122=ORIENTED_EDGE('',*,*,#5528,.T.);
#5123=ORIENTED_EDGE('',*,*,#5520,.F.);
#5124=CARTESIAN_POINT('',(-5.72,0.505,9.125200471202));
#5125=DIRECTION('',(-0.0,0.0,1.0));
#5126=DIRECTION('',(0.0,1.0,0.0));
#5127=ORIENTED_EDGE('',*,*,#5526,.T.);
#5128=ORIENTED_EDGE('',*,*,#5530,.T.);
#5129=ORIENTED_EDGE('',*,*,#5501,.T.);
#5130=ORIENTED_EDGE('',*,*,#5202,.F.);
#5131=ORIENTED_EDGE('',*,*,#5502,.F.);
#5132=ORIENTED_EDGE('',*,*,#5529,.T.);
#5133=ORIENTED_EDGE('',*,*,#5519,.F.);
#5134=ORIENTED_EDGE('',*,*,#5531,.F.);
#5135=CARTESIAN_POINT('',(-5.42,-0.605,0.0));
#5136=DIRECTION('',(1.0,0.0,0.0));
#5137=DIRECTION('',(0.0,1.0,0.0));
#5138=ORIENTED_EDGE('',*,*,#5532,.F.);
#5139=ORIENTED_EDGE('',*,*,#5504,.F.);
#5140=ORIENTED_EDGE('',*,*,#5531,.T.);
#5141=ORIENTED_EDGE('',*,*,#5518,.F.);
#5142=CARTESIAN_POINT('',(-5.52,-0.505,9.125200471202));
#5143=DIRECTION('',(-0.0,0.0,1.0));
#5144=DIRECTION('',(1.0,0.0,0.0));
#5145=ORIENTED_EDGE('',*,*,#5506,.F.);
#5146=ORIENTED_EDGE('',*,*,#5532,.T.);
#5147=ORIENTED_EDGE('',*,*,#5517,.F.);
#5148=ORIENTED_EDGE('',*,*,#5515,.F.);
#5149=CARTESIAN_POINT('',(-7.28,-0.605,0.0));
#5150=DIRECTION('',(0.0,-1.0,0.0));
#5151=DIRECTION('',(0.0,0.0,-1.0));
#5152=EDGE_CURVE('',#5533,#5534,#5535,.T.);
#5153=EDGE_CURVE('',#5534,#5536,#5537,.T.);
#5154=EDGE_CURVE('',#5536,#5538,#5539,.T.);
#5155=EDGE_CURVE('',#5538,#5533,#5540,.T.);
#5156=EDGE_CURVE('',#5541,#5542,#5543,.T.);
#5157=EDGE_CURVE('',#5542,#5544,#5545,.T.);
#5158=EDGE_CURVE('',#5544,#5546,#5547,.T.);
#5159=EDGE_CURVE('',#5546,#5548,#5549,.T.);
#5160=EDGE_CURVE('',#5548,#5550,#5551,.T.);
#5161=EDGE_CURVE('',#5550,#5552,#5553,.T.);
#5162=EDGE_CURVE('',#5552,#5554,#5555,.T.);
#5163=EDGE_CURVE('',#5554,#5541,#5556,.T.);
#5164=EDGE_CURVE('',#5557,#5558,#5559,.T.);
#5165=EDGE_CURVE('',#5558,#5560,#5561,.T.);
#5166=EDGE_CURVE('',#5560,#5562,#5563,.T.);
#5167=EDGE_CURVE('',#5562,#5564,#5565,.T.);
#5168=EDGE_CURVE('',#5564,#5566,#5567,.T.);
#5169=EDGE_CURVE('',#5566,#5568,#5569,.T.);
#5170=EDGE_CURVE('',#5568,#5570,#5571,.T.);
#5171=EDGE_CURVE('',#5570,#5557,#5572,.T.);
#5172=EDGE_CURVE('',#5573,#5574,#5575,.T.);
#5173=EDGE_CURVE('',#5574,#5576,#5577,.T.);
#5174=EDGE_CURVE('',#5576,#5578,#5579,.T.);
#5175=EDGE_CURVE('',#5578,#5580,#5581,.T.);
#5176=EDGE_CURVE('',#5580,#5582,#5583,.T.);
#5177=EDGE_CURVE('',#5582,#5584,#5585,.T.);
#5178=EDGE_CURVE('',#5584,#5586,#5587,.T.);
#5179=EDGE_CURVE('',#5586,#5573,#5588,.T.);
#5180=EDGE_CURVE('',#5589,#5590,#5591,.T.);
#5181=EDGE_CURVE('',#5590,#5592,#5593,.T.);
#5182=EDGE_CURVE('',#5592,#5594,#5595,.T.);
#5183=EDGE_CURVE('',#5594,#5596,#5597,.T.);
#5184=EDGE_CURVE('',#5596,#5598,#5599,.T.);
#5185=EDGE_CURVE('',#5598,#5600,#5601,.T.);
#5186=EDGE_CURVE('',#5600,#5602,#5603,.T.);
#5187=EDGE_CURVE('',#5602,#5589,#5604,.T.);
#5188=EDGE_CURVE('',#5605,#5606,#5607,.T.);
#5189=EDGE_CURVE('',#5606,#5608,#5609,.T.);
#5190=EDGE_CURVE('',#5608,#5610,#5611,.T.);
#5191=EDGE_CURVE('',#5610,#5612,#5613,.T.);
#5192=EDGE_CURVE('',#5612,#5614,#5615,.T.);
#5193=EDGE_CURVE('',#5614,#5616,#5617,.T.);
#5194=EDGE_CURVE('',#5616,#5618,#5619,.T.);
#5195=EDGE_CURVE('',#5618,#5605,#5620,.T.);
#5196=EDGE_CURVE('',#5621,#5622,#5623,.T.);
#5197=EDGE_CURVE('',#5622,#5624,#5625,.T.);
#5198=EDGE_CURVE('',#5624,#5626,#5627,.T.);
#5199=EDGE_CURVE('',#5626,#5628,#5629,.T.);
#5200=EDGE_CURVE('',#5628,#5630,#5631,.T.);
#5201=EDGE_CURVE('',#5630,#5632,#5633,.T.);
#5202=EDGE_CURVE('',#5632,#5634,#5635,.T.);
#5203=EDGE_CURVE('',#5634,#5621,#5636,.T.);
#5204=EDGE_CURVE('',#5538,#5637,#5638,.T.);
#5205=EDGE_CURVE('',#5637,#5639,#5640,.T.);
#5206=EDGE_CURVE('',#5533,#5639,#5641,.T.);
#5207=EDGE_CURVE('',#5639,#5642,#5643,.T.);
#5208=EDGE_CURVE('',#5534,#5642,#5644,.T.);
#5209=EDGE_CURVE('',#5642,#5645,#5646,.T.);
#5210=EDGE_CURVE('',#5536,#5645,#5647,.T.);
#5211=EDGE_CURVE('',#5645,#5637,#5648,.T.);
#5212=EDGE_CURVE('',#5649,#5650,#5651,.T.);
#5213=EDGE_CURVE('',#5652,#5649,#5653,.T.);
#5214=EDGE_CURVE('',#5654,#5652,#5655,.T.);
#5215=EDGE_CURVE('',#5656,#5654,#5657,.T.);
#5216=EDGE_CURVE('',#5658,#5656,#5659,.T.);
#5217=EDGE_CURVE('',#5660,#5658,#5661,.T.);
#5218=EDGE_CURVE('',#5650,#5660,#5662,.T.);
#5219=EDGE_CURVE('',#5663,#5664,#5665,.T.);
#5220=EDGE_CURVE('',#5664,#5666,#5667,.T.);
#5221=EDGE_CURVE('',#5668,#5666,#5669,.T.);
#5222=EDGE_CURVE('',#5663,#5668,#5670,.T.);
#5223=EDGE_CURVE('',#5671,#5672,#5673,.T.);
#5224=EDGE_CURVE('',#5672,#5674,#5675,.T.);
#5225=EDGE_CURVE('',#5676,#5674,#5677,.T.);
#5226=EDGE_CURVE('',#5671,#5676,#5678,.T.);
#5227=EDGE_CURVE('',#5679,#5680,#5681,.T.);
#5228=EDGE_CURVE('',#5680,#5682,#5683,.T.);
#5229=EDGE_CURVE('',#5684,#5682,#5685,.T.);
#5230=EDGE_CURVE('',#5679,#5684,#5686,.T.);
#5231=EDGE_CURVE('',#5687,#5688,#5689,.T.);
#5232=EDGE_CURVE('',#5688,#5690,#5691,.T.);
#5233=EDGE_CURVE('',#5692,#5690,#5693,.T.);
#5234=EDGE_CURVE('',#5687,#5692,#5694,.T.);
#5235=EDGE_CURVE('',#5695,#5696,#5697,.T.);
#5236=EDGE_CURVE('',#5696,#5698,#5699,.T.);
#5237=EDGE_CURVE('',#5700,#5698,#5701,.T.);
#5238=EDGE_CURVE('',#5695,#5700,#5702,.T.);
#5239=EDGE_CURVE('',#5703,#5704,#5705,.T.);
#5240=EDGE_CURVE('',#5704,#5706,#5707,.T.);
#5241=EDGE_CURVE('',#5708,#5706,#5709,.T.);
#5242=EDGE_CURVE('',#5703,#5708,#5710,.T.);
#5243=EDGE_CURVE('',#5660,#5711,#5712,.T.);
#5244=EDGE_CURVE('',#5713,#5711,#5714,.T.);
#5245=EDGE_CURVE('',#5650,#5713,#5715,.T.);
#5246=EDGE_CURVE('',#5716,#5713,#5717,.T.);
#5247=EDGE_CURVE('',#5649,#5716,#5718,.T.);
#5248=EDGE_CURVE('',#5719,#5716,#5720,.T.);
#5249=EDGE_CURVE('',#5652,#5719,#5721,.T.);
#5250=EDGE_CURVE('',#5722,#5719,#5723,.T.);
#5251=EDGE_CURVE('',#5654,#5722,#5724,.T.);
#5252=EDGE_CURVE('',#5725,#5722,#5726,.T.);
#5253=EDGE_CURVE('',#5656,#5725,#5727,.T.);
#5254=EDGE_CURVE('',#5728,#5725,#5729,.T.);
#5255=EDGE_CURVE('',#5658,#5728,#5730,.T.);
#5256=EDGE_CURVE('',#5711,#5728,#5731,.T.);
#5257=EDGE_CURVE('',#5732,#5668,#5733,.T.);
#5258=EDGE_CURVE('',#5734,#5732,#5735,.T.);
#5259=EDGE_CURVE('',#5736,#5734,#5737,.T.);
#5260=EDGE_CURVE('',#5738,#5736,#5739,.T.);
#5261=EDGE_CURVE('',#5663,#5738,#5740,.T.);
#5262=EDGE_CURVE('',#5738,#5741,#5742,.T.);
#5263=EDGE_CURVE('',#5664,#5741,#5743,.T.);
#5264=EDGE_CURVE('',#5741,#5744,#5745,.T.);
#5265=EDGE_CURVE('',#5744,#5746,#5747,.T.);
#5266=EDGE_CURVE('',#5746,#5748,#5749,.T.);
#5267=EDGE_CURVE('',#5748,#5666,#5750,.T.);
#5268=EDGE_CURVE('',#5732,#5748,#5751,.T.);
#5269=EDGE_CURVE('',#5734,#5746,#5752,.T.);
#5270=EDGE_CURVE('',#5736,#5744,#5753,.T.);
#5271=EDGE_CURVE('',#5754,#5676,#5755,.T.);
#5272=EDGE_CURVE('',#5756,#5754,#5757,.T.);
#5273=EDGE_CURVE('',#5758,#5756,#5759,.T.);
#5274=EDGE_CURVE('',#5760,#5758,#5761,.T.);
#5275=EDGE_CURVE('',#5671,#5760,#5762,.T.);
#5276=EDGE_CURVE('',#5760,#5763,#5764,.T.);
#5277=EDGE_CURVE('',#5672,#5763,#5765,.T.);
#5278=EDGE_CURVE('',#5763,#5766,#5767,.T.);
#5279=EDGE_CURVE('',#5766,#5768,#5769,.T.);
#5280=EDGE_CURVE('',#5768,#5770,#5771,.T.);
#5281=EDGE_CURVE('',#5770,#5674,#5772,.T.);
#5282=EDGE_CURVE('',#5754,#5770,#5773,.T.);
#5283=EDGE_CURVE('',#5756,#5768,#5774,.T.);
#5284=EDGE_CURVE('',#5758,#5766,#5775,.T.);
#5285=EDGE_CURVE('',#5776,#5684,#5777,.T.);
#5286=EDGE_CURVE('',#5778,#5776,#5779,.T.);
#5287=EDGE_CURVE('',#5780,#5778,#5781,.T.);
#5288=EDGE_CURVE('',#5782,#5780,#5783,.T.);
#5289=EDGE_CURVE('',#5679,#5782,#5784,.T.);
#5290=EDGE_CURVE('',#5782,#5785,#5786,.T.);
#5291=EDGE_CURVE('',#5680,#5785,#5787,.T.);
#5292=EDGE_CURVE('',#5785,#5788,#5789,.T.);
#5293=EDGE_CURVE('',#5788,#5790,#5791,.T.);
#5294=EDGE_CURVE('',#5790,#5792,#5793,.T.);
#5295=EDGE_CURVE('',#5792,#5682,#5794,.T.);
#5296=EDGE_CURVE('',#5776,#5792,#5795,.T.);
#5297=EDGE_CURVE('',#5778,#5790,#5796,.T.);
#5298=EDGE_CURVE('',#5780,#5788,#5797,.T.);
#5299=EDGE_CURVE('',#5798,#5692,#5799,.T.);
#5300=EDGE_CURVE('',#5800,#5798,#5801,.T.);
#5301=EDGE_CURVE('',#5802,#5800,#5803,.T.);
#5302=EDGE_CURVE('',#5804,#5802,#5805,.T.);
#5303=EDGE_CURVE('',#5687,#5804,#5806,.T.);
#5304=EDGE_CURVE('',#5804,#5807,#5808,.T.);
#5305=EDGE_CURVE('',#5688,#5807,#5809,.T.);
#5306=EDGE_CURVE('',#5807,#5810,#5811,.T.);
#5307=EDGE_CURVE('',#5810,#5812,#5813,.T.);
#5308=EDGE_CURVE('',#5812,#5814,#5815,.T.);
#5309=EDGE_CURVE('',#5814,#5690,#5816,.T.);
#5310=EDGE_CURVE('',#5798,#5814,#5817,.T.);
#5311=EDGE_CURVE('',#5800,#5812,#5818,.T.);
#5312=EDGE_CURVE('',#5802,#5810,#5819,.T.);
#5313=EDGE_CURVE('',#5820,#5700,#5821,.T.);
#5314=EDGE_CURVE('',#5822,#5820,#5823,.T.);
#5315=EDGE_CURVE('',#5824,#5822,#5825,.T.);
#5316=EDGE_CURVE('',#5826,#5824,#5827,.T.);
#5317=EDGE_CURVE('',#5695,#5826,#5828,.T.);
#5318=EDGE_CURVE('',#5826,#5829,#5830,.T.);
#5319=EDGE_CURVE('',#5696,#5829,#5831,.T.);
#5320=EDGE_CURVE('',#5829,#5832,#5833,.T.);
#5321=EDGE_CURVE('',#5832,#5834,#5835,.T.);
#5322=EDGE_CURVE('',#5834,#5836,#5837,.T.);
#5323=EDGE_CURVE('',#5836,#5698,#5838,.T.);
#5324=EDGE_CURVE('',#5820,#5836,#5839,.T.);
#5325=EDGE_CURVE('',#5822,#5834,#5840,.T.);
#5326=EDGE_CURVE('',#5824,#5832,#5841,.T.);
#5327=EDGE_CURVE('',#5842,#5708,#5843,.T.);
#5328=EDGE_CURVE('',#5844,#5842,#5845,.T.);
#5329=EDGE_CURVE('',#5846,#5844,#5847,.T.);
#5330=EDGE_CURVE('',#5848,#5846,#5849,.T.);
#5331=EDGE_CURVE('',#5703,#5848,#5850,.T.);
#5332=EDGE_CURVE('',#5848,#5851,#5852,.T.);
#5333=EDGE_CURVE('',#5704,#5851,#5853,.T.);
#5334=EDGE_CURVE('',#5851,#5854,#5855,.T.);
#5335=EDGE_CURVE('',#5854,#5856,#5857,.T.);
#5336=EDGE_CURVE('',#5856,#5858,#5859,.T.);
#5337=EDGE_CURVE('',#5858,#5706,#5860,.T.);
#5338=EDGE_CURVE('',#5842,#5858,#5861,.T.);
#5339=EDGE_CURVE('',#5844,#5856,#5862,.T.);
#5340=EDGE_CURVE('',#5846,#5854,#5863,.T.);
#5341=EDGE_CURVE('',#5541,#5864,#5865,.T.);
#5342=EDGE_CURVE('',#5866,#5554,#5867,.T.);
#5343=EDGE_CURVE('',#5866,#5864,#5868,.T.);
#5344=EDGE_CURVE('',#5866,#5869,#5870,.T.);
#5345=EDGE_CURVE('',#5869,#5871,#5872,.T.);
#5346=EDGE_CURVE('',#5864,#5871,#5873,.T.);
#5347=EDGE_CURVE('',#5874,#5875,#5876,.T.);
#5348=EDGE_CURVE('',#5864,#5874,#5877,.T.);
#5349=EDGE_CURVE('',#5875,#5871,#5878,.T.);
#5350=EDGE_CURVE('',#5869,#5879,#5880,.T.);
#5351=EDGE_CURVE('',#5881,#5879,#5882,.T.);
#5352=EDGE_CURVE('',#5881,#5883,#5884,.T.);
#5353=EDGE_CURVE('',#5885,#5883,#5886,.T.);
#5354=EDGE_CURVE('',#5885,#5887,#5888,.T.);
#5355=EDGE_CURVE('',#5875,#5887,#5889,.T.);
#5356=EDGE_CURVE('',#5890,#5887,#5891,.T.);
#5357=EDGE_CURVE('',#5874,#5890,#5892,.T.);
#5358=EDGE_CURVE('',#5874,#5542,#5893,.T.);
#5359=EDGE_CURVE('',#5544,#5890,#5894,.T.);
#5360=EDGE_CURVE('',#5890,#5895,#5896,.T.);
#5361=EDGE_CURVE('',#5895,#5546,#5897,.T.);
#5362=EDGE_CURVE('',#5895,#5898,#5899,.T.);
#5363=EDGE_CURVE('',#5548,#5898,#5900,.T.);
#5364=EDGE_CURVE('',#5898,#5901,#5902,.T.);
#5365=EDGE_CURVE('',#5901,#5550,#5903,.T.);
#5366=EDGE_CURVE('',#5552,#5904,#5905,.T.);
#5367=EDGE_CURVE('',#5901,#5904,#5906,.T.);
#5368=EDGE_CURVE('',#5901,#5881,#5907,.T.);
#5369=EDGE_CURVE('',#5904,#5879,#5908,.T.);
#5370=EDGE_CURVE('',#5904,#5866,#5909,.T.);
#5371=EDGE_CURVE('',#5898,#5883,#5910,.T.);
#5372=EDGE_CURVE('',#5895,#5885,#5911,.T.);
#5373=EDGE_CURVE('',#5557,#5912,#5913,.T.);
#5374=EDGE_CURVE('',#5914,#5570,#5915,.T.);
#5375=EDGE_CURVE('',#5914,#5912,#5916,.T.);
#5376=EDGE_CURVE('',#5914,#5917,#5918,.T.);
#5377=EDGE_CURVE('',#5917,#5919,#5920,.T.);
#5378=EDGE_CURVE('',#5912,#5919,#5921,.T.);
#5379=EDGE_CURVE('',#5922,#5923,#5924,.T.);
#5380=EDGE_CURVE('',#5912,#5922,#5925,.T.);
#5381=EDGE_CURVE('',#5923,#5919,#5926,.T.);
#5382=EDGE_CURVE('',#5917,#5927,#5928,.T.);
#5383=EDGE_CURVE('',#5929,#5927,#5930,.T.);
#5384=EDGE_CURVE('',#5929,#5931,#5932,.T.);
#5385=EDGE_CURVE('',#5933,#5931,#5934,.T.);
#5386=EDGE_CURVE('',#5933,#5935,#5936,.T.);
#5387=EDGE_CURVE('',#5923,#5935,#5937,.T.);
#5388=EDGE_CURVE('',#5938,#5935,#5939,.T.);
#5389=EDGE_CURVE('',#5922,#5938,#5940,.T.);
#5390=EDGE_CURVE('',#5922,#5558,#5941,.T.);
#5391=EDGE_CURVE('',#5560,#5938,#5942,.T.);
#5392=EDGE_CURVE('',#5938,#5943,#5944,.T.);
#5393=EDGE_CURVE('',#5943,#5562,#5945,.T.);
#5394=EDGE_CURVE('',#5564,#5946,#5947,.T.);
#5395=EDGE_CURVE('',#5943,#5946,#5948,.T.);
#5396=EDGE_CURVE('',#5943,#5933,#5949,.T.);
#5397=EDGE_CURVE('',#5946,#5931,#5950,.T.);
#5398=EDGE_CURVE('',#5951,#5929,#5952,.T.);
#5399=EDGE_CURVE('',#5946,#5951,#5953,.T.);
#5400=EDGE_CURVE('',#5951,#5566,#5954,.T.);
#5401=EDGE_CURVE('',#5568,#5955,#5956,.T.);
#5402=EDGE_CURVE('',#5951,#5955,#5957,.T.);
#5403=EDGE_CURVE('',#5955,#5927,#5958,.T.);
#5404=EDGE_CURVE('',#5955,#5914,#5959,.T.);
#5405=EDGE_CURVE('',#5573,#5960,#5961,.T.);
#5406=EDGE_CURVE('',#5962,#5586,#5963,.T.);
#5407=EDGE_CURVE('',#5962,#5960,#5964,.T.);
#5408=EDGE_CURVE('',#5962,#5965,#5966,.T.);
#5409=EDGE_CURVE('',#5965,#5967,#5968,.T.);
#5410=EDGE_CURVE('',#5960,#5967,#5969,.T.);
#5411=EDGE_CURVE('',#5970,#5971,#5972,.T.);
#5412=EDGE_CURVE('',#5960,#5970,#5973,.T.);
#5413=EDGE_CURVE('',#5971,#5967,#5974,.T.);
#5414=EDGE_CURVE('',#5965,#5975,#5976,.T.);
#5415=EDGE_CURVE('',#5977,#5975,#5978,.T.);
#5416=EDGE_CURVE('',#5977,#5979,#5980,.T.);
#5417=EDGE_CURVE('',#5981,#5979,#5982,.T.);
#5418=EDGE_CURVE('',#5981,#5983,#5984,.T.);
#5419=EDGE_CURVE('',#5971,#5983,#5985,.T.);
#5420=EDGE_CURVE('',#5986,#5983,#5987,.T.);
#5421=EDGE_CURVE('',#5970,#5986,#5988,.T.);
#5422=EDGE_CURVE('',#5970,#5574,#5989,.T.);
#5423=EDGE_CURVE('',#5576,#5986,#5990,.T.);
#5424=EDGE_CURVE('',#5986,#5991,#5992,.T.);
#5425=EDGE_CURVE('',#5991,#5578,#5993,.T.);
#5426=EDGE_CURVE('',#5580,#5994,#5995,.T.);
#5427=EDGE_CURVE('',#5991,#5994,#5996,.T.);
#5428=EDGE_CURVE('',#5991,#5981,#5997,.T.);
#5429=EDGE_CURVE('',#5994,#5979,#5998,.T.);
#5430=EDGE_CURVE('',#5999,#5977,#6000,.T.);
#5431=EDGE_CURVE('',#5994,#5999,#6001,.T.);
#5432=EDGE_CURVE('',#5999,#5582,#6002,.T.);
#5433=EDGE_CURVE('',#5584,#6003,#6004,.T.);
#5434=EDGE_CURVE('',#5999,#6003,#6005,.T.);
#5435=EDGE_CURVE('',#6003,#5975,#6006,.T.);
#5436=EDGE_CURVE('',#6003,#5962,#6007,.T.);
#5437=EDGE_CURVE('',#6008,#5602,#6009,.T.);
#5438=EDGE_CURVE('',#6008,#6010,#6011,.T.);
#5439=EDGE_CURVE('',#5589,#6010,#6012,.T.);
#5440=EDGE_CURVE('',#6010,#6013,#6014,.T.);
#5441=EDGE_CURVE('',#6013,#5590,#6015,.T.);
#5442=EDGE_CURVE('',#6013,#6016,#6017,.T.);
#5443=EDGE_CURVE('',#5592,#6016,#6018,.T.);
#5444=EDGE_CURVE('',#6016,#6019,#6020,.T.);
#5445=EDGE_CURVE('',#6019,#5594,#6021,.T.);
#5446=EDGE_CURVE('',#6019,#6022,#6023,.T.);
#5447=EDGE_CURVE('',#5596,#6022,#6024,.T.);
#5448=EDGE_CURVE('',#6022,#6025,#6026,.T.);
#5449=EDGE_CURVE('',#6025,#5598,#6027,.T.);
#5450=EDGE_CURVE('',#5600,#6028,#6029,.T.);
#5451=EDGE_CURVE('',#6025,#6028,#6030,.T.);
#5452=EDGE_CURVE('',#6025,#6031,#6032,.T.);
#5453=EDGE_CURVE('',#6033,#6031,#6034,.T.);
#5454=EDGE_CURVE('',#6028,#6033,#6035,.T.);
#5455=EDGE_CURVE('',#6008,#6036,#6037,.T.);
#5456=EDGE_CURVE('',#6028,#6008,#6038,.T.);
#5457=EDGE_CURVE('',#6036,#6033,#6039,.T.);
#5458=EDGE_CURVE('',#6031,#6040,#6041,.T.);
#5459=EDGE_CURVE('',#6040,#6042,#6043,.T.);
#5460=EDGE_CURVE('',#6042,#6044,#6045,.T.);
#5461=EDGE_CURVE('',#6044,#6046,#6047,.T.);
#5462=EDGE_CURVE('',#6046,#6048,#6049,.T.);
#5463=EDGE_CURVE('',#6048,#6036,#6050,.T.);
#5464=EDGE_CURVE('',#6010,#6048,#6051,.T.);
#5465=EDGE_CURVE('',#6013,#6046,#6052,.T.);
#5466=EDGE_CURVE('',#6016,#6044,#6053,.T.);
#5467=EDGE_CURVE('',#6019,#6042,#6054,.T.);
#5468=EDGE_CURVE('',#6022,#6040,#6055,.T.);
#5469=EDGE_CURVE('',#6056,#5618,#6057,.T.);
#5470=EDGE_CURVE('',#6056,#6058,#6059,.T.);
#5471=EDGE_CURVE('',#5605,#6058,#6060,.T.);
#5472=EDGE_CURVE('',#6058,#6061,#6062,.T.);
#5473=EDGE_CURVE('',#6061,#5606,#6063,.T.);
#5474=EDGE_CURVE('',#6061,#6064,#6065,.T.);
#5475=EDGE_CURVE('',#5608,#6064,#6066,.T.);
#5476=EDGE_CURVE('',#6064,#6067,#6068,.T.);
#5477=EDGE_CURVE('',#6067,#5610,#6069,.T.);
#5478=EDGE_CURVE('',#5612,#6070,#6071,.T.);
#5479=EDGE_CURVE('',#6067,#6070,#6072,.T.);
#5480=EDGE_CURVE('',#6073,#6074,#6075,.T.);
#5481=EDGE_CURVE('',#6070,#6073,#6076,.T.);
#5482=EDGE_CURVE('',#6067,#6074,#6077,.T.);
#5483=EDGE_CURVE('',#6064,#6078,#6079,.T.);
#5484=EDGE_CURVE('',#6074,#6078,#6080,.T.);
#5485=EDGE_CURVE('',#6078,#6081,#6082,.T.);
#5486=EDGE_CURVE('',#6081,#6083,#6084,.T.);
#5487=EDGE_CURVE('',#6083,#6085,#6086,.T.);
#5488=EDGE_CURVE('',#6085,#6087,#6088,.T.);
#5489=EDGE_CURVE('',#6087,#6089,#6090,.T.);
#5490=EDGE_CURVE('',#6089,#6073,#6091,.T.);
#5491=EDGE_CURVE('',#6092,#6089,#6093,.T.);
#5492=EDGE_CURVE('',#6070,#6092,#6094,.T.);
#5493=EDGE_CURVE('',#6092,#5614,#6095,.T.);
#5494=EDGE_CURVE('',#5616,#6096,#6097,.T.);
#5495=EDGE_CURVE('',#6092,#6096,#6098,.T.);
#5496=EDGE_CURVE('',#6096,#6087,#6099,.T.);
#5497=EDGE_CURVE('',#6056,#6085,#6100,.T.);
#5498=EDGE_CURVE('',#6096,#6056,#6101,.T.);
#5499=EDGE_CURVE('',#6058,#6083,#6102,.T.);
#5500=EDGE_CURVE('',#6061,#6081,#6103,.T.);
#5501=EDGE_CURVE('',#6104,#5634,#6105,.T.);
#5502=EDGE_CURVE('',#6104,#6106,#6107,.T.);
#5503=EDGE_CURVE('',#5621,#6106,#6108,.T.);
#5504=EDGE_CURVE('',#6106,#6109,#6110,.T.);
#5505=EDGE_CURVE('',#6109,#5622,#6111,.T.);
#5506=EDGE_CURVE('',#6109,#6112,#6113,.T.);
#5507=EDGE_CURVE('',#5624,#6112,#6114,.T.);
#5508=EDGE_CURVE('',#6112,#6115,#6116,.T.);
#5509=EDGE_CURVE('',#6115,#5626,#6117,.T.);
#5510=EDGE_CURVE('',#5628,#6118,#6119,.T.);
#5511=EDGE_CURVE('',#6115,#6118,#6120,.T.);
#5512=EDGE_CURVE('',#6121,#6122,#6123,.T.);
#5513=EDGE_CURVE('',#6118,#6121,#6124,.T.);
#5514=EDGE_CURVE('',#6115,#6122,#6125,.T.);
#5515=EDGE_CURVE('',#6112,#6126,#6127,.T.);
#5516=EDGE_CURVE('',#6122,#6126,#6128,.T.);
#5517=EDGE_CURVE('',#6126,#6129,#6130,.T.);
#5518=EDGE_CURVE('',#6129,#6131,#6132,.T.);
#5519=EDGE_CURVE('',#6131,#6133,#6134,.T.);
#5520=EDGE_CURVE('',#6133,#6135,#6136,.T.);
#5521=EDGE_CURVE('',#6135,#6137,#6138,.T.);
#5522=EDGE_CURVE('',#6137,#6121,#6139,.T.);
#5523=EDGE_CURVE('',#6140,#6137,#6141,.T.);
#5524=EDGE_CURVE('',#6118,#6140,#6142,.T.);
#5525=EDGE_CURVE('',#6140,#5630,#6143,.T.);
#5526=EDGE_CURVE('',#5632,#6144,#6145,.T.);
#5527=EDGE_CURVE('',#6140,#6144,#6146,.T.);
#5528=EDGE_CURVE('',#6144,#6135,#6147,.T.);
#5529=EDGE_CURVE('',#6104,#6133,#6148,.T.);
#5530=EDGE_CURVE('',#6144,#6104,#6149,.T.);
#5531=EDGE_CURVE('',#6106,#6131,#6150,.T.);
#5532=EDGE_CURVE('',#6109,#6129,#6151,.T.);
#5533=VERTEX_POINT('',#6152);
#5534=VERTEX_POINT('',#6153);
#5535=LINE('',#6154,#6155);
#5536=VERTEX_POINT('',#6156);
#5537=LINE('',#6157,#6158);
#5538=VERTEX_POINT('',#6159);
#5539=LINE('',#6160,#6161);
#5540=LINE('',#6162,#6163);
#5541=VERTEX_POINT('',#6164);
#5542=VERTEX_POINT('',#6165);
#5543=B_SPLINE_CURVE_WITH_KNOTS('',3,(#6166,#6167,#6168,#6169,#6170,#6171,#6172,#6173,#6174,#6175,#6176,#6177,#6178,#6179,#6180,#6181,#6182,#6183,#6184,#6185,#6186,#6187,#6188,#6189,#6190,#6191,#6192,#6193,#6194,#6195,#6196),.UNSPECIFIED.,.F.,.F.,(4,1,1,1,1,1,1,1,1,1,1,1,1,1,1,1,1,1,1,1,1,1,1,1,1,1,1,1,4),(0.0,0.03571428571429,0.07142857142857,0.1071428571429,0.1428571428571,0.1785714285714,0.2142857142857,0.25,0.2857142857143,0.3214285714286,0.3571428571429,0.3928571428571,0.4285714285714,0.4642857142857,0.5,0.5357142857143,0.5714285714286,0.6071428571429,0.6428571428571,0.6785714285714,0.7142857142857,0.75,0.7857142857143,0.8214285714286,0.8571428571429,0.8928571428571,0.9285714285714,0.9642857142857,1.0),.UNSPECIFIED.);
#5544=VERTEX_POINT('',#6197);
#5545=LINE('',#6198,#6199);
#5546=VERTEX_POINT('',#6200);
#5547=B_SPLINE_CURVE_WITH_KNOTS('',3,(#6201,#6202,#6203,#6204,#6205,#6206,#6207,#6208,#6209,#6210,#6211,#6212,#6213,#6214,#6215,#6216,#6217,#6218,#6219,#6220,#6221,#6222,#6223,#6224,#6225,#6226),.UNSPECIFIED.,.F.,.F.,(4,1,1,1,1,1,1,1,1,1,1,1,1,1,1,1,1,1,1,1,1,1,1,4),(0.0,0.04347826086957,0.08695652173913,0.1304347826087,0.1739130434783,0.2173913043478,0.2608695652174,0.304347826087,0.3478260869565,0.3913043478261,0.4347826086957,0.4782608695652,0.5217391304348,0.5652173913043,0.6086956521739,0.6521739130435,0.695652173913,0.7391304347826,0.7826086956522,0.8260869565217,0.8695652173913,0.9130434782609,0.9565217391304,1.0),.UNSPECIFIED.);
#5548=VERTEX_POINT('',#6227);
#5549=LINE('',#6228,#6229);
#5550=VERTEX_POINT('',#6230);
#5551=B_SPLINE_CURVE_WITH_KNOTS('',3,(#6231,#6232,#6233,#6234,#6235,#6236,#6237,#6238,#6239,#6240,#6241,#6242,#6243,#6244,#6245,#6246,#6247,#6248,#6249,#6250,#6251,#6252,#6253,#6254,#6255,#6256,#6257),.UNSPECIFIED.,.F.,.F.,(4,1,1,1,1,1,1,1,1,1,1,1,1,1,1,1,1,1,1,1,1,1,1,1,4),(0.0,0.04166666666667,0.08333333333333,0.125,0.1666666666667,0.2083333333333,0.25,0.2916666666667,0.3333333333333,0.375,0.4166666666667,0.4583333333333,0.5,0.5416666666667,0.5833333333333,0.625,0.6666666666667,0.7083333333333,0.75,0.7916666666667,0.8333333333333,0.875,0.9166666666667,0.9583333333333,1.0),.UNSPECIFIED.);
#5552=VERTEX_POINT('',#6258);
#5553=LINE('',#6259,#6260);
#5554=VERTEX_POINT('',#6261);
#5555=B_SPLINE_CURVE_WITH_KNOTS('',3,(#6262,#6263,#6264,#6265,#6266,#6267,#6268,#6269,#6270,#6271,#6272,#6273,#6274,#6275,#6276,#6277,#6278,#6279,#6280,#6281,#6282,#6283,#6284,#6285,#6286,#6287,#6288,#6289,#6290,#6291,#6292),.UNSPECIFIED.,.F.,.F.,(4,1,1,1,1,1,1,1,1,1,1,1,1,1,1,1,1,1,1,1,1,1,1,1,1,1,1,1,4),(0.0,0.03571428571429,0.07142857142857,0.1071428571429,0.1428571428571,0.1785714285714,0.2142857142857,0.25,0.2857142857143,0.3214285714286,0.3571428571429,0.3928571428571,0.4285714285714,0.4642857142857,0.5,0.5357142857143,0.5714285714286,0.6071428571429,0.6428571428571,0.6785714285714,0.7142857142857,0.75,0.7857142857143,0.8214285714286,0.8571428571429,0.8928571428571,0.9285714285714,0.9642857142857,1.0),.UNSPECIFIED.);
#5556=LINE('',#6293,#6294);
#5557=VERTEX_POINT('',#6295);
#5558=VERTEX_POINT('',#6296);
#5559=B_SPLINE_CURVE_WITH_KNOTS('',3,(#6297,#6298,#6299,#6300,#6301,#6302,#6303,#6304,#6305,#6306,#6307,#6308,#6309,#6310,#6311,#6312,#6313,#6314,#6315,#6316,#6317,#6318,#6319,#6320,#6321,#6322,#6323),.UNSPECIFIED.,.F.,.F.,(4,1,1,1,1,1,1,1,1,1,1,1,1,1,1,1,1,1,1,1,1,1,1,1,4),(0.0,0.04166666666667,0.08333333333333,0.125,0.1666666666667,0.2083333333333,0.25,0.2916666666667,0.3333333333333,0.375,0.4166666666667,0.4583333333333,0.5,0.5416666666667,0.5833333333333,0.625,0.6666666666667,0.7083333333333,0.75,0.7916666666667,0.8333333333333,0.875,0.9166666666667,0.9583333333333,1.0),.UNSPECIFIED.);
#5560=VERTEX_POINT('',#6324);
#5561=LINE('',#6325,#6326);
#5562=VERTEX_POINT('',#6327);
#5563=B_SPLINE_CURVE_WITH_KNOTS('',3,(#6328,#6329,#6330,#6331,#6332,#6333,#6334,#6335,#6336,#6337,#6338,#6339,#6340,#6341,#6342,#6343,#6344,#6345,#6346,#6347,#6348,#6349,#6350,#6351,#6352,#6353,#6354,#6355,#6356,#6357,#6358),.UNSPECIFIED.,.F.,.F.,(4,1,1,1,1,1,1,1,1,1,1,1,1,1,1,1,1,1,1,1,1,1,1,1,1,1,1,1,4),(0.0,0.03571428571429,0.07142857142857,0.1071428571429,0.1428571428571,0.1785714285714,0.2142857142857,0.25,0.2857142857143,0.3214285714286,0.3571428571429,0.3928571428571,0.4285714285714,0.4642857142857,0.5,0.5357142857143,0.5714285714286,0.6071428571429,0.6428571428571,0.6785714285714,0.7142857142857,0.75,0.7857142857143,0.8214285714286,0.8571428571429,0.8928571428571,0.9285714285714,0.9642857142857,1.0),.UNSPECIFIED.);
#5564=VERTEX_POINT('',#6359);
#5565=LINE('',#6360,#6361);
#5566=VERTEX_POINT('',#6362);
#5567=B_SPLINE_CURVE_WITH_KNOTS('',3,(#6363,#6364,#6365,#6366,#6367,#6368,#6369,#6370,#6371,#6372,#6373,#6374,#6375,#6376,#6377,#6378,#6379,#6380,#6381,#6382,#6383,#6384,#6385,#6386,#6387,#6388,#6389,#6390,#6391,#6392,#6393),.UNSPECIFIED.,.F.,.F.,(4,1,1,1,1,1,1,1,1,1,1,1,1,1,1,1,1,1,1,1,1,1,1,1,1,1,1,1,4),(0.0,0.03571428571429,0.07142857142857,0.1071428571429,0.1428571428571,0.1785714285714,0.2142857142857,0.25,0.2857142857143,0.3214285714286,0.3571428571429,0.3928571428571,0.4285714285714,0.4642857142857,0.5,0.5357142857143,0.5714285714286,0.6071428571429,0.6428571428571,0.6785714285714,0.7142857142857,0.75,0.7857142857143,0.8214285714286,0.8571428571429,0.8928571428571,0.9285714285714,0.9642857142857,1.0),.UNSPECIFIED.);
#5568=VERTEX_POINT('',#6394);
#5569=LINE('',#6395,#6396);
#5570=VERTEX_POINT('',#6397);
#5571=B_SPLINE_CURVE_WITH_KNOTS('',3,(#6398,#6399,#6400,#6401,#6402,#6403,#6404,#6405,#6406,#6407,#6408,#6409,#6410,#6411,#6412,#6413,#6414,#6415,#6416,#6417,#6418,#6419,#6420,#6421,#6422,#6423),.UNSPECIFIED.,.F.,.F.,(4,1,1,1,1,1,1,1,1,1,1,1,1,1,1,1,1,1,1,1,1,1,1,4),(0.0,0.04347826086957,0.08695652173913,0.1304347826087,0.1739130434783,0.2173913043478,0.2608695652174,0.304347826087,0.3478260869565,0.3913043478261,0.4347826086957,0.4782608695652,0.5217391304348,0.5652173913043,0.6086956521739,0.6521739130435,0.695652173913,0.7391304347826,0.7826086956522,0.8260869565217,0.8695652173913,0.9130434782609,0.9565217391304,1.0),.UNSPECIFIED.);
#5572=LINE('',#6424,#6425);
#5573=VERTEX_POINT('',#6426);
#5574=VERTEX_POINT('',#6427);
#5575=B_SPLINE_CURVE_WITH_KNOTS('',3,(#6428,#6429,#6430,#6431,#6432,#6433,#6434,#6435,#6436,#6437,#6438,#6439,#6440,#6441,#6442,#6443,#6444,#6445,#6446,#6447,#6448,#6449,#6450,#6451,#6452,#6453,#6454),.UNSPECIFIED.,.F.,.F.,(4,1,1,1,1,1,1,1,1,1,1,1,1,1,1,1,1,1,1,1,1,1,1,1,4),(0.0,0.04166666666667,0.08333333333333,0.125,0.1666666666667,0.2083333333333,0.25,0.2916666666667,0.3333333333333,0.375,0.4166666666667,0.4583333333333,0.5,0.5416666666667,0.5833333333333,0.625,0.6666666666667,0.7083333333333,0.75,0.7916666666667,0.8333333333333,0.875,0.9166666666667,0.9583333333333,1.0),.UNSPECIFIED.);
#5576=VERTEX_POINT('',#6455);
#5577=LINE('',#6456,#6457);
#5578=VERTEX_POINT('',#6458);
#5579=B_SPLINE_CURVE_WITH_KNOTS('',3,(#6459,#6460,#6461,#6462,#6463,#6464,#6465,#6466,#6467,#6468,#6469,#6470,#6471,#6472,#6473,#6474,#6475,#6476,#6477,#6478,#6479,#6480,#6481,#6482,#6483,#6484,#6485,#6486,#6487,#6488,#6489),.UNSPECIFIED.,.F.,.F.,(4,1,1,1,1,1,1,1,1,1,1,1,1,1,1,1,1,1,1,1,1,1,1,1,1,1,1,1,4),(0.0,0.03571428571429,0.07142857142857,0.1071428571429,0.1428571428571,0.1785714285714,0.2142857142857,0.25,0.2857142857143,0.3214285714286,0.3571428571429,0.3928571428571,0.4285714285714,0.4642857142857,0.5,0.5357142857143,0.5714285714286,0.6071428571429,0.6428571428571,0.6785714285714,0.7142857142857,0.75,0.7857142857143,0.8214285714286,0.8571428571429,0.8928571428571,0.9285714285714,0.9642857142857,1.0),.UNSPECIFIED.);
#5580=VERTEX_POINT('',#6490);
#5581=LINE('',#6491,#6492);
#5582=VERTEX_POINT('',#6493);
#5583=B_SPLINE_CURVE_WITH_KNOTS('',3,(#6494,#6495,#6496,#6497,#6498,#6499,#6500,#6501,#6502,#6503,#6504,#6505,#6506,#6507,#6508,#6509,#6510,#6511,#6512,#6513,#6514,#6515,#6516,#6517,#6518,#6519,#6520,#6521,#6522,#6523,#6524),.UNSPECIFIED.,.F.,.F.,(4,1,1,1,1,1,1,1,1,1,1,1,1,1,1,1,1,1,1,1,1,1,1,1,1,1,1,1,4),(0.0,0.03571428571429,0.07142857142857,0.1071428571429,0.1428571428571,0.1785714285714,0.2142857142857,0.25,0.2857142857143,0.3214285714286,0.3571428571429,0.3928571428571,0.4285714285714,0.4642857142857,0.5,0.5357142857143,0.5714285714286,0.6071428571429,0.6428571428571,0.6785714285714,0.7142857142857,0.75,0.7857142857143,0.8214285714286,0.8571428571429,0.8928571428571,0.9285714285714,0.9642857142857,1.0),.UNSPECIFIED.);
#5584=VERTEX_POINT('',#6525);
#5585=LINE('',#6526,#6527);
#5586=VERTEX_POINT('',#6528);
#5587=B_SPLINE_CURVE_WITH_KNOTS('',3,(#6529,#6530,#6531,#6532,#6533,#6534,#6535,#6536,#6537,#6538,#6539,#6540,#6541,#6542,#6543,#6544,#6545,#6546,#6547,#6548,#6549,#6550,#6551,#6552,#6553,#6554),.UNSPECIFIED.,.F.,.F.,(4,1,1,1,1,1,1,1,1,1,1,1,1,1,1,1,1,1,1,1,1,1,1,4),(0.0,0.04347826086957,0.08695652173913,0.1304347826087,0.1739130434783,0.2173913043478,0.2608695652174,0.304347826087,0.3478260869565,0.3913043478261,0.4347826086957,0.4782608695652,0.5217391304348,0.5652173913043,0.6086956521739,0.6521739130435,0.695652173913,0.7391304347826,0.7826086956522,0.8260869565217,0.8695652173913,0.9130434782609,0.9565217391304,1.0),.UNSPECIFIED.);
#5588=LINE('',#6555,#6556);
#5589=VERTEX_POINT('',#6557);
#5590=VERTEX_POINT('',#6558);
#5591=B_SPLINE_CURVE_WITH_KNOTS('',3,(#6559,#6560,#6561,#6562,#6563,#6564,#6565,#6566,#6567,#6568,#6569,#6570,#6571,#6572,#6573,#6574,#6575,#6576,#6577,#6578,#6579,#6580,#6581,#6582,#6583,#6584,#6585,#6586,#6587,#6588,#6589),.UNSPECIFIED.,.F.,.F.,(4,1,1,1,1,1,1,1,1,1,1,1,1,1,1,1,1,1,1,1,1,1,1,1,1,1,1,1,4),(0.0,0.03571428571429,0.07142857142857,0.1071428571429,0.1428571428571,0.1785714285714,0.2142857142857,0.25,0.2857142857143,0.3214285714286,0.3571428571429,0.3928571428571,0.4285714285714,0.4642857142857,0.5,0.5357142857143,0.5714285714286,0.6071428571429,0.6428571428571,0.6785714285714,0.7142857142857,0.75,0.7857142857143,0.8214285714286,0.8571428571429,0.8928571428571,0.9285714285714,0.9642857142857,1.0),.UNSPECIFIED.);
#5592=VERTEX_POINT('',#6590);
#5593=LINE('',#6591,#6592);
#5594=VERTEX_POINT('',#6593);
#5595=B_SPLINE_CURVE_WITH_KNOTS('',3,(#6594,#6595,#6596,#6597,#6598,#6599,#6600,#6601,#6602,#6603,#6604,#6605,#6606,#6607,#6608,#6609,#6610,#6611,#6612,#6613,#6614,#6615,#6616,#6617,#6618,#6619),.UNSPECIFIED.,.F.,.F.,(4,1,1,1,1,1,1,1,1,1,1,1,1,1,1,1,1,1,1,1,1,1,1,4),(0.0,0.04347826086957,0.08695652173913,0.1304347826087,0.1739130434783,0.2173913043478,0.2608695652174,0.304347826087,0.3478260869565,0.3913043478261,0.4347826086957,0.4782608695652,0.5217391304348,0.5652173913043,0.6086956521739,0.6521739130435,0.695652173913,0.7391304347826,0.7826086956522,0.8260869565217,0.8695652173913,0.9130434782609,0.9565217391304,1.0),.UNSPECIFIED.);
#5596=VERTEX_POINT('',#6620);
#5597=LINE('',#6621,#6622);
#5598=VERTEX_POINT('',#6623);
#5599=B_SPLINE_CURVE_WITH_KNOTS('',3,(#6624,#6625,#6626,#6627,#6628,#6629,#6630,#6631,#6632,#6633,#6634,#6635,#6636,#6637,#6638,#6639,#6640,#6641,#6642,#6643,#6644,#6645,#6646,#6647,#6648,#6649,#6650),.UNSPECIFIED.,.F.,.F.,(4,1,1,1,1,1,1,1,1,1,1,1,1,1,1,1,1,1,1,1,1,1,1,1,4),(0.0,0.04166666666667,0.08333333333333,0.125,0.1666666666667,0.2083333333333,0.25,0.2916666666667,0.3333333333333,0.375,0.4166666666667,0.4583333333333,0.5,0.5416666666667,0.5833333333333,0.625,0.6666666666667,0.7083333333333,0.75,0.7916666666667,0.8333333333333,0.875,0.9166666666667,0.9583333333333,1.0),.UNSPECIFIED.);
#5600=VERTEX_POINT('',#6651);
#5601=LINE('',#6652,#6653);
#5602=VERTEX_POINT('',#6654);
#5603=B_SPLINE_CURVE_WITH_KNOTS('',3,(#6655,#6656,#6657,#6658,#6659,#6660,#6661,#6662,#6663,#6664,#6665,#6666,#6667,#6668,#6669,#6670,#6671,#6672,#6673,#6674,#6675,#6676,#6677,#6678,#6679,#6680,#6681,#6682,#6683,#6684,#6685),.UNSPECIFIED.,.F.,.F.,(4,1,1,1,1,1,1,1,1,1,1,1,1,1,1,1,1,1,1,1,1,1,1,1,1,1,1,1,4),(0.0,0.03571428571429,0.07142857142857,0.1071428571429,0.1428571428571,0.1785714285714,0.2142857142857,0.25,0.2857142857143,0.3214285714286,0.3571428571429,0.3928571428571,0.4285714285714,0.4642857142857,0.5,0.5357142857143,0.5714285714286,0.6071428571429,0.6428571428571,0.6785714285714,0.7142857142857,0.75,0.7857142857143,0.8214285714286,0.8571428571429,0.8928571428571,0.9285714285714,0.9642857142857,1.0),.UNSPECIFIED.);
#5604=LINE('',#6686,#6687);
#5605=VERTEX_POINT('',#6688);
#5606=VERTEX_POINT('',#6689);
#5607=B_SPLINE_CURVE_WITH_KNOTS('',3,(#6690,#6691,#6692,#6693,#6694,#6695,#6696,#6697,#6698,#6699,#6700,#6701,#6702,#6703,#6704,#6705,#6706,#6707,#6708,#6709,#6710,#6711,#6712,#6713,#6714,#6715,#6716,#6717,#6718,#6719,#6720),.UNSPECIFIED.,.F.,.F.,(4,1,1,1,1,1,1,1,1,1,1,1,1,1,1,1,1,1,1,1,1,1,1,1,1,1,1,1,4),(0.0,0.03571428571429,0.07142857142857,0.1071428571429,0.1428571428571,0.1785714285714,0.2142857142857,0.25,0.2857142857143,0.3214285714286,0.3571428571429,0.3928571428571,0.4285714285714,0.4642857142857,0.5,0.5357142857143,0.5714285714286,0.6071428571429,0.6428571428571,0.6785714285714,0.7142857142857,0.75,0.7857142857143,0.8214285714286,0.8571428571429,0.8928571428571,0.9285714285714,0.9642857142857,1.0),.UNSPECIFIED.);
#5608=VERTEX_POINT('',#6721);
#5609=LINE('',#6722,#6723);
#5610=VERTEX_POINT('',#6724);
#5611=B_SPLINE_CURVE_WITH_KNOTS('',3,(#6725,#6726,#6727,#6728,#6729,#6730,#6731,#6732,#6733,#6734,#6735,#6736,#6737,#6738,#6739,#6740,#6741,#6742,#6743,#6744,#6745,#6746,#6747,#6748,#6749,#6750,#6751,#6752,#6753,#6754,#6755),.UNSPECIFIED.,.F.,.F.,(4,1,1,1,1,1,1,1,1,1,1,1,1,1,1,1,1,1,1,1,1,1,1,1,1,1,1,1,4),(0.0,0.03571428571429,0.07142857142857,0.1071428571429,0.1428571428571,0.1785714285714,0.2142857142857,0.25,0.2857142857143,0.3214285714286,0.3571428571429,0.3928571428571,0.4285714285714,0.4642857142857,0.5,0.5357142857143,0.5714285714286,0.6071428571429,0.6428571428571,0.6785714285714,0.7142857142857,0.75,0.7857142857143,0.8214285714286,0.8571428571429,0.8928571428571,0.9285714285714,0.9642857142857,1.0),.UNSPECIFIED.);
#5612=VERTEX_POINT('',#6756);
#5613=LINE('',#6757,#6758);
#5614=VERTEX_POINT('',#6759);
#5615=B_SPLINE_CURVE_WITH_KNOTS('',3,(#6760,#6761,#6762,#6763,#6764,#6765,#6766,#6767,#6768,#6769,#6770,#6771,#6772,#6773,#6774,#6775,#6776,#6777,#6778,#6779,#6780,#6781,#6782,#6783,#6784,#6785),.UNSPECIFIED.,.F.,.F.,(4,1,1,1,1,1,1,1,1,1,1,1,1,1,1,1,1,1,1,1,1,1,1,4),(0.0,0.04347826086957,0.08695652173913,0.1304347826087,0.1739130434783,0.2173913043478,0.2608695652174,0.304347826087,0.3478260869565,0.3913043478261,0.4347826086957,0.4782608695652,0.5217391304348,0.5652173913043,0.6086956521739,0.6521739130435,0.695652173913,0.7391304347826,0.7826086956522,0.8260869565217,0.8695652173913,0.9130434782609,0.9565217391304,1.0),.UNSPECIFIED.);
#5616=VERTEX_POINT('',#6786);
#5617=LINE('',#6787,#6788);
#5618=VERTEX_POINT('',#6789);
#5619=B_SPLINE_CURVE_WITH_KNOTS('',3,(#6790,#6791,#6792,#6793,#6794,#6795,#6796,#6797,#6798,#6799,#6800,#6801,#6802,#6803,#6804,#6805,#6806,#6807,#6808,#6809,#6810,#6811,#6812,#6813,#6814,#6815,#6816),.UNSPECIFIED.,.F.,.F.,(4,1,1,1,1,1,1,1,1,1,1,1,1,1,1,1,1,1,1,1,1,1,1,1,4),(0.0,0.04166666666667,0.08333333333333,0.125,0.1666666666667,0.2083333333333,0.25,0.2916666666667,0.3333333333333,0.375,0.4166666666667,0.4583333333333,0.5,0.5416666666667,0.5833333333333,0.625,0.6666666666667,0.7083333333333,0.75,0.7916666666667,0.8333333333333,0.875,0.9166666666667,0.9583333333333,1.0),.UNSPECIFIED.);
#5620=LINE('',#6817,#6818);
#5621=VERTEX_POINT('',#6819);
#5622=VERTEX_POINT('',#6820);
#5623=B_SPLINE_CURVE_WITH_KNOTS('',3,(#6821,#6822,#6823,#6824,#6825,#6826,#6827,#6828,#6829,#6830,#6831,#6832,#6833,#6834,#6835,#6836,#6837,#6838,#6839,#6840,#6841,#6842,#6843,#6844,#6845,#6846,#6847,#6848,#6849,#6850,#6851),.UNSPECIFIED.,.F.,.F.,(4,1,1,1,1,1,1,1,1,1,1,1,1,1,1,1,1,1,1,1,1,1,1,1,1,1,1,1,4),(0.0,0.03571428571429,0.07142857142857,0.1071428571429,0.1428571428571,0.1785714285714,0.2142857142857,0.25,0.2857142857143,0.3214285714286,0.3571428571429,0.3928571428571,0.4285714285714,0.4642857142857,0.5,0.5357142857143,0.5714285714286,0.6071428571429,0.6428571428571,0.6785714285714,0.7142857142857,0.75,0.7857142857143,0.8214285714286,0.8571428571429,0.8928571428571,0.9285714285714,0.9642857142857,1.0),.UNSPECIFIED.);
#5624=VERTEX_POINT('',#6852);
#5625=LINE('',#6853,#6854);
#5626=VERTEX_POINT('',#6855);
#5627=B_SPLINE_CURVE_WITH_KNOTS('',3,(#6856,#6857,#6858,#6859,#6860,#6861,#6862,#6863,#6864,#6865,#6866,#6867,#6868,#6869,#6870,#6871,#6872,#6873,#6874,#6875,#6876,#6877,#6878,#6879,#6880,#6881,#6882,#6883,#6884,#6885,#6886),.UNSPECIFIED.,.F.,.F.,(4,1,1,1,1,1,1,1,1,1,1,1,1,1,1,1,1,1,1,1,1,1,1,1,1,1,1,1,4),(0.0,0.03571428571429,0.07142857142857,0.1071428571429,0.1428571428571,0.1785714285714,0.2142857142857,0.25,0.2857142857143,0.3214285714286,0.3571428571429,0.3928571428571,0.4285714285714,0.4642857142857,0.5,0.5357142857143,0.5714285714286,0.6071428571429,0.6428571428571,0.6785714285714,0.7142857142857,0.75,0.7857142857143,0.8214285714286,0.8571428571429,0.8928571428571,0.9285714285714,0.9642857142857,1.0),.UNSPECIFIED.);
#5628=VERTEX_POINT('',#6887);
#5629=LINE('',#6888,#6889);
#5630=VERTEX_POINT('',#6890);
#5631=B_SPLINE_CURVE_WITH_KNOTS('',3,(#6891,#6892,#6893,#6894,#6895,#6896,#6897,#6898,#6899,#6900,#6901,#6902,#6903,#6904,#6905,#6906,#6907,#6908,#6909,#6910,#6911,#6912,#6913,#6914,#6915,#6916),.UNSPECIFIED.,.F.,.F.,(4,1,1,1,1,1,1,1,1,1,1,1,1,1,1,1,1,1,1,1,1,1,1,4),(0.0,0.04347826086957,0.08695652173913,0.1304347826087,0.1739130434783,0.2173913043478,0.2608695652174,0.304347826087,0.3478260869565,0.3913043478261,0.4347826086957,0.4782608695652,0.5217391304348,0.5652173913043,0.6086956521739,0.6521739130435,0.695652173913,0.7391304347826,0.7826086956522,0.8260869565217,0.8695652173913,0.9130434782609,0.9565217391304,1.0),.UNSPECIFIED.);
#5632=VERTEX_POINT('',#6917);
#5633=LINE('',#6918,#6919);
#5634=VERTEX_POINT('',#6920);
#5635=B_SPLINE_CURVE_WITH_KNOTS('',3,(#6921,#6922,#6923,#6924,#6925,#6926,#6927,#6928,#6929,#6930,#6931,#6932,#6933,#6934,#6935,#6936,#6937,#6938,#6939,#6940,#6941,#6942,#6943,#6944,#6945,#6946,#6947),.UNSPECIFIED.,.F.,.F.,(4,1,1,1,1,1,1,1,1,1,1,1,1,1,1,1,1,1,1,1,1,1,1,1,4),(0.0,0.04166666666667,0.08333333333333,0.125,0.1666666666667,0.2083333333333,0.25,0.2916666666667,0.3333333333333,0.375,0.4166666666667,0.4583333333333,0.5,0.5416666666667,0.5833333333333,0.625,0.6666666666667,0.7083333333333,0.75,0.7916666666667,0.8333333333333,0.875,0.9166666666667,0.9583333333333,1.0),.UNSPECIFIED.);
#5636=LINE('',#6948,#6949);
#5637=VERTEX_POINT('',#6950);
#5638=LINE('',#6951,#6952);
#5639=VERTEX_POINT('',#6953);
#5640=LINE('',#6954,#6955);
#5641=LINE('',#6956,#6957);
#5642=VERTEX_POINT('',#6958);
#5643=LINE('',#6959,#6960);
#5644=LINE('',#6961,#6962);
#5645=VERTEX_POINT('',#6963);
#5646=LINE('',#6964,#6965);
#5647=LINE('',#6966,#6967);
#5648=LINE('',#6968,#6969);
#5649=VERTEX_POINT('',#6970);
#5650=VERTEX_POINT('',#6971);
#5651=LINE('',#6972,#6973);
#5652=VERTEX_POINT('',#6974);
#5653=LINE('',#6975,#6976);
#5654=VERTEX_POINT('',#6977);
#5655=LINE('',#6978,#6979);
#5656=VERTEX_POINT('',#6980);
#5657=LINE('',#6981,#6982);
#5658=VERTEX_POINT('',#6983);
#5659=LINE('',#6984,#6985);
#5660=VERTEX_POINT('',#6986);
#5661=LINE('',#6987,#6988);
#5662=LINE('',#6989,#6990);
#5663=VERTEX_POINT('',#6991);
#5664=VERTEX_POINT('',#6992);
#5665=LINE('',#6993,#6994);
#5666=VERTEX_POINT('',#6995);
#5667=LINE('',#6996,#6997);
#5668=VERTEX_POINT('',#6998);
#5669=LINE('',#6999,#7000);
#5670=LINE('',#7001,#7002);
#5671=VERTEX_POINT('',#7003);
#5672=VERTEX_POINT('',#7004);
#5673=LINE('',#7005,#7006);
#5674=VERTEX_POINT('',#7007);
#5675=LINE('',#7008,#7009);
#5676=VERTEX_POINT('',#7010);
#5677=LINE('',#7011,#7012);
#5678=LINE('',#7013,#7014);
#5679=VERTEX_POINT('',#7015);
#5680=VERTEX_POINT('',#7016);
#5681=LINE('',#7017,#7018);
#5682=VERTEX_POINT('',#7019);
#5683=LINE('',#7020,#7021);
#5684=VERTEX_POINT('',#7022);
#5685=LINE('',#7023,#7024);
#5686=LINE('',#7025,#7026);
#5687=VERTEX_POINT('',#7027);
#5688=VERTEX_POINT('',#7028);
#5689=LINE('',#7029,#7030);
#5690=VERTEX_POINT('',#7031);
#5691=LINE('',#7032,#7033);
#5692=VERTEX_POINT('',#7034);
#5693=LINE('',#7035,#7036);
#5694=LINE('',#7037,#7038);
#5695=VERTEX_POINT('',#7039);
#5696=VERTEX_POINT('',#7040);
#5697=LINE('',#7041,#7042);
#5698=VERTEX_POINT('',#7043);
#5699=LINE('',#7044,#7045);
#5700=VERTEX_POINT('',#7046);
#5701=LINE('',#7047,#7048);
#5702=LINE('',#7049,#7050);
#5703=VERTEX_POINT('',#7051);
#5704=VERTEX_POINT('',#7052);
#5705=LINE('',#7053,#7054);
#5706=VERTEX_POINT('',#7055);
#5707=LINE('',#7056,#7057);
#5708=VERTEX_POINT('',#7058);
#5709=LINE('',#7059,#7060);
#5710=LINE('',#7061,#7062);
#5711=VERTEX_POINT('',#7063);
#5712=LINE('',#7064,#7065);
#5713=VERTEX_POINT('',#7066);
#5714=LINE('',#7067,#7068);
#5715=LINE('',#7069,#7070);
#5716=VERTEX_POINT('',#7071);
#5717=LINE('',#7072,#7073);
#5718=LINE('',#7074,#7075);
#5719=VERTEX_POINT('',#7076);
#5720=LINE('',#7077,#7078);
#5721=LINE('',#7079,#7080);
#5722=VERTEX_POINT('',#7081);
#5723=LINE('',#7082,#7083);
#5724=LINE('',#7084,#7085);
#5725=VERTEX_POINT('',#7086);
#5726=LINE('',#7087,#7088);
#5727=LINE('',#7089,#7090);
#5728=VERTEX_POINT('',#7091);
#5729=LINE('',#7092,#7093);
#5730=LINE('',#7094,#7095);
#5731=LINE('',#7096,#7097);
#5732=VERTEX_POINT('',#7098);
#5733=LINE('',#7099,#7100);
#5734=VERTEX_POINT('',#7101);
#5735=CIRCLE('',#7102,2.6);
#5736=VERTEX_POINT('',#7103);
#5737=LINE('',#7104,#7105);
#5738=VERTEX_POINT('',#7106);
#5739=CIRCLE('',#7107,2.6);
#5740=LINE('',#7108,#7109);
#5741=VERTEX_POINT('',#7110);
#5742=LINE('',#7111,#7112);
#5743=LINE('',#7113,#7114);
#5744=VERTEX_POINT('',#7115);
#5745=CIRCLE('',#7116,2.6);
#5746=VERTEX_POINT('',#7117);
#5747=LINE('',#7118,#7119);
#5748=VERTEX_POINT('',#7120);
#5749=CIRCLE('',#7121,2.6);
#5750=LINE('',#7122,#7123);
#5751=LINE('',#7124,#7125);
#5752=LINE('',#7126,#7127);
#5753=LINE('',#7128,#7129);
#5754=VERTEX_POINT('',#7130);
#5755=LINE('',#7131,#7132);
#5756=VERTEX_POINT('',#7133);
#5757=CIRCLE('',#7134,2.6);
#5758=VERTEX_POINT('',#7135);
#5759=LINE('',#7136,#7137);
#5760=VERTEX_POINT('',#7138);
#5761=CIRCLE('',#7139,2.6);
#5762=LINE('',#7140,#7141);
#5763=VERTEX_POINT('',#7142);
#5764=LINE('',#7143,#7144);
#5765=LINE('',#7145,#7146);
#5766=VERTEX_POINT('',#7147);
#5767=CIRCLE('',#7148,2.6);
#5768=VERTEX_POINT('',#7149);
#5769=LINE('',#7150,#7151);
#5770=VERTEX_POINT('',#7152);
#5771=CIRCLE('',#7153,2.6);
#5772=LINE('',#7154,#7155);
#5773=LINE('',#7156,#7157);
#5774=LINE('',#7158,#7159);
#5775=LINE('',#7160,#7161);
#5776=VERTEX_POINT('',#7162);
#5777=LINE('',#7163,#7164);
#5778=VERTEX_POINT('',#7165);
#5779=CIRCLE('',#7166,2.6);
#5780=VERTEX_POINT('',#7167);
#5781=LINE('',#7168,#7169);
#5782=VERTEX_POINT('',#7170);
#5783=CIRCLE('',#7171,2.6);
#5784=LINE('',#7172,#7173);
#5785=VERTEX_POINT('',#7174);
#5786=LINE('',#7175,#7176);
#5787=LINE('',#7177,#7178);
#5788=VERTEX_POINT('',#7179);
#5789=CIRCLE('',#7180,2.6);
#5790=VERTEX_POINT('',#7181);
#5791=LINE('',#7182,#7183);
#5792=VERTEX_POINT('',#7184);
#5793=CIRCLE('',#7185,2.6);
#5794=LINE('',#7186,#7187);
#5795=LINE('',#7188,#7189);
#5796=LINE('',#7190,#7191);
#5797=LINE('',#7192,#7193);
#5798=VERTEX_POINT('',#7194);
#5799=LINE('',#7195,#7196);
#5800=VERTEX_POINT('',#7197);
#5801=CIRCLE('',#7198,2.6);
#5802=VERTEX_POINT('',#7199);
#5803=LINE('',#7200,#7201);
#5804=VERTEX_POINT('',#7202);
#5805=CIRCLE('',#7203,2.6);
#5806=LINE('',#7204,#7205);
#5807=VERTEX_POINT('',#7206);
#5808=LINE('',#7207,#7208);
#5809=LINE('',#7209,#7210);
#5810=VERTEX_POINT('',#7211);
#5811=CIRCLE('',#7212,2.6);
#5812=VERTEX_POINT('',#7213);
#5813=LINE('',#7214,#7215);
#5814=VERTEX_POINT('',#7216);
#5815=CIRCLE('',#7217,2.6);
#5816=LINE('',#7218,#7219);
#5817=LINE('',#7220,#7221);
#5818=LINE('',#7222,#7223);
#5819=LINE('',#7224,#7225);
#5820=VERTEX_POINT('',#7226);
#5821=LINE('',#7227,#7228);
#5822=VERTEX_POINT('',#7229);
#5823=CIRCLE('',#7230,2.6);
#5824=VERTEX_POINT('',#7231);
#5825=LINE('',#7232,#7233);
#5826=VERTEX_POINT('',#7234);
#5827=CIRCLE('',#7235,2.6);
#5828=LINE('',#7236,#7237);
#5829=VERTEX_POINT('',#7238);
#5830=LINE('',#7239,#7240);
#5831=LINE('',#7241,#7242);
#5832=VERTEX_POINT('',#7243);
#5833=CIRCLE('',#7244,2.6);
#5834=VERTEX_POINT('',#7245);
#5835=LINE('',#7246,#7247);
#5836=VERTEX_POINT('',#7248);
#5837=CIRCLE('',#7249,2.6);
#5838=LINE('',#7250,#7251);
#5839=LINE('',#7252,#7253);
#5840=LINE('',#7254,#7255);
#5841=LINE('',#7256,#7257);
#5842=VERTEX_POINT('',#7258);
#5843=LINE('',#7259,#7260);
#5844=VERTEX_POINT('',#7261);
#5845=CIRCLE('',#7262,2.6);
#5846=VERTEX_POINT('',#7263);
#5847=LINE('',#7264,#7265);
#5848=VERTEX_POINT('',#7266);
#5849=CIRCLE('',#7267,2.6);
#5850=LINE('',#7268,#7269);
#5851=VERTEX_POINT('',#7270);
#5852=LINE('',#7271,#7272);
#5853=LINE('',#7273,#7274);
#5854=VERTEX_POINT('',#7275);
#5855=CIRCLE('',#7276,2.6);
#5856=VERTEX_POINT('',#7277);
#5857=LINE('',#7278,#7279);
#5858=VERTEX_POINT('',#7280);
#5859=CIRCLE('',#7281,2.6);
#5860=LINE('',#7282,#7283);
#5861=LINE('',#7284,#7285);
#5862=LINE('',#7286,#7287);
#5863=LINE('',#7288,#7289);
#5864=VERTEX_POINT('',#7290);
#5865=CIRCLE('',#7291,0.04999998536995);
#5866=VERTEX_POINT('',#7292);
#5867=CIRCLE('',#7293,0.05);
#5868=LINE('',#7294,#7295);
#5869=VERTEX_POINT('',#7296);
#5870=LINE('',#7297,#7298);
#5871=VERTEX_POINT('',#7299);
#5872=LINE('',#7300,#7301);
#5873=LINE('',#7302,#7303);
#5874=VERTEX_POINT('',#7304);
#5875=VERTEX_POINT('',#7305);
#5876=LINE('',#7306,#7307);
#5877=B_SPLINE_CURVE_WITH_KNOTS('',3,(#7308,#7309,#7310,#7311,#7312,#7313,#7314,#7315,#7316,#7317,#7318,#7319,#7320,#7321,#7322,#7323,#7324,#7325,#7326,#7327,#7328,#7329,#7330,#7331,#7332,#7333,#7334,#7335,#7336,#7337,#7338),.UNSPECIFIED.,.F.,.F.,(4,1,1,1,1,1,1,1,1,1,1,1,1,1,1,1,1,1,1,1,1,1,1,1,1,1,1,1,4),(0.0,0.03571428571429,0.07142857142857,0.1071428571429,0.1428571428571,0.1785714285714,0.2142857142857,0.25,0.2857142857143,0.3214285714286,0.3571428571429,0.3928571428571,0.4285714285714,0.4642857142857,0.5,0.5357142857143,0.5714285714286,0.6071428571429,0.6428571428571,0.6785714285714,0.7142857142857,0.75,0.7857142857143,0.8214285714286,0.8571428571429,0.8928571428571,0.9285714285714,0.9642857142857,1.0),.UNSPECIFIED.);
#5878=CIRCLE('',#7339,0.1);
#5879=VERTEX_POINT('',#7340);
#5880=CIRCLE('',#7341,0.1);
#5881=VERTEX_POINT('',#7342);
#5882=LINE('',#7343,#7344);
#5883=VERTEX_POINT('',#7345);
#5884=CIRCLE('',#7346,0.3);
#5885=VERTEX_POINT('',#7347);
#5886=LINE('',#7348,#7349);
#5887=VERTEX_POINT('',#7350);
#5888=CIRCLE('',#7351,0.3);
#5889=LINE('',#7352,#7353);
#5890=VERTEX_POINT('',#7354);
#5891=LINE('',#7355,#7356);
#5892=LINE('',#7357,#7358);
#5893=CIRCLE('',#7359,0.3);
#5894=CIRCLE('',#7360,0.2999991977858);
#5895=VERTEX_POINT('',#7361);
#5896=B_SPLINE_CURVE_WITH_KNOTS('',3,(#7362,#7363,#7364,#7365,#7366,#7367,#7368,#7369,#7370,#7371,#7372,#7373,#7374,#7375,#7376,#7377,#7378,#7379,#7380,#7381,#7382,#7383,#7384,#7385,#7386,#7387),.UNSPECIFIED.,.F.,.F.,(4,1,1,1,1,1,1,1,1,1,1,1,1,1,1,1,1,1,1,1,1,1,1,4),(0.0,0.04347826086957,0.08695652173913,0.1304347826087,0.1739130434783,0.2173913043478,0.2608695652174,0.304347826087,0.3478260869565,0.3913043478261,0.4347826086957,0.4782608695652,0.5217391304348,0.5652173913043,0.6086956521739,0.6521739130435,0.695652173913,0.7391304347826,0.7826086956522,0.8260869565217,0.8695652173913,0.9130434782609,0.9565217391304,1.0),.UNSPECIFIED.);
#5897=CIRCLE('',#7388,0.2);
#5898=VERTEX_POINT('',#7389);
#5899=LINE('',#7390,#7391);
#5900=CIRCLE('',#7392,0.2000001236038);
#5901=VERTEX_POINT('',#7393);
#5902=B_SPLINE_CURVE_WITH_KNOTS('',3,(#7394,#7395,#7396,#7397,#7398,#7399,#7400,#7401,#7402,#7403,#7404,#7405,#7406,#7407,#7408,#7409,#7410,#7411,#7412,#7413,#7414,#7415,#7416,#7417,#7418,#7419,#7420),.UNSPECIFIED.,.F.,.F.,(4,1,1,1,1,1,1,1,1,1,1,1,1,1,1,1,1,1,1,1,1,1,1,1,4),(0.0,0.04166666666667,0.08333333333333,0.125,0.1666666666667,0.2083333333333,0.25,0.2916666666667,0.3333333333333,0.375,0.4166666666667,0.4583333333333,0.5,0.5416666666667,0.5833333333333,0.625,0.6666666666667,0.7083333333333,0.75,0.7916666666667,0.8333333333333,0.875,0.9166666666667,0.9583333333333,1.0),.UNSPECIFIED.);
#5903=CIRCLE('',#7421,0.3);
#5904=VERTEX_POINT('',#7422);
#5905=CIRCLE('',#7423,0.2999999515855);
#5906=LINE('',#7424,#7425);
#5907=LINE('',#7426,#7427);
#5908=LINE('',#7428,#7429);
#5909=B_SPLINE_CURVE_WITH_KNOTS('',3,(#7430,#7431,#7432,#7433,#7434,#7435,#7436,#7437,#7438,#7439,#7440,#7441,#7442,#7443,#7444,#7445,#7446,#7447,#7448,#7449,#7450,#7451,#7452,#7453,#7454,#7455,#7456,#7457,#7458,#7459,#7460),.UNSPECIFIED.,.F.,.F.,(4,1,1,1,1,1,1,1,1,1,1,1,1,1,1,1,1,1,1,1,1,1,1,1,1,1,1,1,4),(0.0,0.03571428571429,0.07142857142857,0.1071428571429,0.1428571428571,0.1785714285714,0.2142857142857,0.25,0.2857142857143,0.3214285714286,0.3571428571429,0.3928571428571,0.4285714285714,0.4642857142857,0.5,0.5357142857143,0.5714285714286,0.6071428571429,0.6428571428571,0.6785714285714,0.7142857142857,0.75,0.7857142857143,0.8214285714286,0.8571428571429,0.8928571428571,0.9285714285714,0.9642857142857,1.0),.UNSPECIFIED.);
#5910=LINE('',#7461,#7462);
#5911=LINE('',#7463,#7464);
#5912=VERTEX_POINT('',#7465);
#5913=CIRCLE('',#7466,0.2000001236038);
#5914=VERTEX_POINT('',#7467);
#5915=CIRCLE('',#7468,0.2);
#5916=LINE('',#7469,#7470);
#5917=VERTEX_POINT('',#7471);
#5918=LINE('',#7472,#7473);
#5919=VERTEX_POINT('',#7474);
#5920=LINE('',#7475,#7476);
#5921=LINE('',#7477,#7478);
#5922=VERTEX_POINT('',#7479);
#5923=VERTEX_POINT('',#7480);
#5924=LINE('',#7481,#7482);
#5925=B_SPLINE_CURVE_WITH_KNOTS('',3,(#7483,#7484,#7485,#7486,#7487,#7488,#7489,#7490,#7491,#7492,#7493,#7494,#7495,#7496,#7497,#7498,#7499,#7500,#7501,#7502,#7503,#7504,#7505,#7506,#7507,#7508,#7509),.UNSPECIFIED.,.F.,.F.,(4,1,1,1,1,1,1,1,1,1,1,1,1,1,1,1,1,1,1,1,1,1,1,1,4),(0.0,0.04166666666667,0.08333333333333,0.125,0.1666666666667,0.2083333333333,0.25,0.2916666666667,0.3333333333333,0.375,0.4166666666667,0.4583333333333,0.5,0.5416666666667,0.5833333333333,0.625,0.6666666666667,0.7083333333333,0.75,0.7916666666667,0.8333333333333,0.875,0.9166666666667,0.9583333333333,1.0),.UNSPECIFIED.);
#5926=CIRCLE('',#7510,0.3);
#5927=VERTEX_POINT('',#7511);
#5928=CIRCLE('',#7512,0.3);
#5929=VERTEX_POINT('',#7513);
#5930=LINE('',#7514,#7515);
#5931=VERTEX_POINT('',#7516);
#5932=CIRCLE('',#7517,0.1);
#5933=VERTEX_POINT('',#7518);
#5934=LINE('',#7519,#7520);
#5935=VERTEX_POINT('',#7521);
#5936=CIRCLE('',#7522,0.1);
#5937=LINE('',#7523,#7524);
#5938=VERTEX_POINT('',#7525);
#5939=LINE('',#7526,#7527);
#5940=LINE('',#7528,#7529);
#5941=CIRCLE('',#7530,0.3);
#5942=CIRCLE('',#7531,0.2999999515855);
#5943=VERTEX_POINT('',#7532);
#5944=B_SPLINE_CURVE_WITH_KNOTS('',3,(#7533,#7534,#7535,#7536,#7537,#7538,#7539,#7540,#7541,#7542,#7543,#7544,#7545,#7546,#7547,#7548,#7549,#7550,#7551,#7552,#7553,#7554,#7555,#7556,#7557,#7558,#7559,#7560,#7561,#7562,#7563),.UNSPECIFIED.,.F.,.F.,(4,1,1,1,1,1,1,1,1,1,1,1,1,1,1,1,1,1,1,1,1,1,1,1,1,1,1,1,4),(0.0,0.03571428571429,0.07142857142857,0.1071428571429,0.1428571428571,0.1785714285714,0.2142857142857,0.25,0.2857142857143,0.3214285714286,0.3571428571429,0.3928571428571,0.4285714285714,0.4642857142857,0.5,0.5357142857143,0.5714285714286,0.6071428571429,0.6428571428571,0.6785714285714,0.7142857142857,0.75,0.7857142857143,0.8214285714286,0.8571428571429,0.8928571428571,0.9285714285714,0.9642857142857,1.0),.UNSPECIFIED.);
#5945=CIRCLE('',#7564,0.05);
#5946=VERTEX_POINT('',#7565);
#5947=CIRCLE('',#7566,0.04999998536995);
#5948=LINE('',#7567,#7568);
#5949=LINE('',#7569,#7570);
#5950=LINE('',#7571,#7572);
#5951=VERTEX_POINT('',#7573);
#5952=LINE('',#7574,#7575);
#5953=B_SPLINE_CURVE_WITH_KNOTS('',3,(#7576,#7577,#7578,#7579,#7580,#7581,#7582,#7583,#7584,#7585,#7586,#7587,#7588,#7589,#7590,#7591,#7592,#7593,#7594,#7595,#7596,#7597,#7598,#7599,#7600,#7601,#7602,#7603,#7604,#7605,#7606),.UNSPECIFIED.,.F.,.F.,(4,1,1,1,1,1,1,1,1,1,1,1,1,1,1,1,1,1,1,1,1,1,1,1,1,1,1,1,4),(0.0,0.03571428571429,0.07142857142857,0.1071428571429,0.1428571428571,0.1785714285714,0.2142857142857,0.25,0.2857142857143,0.3214285714286,0.3571428571429,0.3928571428571,0.4285714285714,0.4642857142857,0.5,0.5357142857143,0.5714285714286,0.6071428571429,0.6428571428571,0.6785714285714,0.7142857142857,0.75,0.7857142857143,0.8214285714286,0.8571428571429,0.8928571428571,0.9285714285714,0.9642857142857,1.0),.UNSPECIFIED.);
#5954=CIRCLE('',#7607,0.3);
#5955=VERTEX_POINT('',#7608);
#5956=CIRCLE('',#7609,0.2999991977858);
#5957=LINE('',#7610,#7611);
#5958=LINE('',#7612,#7613);
#5959=B_SPLINE_CURVE_WITH_KNOTS('',3,(#7614,#7615,#7616,#7617,#7618,#7619,#7620,#7621,#7622,#7623,#7624,#7625,#7626,#7627,#7628,#7629,#7630,#7631,#7632,#7633,#7634,#7635,#7636,#7637,#7638,#7639),.UNSPECIFIED.,.F.,.F.,(4,1,1,1,1,1,1,1,1,1,1,1,1,1,1,1,1,1,1,1,1,1,1,4),(0.0,0.04347826086957,0.08695652173913,0.1304347826087,0.1739130434783,0.2173913043478,0.2608695652174,0.304347826087,0.3478260869565,0.3913043478261,0.4347826086957,0.4782608695652,0.5217391304348,0.5652173913043,0.6086956521739,0.6521739130435,0.695652173913,0.7391304347826,0.7826086956522,0.8260869565217,0.8695652173913,0.9130434782609,0.9565217391304,1.0),.UNSPECIFIED.);
#5960=VERTEX_POINT('',#7640);
#5961=CIRCLE('',#7641,0.2000001236038);
#5962=VERTEX_POINT('',#7642);
#5963=CIRCLE('',#7643,0.2);
#5964=LINE('',#7644,#7645);
#5965=VERTEX_POINT('',#7646);
#5966=LINE('',#7647,#7648);
#5967=VERTEX_POINT('',#7649);
#5968=LINE('',#7650,#7651);
#5969=LINE('',#7652,#7653);
#5970=VERTEX_POINT('',#7654);
#5971=VERTEX_POINT('',#7655);
#5972=LINE('',#7656,#7657);
#5973=B_SPLINE_CURVE_WITH_KNOTS('',3,(#7658,#7659,#7660,#7661,#7662,#7663,#7664,#7665,#7666,#7667,#7668,#7669,#7670,#7671,#7672,#7673,#7674,#7675,#7676,#7677,#7678,#7679,#7680,#7681,#7682,#7683,#7684),.UNSPECIFIED.,.F.,.F.,(4,1,1,1,1,1,1,1,1,1,1,1,1,1,1,1,1,1,1,1,1,1,1,1,4),(0.0,0.04166666666667,0.08333333333333,0.125,0.1666666666667,0.2083333333333,0.25,0.2916666666667,0.3333333333333,0.375,0.4166666666667,0.4583333333333,0.5,0.5416666666667,0.5833333333333,0.625,0.6666666666667,0.7083333333333,0.75,0.7916666666667,0.8333333333333,0.875,0.9166666666667,0.9583333333333,1.0),.UNSPECIFIED.);
#5974=CIRCLE('',#7685,0.3);
#5975=VERTEX_POINT('',#7686);
#5976=CIRCLE('',#7687,0.3);
#5977=VERTEX_POINT('',#7688);
#5978=LINE('',#7689,#7690);
#5979=VERTEX_POINT('',#7691);
#5980=CIRCLE('',#7692,0.1);
#5981=VERTEX_POINT('',#7693);
#5982=LINE('',#7694,#7695);
#5983=VERTEX_POINT('',#7696);
#5984=CIRCLE('',#7697,0.1);
#5985=LINE('',#7698,#7699);
#5986=VERTEX_POINT('',#7700);
#5987=LINE('',#7701,#7702);
#5988=LINE('',#7703,#7704);
#5989=CIRCLE('',#7705,0.3);
#5990=CIRCLE('',#7706,0.2999999515855);
#5991=VERTEX_POINT('',#7707);
#5992=B_SPLINE_CURVE_WITH_KNOTS('',3,(#7708,#7709,#7710,#7711,#7712,#7713,#7714,#7715,#7716,#7717,#7718,#7719,#7720,#7721,#7722,#7723,#7724,#7725,#7726,#7727,#7728,#7729,#7730,#7731,#7732,#7733,#7734,#7735,#7736,#7737,#7738),.UNSPECIFIED.,.F.,.F.,(4,1,1,1,1,1,1,1,1,1,1,1,1,1,1,1,1,1,1,1,1,1,1,1,1,1,1,1,4),(0.0,0.03571428571429,0.07142857142857,0.1071428571429,0.1428571428571,0.1785714285714,0.2142857142857,0.25,0.2857142857143,0.3214285714286,0.3571428571429,0.3928571428571,0.4285714285714,0.4642857142857,0.5,0.5357142857143,0.5714285714286,0.6071428571429,0.6428571428571,0.6785714285714,0.7142857142857,0.75,0.7857142857143,0.8214285714286,0.8571428571429,0.8928571428571,0.9285714285714,0.9642857142857,1.0),.UNSPECIFIED.);
#5993=CIRCLE('',#7739,0.05);
#5994=VERTEX_POINT('',#7740);
#5995=CIRCLE('',#7741,0.04999998536995);
#5996=LINE('',#7742,#7743);
#5997=LINE('',#7744,#7745);
#5998=LINE('',#7746,#7747);
#5999=VERTEX_POINT('',#7748);
#6000=LINE('',#7749,#7750);
#6001=B_SPLINE_CURVE_WITH_KNOTS('',3,(#7751,#7752,#7753,#7754,#7755,#7756,#7757,#7758,#7759,#7760,#7761,#7762,#7763,#7764,#7765,#7766,#7767,#7768,#7769,#7770,#7771,#7772,#7773,#7774,#7775,#7776,#7777,#7778,#7779,#7780,#7781),.UNSPECIFIED.,.F.,.F.,(4,1,1,1,1,1,1,1,1,1,1,1,1,1,1,1,1,1,1,1,1,1,1,1,1,1,1,1,4),(0.0,0.03571428571429,0.07142857142857,0.1071428571429,0.1428571428571,0.1785714285714,0.2142857142857,0.25,0.2857142857143,0.3214285714286,0.3571428571429,0.3928571428571,0.4285714285714,0.4642857142857,0.5,0.5357142857143,0.5714285714286,0.6071428571429,0.6428571428571,0.6785714285714,0.7142857142857,0.75,0.7857142857143,0.8214285714286,0.8571428571429,0.8928571428571,0.9285714285714,0.9642857142857,1.0),.UNSPECIFIED.);
#6002=CIRCLE('',#7782,0.3);
#6003=VERTEX_POINT('',#7783);
#6004=CIRCLE('',#7784,0.2999991977858);
#6005=LINE('',#7785,#7786);
#6006=LINE('',#7787,#7788);
#6007=B_SPLINE_CURVE_WITH_KNOTS('',3,(#7789,#7790,#7791,#7792,#7793,#7794,#7795,#7796,#7797,#7798,#7799,#7800,#7801,#7802,#7803,#7804,#7805,#7806,#7807,#7808,#7809,#7810,#7811,#7812,#7813,#7814),.UNSPECIFIED.,.F.,.F.,(4,1,1,1,1,1,1,1,1,1,1,1,1,1,1,1,1,1,1,1,1,1,1,4),(0.0,0.04347826086957,0.08695652173913,0.1304347826087,0.1739130434783,0.2173913043478,0.2608695652174,0.304347826087,0.3478260869565,0.3913043478261,0.4347826086957,0.4782608695652,0.5217391304348,0.5652173913043,0.6086956521739,0.6521739130435,0.695652173913,0.7391304347826,0.7826086956522,0.8260869565217,0.8695652173913,0.9130434782609,0.9565217391304,1.0),.UNSPECIFIED.);
#6008=VERTEX_POINT('',#7815);
#6009=CIRCLE('',#7816,0.05);
#6010=VERTEX_POINT('',#7817);
#6011=LINE('',#7818,#7819);
#6012=CIRCLE('',#7820,0.04999998536995);
#6013=VERTEX_POINT('',#7821);
#6014=B_SPLINE_CURVE_WITH_KNOTS('',3,(#7822,#7823,#7824,#7825,#7826,#7827,#7828,#7829,#7830,#7831,#7832,#7833,#7834,#7835,#7836,#7837,#7838,#7839,#7840,#7841,#7842,#7843,#7844,#7845,#7846,#7847,#7848,#7849,#7850,#7851,#7852),.UNSPECIFIED.,.F.,.F.,(4,1,1,1,1,1,1,1,1,1,1,1,1,1,1,1,1,1,1,1,1,1,1,1,1,1,1,1,4),(0.0,0.03571428571429,0.07142857142857,0.1071428571429,0.1428571428571,0.1785714285714,0.2142857142857,0.25,0.2857142857143,0.3214285714286,0.3571428571429,0.3928571428571,0.4285714285714,0.4642857142857,0.5,0.5357142857143,0.5714285714286,0.6071428571429,0.6428571428571,0.6785714285714,0.7142857142857,0.75,0.7857142857143,0.8214285714286,0.8571428571429,0.8928571428571,0.9285714285714,0.9642857142857,1.0),.UNSPECIFIED.);
#6015=CIRCLE('',#7853,0.3);
#6016=VERTEX_POINT('',#7854);
#6017=LINE('',#7855,#7856);
#6018=CIRCLE('',#7857,0.2999991977858);
#6019=VERTEX_POINT('',#7858);
#6020=B_SPLINE_CURVE_WITH_KNOTS('',3,(#7859,#7860,#7861,#7862,#7863,#7864,#7865,#7866,#7867,#7868,#7869,#7870,#7871,#7872,#7873,#7874,#7875,#7876,#7877,#7878,#7879,#7880,#7881,#7882,#7883,#7884),.UNSPECIFIED.,.F.,.F.,(4,1,1,1,1,1,1,1,1,1,1,1,1,1,1,1,1,1,1,1,1,1,1,4),(0.0,0.04347826086957,0.08695652173913,0.1304347826087,0.1739130434783,0.2173913043478,0.2608695652174,0.304347826087,0.3478260869565,0.3913043478261,0.4347826086957,0.4782608695652,0.5217391304348,0.5652173913043,0.6086956521739,0.6521739130435,0.695652173913,0.7391304347826,0.7826086956522,0.8260869565217,0.8695652173913,0.9130434782609,0.9565217391304,1.0),.UNSPECIFIED.);
#6021=CIRCLE('',#7885,0.2);
#6022=VERTEX_POINT('',#7886);
#6023=LINE('',#7887,#7888);
#6024=CIRCLE('',#7889,0.2000001236038);
#6025=VERTEX_POINT('',#7890);
#6026=B_SPLINE_CURVE_WITH_KNOTS('',3,(#7891,#7892,#7893,#7894,#7895,#7896,#7897,#7898,#7899,#7900,#7901,#7902,#7903,#7904,#7905,#7906,#7907,#7908,#7909,#7910,#7911,#7912,#7913,#7914,#7915,#7916,#7917),.UNSPECIFIED.,.F.,.F.,(4,1,1,1,1,1,1,1,1,1,1,1,1,1,1,1,1,1,1,1,1,1,1,1,4),(0.0,0.04166666666667,0.08333333333333,0.125,0.1666666666667,0.2083333333333,0.25,0.2916666666667,0.3333333333333,0.375,0.4166666666667,0.4583333333333,0.5,0.5416666666667,0.5833333333333,0.625,0.6666666666667,0.7083333333333,0.75,0.7916666666667,0.8333333333333,0.875,0.9166666666667,0.9583333333333,1.0),.UNSPECIFIED.);
#6027=CIRCLE('',#7918,0.3);
#6028=VERTEX_POINT('',#7919);
#6029=CIRCLE('',#7920,0.2999999515855);
#6030=LINE('',#7921,#7922);
#6031=VERTEX_POINT('',#7923);
#6032=LINE('',#7924,#7925);
#6033=VERTEX_POINT('',#7926);
#6034=LINE('',#7927,#7928);
#6035=LINE('',#7929,#7930);
#6036=VERTEX_POINT('',#7931);
#6037=LINE('',#7932,#7933);
#6038=B_SPLINE_CURVE_WITH_KNOTS('',3,(#7934,#7935,#7936,#7937,#7938,#7939,#7940,#7941,#7942,#7943,#7944,#7945,#7946,#7947,#7948,#7949,#7950,#7951,#7952,#7953,#7954,#7955,#7956,#7957,#7958,#7959,#7960,#7961,#7962,#7963,#7964),.UNSPECIFIED.,.F.,.F.,(4,1,1,1,1,1,1,1,1,1,1,1,1,1,1,1,1,1,1,1,1,1,1,1,1,1,1,1,4),(0.0,0.03571428571429,0.07142857142857,0.1071428571429,0.1428571428571,0.1785714285714,0.2142857142857,0.25,0.2857142857143,0.3214285714286,0.3571428571429,0.3928571428571,0.4285714285714,0.4642857142857,0.5,0.5357142857143,0.5714285714286,0.6071428571429,0.6428571428571,0.6785714285714,0.7142857142857,0.75,0.7857142857143,0.8214285714286,0.8571428571429,0.8928571428571,0.9285714285714,0.9642857142857,1.0),.UNSPECIFIED.);
#6039=CIRCLE('',#7965,0.1);
#6040=VERTEX_POINT('',#7966);
#6041=CIRCLE('',#7967,0.3);
#6042=VERTEX_POINT('',#7968);
#6043=LINE('',#7969,#7970);
#6044=VERTEX_POINT('',#7971);
#6045=CIRCLE('',#7972,0.3);
#6046=VERTEX_POINT('',#7973);
#6047=LINE('',#7974,#7975);
#6048=VERTEX_POINT('',#7976);
#6049=CIRCLE('',#7977,0.1);
#6050=LINE('',#7978,#7979);
#6051=LINE('',#7980,#7981);
#6052=LINE('',#7982,#7983);
#6053=LINE('',#7984,#7985);
#6054=LINE('',#7986,#7987);
#6055=LINE('',#7988,#7989);
#6056=VERTEX_POINT('',#7990);
#6057=CIRCLE('',#7991,0.3);
#6058=VERTEX_POINT('',#7992);
#6059=LINE('',#7993,#7994);
#6060=CIRCLE('',#7995,0.2999999515855);
#6061=VERTEX_POINT('',#7996);
#6062=B_SPLINE_CURVE_WITH_KNOTS('',3,(#7997,#7998,#7999,#8000,#8001,#8002,#8003,#8004,#8005,#8006,#8007,#8008,#8009,#8010,#8011,#8012,#8013,#8014,#8015,#8016,#8017,#8018,#8019,#8020,#8021,#8022,#8023,#8024,#8025,#8026,#8027),.UNSPECIFIED.,.F.,.F.,(4,1,1,1,1,1,1,1,1,1,1,1,1,1,1,1,1,1,1,1,1,1,1,1,1,1,1,1,4),(0.0,0.03571428571429,0.07142857142857,0.1071428571429,0.1428571428571,0.1785714285714,0.2142857142857,0.25,0.2857142857143,0.3214285714286,0.3571428571429,0.3928571428571,0.4285714285714,0.4642857142857,0.5,0.5357142857143,0.5714285714286,0.6071428571429,0.6428571428571,0.6785714285714,0.7142857142857,0.75,0.7857142857143,0.8214285714286,0.8571428571429,0.8928571428571,0.9285714285714,0.9642857142857,1.0),.UNSPECIFIED.);
#6063=CIRCLE('',#8028,0.05);
#6064=VERTEX_POINT('',#8029);
#6065=LINE('',#8030,#8031);
#6066=CIRCLE('',#8032,0.04999998536995);
#6067=VERTEX_POINT('',#8033);
#6068=B_SPLINE_CURVE_WITH_KNOTS('',3,(#8034,#8035,#8036,#8037,#8038,#8039,#8040,#8041,#8042,#8043,#8044,#8045,#8046,#8047,#8048,#8049,#8050,#8051,#8052,#8053,#8054,#8055,#8056,#8057,#8058,#8059,#8060,#8061,#8062,#8063,#8064),.UNSPECIFIED.,.F.,.F.,(4,1,1,1,1,1,1,1,1,1,1,1,1,1,1,1,1,1,1,1,1,1,1,1,1,1,1,1,4),(0.0,0.03571428571429,0.07142857142857,0.1071428571429,0.1428571428571,0.1785714285714,0.2142857142857,0.25,0.2857142857143,0.3214285714286,0.3571428571429,0.3928571428571,0.4285714285714,0.4642857142857,0.5,0.5357142857143,0.5714285714286,0.6071428571429,0.6428571428571,0.6785714285714,0.7142857142857,0.75,0.7857142857143,0.8214285714286,0.8571428571429,0.8928571428571,0.9285714285714,0.9642857142857,1.0),.UNSPECIFIED.);
#6069=CIRCLE('',#8065,0.3);
#6070=VERTEX_POINT('',#8066);
#6071=CIRCLE('',#8067,0.2999991977858);
#6072=LINE('',#8068,#8069);
#6073=VERTEX_POINT('',#8070);
#6074=VERTEX_POINT('',#8071);
#6075=LINE('',#8072,#8073);
#6076=LINE('',#8074,#8075);
#6077=LINE('',#8076,#8077);
#6078=VERTEX_POINT('',#8078);
#6079=LINE('',#8079,#8080);
#6080=CIRCLE('',#8081,0.1);
#6081=VERTEX_POINT('',#8082);
#6082=LINE('',#8083,#8084);
#6083=VERTEX_POINT('',#8085);
#6084=CIRCLE('',#8086,0.1);
#6085=VERTEX_POINT('',#8087);
#6086=LINE('',#8088,#8089);
#6087=VERTEX_POINT('',#8090);
#6088=CIRCLE('',#8091,0.3);
#6089=VERTEX_POINT('',#8092);
#6090=LINE('',#8093,#8094);
#6091=CIRCLE('',#8095,0.3);
#6092=VERTEX_POINT('',#8096);
#6093=LINE('',#8097,#8098);
#6094=B_SPLINE_CURVE_WITH_KNOTS('',3,(#8099,#8100,#8101,#8102,#8103,#8104,#8105,#8106,#8107,#8108,#8109,#8110,#8111,#8112,#8113,#8114,#8115,#8116,#8117,#8118,#8119,#8120,#8121,#8122,#8123,#8124),.UNSPECIFIED.,.F.,.F.,(4,1,1,1,1,1,1,1,1,1,1,1,1,1,1,1,1,1,1,1,1,1,1,4),(0.0,0.04347826086957,0.08695652173913,0.1304347826087,0.1739130434783,0.2173913043478,0.2608695652174,0.304347826087,0.3478260869565,0.3913043478261,0.4347826086957,0.4782608695652,0.5217391304348,0.5652173913043,0.6086956521739,0.6521739130435,0.695652173913,0.7391304347826,0.7826086956522,0.8260869565217,0.8695652173913,0.9130434782609,0.9565217391304,1.0),.UNSPECIFIED.);
#6095=CIRCLE('',#8125,0.2);
#6096=VERTEX_POINT('',#8126);
#6097=CIRCLE('',#8127,0.2000001236038);
#6098=LINE('',#8128,#8129);
#6099=LINE('',#8130,#8131);
#6100=LINE('',#8132,#8133);
#6101=B_SPLINE_CURVE_WITH_KNOTS('',3,(#8134,#8135,#8136,#8137,#8138,#8139,#8140,#8141,#8142,#8143,#8144,#8145,#8146,#8147,#8148,#8149,#8150,#8151,#8152,#8153,#8154,#8155,#8156,#8157,#8158,#8159,#8160),.UNSPECIFIED.,.F.,.F.,(4,1,1,1,1,1,1,1,1,1,1,1,1,1,1,1,1,1,1,1,1,1,1,1,4),(0.0,0.04166666666667,0.08333333333333,0.125,0.1666666666667,0.2083333333333,0.25,0.2916666666667,0.3333333333333,0.375,0.4166666666667,0.4583333333333,0.5,0.5416666666667,0.5833333333333,0.625,0.6666666666667,0.7083333333333,0.75,0.7916666666667,0.8333333333333,0.875,0.9166666666667,0.9583333333333,1.0),.UNSPECIFIED.);
#6102=LINE('',#8161,#8162);
#6103=LINE('',#8163,#8164);
#6104=VERTEX_POINT('',#8165);
#6105=CIRCLE('',#8166,0.3);
#6106=VERTEX_POINT('',#8167);
#6107=LINE('',#8168,#8169);
#6108=CIRCLE('',#8170,0.2999999515855);
#6109=VERTEX_POINT('',#8171);
#6110=B_SPLINE_CURVE_WITH_KNOTS('',3,(#8172,#8173,#8174,#8175,#8176,#8177,#8178,#8179,#8180,#8181,#8182,#8183,#8184,#8185,#8186,#8187,#8188,#8189,#8190,#8191,#8192,#8193,#8194,#8195,#8196,#8197,#8198,#8199,#8200,#8201,#8202),.UNSPECIFIED.,.F.,.F.,(4,1,1,1,1,1,1,1,1,1,1,1,1,1,1,1,1,1,1,1,1,1,1,1,1,1,1,1,4),(0.0,0.03571428571429,0.07142857142857,0.1071428571429,0.1428571428571,0.1785714285714,0.2142857142857,0.25,0.2857142857143,0.3214285714286,0.3571428571429,0.3928571428571,0.4285714285714,0.4642857142857,0.5,0.5357142857143,0.5714285714286,0.6071428571429,0.6428571428571,0.6785714285714,0.7142857142857,0.75,0.7857142857143,0.8214285714286,0.8571428571429,0.8928571428571,0.9285714285714,0.9642857142857,1.0),.UNSPECIFIED.);
#6111=CIRCLE('',#8203,0.05);
#6112=VERTEX_POINT('',#8204);
#6113=LINE('',#8205,#8206);
#6114=CIRCLE('',#8207,0.04999998536995);
#6115=VERTEX_POINT('',#8208);
#6116=B_SPLINE_CURVE_WITH_KNOTS('',3,(#8209,#8210,#8211,#8212,#8213,#8214,#8215,#8216,#8217,#8218,#8219,#8220,#8221,#8222,#8223,#8224,#8225,#8226,#8227,#8228,#8229,#8230,#8231,#8232,#8233,#8234,#8235,#8236,#8237,#8238,#8239),.UNSPECIFIED.,.F.,.F.,(4,1,1,1,1,1,1,1,1,1,1,1,1,1,1,1,1,1,1,1,1,1,1,1,1,1,1,1,4),(0.0,0.03571428571429,0.07142857142857,0.1071428571429,0.1428571428571,0.1785714285714,0.2142857142857,0.25,0.2857142857143,0.3214285714286,0.3571428571429,0.3928571428571,0.4285714285714,0.4642857142857,0.5,0.5357142857143,0.5714285714286,0.6071428571429,0.6428571428571,0.6785714285714,0.7142857142857,0.75,0.7857142857143,0.8214285714286,0.8571428571429,0.8928571428571,0.9285714285714,0.9642857142857,1.0),.UNSPECIFIED.);
#6117=CIRCLE('',#8240,0.3);
#6118=VERTEX_POINT('',#8241);
#6119=CIRCLE('',#8242,0.2999991977858);
#6120=LINE('',#8243,#8244);
#6121=VERTEX_POINT('',#8245);
#6122=VERTEX_POINT('',#8246);
#6123=LINE('',#8247,#8248);
#6124=LINE('',#8249,#8250);
#6125=LINE('',#8251,#8252);
#6126=VERTEX_POINT('',#8253);
#6127=LINE('',#8254,#8255);
#6128=CIRCLE('',#8256,0.1);
#6129=VERTEX_POINT('',#8257);
#6130=LINE('',#8258,#8259);
#6131=VERTEX_POINT('',#8260);
#6132=CIRCLE('',#8261,0.1);
#6133=VERTEX_POINT('',#8262);
#6134=LINE('',#8263,#8264);
#6135=VERTEX_POINT('',#8265);
#6136=CIRCLE('',#8266,0.3);
#6137=VERTEX_POINT('',#8267);
#6138=LINE('',#8268,#8269);
#6139=CIRCLE('',#8270,0.3);
#6140=VERTEX_POINT('',#8271);
#6141=LINE('',#8272,#8273);
#6142=B_SPLINE_CURVE_WITH_KNOTS('',3,(#8274,#8275,#8276,#8277,#8278,#8279,#8280,#8281,#8282,#8283,#8284,#8285,#8286,#8287,#8288,#8289,#8290,#8291,#8292,#8293,#8294,#8295,#8296,#8297,#8298,#8299),.UNSPECIFIED.,.F.,.F.,(4,1,1,1,1,1,1,1,1,1,1,1,1,1,1,1,1,1,1,1,1,1,1,4),(0.0,0.04347826086957,0.08695652173913,0.1304347826087,0.1739130434783,0.2173913043478,0.2608695652174,0.304347826087,0.3478260869565,0.3913043478261,0.4347826086957,0.4782608695652,0.5217391304348,0.5652173913043,0.6086956521739,0.6521739130435,0.695652173913,0.7391304347826,0.7826086956522,0.8260869565217,0.8695652173913,0.9130434782609,0.9565217391304,1.0),.UNSPECIFIED.);
#6143=CIRCLE('',#8300,0.2);
#6144=VERTEX_POINT('',#8301);
#6145=CIRCLE('',#8302,0.2000001236038);
#6146=LINE('',#8303,#8304);
#6147=LINE('',#8305,#8306);
#6148=LINE('',#8307,#8308);
#6149=B_SPLINE_CURVE_WITH_KNOTS('',3,(#8309,#8310,#8311,#8312,#8313,#8314,#8315,#8316,#8317,#8318,#8319,#8320,#8321,#8322,#8323,#8324,#8325,#8326,#8327,#8328,#8329,#8330,#8331,#8332,#8333,#8334,#8335),.UNSPECIFIED.,.F.,.F.,(4,1,1,1,1,1,1,1,1,1,1,1,1,1,1,1,1,1,1,1,1,1,1,1,4),(0.0,0.04166666666667,0.08333333333333,0.125,0.1666666666667,0.2083333333333,0.25,0.2916666666667,0.3333333333333,0.375,0.4166666666667,0.4583333333333,0.5,0.5416666666667,0.5833333333333,0.625,0.6666666666667,0.7083333333333,0.75,0.7916666666667,0.8333333333333,0.875,0.9166666666667,0.9583333333333,1.0),.UNSPECIFIED.);
#6150=LINE('',#8336,#8337);
#6151=LINE('',#8338,#8339);
#6152=CARTESIAN_POINT('',(-7.62,-1.26,0.0));
#6153=CARTESIAN_POINT('',(7.62,-1.26,0.0));
#6154=CARTESIAN_POINT('',(-7.62,-1.26,0.0));
#6155=VECTOR('',#8340,15.24);
#6156=CARTESIAN_POINT('',(7.62,1.26,0.0));
#6157=CARTESIAN_POINT('',(7.62,-1.26,0.0));
#6158=VECTOR('',#8341,2.52);
#6159=CARTESIAN_POINT('',(-7.62,1.26,0.0));
#6160=CARTESIAN_POINT('',(7.62,1.26,0.0));
#6161=VECTOR('',#8342,15.24);
#6162=CARTESIAN_POINT('',(-7.62,1.26,0.0));
#6163=VECTOR('',#8343,2.52);
#6164=CARTESIAN_POINT('',(7.18,0.6549999938425,6.319864354065E-10));
#6165=CARTESIAN_POINT('',(7.579999960625,0.5050000000017,-1.959696281177E-08));
#6166=CARTESIAN_POINT('',(7.18,0.6549999938425,6.319864354065E-10));
#6167=CARTESIAN_POINT('',(7.183495023748,0.6549999301961,-6.092224702021E-09));
#6168=CARTESIAN_POINT('',(7.190537503699,0.6551632988695,2.82741132399E-09));
#6169=CARTESIAN_POINT('',(7.201186754674,0.6557498163595,-7.576025809338E-10));
#6170=CARTESIAN_POINT('',(7.212138095746,0.6565593475066,2.02998999745E-10));
#6171=CARTESIAN_POINT('',(7.223894582723,0.6575249799804,-5.439341804613E-11));
#6172=CARTESIAN_POINT('',(7.236773650146,0.6585628032784,1.457467243952E-11));
#6173=CARTESIAN_POINT('',(7.250769830408,0.6595411682157,-3.905271711969E-12));
#6174=CARTESIAN_POINT('',(7.266346115398,0.6603369212777,1.046414408353E-12));
#6175=CARTESIAN_POINT('',(7.283845457029,0.6607662359444,-2.803859214431E-13));
#6176=CARTESIAN_POINT('',(7.303503887198,0.6605914420558,7.512927741915E-14));
#6177=CARTESIAN_POINT('',(7.325518217189,0.6595250689268,-2.013118823352E-14));
#6178=CARTESIAN_POINT('',(7.350041802069,0.6572662753454,0.0));
#6179=CARTESIAN_POINT('',(7.378086438191,0.6533002720485,0.0));
#6180=CARTESIAN_POINT('',(7.407575231794,0.6475159259197,0.0));
#6181=CARTESIAN_POINT('',(7.435569514933,0.6404405652047,0.0));
#6182=CARTESIAN_POINT('',(7.460287959763,0.6327225954424,0.0));
#6183=CARTESIAN_POINT('',(7.481387032955,0.6247570058636,0.0));
#6184=CARTESIAN_POINT('',(7.499794565593,0.6164079135876,0.0));
#6185=CARTESIAN_POINT('',(7.515916073259,0.6075716667272,-1.455704666129E-14));
#6186=CARTESIAN_POINT('',(7.529756451313,0.5983493859361,5.432578476563E-14));
#6187=CARTESIAN_POINT('',(7.541402474546,0.5888842185779,-2.027460924012E-13));
#6188=CARTESIAN_POINT('',(7.551101582824,0.5792421518065,7.566585848393E-13));
#6189=CARTESIAN_POINT('',(7.559161568461,0.5693680521616,-2.823888246956E-12));
#6190=CARTESIAN_POINT('',(7.565750961117,0.5592666385811,1.053889440298E-11));
#6191=CARTESIAN_POINT('',(7.570980154673,0.5489986013643,-3.933168936498E-11));
#6192=CARTESIAN_POINT('',(7.574991938347,0.5385015462788,1.467878630569E-10));
#6193=CARTESIAN_POINT('',(7.577866487445,0.527677141199,-5.478197628628E-10));
#6194=CARTESIAN_POINT('',(7.579606718475,0.5165183336899,2.044491188394E-09));
#6195=CARTESIAN_POINT('',(7.580000016739,0.5088745610293,-4.405266264345E-09));
#6196=CARTESIAN_POINT('',(7.579999960625,0.5050000000017,-1.959696281177E-08));
#6197=CARTESIAN_POINT('',(7.579999999999,-0.5050000000756,-3.465568874835E-07));
#6198=CARTESIAN_POINT('',(7.579999960625,0.5050000000017,-1.959696281177E-08));
#6199=VECTOR('',#8344,1.010000000077);
#6200=CARTESIAN_POINT('',(6.980000000005,-1.005,6.1222660284E-08));
#6201=CARTESIAN_POINT('',(7.579999999999,-0.5050000000756,-3.465568874835E-07));
#6202=CARTESIAN_POINT('',(7.5800004302,-0.5151411405616,2.061702457466E-07));
#6203=CARTESIAN_POINT('',(7.579201879232,-0.535632852736,-9.568394404443E-08));
#6204=CARTESIAN_POINT('',(7.575499250743,-0.5670800727522,2.563843553559E-08));
#6205=CARTESIAN_POINT('',(7.569210649816,-0.5989931079909,-6.86979809791E-09));
#6206=CARTESIAN_POINT('',(7.560240274758,-0.6313321531341,1.840756856054E-09));
#6207=CARTESIAN_POINT('',(7.548456159185,-0.6640305300717,-4.932293263051E-10));
#6208=CARTESIAN_POINT('',(7.533795832308,-0.6967852949645,1.321604491665E-10));
#6209=CARTESIAN_POINT('',(7.516319498083,-0.7291428650936,-3.541247036112E-11));
#6210=CARTESIAN_POINT('',(7.496122873669,-0.7607319168643,9.489432277933E-12));
#6211=CARTESIAN_POINT('',(7.473290366964,-0.7912754826644,-2.545258750611E-12));
#6212=CARTESIAN_POINT('',(7.447923927498,-0.8205145572122,6.916027245119E-13));
#6213=CARTESIAN_POINT('',(7.420138829348,-0.8482130172696,-2.211521474363E-13));
#6214=CARTESIAN_POINT('',(7.390055790538,-0.8741587013144,1.930058652335E-13));
#6215=CARTESIAN_POINT('',(7.357834708328,-0.8981365985431,-5.508713134976E-13));
#6216=CARTESIAN_POINT('',(7.323621151822,-0.919977179894,2.010479388757E-12));
#6217=CARTESIAN_POINT('',(7.287500104149,-0.9395616314217,-7.49104624153E-12));
#6218=CARTESIAN_POINT('',(7.249595173467,-0.9567535034366,2.795370557736E-11));
#6219=CARTESIAN_POINT('',(7.210134677871,-0.9713943001344,-1.043237760679E-10));
#6220=CARTESIAN_POINT('',(7.16963173199,-0.9833073758313,3.893413986943E-10));
#6221=CARTESIAN_POINT('',(7.128841916637,-0.9923959058188,-1.453041818709E-09));
#6222=CARTESIAN_POINT('',(7.089182506912,-0.9986904938591,5.422825876143E-09));
#6223=CARTESIAN_POINT('',(7.051029066816,-1.002620216905,-2.023826168586E-08));
#6224=CARTESIAN_POINT('',(7.014529203193,-1.004637564524,7.553022086731E-08));
#6225=CARTESIAN_POINT('',(6.991323342123,-1.004999890777,-1.627450075665E-07));
#6226=CARTESIAN_POINT('',(6.980000000005,-1.005,6.1222660284E-08));
#6227=CARTESIAN_POINT('',(5.720000000003,-1.005,7.020006244825E-08));
#6228=CARTESIAN_POINT('',(6.980000000005,-1.005,6.1222660284E-08));
#6229=VECTOR('',#8345,1.260000000002);
#6230=CARTESIAN_POINT('',(5.12,-0.5049999999973,-1.755327338667E-07));
#6231=CARTESIAN_POINT('',(5.720000000003,-1.005,7.020006244825E-08));
#6232=CARTESIAN_POINT('',(5.709127039061,-1.005000078509,1.772326416085E-07));
#6233=CARTESIAN_POINT('',(5.686879224936,-1.004665509666,-8.225395522563E-08));
#6234=CARTESIAN_POINT('',(5.651988459078,-1.002824413013,2.203988087688E-08));
#6235=CARTESIAN_POINT('',(5.615616297105,-0.9992656660462,-5.905568281904E-09));
#6236=CARTESIAN_POINT('',(5.577863142746,-0.9935915509736,1.582392250733E-09));
#6237=CARTESIAN_POINT('',(5.539034643083,-0.9854363853202,-4.240007210282E-10));
#6238=CARTESIAN_POINT('',(5.499859644268,-0.9745766643088,1.136106333797E-10));
#6239=CARTESIAN_POINT('',(5.461811518558,-0.9612657357227,-3.044181249063E-11));
#6240=CARTESIAN_POINT('',(5.425006365908,-0.9455502357927,8.156616582803E-12));
#6241=CARTESIAN_POINT('',(5.389771997882,-0.9275840008369,-2.184653840586E-12));
#6242=CARTESIAN_POINT('',(5.35623363304,-0.9074887896147,5.819987795396E-13));
#6243=CARTESIAN_POINT('',(5.324518927799,-0.8854016874886,-1.433412775726E-13));
#6244=CARTESIAN_POINT('',(5.294689735747,-0.8614232484098,0.0));
#6245=CARTESIAN_POINT('',(5.266905455948,-0.8357394394997,1.778759545689E-13));
#6246=CARTESIAN_POINT('',(5.241284259217,-0.8085367774572,-7.028701490267E-13));
#6247=CARTESIAN_POINT('',(5.217919416593,-0.7799968442188,2.633604641538E-12));
#6248=CARTESIAN_POINT('',(5.196918195544,-0.7503440071502,-9.831548417125E-12));
#6249=CARTESIAN_POINT('',(5.178374855943,-0.7198300388159,3.669258902696E-11));
#6250=CARTESIAN_POINT('',(5.162344957963,-0.6886885079527,-1.369388076907E-10));
#6251=CARTESIAN_POINT('',(5.148899128266,-0.657225969694,5.110626417359E-10));
#6252=CARTESIAN_POINT('',(5.138117321908,-0.6259383289303,-1.907311759253E-09));
#6253=CARTESIAN_POINT('',(5.129910484574,-0.5950475738298,7.118184395276E-09));
#6254=CARTESIAN_POINT('',(5.124143361718,-0.5645392470327,-2.656542582185E-08));
#6255=CARTESIAN_POINT('',(5.12073742455,-0.5344184512217,9.914351889213E-08));
#6256=CARTESIAN_POINT('',(5.120000017492,-0.5147464147138,-2.136245935337E-07));
#6257=CARTESIAN_POINT('',(5.12,-0.5049999999973,-1.755327338667E-07));
#6258=CARTESIAN_POINT('',(5.120000017146,0.5049999999985,-7.348346412842E-09));
#6259=CARTESIAN_POINT('',(5.12,-0.5049999999973,-1.755327338667E-07));
#6260=VECTOR('',#8346,1.009999999996);
#6261=CARTESIAN_POINT('',(5.52,0.6550000073763,-2.376366243367E-08));
#6262=CARTESIAN_POINT('',(5.120000017146,0.5049999999985,-7.348346412842E-09));
#6263=CARTESIAN_POINT('',(5.120000140065,0.50892746256,-4.098060162531E-08));
#6264=CARTESIAN_POINT('',(5.120405733344,0.5166452094808,1.901916340363E-08));
#6265=CARTESIAN_POINT('',(5.122155631884,0.5277709387675,-5.096169474717E-09));
#6266=CARTESIAN_POINT('',(5.125028526656,0.5385640618042,1.365514495243E-09));
#6267=CARTESIAN_POINT('',(5.129055090348,0.5490837625745,-3.658885062536E-10));
#6268=CARTESIAN_POINT('',(5.134329619387,0.5594147160772,9.803952977169E-11));
#6269=CARTESIAN_POINT('',(5.140987727203,0.569575752532,-2.626961283316E-11));
#6270=CARTESIAN_POINT('',(5.149075405298,0.5794353891431,7.038921560969E-12));
#6271=CARTESIAN_POINT('',(5.158816096046,0.5890806243881,-1.886073410714E-12));
#6272=CARTESIAN_POINT('',(5.170643378736,0.5986490313822,5.053720818863E-13));
#6273=CARTESIAN_POINT('',(5.184922746121,0.6080839300938,-1.354149168312E-13));
#6274=CARTESIAN_POINT('',(5.2016291517,0.6171157893573,3.628758543841E-14));
#6275=CARTESIAN_POINT('',(5.220650988252,0.6255939405886,0.0));
#6276=CARTESIAN_POINT('',(5.24254199733,0.6336893089529,0.0));
#6277=CARTESIAN_POINT('',(5.26830730811,0.64151776688,0.0));
#6278=CARTESIAN_POINT('',(5.296884836556,0.6484947920942,0.0));
#6279=CARTESIAN_POINT('',(5.326450461749,0.6540336852126,0.0));
#6280=CARTESIAN_POINT('',(5.353572558814,0.6576628516536,0.0));
#6281=CARTESIAN_POINT('',(5.377806802819,0.6597463471578,-3.550530735071E-14));
#6282=CARTESIAN_POINT('',(5.399584227614,0.6606655454349,1.324951465038E-13));
#6283=CARTESIAN_POINT('',(5.418891232428,0.6607329359724,-4.944752786646E-13));
#6284=CARTESIAN_POINT('',(5.436110171093,0.6602356911688,1.845405968155E-12));
#6285=CARTESIAN_POINT('',(5.451576849572,0.659392709332,-6.887148593954E-12));
#6286=CARTESIAN_POINT('',(5.465405303199,0.6583928307908,2.570318840766E-11));
#6287=CARTESIAN_POINT('',(5.477737901539,0.6573890564137,-9.592560503669E-11));
#6288=CARTESIAN_POINT('',(5.488866943043,0.6564813279392,3.579992317391E-10));
#6289=CARTESIAN_POINT('',(5.499224134383,0.6557260187253,-1.33607132192E-09));
#6290=CARTESIAN_POINT('',(5.509478384972,0.6551652248704,4.98628605594E-09));
#6291=CARTESIAN_POINT('',(5.51647834361,0.6550000259681,-1.074395324925E-08));
#6292=CARTESIAN_POINT('',(5.52,0.6550000073763,-2.376366243367E-08));
#6293=CARTESIAN_POINT('',(5.52,0.6550000073763,-2.376366243367E-08));
#6294=VECTOR('',#8347,1.66);
#6295=CARTESIAN_POINT('',(0.6399911228352,-1.004999851657,7.020006238349E-08));
#6296=CARTESIAN_POINT('',(0.0400000000003,-0.5049999999973,-1.755327344773E-07));
#6297=CARTESIAN_POINT('',(0.6399911228352,-1.004999851657,7.020006238349E-08));
#6298=CARTESIAN_POINT('',(0.6291314767695,-1.004999930071,1.771015709168E-07));
#6299=CARTESIAN_POINT('',(0.6068771653883,-1.004665578556,-8.21931251059E-08));
#6300=CARTESIAN_POINT('',(0.5719890109322,-1.002824394554,2.202358149543E-08));
#6301=CARTESIAN_POINT('',(0.5356161492363,-0.9992656709923,-5.901200875805E-09));
#6302=CARTESIAN_POINT('',(0.4978631823677,-0.9935915496483,1.581222007796E-09));
#6303=CARTESIAN_POINT('',(0.4590346324657,-0.9854363856752,-4.236871553782E-10));
#6304=CARTESIAN_POINT('',(0.419859647112,-0.9745766642134,1.13526613717E-10));
#6305=CARTESIAN_POINT('',(0.3818115177956,-0.9612657357481,-3.041929948986E-11));
#6306=CARTESIAN_POINT('',(0.3450063661123,-0.9455502357857,8.150584242429E-12));
#6307=CARTESIAN_POINT('',(0.3097719978269,-0.9275840008386,-2.183037479851E-12));
#6308=CARTESIAN_POINT('',(0.2762336330539,-0.9074887896141,5.815656769769E-13));
#6309=CARTESIAN_POINT('',(0.2445189277952,-0.8854016874886,-1.432252280563E-13));
#6310=CARTESIAN_POINT('',(0.2146897357484,-0.8614232484096,0.0));
#6311=CARTESIAN_POINT('',(0.1869054559471,-0.8357394394996,1.778842870636E-13));
#6312=CARTESIAN_POINT('',(0.1612842592168,-0.808536777457,-7.028723835026E-13));
#6313=CARTESIAN_POINT('',(0.137919416593,-0.7799968442186,2.633605246947E-12));
#6314=CARTESIAN_POINT('',(0.1169181955441,-0.7503440071501,-9.831548604285E-12));
#6315=CARTESIAN_POINT('',(0.09837485594307,-0.7198300388158,3.669258917019E-11));
#6316=CARTESIAN_POINT('',(0.08234495796285,-0.6886885079526,-1.369388080765E-10));
#6317=CARTESIAN_POINT('',(0.06889912826611,-0.6572259696939,5.110626431357E-10));
#6318=CARTESIAN_POINT('',(0.05811732190747,-0.6259383289302,-1.907311764467E-09));
#6319=CARTESIAN_POINT('',(0.04991048457433,-0.5950475738297,7.11818441473E-09));
#6320=CARTESIAN_POINT('',(0.04414336171817,-0.5645392470327,-2.656542589445E-08));
#6321=CARTESIAN_POINT('',(0.04073742454985,-0.5344184512217,9.914351916309E-08));
#6322=CARTESIAN_POINT('',(0.04000001749218,-0.5147464147138,-2.136245941176E-07));
#6323=CARTESIAN_POINT('',(0.0400000000003,-0.5049999999973,-1.755327344773E-07));
#6324=CARTESIAN_POINT('',(0.0400000171462,0.5049999999985,-7.348346412842E-09));
#6325=CARTESIAN_POINT('',(0.0400000000003,-0.5049999999973,-1.755327344773E-07));
#6326=VECTOR('',#8348,1.009999999996);
#6327=CARTESIAN_POINT('',(0.4400000377284,0.6550000065937,-2.376366242442E-08));
#6328=CARTESIAN_POINT('',(0.0400000171462,0.5049999999985,-7.348346412842E-09));
#6329=CARTESIAN_POINT('',(0.04000014006517,0.508927462558,-4.098060168918E-08));
#6330=CARTESIAN_POINT('',(0.04040573334373,0.5166452094747,1.901916343327E-08));
#6331=CARTESIAN_POINT('',(0.04215563188191,0.5277709387542,-5.096169482659E-09));
#6332=CARTESIAN_POINT('',(0.04502852665035,0.5385640617849,1.365514497371E-09));
#6333=CARTESIAN_POINT('',(0.04905509033834,0.5490837625515,-3.658885068238E-10));
#6334=CARTESIAN_POINT('',(0.05432961937364,0.5594147160535,9.803952992448E-11));
#6335=CARTESIAN_POINT('',(0.06098772718688,0.5695757525108,-2.62696128741E-11));
#6336=CARTESIAN_POINT('',(0.06907540528386,0.5794353891276,7.038921571939E-12));
#6337=CARTESIAN_POINT('',(0.07881609603551,0.589080624379,-1.886073413652E-12));
#6338=CARTESIAN_POINT('',(0.09064337873011,0.5986490313781,5.05372082669E-13));
#6339=CARTESIAN_POINT('',(0.1049227461181,0.6080839300922,-1.354149170238E-13));
#6340=CARTESIAN_POINT('',(0.1216291517001,0.6171157893574,3.628758542619E-14));
#6341=CARTESIAN_POINT('',(0.1406509882533,0.6255939405892,0.0));
#6342=CARTESIAN_POINT('',(0.1625419973323,0.6336893089536,0.0));
#6343=CARTESIAN_POINT('',(0.1883073081085,0.6415177668794,0.0));
#6344=CARTESIAN_POINT('',(0.2168848365492,0.6484947920926,0.0));
#6345=CARTESIAN_POINT('',(0.2464504617354,0.6540336852105,0.0));
#6346=CARTESIAN_POINT('',(0.2735725588002,0.6576628516522,0.0));
#6347=CARTESIAN_POINT('',(0.2978068028084,0.6597463471572,-3.550461391046E-14));
#6348=CARTESIAN_POINT('',(0.3195842276066,0.6606655454347,1.324925585496E-13));
#6349=CARTESIAN_POINT('',(0.3388912324247,0.6607329359724,-4.944656202878E-13));
#6350=CARTESIAN_POINT('',(0.3561101711003,0.6602356911688,1.845369922602E-12));
#6351=CARTESIAN_POINT('',(0.3715768495727,0.6593927093307,-6.887014070119E-12));
#6352=CARTESIAN_POINT('',(0.385405303263,0.6583928307912,2.570268635787E-11));
#6353=CARTESIAN_POINT('',(0.3977379013921,0.657389056405,-9.592373136138E-11));
#6354=CARTESIAN_POINT('',(0.4088669436897,0.6564813279639,3.579922390876E-10));
#6355=CARTESIAN_POINT('',(0.419224132049,0.6557260186273,-1.336045224989E-09));
#6356=CARTESIAN_POINT('',(0.4294783937355,0.6551652252333,4.986188660869E-09));
#6357=CARTESIAN_POINT('',(0.4364783247425,0.6550000251859,-1.074374339203E-08));
#6358=CARTESIAN_POINT('',(0.4400000377284,0.6550000065937,-2.376366242442E-08));
#6359=CARTESIAN_POINT('',(2.1,0.6549999938425,6.319864978566E-10));
#6360=CARTESIAN_POINT('',(0.4400000377284,0.6550000065937,-2.376366242442E-08));
#6361=VECTOR('',#8349,1.659999962271);
#6362=CARTESIAN_POINT('',(2.499999960625,0.5050000000017,-1.959696244169E-08));
#6363=CARTESIAN_POINT('',(2.1,0.6549999938425,6.319864978566E-10));
#6364=CARTESIAN_POINT('',(2.103495023746,0.6549999301961,-6.092225258764E-09));
#6365=CARTESIAN_POINT('',(2.110537503692,0.6551632988693,2.827411582376E-09));
#6366=CARTESIAN_POINT('',(2.121186754662,0.6557498163588,-7.57602650168E-10));
#6367=CARTESIAN_POINT('',(2.132138095731,0.6565593475054,2.029990182962E-10));
#6368=CARTESIAN_POINT('',(2.14389458271,0.6575249799793,-5.439342301691E-11));
#6369=CARTESIAN_POINT('',(2.156773650142,0.6585628032781,1.457467377144E-11));
#6370=CARTESIAN_POINT('',(2.170769830411,0.6595411682159,-3.905272068856E-12));
#6371=CARTESIAN_POINT('',(2.186346115408,0.6603369212782,1.046414503981E-12));
#6372=CARTESIAN_POINT('',(2.203845457046,0.6607662359446,-2.803859470664E-13));
#6373=CARTESIAN_POINT('',(2.223503887221,0.6605914420553,7.512928428489E-14));
#6374=CARTESIAN_POINT('',(2.245518217216,0.659525068925,-2.013119007321E-14));
#6375=CARTESIAN_POINT('',(2.270041802097,0.6572662753421,0.0));
#6376=CARTESIAN_POINT('',(2.298086438218,0.6533002720439,0.0));
#6377=CARTESIAN_POINT('',(2.327575231816,0.6475159259146,0.0));
#6378=CARTESIAN_POINT('',(2.355569514948,0.6404405652004,0.0));
#6379=CARTESIAN_POINT('',(2.380287959774,0.6327225954388,0.0));
#6380=CARTESIAN_POINT('',(2.401387032962,0.6247570058606,0.0));
#6381=CARTESIAN_POINT('',(2.4197945656,0.6164079135839,0.0));
#6382=CARTESIAN_POINT('',(2.435916073268,0.607571666722,-1.455704735913E-14));
#6383=CARTESIAN_POINT('',(2.449756451325,0.598349385928,5.432578736985E-14));
#6384=CARTESIAN_POINT('',(2.461402474561,0.5888842185651,-2.027461021203E-13));
#6385=CARTESIAN_POINT('',(2.471101582841,0.5792421517879,7.566586211112E-13));
#6386=CARTESIAN_POINT('',(2.479161568478,0.569368052138,-2.823888382325E-12));
#6387=CARTESIAN_POINT('',(2.485750961131,0.5592666385557,1.053889490819E-11));
#6388=CARTESIAN_POINT('',(2.490980154683,0.5489986013403,-3.933169125042E-11));
#6389=CARTESIAN_POINT('',(2.494991938354,0.5385015462585,1.467878700935E-10));
#6390=CARTESIAN_POINT('',(2.497866487448,0.5276771411845,-5.478197891236E-10));
#6391=CARTESIAN_POINT('',(2.499606718475,0.5165183336827,2.044491286401E-09));
#6392=CARTESIAN_POINT('',(2.500000016739,0.5088745610268,-4.40526647552E-09));
#6393=CARTESIAN_POINT('',(2.499999960625,0.5050000000017,-1.959696244169E-08));
#6394=CARTESIAN_POINT('',(2.499999999999,-0.5050000000756,-3.465568878351E-07));
#6395=CARTESIAN_POINT('',(2.499999960625,0.5050000000017,-1.959696244169E-08));
#6396=VECTOR('',#8350,1.010000000077);
#6397=CARTESIAN_POINT('',(1.900000000005,-1.005,6.122266038577E-08));
#6398=CARTESIAN_POINT('',(2.499999999999,-0.5050000000756,-3.465568878351E-07));
#6399=CARTESIAN_POINT('',(2.5000004302,-0.5151411405616,2.061702458993E-07));
#6400=CARTESIAN_POINT('',(2.499201879232,-0.535632852736,-9.56839441153E-08));
#6401=CARTESIAN_POINT('',(2.495499250743,-0.5670800727522,2.563843555457E-08));
#6402=CARTESIAN_POINT('',(2.489210649816,-0.5989931079909,-6.869798102998E-09));
#6403=CARTESIAN_POINT('',(2.480240274758,-0.6313321531341,1.840756857417E-09));
#6404=CARTESIAN_POINT('',(2.468456159185,-0.6640305300717,-4.932293266704E-10));
#6405=CARTESIAN_POINT('',(2.453795832308,-0.6967852949646,1.321604492644E-10));
#6406=CARTESIAN_POINT('',(2.436319498083,-0.7291428650936,-3.541247038735E-11));
#6407=CARTESIAN_POINT('',(2.416122873669,-0.7607319168643,9.48943228496E-12));
#6408=CARTESIAN_POINT('',(2.393290366964,-0.7912754826645,-2.545258752491E-12));
#6409=CARTESIAN_POINT('',(2.367923927498,-0.8205145572122,6.91602725006E-13));
#6410=CARTESIAN_POINT('',(2.340138829348,-0.8482130172696,-2.211521475326E-13));
#6411=CARTESIAN_POINT('',(2.310055790538,-0.8741587013144,1.930058651242E-13));
#6412=CARTESIAN_POINT('',(2.277834708328,-0.8981365985432,-5.508713129644E-13));
#6413=CARTESIAN_POINT('',(2.243621151821,-0.9199771798941,2.010479386733E-12));
#6414=CARTESIAN_POINT('',(2.207500104149,-0.9395616314217,-7.491046233969E-12));
#6415=CARTESIAN_POINT('',(2.169595173467,-0.9567535034367,2.795370554914E-11));
#6416=CARTESIAN_POINT('',(2.130134677871,-0.9713943001344,-1.043237759626E-10));
#6417=CARTESIAN_POINT('',(2.08963173199,-0.9833073758313,3.893413983013E-10));
#6418=CARTESIAN_POINT('',(2.048841916637,-0.9923959058189,-1.453041817242E-09));
#6419=CARTESIAN_POINT('',(2.009182506912,-0.9986904938591,5.422825870668E-09));
#6420=CARTESIAN_POINT('',(1.971029066816,-1.002620216905,-2.023826166543E-08));
#6421=CARTESIAN_POINT('',(1.934529203193,-1.004637564524,7.553022079106E-08));
#6422=CARTESIAN_POINT('',(1.911323342123,-1.004999890777,-1.627450074022E-07));
#6423=CARTESIAN_POINT('',(1.900000000005,-1.005,6.122266038577E-08));
#6424=CARTESIAN_POINT('',(1.900000000005,-1.005,6.122266038577E-08));
#6425=VECTOR('',#8351,1.26000887717);
#6426=CARTESIAN_POINT('',(-4.440008782796,-1.004999853234,7.020006241124E-08));
#6427=CARTESIAN_POINT('',(-5.04,-0.5049999999973,-1.755327344958E-07));
#6428=CARTESIAN_POINT('',(-4.440008782796,-1.004999853234,7.020006241124E-08));
#6429=CARTESIAN_POINT('',(-4.450868570406,-1.004999931649,1.771029642789E-07));
#6430=CARTESIAN_POINT('',(-4.473122812718,-1.004665577824,-8.21937717675E-08));
#6431=CARTESIAN_POINT('',(-4.508010994934,-1.00282439475,2.202375476788E-08));
#6432=CARTESIAN_POINT('',(-4.544383849192,-0.9992656709397,-5.90124730402E-09));
#6433=CARTESIAN_POINT('',(-4.582136818053,-0.9935915496624,1.581234448198E-09));
#6434=CARTESIAN_POINT('',(-4.620965367422,-0.9854363856714,-4.236904887741E-10));
#6435=CARTESIAN_POINT('',(-4.660140352918,-0.9745766642145,1.135275068977E-10));
#6436=CARTESIAN_POINT('',(-4.698188482196,-0.9612657357478,-3.041953881692E-11));
#6437=CARTESIAN_POINT('',(-4.73499363389,-0.9455502357858,8.150648369919E-12));
#6438=CARTESIAN_POINT('',(-4.770228002173,-0.9275840008386,-2.183054662761E-12));
#6439=CARTESIAN_POINT('',(-4.803766366946,-0.9074887896141,5.815702811234E-13));
#6440=CARTESIAN_POINT('',(-4.835481072205,-0.8854016874886,-1.43226461733E-13));
#6441=CARTESIAN_POINT('',(-4.865310264252,-0.8614232484096,0.0));
#6442=CARTESIAN_POINT('',(-4.893094544053,-0.8357394394996,1.778841984983E-13));
#6443=CARTESIAN_POINT('',(-4.918715740783,-0.8085367774571,-7.02872359802E-13));
#6444=CARTESIAN_POINT('',(-4.942080583407,-0.7799968442187,2.63360524071E-12));
#6445=CARTESIAN_POINT('',(-4.963081804456,-0.7503440071501,-9.831548603036E-12));
#6446=CARTESIAN_POINT('',(-4.981625144057,-0.7198300388158,3.669258917144E-11));
#6447=CARTESIAN_POINT('',(-4.997655042037,-0.6886885079526,-1.369388080827E-10));
#6448=CARTESIAN_POINT('',(-5.011100871734,-0.6572259696939,5.110626431594E-10));
#6449=CARTESIAN_POINT('',(-5.021882678093,-0.6259383289302,-1.907311764555E-09));
#6450=CARTESIAN_POINT('',(-5.030089515426,-0.5950475738297,7.11818441506E-09));
#6451=CARTESIAN_POINT('',(-5.035856638282,-0.5645392470327,-2.656542589569E-08));
#6452=CARTESIAN_POINT('',(-5.03926257545,-0.5344184512217,9.914351916768E-08));
#6453=CARTESIAN_POINT('',(-5.039999982508,-0.5147464147138,-2.136245941275E-07));
#6454=CARTESIAN_POINT('',(-5.04,-0.5049999999973,-1.755327344958E-07));
#6455=CARTESIAN_POINT('',(-5.039999982854,0.5049999999985,-7.348346190798E-09));
#6456=CARTESIAN_POINT('',(-5.04,-0.5049999999973,-1.755327344958E-07));
#6457=VECTOR('',#8352,1.009999999996);
#6458=CARTESIAN_POINT('',(-4.639999962747,0.6550000066036,-2.376366242673E-08));
#6459=CARTESIAN_POINT('',(-5.039999982854,0.5049999999985,-7.348346190798E-09));
#6460=CARTESIAN_POINT('',(-5.039999859935,0.508927462558,-4.098060141547E-08));
#6461=CARTESIAN_POINT('',(-5.039594266656,0.5166452094747,1.901916330624E-08));
#6462=CARTESIAN_POINT('',(-5.037844368118,0.5277709387542,-5.096169448622E-09));
#6463=CARTESIAN_POINT('',(-5.03497147335,0.5385640617849,1.36551448825E-09));
#6464=CARTESIAN_POINT('',(-5.030944909662,0.5490837625515,-3.6588850438E-10));
#6465=CARTESIAN_POINT('',(-5.025670380626,0.5594147160535,9.803952926967E-11));
#6466=CARTESIAN_POINT('',(-5.019012272813,0.5695757525108,-2.626961269865E-11));
#6467=CARTESIAN_POINT('',(-5.010924594716,0.5794353891276,7.038921524926E-12));
#6468=CARTESIAN_POINT('',(-5.001183903964,0.589080624379,-1.886073401055E-12));
#6469=CARTESIAN_POINT('',(-4.98935662127,0.5986490313781,5.053720792936E-13));
#6470=CARTESIAN_POINT('',(-4.975077253882,0.6080839300922,-1.354149161196E-13));
#6471=CARTESIAN_POINT('',(-4.9583708483,0.6171157893573,3.628758518471E-14));
#6472=CARTESIAN_POINT('',(-4.939349011747,0.6255939405892,0.0));
#6473=CARTESIAN_POINT('',(-4.917458002668,0.6336893089536,0.0));
#6474=CARTESIAN_POINT('',(-4.891692691892,0.6415177668793,0.0));
#6475=CARTESIAN_POINT('',(-4.863115163451,0.6484947920925,0.0));
#6476=CARTESIAN_POINT('',(-4.833549538265,0.6540336852104,0.0));
#6477=CARTESIAN_POINT('',(-4.8064274412,0.6576628516522,0.0));
#6478=CARTESIAN_POINT('',(-4.782193197192,0.6597463471572,-3.550462258934E-14));
#6479=CARTESIAN_POINT('',(-4.760415772393,0.6606655454347,1.324925909397E-13));
#6480=CARTESIAN_POINT('',(-4.741108767575,0.6607329359724,-4.944657411694E-13));
#6481=CARTESIAN_POINT('',(-4.7238898289,0.6602356911688,1.845370373738E-12));
#6482=CARTESIAN_POINT('',(-4.708423150427,0.6593927093307,-6.887015753782E-12));
#6483=CARTESIAN_POINT('',(-4.694594696738,0.6583928307912,2.570269264139E-11));
#6484=CARTESIAN_POINT('',(-4.682262098606,0.6573890564051,-9.592375481178E-11));
#6485=CARTESIAN_POINT('',(-4.671133056318,0.6564813279635,3.579923266057E-10));
#6486=CARTESIAN_POINT('',(-4.660775867921,0.6557260186285,-1.336045551611E-09));
#6487=CARTESIAN_POINT('',(-4.650521606375,0.6551652252287,4.986189879839E-09));
#6488=CARTESIAN_POINT('',(-4.64352167502,0.6550000251957,-1.074374601855E-08));
#6489=CARTESIAN_POINT('',(-4.639999962747,0.6550000066036,-2.376366242673E-08));
#6490=CARTESIAN_POINT('',(-2.98,0.6549999938425,6.319865302381E-10));
#6491=CARTESIAN_POINT('',(-4.639999962747,0.6550000066036,-2.376366242673E-08));
#6492=VECTOR('',#8353,1.659999962747);
#6493=CARTESIAN_POINT('',(-2.580000039375,0.5050000000017,-1.959696240469E-08));
#6494=CARTESIAN_POINT('',(-2.98,0.6549999938425,6.319865302381E-10));
#6495=CARTESIAN_POINT('',(-2.976504976254,0.6549999301961,-6.092225196074E-09));
#6496=CARTESIAN_POINT('',(-2.969462496308,0.6551632988693,2.827411553281E-09));
#6497=CARTESIAN_POINT('',(-2.958813245338,0.6557498163588,-7.576026423721E-10));
#6498=CARTESIAN_POINT('',(-2.947861904269,0.6565593475054,2.029990162073E-10));
#6499=CARTESIAN_POINT('',(-2.93610541729,0.6575249799793,-5.439342245719E-11));
#6500=CARTESIAN_POINT('',(-2.923226349858,0.6585628032781,1.457467362147E-11));
#6501=CARTESIAN_POINT('',(-2.909230169589,0.659541168216,-3.90527202867E-12));
#6502=CARTESIAN_POINT('',(-2.893653884592,0.6603369212782,1.046414493213E-12));
#6503=CARTESIAN_POINT('',(-2.876154542954,0.6607662359446,-2.803859441811E-13));
#6504=CARTESIAN_POINT('',(-2.856496112779,0.6605914420552,7.512928351179E-14));
#6505=CARTESIAN_POINT('',(-2.834481782784,0.659525068925,-2.013118986605E-14));
#6506=CARTESIAN_POINT('',(-2.809958197903,0.6572662753421,0.0));
#6507=CARTESIAN_POINT('',(-2.781913561782,0.6533002720439,0.0));
#6508=CARTESIAN_POINT('',(-2.752424768184,0.6475159259146,0.0));
#6509=CARTESIAN_POINT('',(-2.724430485052,0.6404405652004,0.0));
#6510=CARTESIAN_POINT('',(-2.699712040226,0.6327225954388,0.0));
#6511=CARTESIAN_POINT('',(-2.678612967038,0.6247570058606,0.0));
#6512=CARTESIAN_POINT('',(-2.6602054344,0.6164079135839,0.0));
#6513=CARTESIAN_POINT('',(-2.644083926732,0.607571666722,-1.455704688573E-14));
#6514=CARTESIAN_POINT('',(-2.630243548675,0.598349385928,5.432578560308E-14));
#6515=CARTESIAN_POINT('',(-2.618597525439,0.5888842185651,-2.027460955266E-13));
#6516=CARTESIAN_POINT('',(-2.608898417159,0.5792421517879,7.566585965033E-13));
#6517=CARTESIAN_POINT('',(-2.600838431522,0.569368052138,-2.823888290487E-12));
#6518=CARTESIAN_POINT('',(-2.594249038869,0.5592666385557,1.053889456544E-11));
#6519=CARTESIAN_POINT('',(-2.589019845317,0.5489986013403,-3.933168997129E-11));
#6520=CARTESIAN_POINT('',(-2.585008061646,0.5385015462585,1.467878653197E-10));
#6521=CARTESIAN_POINT('',(-2.582133512552,0.5276771411845,-5.478197713075E-10));
#6522=CARTESIAN_POINT('',(-2.580393281525,0.5165183336827,2.04449121991E-09));
#6523=CARTESIAN_POINT('',(-2.579999983261,0.5088745610268,-4.405266332253E-09));
#6524=CARTESIAN_POINT('',(-2.580000039375,0.5050000000017,-1.959696240469E-08));
#6525=CARTESIAN_POINT('',(-2.580000000001,-0.5050000000756,-3.465568881496E-07));
#6526=CARTESIAN_POINT('',(-2.580000039375,0.5050000000017,-1.959696240469E-08));
#6527=VECTOR('',#8354,1.010000000077);
#6528=CARTESIAN_POINT('',(-3.179999999995,-1.005,6.122266045979E-08));
#6529=CARTESIAN_POINT('',(-2.580000000001,-0.5050000000756,-3.465568881496E-07));
#6530=CARTESIAN_POINT('',(-2.5799995698,-0.5151411405616,2.061702455352E-07));
#6531=CARTESIAN_POINT('',(-2.580798120768,-0.535632852736,-9.568394394631E-08));
#6532=CARTESIAN_POINT('',(-2.584500749257,-0.5670800727522,2.563843550929E-08));
#6533=CARTESIAN_POINT('',(-2.590789350184,-0.5989931079909,-6.869798090865E-09));
#6534=CARTESIAN_POINT('',(-2.599759725242,-0.6313321531341,1.840756854166E-09));
#6535=CARTESIAN_POINT('',(-2.611543840815,-0.6640305300717,-4.932293257993E-10));
#6536=CARTESIAN_POINT('',(-2.626204167692,-0.6967852949646,1.32160449031E-10));
#6537=CARTESIAN_POINT('',(-2.643680501917,-0.7291428650936,-3.54124703248E-11));
#6538=CARTESIAN_POINT('',(-2.663877126331,-0.7607319168643,9.489432268201E-12));
#6539=CARTESIAN_POINT('',(-2.686709633036,-0.7912754826645,-2.545258748E-12));
#6540=CARTESIAN_POINT('',(-2.712076072502,-0.8205145572122,6.916027237982E-13));
#6541=CARTESIAN_POINT('',(-2.739861170652,-0.8482130172696,-2.211521471929E-13));
#6542=CARTESIAN_POINT('',(-2.769944209462,-0.8741587013144,1.930058649733E-13));
#6543=CARTESIAN_POINT('',(-2.802165291672,-0.8981365985432,-5.508713127005E-13));
#6544=CARTESIAN_POINT('',(-2.836378848179,-0.9199771798941,2.010479385829E-12));
#6545=CARTESIAN_POINT('',(-2.872499895851,-0.9395616314217,-7.491046230614E-12));
#6546=CARTESIAN_POINT('',(-2.910404826533,-0.9567535034366,2.795370553663E-11));
#6547=CARTESIAN_POINT('',(-2.949865322129,-0.9713943001344,-1.043237759159E-10));
#6548=CARTESIAN_POINT('',(-2.99036826801,-0.9833073758313,3.89341398127E-10));
#6549=CARTESIAN_POINT('',(-3.031158083363,-0.9923959058188,-1.453041816592E-09));
#6550=CARTESIAN_POINT('',(-3.070817493088,-0.9986904938591,5.422825868241E-09));
#6551=CARTESIAN_POINT('',(-3.108970933184,-1.002620216905,-2.023826165637E-08));
#6552=CARTESIAN_POINT('',(-3.145470796807,-1.004637564524,7.553022075724E-08));
#6553=CARTESIAN_POINT('',(-3.168676657877,-1.004999890777,-1.627450073293E-07));
#6554=CARTESIAN_POINT('',(-3.179999999995,-1.005,6.122266045979E-08));
#6555=CARTESIAN_POINT('',(-3.179999999995,-1.005,6.122266045979E-08));
#6556=VECTOR('',#8355,1.260008782801);
#6557=CARTESIAN_POINT('',(2.980004939216,-0.6549998907637,6.319863798954E-10));
#6558=CARTESIAN_POINT('',(2.580000039375,-0.5050000000017,-1.959696242319E-08));
#6559=CARTESIAN_POINT('',(2.980004939216,-0.6549998907637,6.319863798954E-10));
#6560=CARTESIAN_POINT('',(2.976502506026,-0.6549998269824,-6.106480687001E-09));
#6561=CARTESIAN_POINT('',(2.969463642744,-0.655163346771,2.834027549645E-09));
#6562=CARTESIAN_POINT('',(2.958812938151,-0.6557498035236,-7.593753932548E-10));
#6563=CARTESIAN_POINT('',(2.947861986579,-0.6565593509446,2.034740233747E-10));
#6564=CARTESIAN_POINT('',(2.936105395235,-0.6575249790578,-5.45207002441E-11));
#6565=CARTESIAN_POINT('',(2.923226355768,-0.658562803525,1.460877760168E-11));
#6566=CARTESIAN_POINT('',(2.909230168006,-0.6595411681498,-3.914410162627E-12));
#6567=CARTESIAN_POINT('',(2.893653885016,-0.6603369212959,1.048863048827E-12));
#6568=CARTESIAN_POINT('',(2.87615454284,-0.6607662359398,-2.810420326806E-13));
#6569=CARTESIAN_POINT('',(2.85649611281,-0.6605914420565,7.530508189539E-14));
#6570=CARTESIAN_POINT('',(2.834481782776,-0.6595250689246,-2.017829490097E-14));
#6571=CARTESIAN_POINT('',(2.809958197905,-0.6572662753422,0.0));
#6572=CARTESIAN_POINT('',(2.781913561781,-0.6533002720438,0.0));
#6573=CARTESIAN_POINT('',(2.752424768184,-0.6475159259146,0.0));
#6574=CARTESIAN_POINT('',(2.724430485052,-0.6404405652004,0.0));
#6575=CARTESIAN_POINT('',(2.699712040226,-0.6327225954388,0.0));
#6576=CARTESIAN_POINT('',(2.678612967038,-0.6247570058606,0.0));
#6577=CARTESIAN_POINT('',(2.6602054344,-0.6164079135839,0.0));
#6578=CARTESIAN_POINT('',(2.644083926732,-0.607571666722,-1.455704823324E-14));
#6579=CARTESIAN_POINT('',(2.630243548675,-0.598349385928,5.432578629618E-14));
#6580=CARTESIAN_POINT('',(2.618597525439,-0.5888842185651,-2.027460969515E-13));
#6581=CARTESIAN_POINT('',(2.608898417159,-0.5792421517879,7.566586015098E-13));
#6582=CARTESIAN_POINT('',(2.600838431522,-0.569368052138,-2.823888309088E-12));
#6583=CARTESIAN_POINT('',(2.594249038869,-0.5592666385557,1.053889463484E-11));
#6584=CARTESIAN_POINT('',(2.589019845317,-0.5489986013403,-3.933169023028E-11));
#6585=CARTESIAN_POINT('',(2.585008061646,-0.5385015462585,1.467878662863E-10));
#6586=CARTESIAN_POINT('',(2.582133512552,-0.5276771411845,-5.478197749148E-10));
#6587=CARTESIAN_POINT('',(2.580393281525,-0.5165183336827,2.044491233373E-09));
#6588=CARTESIAN_POINT('',(2.579999983261,-0.5088745610268,-4.40526636126E-09));
#6589=CARTESIAN_POINT('',(2.580000039375,-0.5050000000017,-1.959696242319E-08));
#6590=CARTESIAN_POINT('',(2.580000000001,0.5050000000756,-3.465568880941E-07));
#6591=CARTESIAN_POINT('',(2.580000039375,-0.5050000000017,-1.959696242319E-08));
#6592=VECTOR('',#8356,1.010000000077);
#6593=CARTESIAN_POINT('',(3.179999999995,1.005,6.122266055231E-08));
#6594=CARTESIAN_POINT('',(2.580000000001,0.5050000000756,-3.465568880941E-07));
#6595=CARTESIAN_POINT('',(2.5799995698,0.5151411405616,2.061702453438E-07));
#6596=CARTESIAN_POINT('',(2.580798120768,0.535632852736,-9.568394385748E-08));
#6597=CARTESIAN_POINT('',(2.584500749257,0.5670800727522,2.563843548549E-08));
#6598=CARTESIAN_POINT('',(2.590789350184,0.5989931079909,-6.869798084487E-09));
#6599=CARTESIAN_POINT('',(2.599759725242,0.6313321531341,1.840756852457E-09));
#6600=CARTESIAN_POINT('',(2.611543840815,0.6640305300717,-4.932293253414E-10));
#6601=CARTESIAN_POINT('',(2.626204167692,0.6967852949645,1.321604489083E-10));
#6602=CARTESIAN_POINT('',(2.643680501917,0.7291428650935,-3.541247029193E-11));
#6603=CARTESIAN_POINT('',(2.663877126331,0.7607319168642,9.489432259392E-12));
#6604=CARTESIAN_POINT('',(2.686709633036,0.7912754826643,-2.545258745638E-12));
#6605=CARTESIAN_POINT('',(2.712076072502,0.8205145572121,6.916027231617E-13));
#6606=CARTESIAN_POINT('',(2.739861170652,0.8482130172695,-2.211521470083E-13));
#6607=CARTESIAN_POINT('',(2.769944209462,0.8741587013143,1.930058648717E-13));
#6608=CARTESIAN_POINT('',(2.802165291672,0.8981365985431,-5.508713124784E-13));
#6609=CARTESIAN_POINT('',(2.836378848178,0.919977179894,2.010479385042E-12));
#6610=CARTESIAN_POINT('',(2.872499895851,0.9395616314217,-7.491046227689E-12));
#6611=CARTESIAN_POINT('',(2.910404826533,0.9567535034366,2.795370552571E-11));
#6612=CARTESIAN_POINT('',(2.949865322129,0.9713943001344,-1.043237758752E-10));
#6613=CARTESIAN_POINT('',(2.99036826801,0.9833073758313,3.89341397975E-10));
#6614=CARTESIAN_POINT('',(3.031158083363,0.9923959058188,-1.453041816025E-09));
#6615=CARTESIAN_POINT('',(3.070817493088,0.9986904938591,5.422825866124E-09));
#6616=CARTESIAN_POINT('',(3.108970933184,1.002620216905,-2.023826164847E-08));
#6617=CARTESIAN_POINT('',(3.145470796807,1.004637564524,7.553022072776E-08));
#6618=CARTESIAN_POINT('',(3.168676657877,1.004999890777,-1.627450072658E-07));
#6619=CARTESIAN_POINT('',(3.179999999995,1.005,6.122266055231E-08));
#6620=CARTESIAN_POINT('',(4.439999999997,1.005,7.020006238349E-08));
#6621=CARTESIAN_POINT('',(3.179999999995,1.005,6.122266055231E-08));
#6622=VECTOR('',#8357,1.260000000002);
#6623=CARTESIAN_POINT('',(5.04,0.5049999999973,-1.755327338297E-07));
#6624=CARTESIAN_POINT('',(4.439999999997,1.005,7.020006238349E-08));
#6625=CARTESIAN_POINT('',(4.450872960939,1.005000078509,1.772326415668E-07));
#6626=CARTESIAN_POINT('',(4.473120775064,1.004665509666,-8.225395520626E-08));
#6627=CARTESIAN_POINT('',(4.508011540922,1.002824413013,2.203988087169E-08));
#6628=CARTESIAN_POINT('',(4.544383702895,0.9992656660462,-5.905568280514E-09));
#6629=CARTESIAN_POINT('',(4.582136857254,0.9935915509736,1.582392250361E-09));
#6630=CARTESIAN_POINT('',(4.620965356918,0.9854363853201,-4.240007209284E-10));
#6631=CARTESIAN_POINT('',(4.660140355733,0.9745766643086,1.13610633353E-10));
#6632=CARTESIAN_POINT('',(4.698188481442,0.9612657357226,-3.044181248346E-11));
#6633=CARTESIAN_POINT('',(4.734993634092,0.9455502357925,8.156616580883E-12));
#6634=CARTESIAN_POINT('',(4.770228002118,0.9275840008368,-2.184653840072E-12));
#6635=CARTESIAN_POINT('',(4.803766366961,0.9074887896146,5.819987794058E-13));
#6636=CARTESIAN_POINT('',(4.835481072201,0.8854016874884,-1.43341277551E-13));
#6637=CARTESIAN_POINT('',(4.865310264253,0.8614232484096,0.0));
#6638=CARTESIAN_POINT('',(4.893094544053,0.8357394394996,1.778759543587E-13));
#6639=CARTESIAN_POINT('',(4.918715740783,0.808536777457,-7.028701482329E-13));
#6640=CARTESIAN_POINT('',(4.942080583407,0.7799968442186,2.633604638573E-12));
#6641=CARTESIAN_POINT('',(4.963081804456,0.75034400715,-9.831548406058E-12));
#6642=CARTESIAN_POINT('',(4.981625144057,0.7198300388158,3.669258898566E-11));
#6643=CARTESIAN_POINT('',(4.997655042037,0.6886885079526,-1.369388075366E-10));
#6644=CARTESIAN_POINT('',(5.011100871734,0.6572259696939,5.110626411607E-10));
#6645=CARTESIAN_POINT('',(5.021882678093,0.6259383289302,-1.907311757106E-09));
#6646=CARTESIAN_POINT('',(5.030089515426,0.5950475738297,7.118184387264E-09));
#6647=CARTESIAN_POINT('',(5.035856638282,0.5645392470327,-2.656542579195E-08));
#6648=CARTESIAN_POINT('',(5.03926257545,0.5344184512217,9.914351878053E-08));
#6649=CARTESIAN_POINT('',(5.039999982508,0.5147464147138,-2.136245932933E-07));
#6650=CARTESIAN_POINT('',(5.04,0.5049999999973,-1.755327338297E-07));
#6651=CARTESIAN_POINT('',(5.039999982854,-0.5049999999985,-7.348346190798E-09));
#6652=CARTESIAN_POINT('',(5.04,0.5049999999973,-1.755327338297E-07));
#6653=VECTOR('',#8358,1.009999999996);
#6654=CARTESIAN_POINT('',(4.639995298246,-0.6549999098521,-2.376366244293E-08));
#6655=CARTESIAN_POINT('',(5.039999982854,-0.5049999999985,-7.348346190798E-09));
#6656=CARTESIAN_POINT('',(5.039999859935,-0.508927462558,-4.0980601571E-08));
#6657=CARTESIAN_POINT('',(5.039594266656,-0.5166452094747,1.901916337842E-08));
#6658=CARTESIAN_POINT('',(5.037844368118,-0.5277709387542,-5.096169467962E-09));
#6659=CARTESIAN_POINT('',(5.03497147335,-0.5385640617849,1.365514493433E-09));
#6660=CARTESIAN_POINT('',(5.030944909662,-0.5490837625515,-3.658885057686E-10));
#6661=CARTESIAN_POINT('',(5.025670380626,-0.5594147160535,9.803952964174E-11));
#6662=CARTESIAN_POINT('',(5.019012272813,-0.5695757525108,-2.626961279833E-11));
#6663=CARTESIAN_POINT('',(5.010924594716,-0.5794353891276,7.038921551596E-12));
#6664=CARTESIAN_POINT('',(5.001183903965,-0.589080624379,-1.88607340805E-12));
#6665=CARTESIAN_POINT('',(4.98935662127,-0.598649031378,5.05372080603E-13));
#6666=CARTESIAN_POINT('',(4.975077253882,-0.6080839300921,-1.354149143621E-13));
#6667=CARTESIAN_POINT('',(4.9583708483,-0.6171157893574,3.628757684537E-14));
#6668=CARTESIAN_POINT('',(4.939349011747,-0.6255939405892,0.0));
#6669=CARTESIAN_POINT('',(4.917458002668,-0.6336893089536,0.0));
#6670=CARTESIAN_POINT('',(4.891692691892,-0.6415177668794,0.0));
#6671=CARTESIAN_POINT('',(4.863115163451,-0.6484947920926,0.0));
#6672=CARTESIAN_POINT('',(4.833549538265,-0.6540336852104,0.0));
#6673=CARTESIAN_POINT('',(4.806427441198,-0.6576628516523,0.0));
#6674=CARTESIAN_POINT('',(4.782193197199,-0.6597463471568,-3.54191401266E-14));
#6675=CARTESIAN_POINT('',(4.760415772365,-0.6606655454359,1.321735660455E-13));
#6676=CARTESIAN_POINT('',(4.741108767683,-0.660732935968,-4.932751240555E-13));
#6677=CARTESIAN_POINT('',(4.723889828499,-0.6602356911855,1.840926930177E-12));
#6678=CARTESIAN_POINT('',(4.708423151923,-0.6593927092687,-6.870432596651E-12));
#6679=CARTESIAN_POINT('',(4.694594691156,-0.6583928310226,2.564080345643E-11));
#6680=CARTESIAN_POINT('',(4.682262119435,-0.6573890555416,-9.569278122906E-11));
#6681=CARTESIAN_POINT('',(4.671132978583,-0.6564813311862,3.571303214598E-10));
#6682=CARTESIAN_POINT('',(4.660776158033,-0.6557260066015,-1.33282850461E-09));
#6683=CARTESIAN_POINT('',(4.650520523664,-0.6551652701141,4.974183696981E-09));
#6684=CARTESIAN_POINT('',(4.643524007938,-0.6549999284812,-1.071787628988E-08));
#6685=CARTESIAN_POINT('',(4.639995298246,-0.6549999098521,-2.376366244293E-08));
#6686=CARTESIAN_POINT('',(4.639995298246,-0.6549999098521,-2.376366244293E-08));
#6687=VECTOR('',#8359,1.659990359031);
#6688=CARTESIAN_POINT('',(-0.04000001714619,-0.5049999999985,-7.348346394339E-09));
#6689=CARTESIAN_POINT('',(-0.4400046540274,-0.6549999108421,-2.376366238279E-08));
#6690=CARTESIAN_POINT('',(-0.04000001714619,-0.5049999999985,-7.348346394339E-09));
#6691=CARTESIAN_POINT('',(-0.04000014006516,-0.508927462558,-4.098060166631E-08));
#6692=CARTESIAN_POINT('',(-0.04040573334372,-0.5166452094747,1.901916342265E-08));
#6693=CARTESIAN_POINT('',(-0.0421556318819,-0.5277709387542,-5.096169479815E-09));
#6694=CARTESIAN_POINT('',(-0.04502852665034,-0.5385640617849,1.365514496609E-09));
#6695=CARTESIAN_POINT('',(-0.04905509033832,-0.5490837625515,-3.658885066196E-10));
#6696=CARTESIAN_POINT('',(-0.05432961937362,-0.5594147160535,9.803952986976E-11));
#6697=CARTESIAN_POINT('',(-0.06098772718686,-0.5695757525108,-2.626961285943E-11));
#6698=CARTESIAN_POINT('',(-0.06907540528383,-0.5794353891276,7.038921567968E-12));
#6699=CARTESIAN_POINT('',(-0.07881609603548,-0.589080624379,-1.886073412438E-12));
#6700=CARTESIAN_POINT('',(-0.09064337873007,-0.598649031378,5.053720817846E-13));
#6701=CARTESIAN_POINT('',(-0.104922746118,-0.6080839300921,-1.354149147003E-13));
#6702=CARTESIAN_POINT('',(-0.1216291517,-0.6171157893573,3.628757701649E-14));
#6703=CARTESIAN_POINT('',(-0.1406509882533,-0.6255939405892,0.0));
#6704=CARTESIAN_POINT('',(-0.1625419973322,-0.6336893089536,0.0));
#6705=CARTESIAN_POINT('',(-0.1883073081084,-0.6415177668793,0.0));
#6706=CARTESIAN_POINT('',(-0.2168848365492,-0.6484947920925,0.0));
#6707=CARTESIAN_POINT('',(-0.2464504617347,-0.6540336852104,0.0));
#6708=CARTESIAN_POINT('',(-0.2735725588022,-0.6576628516523,0.0));
#6709=CARTESIAN_POINT('',(-0.2978068028008,-0.6597463471568,-3.542001462679E-14));
#6710=CARTESIAN_POINT('',(-0.3195842276351,-0.6606655454359,1.321768297247E-13));
#6711=CARTESIAN_POINT('',(-0.3388912323185,-0.660732935968,-4.932873042718E-13));
#6712=CARTESIAN_POINT('',(-0.3561101714969,-0.6602356911853,1.840972387363E-12));
#6713=CARTESIAN_POINT('',(-0.3715768480927,-0.6593927092694,-6.870602245179E-12));
#6714=CARTESIAN_POINT('',(-0.3854053087864,-0.6583928310202,2.564143659335E-11));
#6715=CARTESIAN_POINT('',(-0.3977378807782,-0.6573890555504,-9.569514412823E-11));
#6716=CARTESIAN_POINT('',(-0.4088670206216,-0.6564813311532,3.571391399196E-10));
#6717=CARTESIAN_POINT('',(-0.4192238449353,-0.6557260067246,-1.33286141555E-09));
#6718=CARTESIAN_POINT('',(-0.4294794652583,-0.6551652696548,4.974306522281E-09));
#6719=CARTESIAN_POINT('',(-0.4364760159318,-0.6549999294708,-1.071814094162E-08));
#6720=CARTESIAN_POINT('',(-0.4400046540274,-0.6549999108421,-2.376366238279E-08));
#6721=CARTESIAN_POINT('',(-2.099995196945,-0.6549998936053,6.319864145898E-10));
#6722=CARTESIAN_POINT('',(-0.4400046540274,-0.6549999108421,-2.376366238279E-08));
#6723=VECTOR('',#8360,1.659990542917);
#6724=CARTESIAN_POINT('',(-2.499999960625,-0.5050000000017,-1.959696257122E-08));
#6725=CARTESIAN_POINT('',(-2.099995196945,-0.6549998936053,6.319864145898E-10));
#6726=CARTESIAN_POINT('',(-2.103497425876,-0.6549998298277,-6.106087702099E-09));
#6727=CARTESIAN_POINT('',(-2.11053638886,-0.6551633454505,2.833845164717E-09));
#6728=CARTESIAN_POINT('',(-2.121187053381,-0.6557498038774,-7.593265233607E-10));
#6729=CARTESIAN_POINT('',(-2.13213801569,-0.6565593508498,2.034609287261E-10));
#6730=CARTESIAN_POINT('',(-2.143894604157,-0.6575249790832,-5.451719154357E-11));
#6731=CARTESIAN_POINT('',(-2.156773644395,-0.6585628035182,1.460783744821E-11));
#6732=CARTESIAN_POINT('',(-2.170769831951,-0.6595411681516,-3.914158249263E-12));
#6733=CARTESIAN_POINT('',(-2.186346114996,-0.6603369212954,1.048795548844E-12));
#6734=CARTESIAN_POINT('',(-2.203845457157,-0.66076623594,-2.810239461148E-13));
#6735=CARTESIAN_POINT('',(-2.223503887191,-0.6605914420565,7.53002356147E-14));
#6736=CARTESIAN_POINT('',(-2.245518217224,-0.6595250689246,-2.017699634399E-14));
#6737=CARTESIAN_POINT('',(-2.270041802095,-0.6572662753422,0.0));
#6738=CARTESIAN_POINT('',(-2.298086438219,-0.6533002720438,0.0));
#6739=CARTESIAN_POINT('',(-2.327575231817,-0.6475159259146,0.0));
#6740=CARTESIAN_POINT('',(-2.355569514948,-0.6404405652004,0.0));
#6741=CARTESIAN_POINT('',(-2.380287959774,-0.6327225954388,0.0));
#6742=CARTESIAN_POINT('',(-2.401387032963,-0.6247570058605,0.0));
#6743=CARTESIAN_POINT('',(-2.4197945656,-0.6164079135839,0.0));
#6744=CARTESIAN_POINT('',(-2.435916073268,-0.607571666722,-1.455704920576E-14));
#6745=CARTESIAN_POINT('',(-2.449756451325,-0.598349385928,5.432579004523E-14));
#6746=CARTESIAN_POINT('',(-2.461402474561,-0.5888842185651,-2.027461109751E-13));
#6747=CARTESIAN_POINT('',(-2.471101582842,-0.5792421517879,7.566586538554E-13));
#6748=CARTESIAN_POINT('',(-2.479161568478,-0.569368052138,-2.823888504446E-12));
#6749=CARTESIAN_POINT('',(-2.485750961131,-0.5592666385557,1.053889536393E-11));
#6750=CARTESIAN_POINT('',(-2.490980154683,-0.5489986013403,-3.933169295127E-11));
#6751=CARTESIAN_POINT('',(-2.494991938354,-0.5385015462584,1.467878764412E-10));
#6752=CARTESIAN_POINT('',(-2.497866487448,-0.5276771411845,-5.478198128134E-10));
#6753=CARTESIAN_POINT('',(-2.499606718475,-0.5165183336827,2.044491374812E-09));
#6754=CARTESIAN_POINT('',(-2.500000016739,-0.5088745610268,-4.40526666602E-09));
#6755=CARTESIAN_POINT('',(-2.499999960625,-0.5050000000017,-1.959696257122E-08));
#6756=CARTESIAN_POINT('',(-2.499999999999,0.5050000000756,-3.465568881496E-07));
#6757=CARTESIAN_POINT('',(-2.499999960625,-0.5050000000017,-1.959696257122E-08));
#6758=VECTOR('',#8361,1.010000000077);
#6759=CARTESIAN_POINT('',(-1.900004928451,1.00499991391,6.12226604968E-08));
#6760=CARTESIAN_POINT('',(-2.499999999999,0.5050000000756,-3.465568881496E-07));
#6761=CARTESIAN_POINT('',(-2.5000004302,0.5151411405616,2.061702455181E-07));
#6762=CARTESIAN_POINT('',(-2.499201879232,0.535632852736,-9.568394393839E-08));
#6763=CARTESIAN_POINT('',(-2.495499250743,0.5670800727522,2.563843550717E-08));
#6764=CARTESIAN_POINT('',(-2.489210649816,0.5989931079909,-6.869798090295E-09));
#6765=CARTESIAN_POINT('',(-2.480240274758,0.6313321531341,1.84075685401E-09));
#6766=CARTESIAN_POINT('',(-2.468456159185,0.6640305300717,-4.932293257456E-10));
#6767=CARTESIAN_POINT('',(-2.453795832308,0.6967852949645,1.321604489722E-10));
#6768=CARTESIAN_POINT('',(-2.436319498083,0.7291428650935,-3.541247014307E-11));
#6769=CARTESIAN_POINT('',(-2.416122873669,0.7607319168642,9.489431600107E-12));
#6770=CARTESIAN_POINT('',(-2.393290366964,0.7912754826644,-2.545256257362E-12));
#6771=CARTESIAN_POINT('',(-2.367923927499,0.8205145572121,6.915934293424E-13));
#6772=CARTESIAN_POINT('',(-2.340138829347,0.8482130172695,-2.211174600073E-13));
#6773=CARTESIAN_POINT('',(-2.31005579054,0.8741587013144,1.928764106866E-13));
#6774=CARTESIAN_POINT('',(-2.27783470832,0.8981365985428,-5.503881827392E-13));
#6775=CARTESIAN_POINT('',(-2.243621151852,0.9199771798951,2.00867632027E-12));
#6776=CARTESIAN_POINT('',(-2.207500104036,0.9395616314177,-7.484317098342E-12));
#6777=CARTESIAN_POINT('',(-2.16959517389,0.9567535034514,2.79285920731E-11));
#6778=CARTESIAN_POINT('',(-2.130134676292,0.9713943000793,-1.04230051194E-10));
#6779=CARTESIAN_POINT('',(-2.089631737884,0.983307376037,3.889916127031E-10));
#6780=CARTESIAN_POINT('',(-2.048841894641,0.9923959050508,-1.451736399618E-09));
#6781=CARTESIAN_POINT('',(-2.009182589004,0.9986904967253,5.41795398577E-09));
#6782=CARTESIAN_POINT('',(-1.971028760446,1.002620206208,-2.022007954346E-08));
#6783=CARTESIAN_POINT('',(-1.934530346581,1.004637604446,7.546236418808E-08));
#6784=CARTESIAN_POINT('',(-1.911320878464,1.004999804758,-1.625987967432E-07));
#6785=CARTESIAN_POINT('',(-1.900004928451,1.00499991391,6.12226604968E-08));
#6786=CARTESIAN_POINT('',(-0.6400000000028,1.005,7.02000624205E-08));
#6787=CARTESIAN_POINT('',(-1.900004928451,1.00499991391,6.12226604968E-08));
#6788=VECTOR('',#8362,1.260004928448);
#6789=CARTESIAN_POINT('',(-0.04000000000028,0.5049999999973,-1.755327344218E-07));
#6790=CARTESIAN_POINT('',(-0.6400000000028,1.005,7.02000624205E-08));
#6791=CARTESIAN_POINT('',(-0.6291270390607,1.005000078509,1.772326415472E-07));
#6792=CARTESIAN_POINT('',(-0.6068792249361,1.004665509666,-8.225395519714E-08));
#6793=CARTESIAN_POINT('',(-0.571988459078,1.002824413013,2.203988086925E-08));
#6794=CARTESIAN_POINT('',(-0.5356162971052,0.9992656660462,-5.905568279859E-09));
#6795=CARTESIAN_POINT('',(-0.4978631427464,0.9935915509736,1.582392250185E-09));
#6796=CARTESIAN_POINT('',(-0.4590346430822,0.9854363853201,-4.240007208813E-10));
#6797=CARTESIAN_POINT('',(-0.4198596442672,0.9745766643086,1.136106333404E-10));
#6798=CARTESIAN_POINT('',(-0.3818115185578,0.9612657357225,-3.044181248008E-11));
#6799=CARTESIAN_POINT('',(-0.345006365908,0.9455502357925,8.156616579977E-12));
#6800=CARTESIAN_POINT('',(-0.3097719978815,0.9275840008367,-2.184653839826E-12));
#6801=CARTESIAN_POINT('',(-0.2762336330392,0.9074887896146,5.819987793276E-13));
#6802=CARTESIAN_POINT('',(-0.2445189277991,0.8854016874884,-1.43341277484E-13));
#6803=CARTESIAN_POINT('',(-0.2146897357473,0.8614232484096,0.0));
#6804=CARTESIAN_POINT('',(-0.1869054559474,0.8357394394996,1.778759550496E-13));
#6805=CARTESIAN_POINT('',(-0.1612842592167,0.808536777457,-7.02870150807E-13));
#6806=CARTESIAN_POINT('',(-0.1379194165929,0.7799968442186,2.633604648179E-12));
#6807=CARTESIAN_POINT('',(-0.1169181955441,0.75034400715,-9.831548441907E-12));
#6808=CARTESIAN_POINT('',(-0.09837485594305,0.7198300388158,3.669258911945E-11));
#6809=CARTESIAN_POINT('',(-0.08234495796283,0.6886885079526,-1.369388080359E-10));
#6810=CARTESIAN_POINT('',(-0.0688991282661,0.6572259696939,5.110626430241E-10));
#6811=CARTESIAN_POINT('',(-0.05811732190746,0.6259383289302,-1.907311764061E-09));
#6812=CARTESIAN_POINT('',(-0.04991048457432,0.5950475738297,7.118184413218E-09));
#6813=CARTESIAN_POINT('',(-0.04414336171816,0.5645392470327,-2.656542588881E-08));
#6814=CARTESIAN_POINT('',(-0.04073742454984,0.5344184512217,9.914351914203E-08));
#6815=CARTESIAN_POINT('',(-0.04000001749217,0.5147464147138,-2.136245940722E-07));
#6816=CARTESIAN_POINT('',(-0.04000000000028,0.5049999999973,-1.755327344218E-07));
#6817=CARTESIAN_POINT('',(-0.04000000000028,0.5049999999973,-1.755327344218E-07));
#6818=VECTOR('',#8363,1.009999999996);
#6819=CARTESIAN_POINT('',(-5.120000017146,-0.5049999999985,-7.348346172294E-09));
#6820=CARTESIAN_POINT('',(-5.52,-0.6550000073763,-2.376366236891E-08));
#6821=CARTESIAN_POINT('',(-5.120000017146,-0.5049999999985,-7.348346172294E-09));
#6822=CARTESIAN_POINT('',(-5.120000140065,-0.508927462558,-4.098060162002E-08));
#6823=CARTESIAN_POINT('',(-5.120405733344,-0.5166452094747,1.901916340117E-08));
#6824=CARTESIAN_POINT('',(-5.122155631882,-0.5277709387542,-5.096169474059E-09));
#6825=CARTESIAN_POINT('',(-5.12502852665,-0.5385640617849,1.365514495066E-09));
#6826=CARTESIAN_POINT('',(-5.129055090338,-0.5490837625515,-3.658885062063E-10));
#6827=CARTESIAN_POINT('',(-5.134329619374,-0.5594147160535,9.803952975903E-11));
#6828=CARTESIAN_POINT('',(-5.140987727187,-0.5695757525108,-2.626961282977E-11));
#6829=CARTESIAN_POINT('',(-5.149075405284,-0.5794353891276,7.038921560061E-12));
#6830=CARTESIAN_POINT('',(-5.158816096036,-0.589080624379,-1.88607341047E-12));
#6831=CARTESIAN_POINT('',(-5.17064337873,-0.5986490313781,5.05372081821E-13));
#6832=CARTESIAN_POINT('',(-5.184922746118,-0.6080839300922,-1.354149168136E-13));
#6833=CARTESIAN_POINT('',(-5.2016291517,-0.6171157893574,3.62875854335E-14));
#6834=CARTESIAN_POINT('',(-5.220650988253,-0.6255939405892,0.0));
#6835=CARTESIAN_POINT('',(-5.242541997332,-0.6336893089536,0.0));
#6836=CARTESIAN_POINT('',(-5.268307308108,-0.6415177668794,0.0));
#6837=CARTESIAN_POINT('',(-5.296884836549,-0.6484947920925,0.0));
#6838=CARTESIAN_POINT('',(-5.326450461735,-0.6540336852105,0.0));
#6839=CARTESIAN_POINT('',(-5.3535725588,-0.6576628516522,0.0));
#6840=CARTESIAN_POINT('',(-5.377806802808,-0.6597463471572,-3.550530507843E-14));
#6841=CARTESIAN_POINT('',(-5.399584227606,-0.6606655454347,1.324951380236E-13));
#6842=CARTESIAN_POINT('',(-5.418891232426,-0.6607329359725,-4.944752470159E-13));
#6843=CARTESIAN_POINT('',(-5.436110171097,-0.6602356911687,1.84540585004E-12));
#6844=CARTESIAN_POINT('',(-5.451576849585,-0.6593927093312,-6.887148153144E-12));
#6845=CARTESIAN_POINT('',(-5.465405303218,-0.6583928307894,2.570318676254E-11));
#6846=CARTESIAN_POINT('',(-5.477737901561,-0.657389056412,-9.5925598897E-11));
#6847=CARTESIAN_POINT('',(-5.488866943061,-0.6564813279378,3.579992088255E-10));
#6848=CARTESIAN_POINT('',(-5.499224134396,-0.6557260187246,-1.336071236405E-09));
#6849=CARTESIAN_POINT('',(-5.509478384978,-0.6551652248703,4.986285736794E-09));
#6850=CARTESIAN_POINT('',(-5.516478343612,-0.6550000259681,-1.074395256158E-08));
#6851=CARTESIAN_POINT('',(-5.52,-0.6550000073763,-2.376366236891E-08));
#6852=CARTESIAN_POINT('',(-7.179995194928,-0.6549998935632,6.319864585362E-10));
#6853=CARTESIAN_POINT('',(-5.52,-0.6550000073763,-2.376366236891E-08));
#6854=VECTOR('',#8364,1.659995194928);
#6855=CARTESIAN_POINT('',(-7.579999960625,-0.5050000000017,-1.95969624972E-08));
#6856=CARTESIAN_POINT('',(-7.179995194928,-0.6549998935632,6.319864585362E-10));
#6857=CARTESIAN_POINT('',(-7.183497426885,-0.6549998297855,-6.106093446627E-09));
#6858=CARTESIAN_POINT('',(-7.190536388392,-0.65516334547,2.833847830762E-09));
#6859=CARTESIAN_POINT('',(-7.201187053506,-0.6557498038722,-7.593272377253E-10));
#6860=CARTESIAN_POINT('',(-7.212138015656,-0.6565593508512,2.034611201395E-10));
#6861=CARTESIAN_POINT('',(-7.223894604166,-0.6575249790828,-5.451724283264E-11));
#6862=CARTESIAN_POINT('',(-7.236773644393,-0.6585628035183,1.460785119107E-11));
#6863=CARTESIAN_POINT('',(-7.250769831951,-0.6595411681516,-3.914161931653E-12));
#6864=CARTESIAN_POINT('',(-7.266346114995,-0.6603369212954,1.048796535538E-12));
#6865=CARTESIAN_POINT('',(-7.283845457157,-0.66076623594,-2.810242104985E-13));
#6866=CARTESIAN_POINT('',(-7.303503887191,-0.6605914420565,7.530030645609E-14));
#6867=CARTESIAN_POINT('',(-7.325518217224,-0.6595250689247,-2.01770153259E-14));
#6868=CARTESIAN_POINT('',(-7.350041802095,-0.6572662753422,0.0));
#6869=CARTESIAN_POINT('',(-7.378086438218,-0.6533002720439,0.0));
#6870=CARTESIAN_POINT('',(-7.407575231816,-0.6475159259147,0.0));
#6871=CARTESIAN_POINT('',(-7.435569514948,-0.6404405652005,0.0));
#6872=CARTESIAN_POINT('',(-7.460287959773,-0.6327225954389,0.0));
#6873=CARTESIAN_POINT('',(-7.481387032962,-0.6247570058606,0.0));
#6874=CARTESIAN_POINT('',(-7.4997945656,-0.616407913584,0.0));
#6875=CARTESIAN_POINT('',(-7.515916073268,-0.6075716667221,-1.455704962252E-14));
#6876=CARTESIAN_POINT('',(-7.529756451325,-0.5983493859281,5.432579159882E-14));
#6877=CARTESIAN_POINT('',(-7.541402474561,-0.5888842185652,-2.027461167728E-13));
#6878=CARTESIAN_POINT('',(-7.551101582841,-0.579242151788,7.566586754923E-13));
#6879=CARTESIAN_POINT('',(-7.559161568478,-0.5693680521381,-2.823888585196E-12));
#6880=CARTESIAN_POINT('',(-7.565750961131,-0.5592666385558,1.053889566529E-11));
#6881=CARTESIAN_POINT('',(-7.570980154683,-0.5489986013403,-3.933169407598E-11));
#6882=CARTESIAN_POINT('',(-7.574991938354,-0.5385015462585,1.467878806386E-10));
#6883=CARTESIAN_POINT('',(-7.577866487448,-0.5276771411845,-5.478198284785E-10));
#6884=CARTESIAN_POINT('',(-7.579606718475,-0.5165183336827,2.044491433275E-09));
#6885=CARTESIAN_POINT('',(-7.580000016739,-0.5088745610268,-4.40526679199E-09));
#6886=CARTESIAN_POINT('',(-7.579999960625,-0.5050000000017,-1.95969624972E-08));
#6887=CARTESIAN_POINT('',(-7.579999999999,0.5050000000756,-3.465568878906E-07));
#6888=CARTESIAN_POINT('',(-7.579999960625,-0.5050000000017,-1.95969624972E-08));
#6889=VECTOR('',#8365,1.010000000077);
#6890=CARTESIAN_POINT('',(-6.980004904738,1.004999914324,6.122266054306E-08));
#6891=CARTESIAN_POINT('',(-7.579999999999,0.5050000000756,-3.465568878906E-07));
#6892=CARTESIAN_POINT('',(-7.5800004302,0.5151411405616,2.061702457086E-07));
#6893=CARTESIAN_POINT('',(-7.579201879232,0.535632852736,-9.568394402681E-08));
#6894=CARTESIAN_POINT('',(-7.575499250743,0.5670800727522,2.563843553086E-08));
#6895=CARTESIAN_POINT('',(-7.569210649816,0.5989931079909,-6.869798096644E-09));
#6896=CARTESIAN_POINT('',(-7.560240274758,0.6313321531341,1.840756855711E-09));
#6897=CARTESIAN_POINT('',(-7.548456159185,0.6640305300717,-4.932293262015E-10));
#6898=CARTESIAN_POINT('',(-7.533795832308,0.6967852949645,1.321604490945E-10));
#6899=CARTESIAN_POINT('',(-7.516319498083,0.7291428650934,-3.541247017665E-11));
#6900=CARTESIAN_POINT('',(-7.496122873669,0.7607319168641,9.489431612087E-12));
#6901=CARTESIAN_POINT('',(-7.473290366964,0.7912754826643,-2.545256271693E-12));
#6902=CARTESIAN_POINT('',(-7.447923927499,0.8205145572121,6.915934746858E-13));
#6903=CARTESIAN_POINT('',(-7.420138829347,0.8482130172694,-2.211176270501E-13));
#6904=CARTESIAN_POINT('',(-7.39005579054,0.8741587013144,1.928770335147E-13));
#6905=CARTESIAN_POINT('',(-7.35783470832,0.8981365985428,-5.503905070088E-13));
#6906=CARTESIAN_POINT('',(-7.323621151852,0.919977179895,2.008684994521E-12));
#6907=CARTESIAN_POINT('',(-7.287500104036,0.9395616314177,-7.484349471073E-12));
#6908=CARTESIAN_POINT('',(-7.249595173888,0.9567535034513,2.792871288977E-11));
#6909=CARTESIAN_POINT('',(-7.210134676299,0.9713943000795,-1.04230502088E-10));
#6910=CARTESIAN_POINT('',(-7.169631737856,0.983307376036,3.889932954623E-10));
#6911=CARTESIAN_POINT('',(-7.128841894747,0.9923959050545,-1.451742679761E-09));
#6912=CARTESIAN_POINT('',(-7.089182588609,0.9986904967115,5.417977423583E-09));
#6913=CARTESIAN_POINT('',(-7.051028761921,1.00262020626,-2.022016701457E-08));
#6914=CARTESIAN_POINT('',(-7.01453034108,1.004637604254,7.546269063469E-08));
#6915=CARTESIAN_POINT('',(-6.991320890317,1.004999805172,-1.625995001379E-07));
#6916=CARTESIAN_POINT('',(-6.980004904738,1.004999914324,6.122266054306E-08));
#6917=CARTESIAN_POINT('',(-5.720000000003,1.005,7.02000624575E-08));
#6918=CARTESIAN_POINT('',(-6.980004904738,1.004999914324,6.122266054306E-08));
#6919=VECTOR('',#8366,1.260004904735);
#6920=CARTESIAN_POINT('',(-5.12,0.5049999999973,-1.755327338667E-07));
#6921=CARTESIAN_POINT('',(-5.720000000003,1.005,7.02000624575E-08));
#6922=CARTESIAN_POINT('',(-5.709127039061,1.005000078509,1.772326416396E-07));
#6923=CARTESIAN_POINT('',(-5.686879224936,1.004665509666,-8.225395524004E-08));
#6924=CARTESIAN_POINT('',(-5.651988459078,1.002824413013,2.203988088075E-08));
#6925=CARTESIAN_POINT('',(-5.615616297105,0.9992656660462,-5.905568282939E-09));
#6926=CARTESIAN_POINT('',(-5.577863142746,0.9935915509736,1.58239225101E-09));
#6927=CARTESIAN_POINT('',(-5.539034643082,0.9854363853201,-4.240007211025E-10));
#6928=CARTESIAN_POINT('',(-5.499859644267,0.9745766643086,1.136106333996E-10));
#6929=CARTESIAN_POINT('',(-5.461811518558,0.9612657357226,-3.044181249596E-11));
#6930=CARTESIAN_POINT('',(-5.425006365908,0.9455502357925,8.156616584233E-12));
#6931=CARTESIAN_POINT('',(-5.389771997882,0.9275840008368,-2.18465384097E-12));
#6932=CARTESIAN_POINT('',(-5.356233633039,0.9074887896146,5.819987796454E-13));
#6933=CARTESIAN_POINT('',(-5.324518927799,0.8854016874884,-1.433412776122E-13));
#6934=CARTESIAN_POINT('',(-5.294689735747,0.8614232484096,0.0));
#6935=CARTESIAN_POINT('',(-5.266905455947,0.8357394394996,1.778759543987E-13));
#6936=CARTESIAN_POINT('',(-5.241284259217,0.808536777457,-7.028701483982E-13));
#6937=CARTESIAN_POINT('',(-5.217919416593,0.7799968442186,2.633604639194E-12));
#6938=CARTESIAN_POINT('',(-5.196918195544,0.75034400715,-9.831548408379E-12));
#6939=CARTESIAN_POINT('',(-5.178374855943,0.7198300388158,3.669258899432E-11));
#6940=CARTESIAN_POINT('',(-5.162344957963,0.6886885079526,-1.369388075689E-10));
#6941=CARTESIAN_POINT('',(-5.148899128266,0.6572259696939,5.110626412813E-10));
#6942=CARTESIAN_POINT('',(-5.138117321907,0.6259383289302,-1.907311757556E-09));
#6943=CARTESIAN_POINT('',(-5.129910484574,0.5950475738297,7.118184388944E-09));
#6944=CARTESIAN_POINT('',(-5.124143361718,0.5645392470327,-2.656542579822E-08));
#6945=CARTESIAN_POINT('',(-5.12073742455,0.5344184512217,9.914351880393E-08));
#6946=CARTESIAN_POINT('',(-5.120000017492,0.5147464147138,-2.136245933437E-07));
#6947=CARTESIAN_POINT('',(-5.12,0.5049999999973,-1.755327338667E-07));
#6948=CARTESIAN_POINT('',(-5.12,0.5049999999973,-1.755327338667E-07));
#6949=VECTOR('',#8367,1.009999999996);
#6950=CARTESIAN_POINT('',(-7.62,1.26,-7.0));
#6951=CARTESIAN_POINT('',(-7.62,1.26,0.0));
#6952=VECTOR('',#8368,7.0);
#6953=CARTESIAN_POINT('',(-7.62,-1.26,-7.0));
#6954=CARTESIAN_POINT('',(-7.62,1.26,-7.0));
#6955=VECTOR('',#8369,2.52);
#6956=CARTESIAN_POINT('',(-7.62,-1.26,0.0));
#6957=VECTOR('',#8370,7.0);
#6958=CARTESIAN_POINT('',(7.62,-1.26,-7.0));
#6959=CARTESIAN_POINT('',(-7.62,-1.26,-7.0));
#6960=VECTOR('',#8371,15.24);
#6961=CARTESIAN_POINT('',(7.62,-1.26,0.0));
#6962=VECTOR('',#8372,7.0);
#6963=CARTESIAN_POINT('',(7.62,1.26,-7.0));
#6964=CARTESIAN_POINT('',(7.62,-1.26,-7.0));
#6965=VECTOR('',#8373,2.52);
#6966=CARTESIAN_POINT('',(7.62,1.26,0.0));
#6967=VECTOR('',#8374,7.0);
#6968=CARTESIAN_POINT('',(7.62,1.26,-7.0));
#6969=VECTOR('',#8375,15.24);
#6970=CARTESIAN_POINT('',(6.92,-1.0,-7.0));
#6971=CARTESIAN_POINT('',(5.72,-1.0,-7.0));
#6972=CARTESIAN_POINT('',(6.92,-1.0,-7.0));
#6973=VECTOR('',#8376,1.2);
#6974=CARTESIAN_POINT('',(6.92,-0.85,-7.0));
#6975=CARTESIAN_POINT('',(6.92,-0.85,-7.0));
#6976=VECTOR('',#8377,0.15);
#6977=CARTESIAN_POINT('',(5.9242552948,-0.85,-7.0));
#6978=CARTESIAN_POINT('',(5.9242552948,-0.85,-7.0));
#6979=VECTOR('',#8378,0.9957447052002);
#6980=CARTESIAN_POINT('',(6.102978749275,-0.7,-7.0));
#6981=CARTESIAN_POINT('',(6.102978749275,-0.7,-7.0));
#6982=VECTOR('',#8379,0.2333282519962);
#6983=CARTESIAN_POINT('',(5.89872338295,-0.7,-7.0));
#6984=CARTESIAN_POINT('',(5.89872338295,-0.7,-7.0));
#6985=VECTOR('',#8380,0.2042553663254);
#6986=CARTESIAN_POINT('',(5.72,-0.85,-7.0));
#6987=CARTESIAN_POINT('',(5.72,-0.85,-7.0));
#6988=VECTOR('',#8381,0.2333281972095);
#6989=CARTESIAN_POINT('',(5.72,-1.0,-7.0));
#6990=VECTOR('',#8382,0.15);
#6991=CARTESIAN_POINT('',(6.0,-0.1,-7.0));
#6992=CARTESIAN_POINT('',(6.7,-0.1,-7.0));
#6993=CARTESIAN_POINT('',(6.0,-0.1,-7.0));
#6994=VECTOR('',#8383,0.7);
#6995=CARTESIAN_POINT('',(6.7,0.1,-7.0));
#6996=CARTESIAN_POINT('',(6.7,-0.1,-7.0));
#6997=VECTOR('',#8384,0.2);
#6998=CARTESIAN_POINT('',(6.0,0.1,-7.0));
#6999=CARTESIAN_POINT('',(6.0,0.1,-7.0));
#7000=VECTOR('',#8385,0.7);
#7001=CARTESIAN_POINT('',(6.0,-0.1,-7.0));
#7002=VECTOR('',#8386,0.2);
#7003=CARTESIAN_POINT('',(0.92,-0.1,-7.0));
#7004=CARTESIAN_POINT('',(1.62,-0.1,-7.0));
#7005=CARTESIAN_POINT('',(0.92,-0.1,-7.0));
#7006=VECTOR('',#8387,0.7);
#7007=CARTESIAN_POINT('',(1.62,0.1,-7.0));
#7008=CARTESIAN_POINT('',(1.62,-0.1,-7.0));
#7009=VECTOR('',#8388,0.2);
#7010=CARTESIAN_POINT('',(0.92,0.1,-7.0));
#7011=CARTESIAN_POINT('',(0.92,0.1,-7.0));
#7012=VECTOR('',#8389,0.7);
#7013=CARTESIAN_POINT('',(0.92,-0.1,-7.0));
#7014=VECTOR('',#8390,0.2);
#7015=CARTESIAN_POINT('',(-4.16,-0.1,-7.0));
#7016=CARTESIAN_POINT('',(-3.46,-0.1,-7.0));
#7017=CARTESIAN_POINT('',(-4.16,-0.1,-7.0));
#7018=VECTOR('',#8391,0.7);
#7019=CARTESIAN_POINT('',(-3.46,0.1,-7.0));
#7020=CARTESIAN_POINT('',(-3.46,-0.1,-7.0));
#7021=VECTOR('',#8392,0.2);
#7022=CARTESIAN_POINT('',(-4.16,0.1,-7.0));
#7023=CARTESIAN_POINT('',(-4.16,0.1,-7.0));
#7024=VECTOR('',#8393,0.7);
#7025=CARTESIAN_POINT('',(-4.16,-0.1,-7.0));
#7026=VECTOR('',#8394,0.2);
#7027=CARTESIAN_POINT('',(3.46,-0.1,-7.0));
#7028=CARTESIAN_POINT('',(4.16,-0.1,-7.0));
#7029=CARTESIAN_POINT('',(3.46,-0.1,-7.0));
#7030=VECTOR('',#8395,0.7);
#7031=CARTESIAN_POINT('',(4.16,0.1,-7.0));
#7032=CARTESIAN_POINT('',(4.16,-0.1,-7.0));
#7033=VECTOR('',#8396,0.2);
#7034=CARTESIAN_POINT('',(3.46,0.1,-7.0));
#7035=CARTESIAN_POINT('',(3.46,0.1,-7.0));
#7036=VECTOR('',#8397,0.7);
#7037=CARTESIAN_POINT('',(3.46,-0.1,-7.0));
#7038=VECTOR('',#8398,0.2);
#7039=CARTESIAN_POINT('',(-1.62,-0.1,-7.0));
#7040=CARTESIAN_POINT('',(-0.92,-0.1,-7.0));
#7041=CARTESIAN_POINT('',(-1.62,-0.1,-7.0));
#7042=VECTOR('',#8399,0.7);
#7043=CARTESIAN_POINT('',(-0.92,0.1,-7.0));
#7044=CARTESIAN_POINT('',(-0.92,-0.1,-7.0));
#7045=VECTOR('',#8400,0.2);
#7046=CARTESIAN_POINT('',(-1.62,0.1,-7.0));
#7047=CARTESIAN_POINT('',(-1.62,0.1,-7.0));
#7048=VECTOR('',#8401,0.7);
#7049=CARTESIAN_POINT('',(-1.62,-0.1,-7.0));
#7050=VECTOR('',#8402,0.2);
#7051=CARTESIAN_POINT('',(-6.7,-0.1,-7.0));
#7052=CARTESIAN_POINT('',(-6.0,-0.1,-7.0));
#7053=CARTESIAN_POINT('',(-6.7,-0.1,-7.0));
#7054=VECTOR('',#8403,0.7);
#7055=CARTESIAN_POINT('',(-6.0,0.1,-7.0));
#7056=CARTESIAN_POINT('',(-6.0,-0.1,-7.0));
#7057=VECTOR('',#8404,0.2);
#7058=CARTESIAN_POINT('',(-6.7,0.1,-7.0));
#7059=CARTESIAN_POINT('',(-6.7,0.1,-7.0));
#7060=VECTOR('',#8405,0.7);
#7061=CARTESIAN_POINT('',(-6.7,-0.1,-7.0));
#7062=VECTOR('',#8406,0.2);
#7063=CARTESIAN_POINT('',(5.72,-0.85,-6.9));
#7064=CARTESIAN_POINT('',(5.72,-0.85,-7.0));
#7065=VECTOR('',#8407,0.1);
#7066=CARTESIAN_POINT('',(5.72,-1.0,-6.9));
#7067=CARTESIAN_POINT('',(5.72,-1.0,-6.9));
#7068=VECTOR('',#8408,0.15);
#7069=CARTESIAN_POINT('',(5.72,-1.0,-7.0));
#7070=VECTOR('',#8409,0.1);
#7071=CARTESIAN_POINT('',(6.92,-1.0,-6.9));
#7072=CARTESIAN_POINT('',(6.92,-1.0,-6.9));
#7073=VECTOR('',#8410,1.2);
#7074=CARTESIAN_POINT('',(6.92,-1.0,-7.0));
#7075=VECTOR('',#8411,0.1);
#7076=CARTESIAN_POINT('',(6.92,-0.85,-6.9));
#7077=CARTESIAN_POINT('',(6.92,-0.85,-6.9));
#7078=VECTOR('',#8412,0.15);
#7079=CARTESIAN_POINT('',(6.92,-0.85,-7.0));
#7080=VECTOR('',#8413,0.1);
#7081=CARTESIAN_POINT('',(5.9242552948,-0.85,-6.9));
#7082=CARTESIAN_POINT('',(5.9242552948,-0.85,-6.9));
#7083=VECTOR('',#8414,0.9957447052002);
#7084=CARTESIAN_POINT('',(5.9242552948,-0.85,-7.0));
#7085=VECTOR('',#8415,0.1);
#7086=CARTESIAN_POINT('',(6.102978749275,-0.7,-6.9));
#7087=CARTESIAN_POINT('',(6.102978749275,-0.7,-6.9));
#7088=VECTOR('',#8416,0.2333282519962);
#7089=CARTESIAN_POINT('',(6.102978749275,-0.7,-7.0));
#7090=VECTOR('',#8417,0.1);
#7091=CARTESIAN_POINT('',(5.89872338295,-0.7,-6.9));
#7092=CARTESIAN_POINT('',(5.89872338295,-0.7,-6.9));
#7093=VECTOR('',#8418,0.2042553663254);
#7094=CARTESIAN_POINT('',(5.89872338295,-0.7,-7.0));
#7095=VECTOR('',#8419,0.1);
#7096=CARTESIAN_POINT('',(5.72,-0.85,-6.9));
#7097=VECTOR('',#8420,0.2333281972095);
#7098=CARTESIAN_POINT('',(6.0,0.1,-7.575128869404));
#7099=CARTESIAN_POINT('',(6.0,0.1,-7.575128869404));
#7100=VECTOR('',#8421,0.5751288694036);
#7101=CARTESIAN_POINT('',(6.0,0.1,-10.0));
#7102=AXIS2_PLACEMENT_3D('',#8422,#8423,#8424);
#7103=CARTESIAN_POINT('',(6.0,-0.1,-10.0));
#7104=CARTESIAN_POINT('',(6.0,-0.1,-10.0));
#7105=VECTOR('',#8425,0.2);
#7106=CARTESIAN_POINT('',(6.0,-0.1,-7.575128869404));
#7107=AXIS2_PLACEMENT_3D('',#8426,#8427,#8428);
#7108=CARTESIAN_POINT('',(6.0,-0.1,-7.0));
#7109=VECTOR('',#8429,0.5751288694036);
#7110=CARTESIAN_POINT('',(6.7,-0.1,-7.575128869404));
#7111=CARTESIAN_POINT('',(6.0,-0.1,-7.575128869404));
#7112=VECTOR('',#8430,0.7);
#7113=CARTESIAN_POINT('',(6.7,-0.1,-7.0));
#7114=VECTOR('',#8431,0.5751288694036);
#7115=CARTESIAN_POINT('',(6.7,-0.1,-10.0));
#7116=AXIS2_PLACEMENT_3D('',#8432,#8433,#8434);
#7117=CARTESIAN_POINT('',(6.7,0.1,-10.0));
#7118=CARTESIAN_POINT('',(6.7,-0.1,-10.0));
#7119=VECTOR('',#8435,0.2);
#7120=CARTESIAN_POINT('',(6.7,0.1,-7.575128869404));
#7121=AXIS2_PLACEMENT_3D('',#8436,#8437,#8438);
#7122=CARTESIAN_POINT('',(6.7,0.1,-7.575128869404));
#7123=VECTOR('',#8439,0.5751288694036);
#7124=CARTESIAN_POINT('',(6.0,0.1,-7.575128869404));
#7125=VECTOR('',#8440,0.7);
#7126=CARTESIAN_POINT('',(6.0,0.1,-10.0));
#7127=VECTOR('',#8441,0.7);
#7128=CARTESIAN_POINT('',(6.0,-0.1,-10.0));
#7129=VECTOR('',#8442,0.7);
#7130=CARTESIAN_POINT('',(0.92,0.1,-7.575128869404));
#7131=CARTESIAN_POINT('',(0.92,0.1,-7.575128869404));
#7132=VECTOR('',#8443,0.5751288694036);
#7133=CARTESIAN_POINT('',(0.92,0.1,-10.0));
#7134=AXIS2_PLACEMENT_3D('',#8444,#8445,#8446);
#7135=CARTESIAN_POINT('',(0.92,-0.1,-10.0));
#7136=CARTESIAN_POINT('',(0.92,-0.1,-10.0));
#7137=VECTOR('',#8447,0.2);
#7138=CARTESIAN_POINT('',(0.92,-0.1,-7.575128869404));
#7139=AXIS2_PLACEMENT_3D('',#8448,#8449,#8450);
#7140=CARTESIAN_POINT('',(0.92,-0.1,-7.0));
#7141=VECTOR('',#8451,0.5751288694036);
#7142=CARTESIAN_POINT('',(1.62,-0.1,-7.575128869404));
#7143=CARTESIAN_POINT('',(0.92,-0.1,-7.575128869404));
#7144=VECTOR('',#8452,0.7);
#7145=CARTESIAN_POINT('',(1.62,-0.1,-7.0));
#7146=VECTOR('',#8453,0.5751288694036);
#7147=CARTESIAN_POINT('',(1.62,-0.1,-10.0));
#7148=AXIS2_PLACEMENT_3D('',#8454,#8455,#8456);
#7149=CARTESIAN_POINT('',(1.62,0.1,-10.0));
#7150=CARTESIAN_POINT('',(1.62,-0.1,-10.0));
#7151=VECTOR('',#8457,0.2);
#7152=CARTESIAN_POINT('',(1.62,0.1,-7.575128869404));
#7153=AXIS2_PLACEMENT_3D('',#8458,#8459,#8460);
#7154=CARTESIAN_POINT('',(1.62,0.1,-7.575128869404));
#7155=VECTOR('',#8461,0.5751288694036);
#7156=CARTESIAN_POINT('',(0.92,0.1,-7.575128869404));
#7157=VECTOR('',#8462,0.7);
#7158=CARTESIAN_POINT('',(0.92,0.1,-10.0));
#7159=VECTOR('',#8463,0.7);
#7160=CARTESIAN_POINT('',(0.92,-0.1,-10.0));
#7161=VECTOR('',#8464,0.7);
#7162=CARTESIAN_POINT('',(-4.16,0.1,-7.575128869404));
#7163=CARTESIAN_POINT('',(-4.16,0.1,-7.575128869404));
#7164=VECTOR('',#8465,0.5751288694036);
#7165=CARTESIAN_POINT('',(-4.16,0.1,-10.0));
#7166=AXIS2_PLACEMENT_3D('',#8466,#8467,#8468);
#7167=CARTESIAN_POINT('',(-4.16,-0.1,-10.0));
#7168=CARTESIAN_POINT('',(-4.16,-0.1,-10.0));
#7169=VECTOR('',#8469,0.2);
#7170=CARTESIAN_POINT('',(-4.16,-0.1,-7.575128869404));
#7171=AXIS2_PLACEMENT_3D('',#8470,#8471,#8472);
#7172=CARTESIAN_POINT('',(-4.16,-0.1,-7.0));
#7173=VECTOR('',#8473,0.5751288694036);
#7174=CARTESIAN_POINT('',(-3.46,-0.1,-7.575128869404));
#7175=CARTESIAN_POINT('',(-4.16,-0.1,-7.575128869404));
#7176=VECTOR('',#8474,0.7);
#7177=CARTESIAN_POINT('',(-3.46,-0.1,-7.0));
#7178=VECTOR('',#8475,0.5751288694036);
#7179=CARTESIAN_POINT('',(-3.46,-0.1,-10.0));
#7180=AXIS2_PLACEMENT_3D('',#8476,#8477,#8478);
#7181=CARTESIAN_POINT('',(-3.46,0.1,-10.0));
#7182=CARTESIAN_POINT('',(-3.46,-0.1,-10.0));
#7183=VECTOR('',#8479,0.2);
#7184=CARTESIAN_POINT('',(-3.46,0.1,-7.575128869404));
#7185=AXIS2_PLACEMENT_3D('',#8480,#8481,#8482);
#7186=CARTESIAN_POINT('',(-3.46,0.1,-7.575128869404));
#7187=VECTOR('',#8483,0.5751288694036);
#7188=CARTESIAN_POINT('',(-4.16,0.1,-7.575128869404));
#7189=VECTOR('',#8484,0.7);
#7190=CARTESIAN_POINT('',(-4.16,0.1,-10.0));
#7191=VECTOR('',#8485,0.7);
#7192=CARTESIAN_POINT('',(-4.16,-0.1,-10.0));
#7193=VECTOR('',#8486,0.7);
#7194=CARTESIAN_POINT('',(3.46,0.1,-7.575128869404));
#7195=CARTESIAN_POINT('',(3.46,0.1,-7.575128869404));
#7196=VECTOR('',#8487,0.5751288694036);
#7197=CARTESIAN_POINT('',(3.46,0.1,-10.0));
#7198=AXIS2_PLACEMENT_3D('',#8488,#8489,#8490);
#7199=CARTESIAN_POINT('',(3.46,-0.1,-10.0));
#7200=CARTESIAN_POINT('',(3.46,-0.1,-10.0));
#7201=VECTOR('',#8491,0.2);
#7202=CARTESIAN_POINT('',(3.46,-0.1,-7.575128869404));
#7203=AXIS2_PLACEMENT_3D('',#8492,#8493,#8494);
#7204=CARTESIAN_POINT('',(3.46,-0.1,-7.0));
#7205=VECTOR('',#8495,0.5751288694036);
#7206=CARTESIAN_POINT('',(4.16,-0.1,-7.575128869404));
#7207=CARTESIAN_POINT('',(3.46,-0.1,-7.575128869404));
#7208=VECTOR('',#8496,0.7);
#7209=CARTESIAN_POINT('',(4.16,-0.1,-7.0));
#7210=VECTOR('',#8497,0.5751288694036);
#7211=CARTESIAN_POINT('',(4.16,-0.1,-10.0));
#7212=AXIS2_PLACEMENT_3D('',#8498,#8499,#8500);
#7213=CARTESIAN_POINT('',(4.16,0.1,-10.0));
#7214=CARTESIAN_POINT('',(4.16,-0.1,-10.0));
#7215=VECTOR('',#8501,0.2);
#7216=CARTESIAN_POINT('',(4.16,0.1,-7.575128869404));
#7217=AXIS2_PLACEMENT_3D('',#8502,#8503,#8504);
#7218=CARTESIAN_POINT('',(4.16,0.1,-7.575128869404));
#7219=VECTOR('',#8505,0.5751288694036);
#7220=CARTESIAN_POINT('',(3.46,0.1,-7.575128869404));
#7221=VECTOR('',#8506,0.7);
#7222=CARTESIAN_POINT('',(3.46,0.1,-10.0));
#7223=VECTOR('',#8507,0.7);
#7224=CARTESIAN_POINT('',(3.46,-0.1,-10.0));
#7225=VECTOR('',#8508,0.7);
#7226=CARTESIAN_POINT('',(-1.62,0.1,-7.575128869404));
#7227=CARTESIAN_POINT('',(-1.62,0.1,-7.575128869404));
#7228=VECTOR('',#8509,0.5751288694036);
#7229=CARTESIAN_POINT('',(-1.62,0.1,-10.0));
#7230=AXIS2_PLACEMENT_3D('',#8510,#8511,#8512);
#7231=CARTESIAN_POINT('',(-1.62,-0.1,-10.0));
#7232=CARTESIAN_POINT('',(-1.62,-0.1,-10.0));
#7233=VECTOR('',#8513,0.2);
#7234=CARTESIAN_POINT('',(-1.62,-0.1,-7.575128869404));
#7235=AXIS2_PLACEMENT_3D('',#8514,#8515,#8516);
#7236=CARTESIAN_POINT('',(-1.62,-0.1,-7.0));
#7237=VECTOR('',#8517,0.5751288694036);
#7238=CARTESIAN_POINT('',(-0.92,-0.1,-7.575128869404));
#7239=CARTESIAN_POINT('',(-1.62,-0.1,-7.575128869404));
#7240=VECTOR('',#8518,0.7);
#7241=CARTESIAN_POINT('',(-0.92,-0.1,-7.0));
#7242=VECTOR('',#8519,0.5751288694036);
#7243=CARTESIAN_POINT('',(-0.92,-0.1,-10.0));
#7244=AXIS2_PLACEMENT_3D('',#8520,#8521,#8522);
#7245=CARTESIAN_POINT('',(-0.92,0.1,-10.0));
#7246=CARTESIAN_POINT('',(-0.92,-0.1,-10.0));
#7247=VECTOR('',#8523,0.2);
#7248=CARTESIAN_POINT('',(-0.92,0.1,-7.575128869404));
#7249=AXIS2_PLACEMENT_3D('',#8524,#8525,#8526);
#7250=CARTESIAN_POINT('',(-0.92,0.1,-7.575128869404));
#7251=VECTOR('',#8527,0.5751288694036);
#7252=CARTESIAN_POINT('',(-1.62,0.1,-7.575128869404));
#7253=VECTOR('',#8528,0.7);
#7254=CARTESIAN_POINT('',(-1.62,0.1,-10.0));
#7255=VECTOR('',#8529,0.7);
#7256=CARTESIAN_POINT('',(-1.62,-0.1,-10.0));
#7257=VECTOR('',#8530,0.7);
#7258=CARTESIAN_POINT('',(-6.7,0.1,-7.575128869404));
#7259=CARTESIAN_POINT('',(-6.7,0.1,-7.575128869404));
#7260=VECTOR('',#8531,0.5751288694036);
#7261=CARTESIAN_POINT('',(-6.7,0.1,-10.0));
#7262=AXIS2_PLACEMENT_3D('',#8532,#8533,#8534);
#7263=CARTESIAN_POINT('',(-6.7,-0.1,-10.0));
#7264=CARTESIAN_POINT('',(-6.7,-0.1,-10.0));
#7265=VECTOR('',#8535,0.2);
#7266=CARTESIAN_POINT('',(-6.7,-0.1,-7.575128869404));
#7267=AXIS2_PLACEMENT_3D('',#8536,#8537,#8538);
#7268=CARTESIAN_POINT('',(-6.7,-0.1,-7.0));
#7269=VECTOR('',#8539,0.5751288694036);
#7270=CARTESIAN_POINT('',(-6.0,-0.1,-7.575128869404));
#7271=CARTESIAN_POINT('',(-6.7,-0.1,-7.575128869404));
#7272=VECTOR('',#8540,0.7);
#7273=CARTESIAN_POINT('',(-6.0,-0.1,-7.0));
#7274=VECTOR('',#8541,0.5751288694036);
#7275=CARTESIAN_POINT('',(-6.0,-0.1,-10.0));
#7276=AXIS2_PLACEMENT_3D('',#8542,#8543,#8544);
#7277=CARTESIAN_POINT('',(-6.0,0.1,-10.0));
#7278=CARTESIAN_POINT('',(-6.0,-0.1,-10.0));
#7279=VECTOR('',#8545,0.2);
#7280=CARTESIAN_POINT('',(-6.0,0.1,-7.575128869404));
#7281=AXIS2_PLACEMENT_3D('',#8546,#8547,#8548);
#7282=CARTESIAN_POINT('',(-6.0,0.1,-7.575128869404));
#7283=VECTOR('',#8549,0.5751288694036);
#7284=CARTESIAN_POINT('',(-6.7,0.1,-7.575128869404));
#7285=VECTOR('',#8550,0.7);
#7286=CARTESIAN_POINT('',(-6.7,0.1,-10.0));
#7287=VECTOR('',#8551,0.7);
#7288=CARTESIAN_POINT('',(-6.7,-0.1,-10.0));
#7289=VECTOR('',#8552,0.7);
#7290=CARTESIAN_POINT('',(7.18,0.6049999990392,-0.04999999538872));
#7291=AXIS2_PLACEMENT_3D('',#8553,#8554,#8555);
#7292=CARTESIAN_POINT('',(5.519999999995,0.6049999536936,-0.05000004650801));
#7293=AXIS2_PLACEMENT_3D('',#8556,#8557,#8558);
#7294=CARTESIAN_POINT('',(5.519999999995,0.6049999536936,-0.05000004650801));
#7295=VECTOR('',#8559,1.660000000005);
#7296=CARTESIAN_POINT('',(5.52,0.605,-0.4));
#7297=CARTESIAN_POINT('',(5.519999999995,0.6049999536936,-0.05000004650801));
#7298=VECTOR('',#8560,0.349999953492);
#7299=CARTESIAN_POINT('',(7.18,0.605,-0.4));
#7300=CARTESIAN_POINT('',(5.52,0.605,-0.4));
#7301=VECTOR('',#8561,1.66);
#7302=CARTESIAN_POINT('',(7.18,0.6049999990392,-0.04999999538872));
#7303=VECTOR('',#8562,0.3500000046113);
#7304=CARTESIAN_POINT('',(7.27999999805,0.5050000000018,-0.2999999812669));
#7305=CARTESIAN_POINT('',(7.28,0.505,-0.4));
#7306=CARTESIAN_POINT('',(7.27999999805,0.5050000000018,-0.2999999812669));
#7307=VECTOR('',#8563,0.1000000187331);
#7308=CARTESIAN_POINT('',(7.18,0.6049999990392,-0.04999999538872));
#7309=CARTESIAN_POINT('',(7.18234326445,0.6049999643357,-0.04999997894593));
#7310=CARTESIAN_POINT('',(7.187018526498,0.604835379292,-0.05040924225171));
#7311=CARTESIAN_POINT('',(7.193964163276,0.6041013384351,-0.05211024290571));
#7312=CARTESIAN_POINT('',(7.200808710934,0.6028947788375,-0.05480356794725));
#7313=CARTESIAN_POINT('',(7.207746516761,0.6011658771135,-0.05857643803767));
#7314=CARTESIAN_POINT('',(7.214790842465,0.5988523571813,-0.06357072536537));
#7315=CARTESIAN_POINT('',(7.221772873005,0.5959649201321,-0.06980995285088));
#7316=CARTESIAN_POINT('',(7.228749826618,0.5924333739205,-0.07753632715624));
#7317=CARTESIAN_POINT('',(7.235661530502,0.5882123831459,-0.08699958216231));
#7318=CARTESIAN_POINT('',(7.242385429225,0.5833050915457,-0.098416480345));
#7319=CARTESIAN_POINT('',(7.248783199686,0.5777517958079,-0.1120053809388));
#7320=CARTESIAN_POINT('',(7.254742328435,0.5716249152314,-0.1279636348709));
#7321=CARTESIAN_POINT('',(7.260298160611,0.564810685662,-0.1471394137156));
#7322=CARTESIAN_POINT('',(7.264949742394,0.557949694739,-0.1682466820169));
#7323=CARTESIAN_POINT('',(7.268493314383,0.5517233167504,-0.1890342157083));
#7324=CARTESIAN_POINT('',(7.271083828849,0.5463913915166,-0.2078673344206));
#7325=CARTESIAN_POINT('',(7.272990877991,0.5418718382778,-0.2241957302733));
#7326=CARTESIAN_POINT('',(7.274477667898,0.537855025151,-0.2385493104925));
#7327=CARTESIAN_POINT('',(7.275674634917,0.5341705313721,-0.2511431851741));
#7328=CARTESIAN_POINT('',(7.276644500081,0.5307620093045,-0.2619264745954));
#7329=CARTESIAN_POINT('',(7.277431851707,0.5275906546228,-0.270946811114));
#7330=CARTESIAN_POINT('',(7.278075012381,0.5246022985357,-0.2783991782123));
#7331=CARTESIAN_POINT('',(7.278605293526,0.5217258717265,-0.2845332018011));
#7332=CARTESIAN_POINT('',(7.279039316754,0.5189220414105,-0.2894992617604));
#7333=CARTESIAN_POINT('',(7.279386202259,0.5161757207537,-0.2934000085386));
#7334=CARTESIAN_POINT('',(7.279655310891,0.5134461882,-0.2963607425034));
#7335=CARTESIAN_POINT('',(7.279851113351,0.5106867694538,-0.2984605579909));
#7336=CARTESIAN_POINT('',(7.279971940623,0.5078804262501,-0.2997186611281));
#7337=CARTESIAN_POINT('',(7.280000000105,0.5059663490681,-0.3000000262885));
#7338=CARTESIAN_POINT('',(7.27999999805,0.5050000000018,-0.2999999812669));
#7339=AXIS2_PLACEMENT_3D('',#8564,#8565,#8566);
#7340=CARTESIAN_POINT('',(5.42,0.505,-0.4));
#7341=AXIS2_PLACEMENT_3D('',#8567,#8568,#8569);
#7342=CARTESIAN_POINT('',(5.42,-0.505,-0.4));
#7343=CARTESIAN_POINT('',(5.42,-0.505,-0.4));
#7344=VECTOR('',#8570,1.01);
#7345=CARTESIAN_POINT('',(5.72,-0.805,-0.4));
#7346=AXIS2_PLACEMENT_3D('',#8571,#8572,#8573);
#7347=CARTESIAN_POINT('',(6.98,-0.805,-0.4));
#7348=CARTESIAN_POINT('',(6.98,-0.805,-0.4));
#7349=VECTOR('',#8574,1.26);
#7350=CARTESIAN_POINT('',(7.28,-0.505,-0.4));
#7351=AXIS2_PLACEMENT_3D('',#8575,#8576,#8577);
#7352=CARTESIAN_POINT('',(7.28,0.505,-0.4));
#7353=VECTOR('',#8578,1.01);
#7354=CARTESIAN_POINT('',(7.280000000547,-0.5050000000005,-0.2999999829314));
#7355=CARTESIAN_POINT('',(7.280000000547,-0.5050000000005,-0.2999999829314));
#7356=VECTOR('',#8579,0.1000000170686);
#7357=CARTESIAN_POINT('',(7.27999999805,0.5050000000018,-0.2999999812669));
#7358=VECTOR('',#8580,1.010000000002);
#7359=AXIS2_PLACEMENT_3D('',#8581,#8582,#8583);
#7360=AXIS2_PLACEMENT_3D('',#8584,#8585,#8586);
#7361=CARTESIAN_POINT('',(6.98,-0.8049999940059,-0.2000000131903));
#7362=CARTESIAN_POINT('',(7.280000000547,-0.5050000000005,-0.2999999829314));
#7363=CARTESIAN_POINT('',(7.279999999978,-0.5100583292769,-0.3000003958627));
#7364=CARTESIAN_POINT('',(7.279744000252,-0.5203221192492,-0.2997144867693));
#7365=CARTESIAN_POINT('',(7.278526965171,-0.5361046966443,-0.2984407339349));
#7366=CARTESIAN_POINT('',(7.276407899897,-0.5522617378396,-0.2963580659547));
#7367=CARTESIAN_POINT('',(7.273299233782,-0.5688268272398,-0.2935094428764));
#7368=CARTESIAN_POINT('',(7.269088296497,-0.5858347470551,-0.2899335269074));
#7369=CARTESIAN_POINT('',(7.263676443374,-0.6031908082674,-0.2856937635539));
#7370=CARTESIAN_POINT('',(7.257004724271,-0.6207096317645,-0.2808844617741));
#7371=CARTESIAN_POINT('',(7.24902772264,-0.6382320763168,-0.2755992069584));
#7372=CARTESIAN_POINT('',(7.239696503705,-0.6556349014271,-0.2699190135214));
#7373=CARTESIAN_POINT('',(7.228970185436,-0.6727900576531,-0.263921885266));
#7374=CARTESIAN_POINT('',(7.216815310374,-0.6895668601507,-0.2576831289461));
#7375=CARTESIAN_POINT('',(7.203203197897,-0.7058324447095,-0.251275934561));
#7376=CARTESIAN_POINT('',(7.188127033824,-0.7214335469157,-0.2447804707684));
#7377=CARTESIAN_POINT('',(7.171579662071,-0.7362257906041,-0.2382744174542));
#7378=CARTESIAN_POINT('',(7.153530328686,-0.7500799230848,-0.2318300046955));
#7379=CARTESIAN_POINT('',(7.133973328416,-0.7628344335674,-0.2255378476923));
#7380=CARTESIAN_POINT('',(7.11297019611,-0.7742827038959,-0.2195213946168));
#7381=CARTESIAN_POINT('',(7.090763371083,-0.7841600818817,-0.2139593338329));
#7382=CARTESIAN_POINT('',(7.067779144859,-0.792207510144,-0.2090698864097));
#7383=CARTESIAN_POINT('',(7.044895959527,-0.7982033996642,-0.2051158841042));
#7384=CARTESIAN_POINT('',(7.022465087604,-0.8022591976369,-0.2022006877618));
#7385=CARTESIAN_POINT('',(7.000715500629,-0.8045381781612,-0.2004062933356));
#7386=CARTESIAN_POINT('',(6.98679814695,-0.8050000354318,-0.2000002293688));
#7387=CARTESIAN_POINT('',(6.98,-0.8049999940059,-0.2000000131903));
#7388=AXIS2_PLACEMENT_3D('',#8587,#8588,#8589);
#7389=CARTESIAN_POINT('',(5.72,-0.8049999871582,-0.1999999973709));
#7390=CARTESIAN_POINT('',(6.98,-0.8049999940059,-0.2000000131903));
#7391=VECTOR('',#8590,1.26);
#7392=AXIS2_PLACEMENT_3D('',#8591,#8592,#8593);
#7393=CARTESIAN_POINT('',(5.420000002684,-0.505,-0.2999999766673));
#7394=CARTESIAN_POINT('',(5.72,-0.8049999871582,-0.1999999973709));
#7395=CARTESIAN_POINT('',(5.713472490058,-0.8049999565702,-0.1999999941024));
#7396=CARTESIAN_POINT('',(5.700129252141,-0.8045742755138,-0.2003746649433));
#7397=CARTESIAN_POINT('',(5.679326877594,-0.8024848443515,-0.202026634674));
#7398=CARTESIAN_POINT('',(5.657908769716,-0.7987822258959,-0.2047104897595));
#7399=CARTESIAN_POINT('',(5.636059880344,-0.7933198935681,-0.2083547594216));
#7400=CARTESIAN_POINT('',(5.614073856792,-0.7860029774712,-0.2128675098286));
#7401=CARTESIAN_POINT('',(5.592453680372,-0.7768690094338,-0.218097683539));
#7402=CARTESIAN_POINT('',(5.572036932764,-0.7663032326184,-0.2237503117955));
#7403=CARTESIAN_POINT('',(5.552858602681,-0.7544578308668,-0.2297076514008));
#7404=CARTESIAN_POINT('',(5.535049683491,-0.7415391605386,-0.2358410897228));
#7405=CARTESIAN_POINT('',(5.518616648746,-0.7276991190118,-0.2420634889422));
#7406=CARTESIAN_POINT('',(5.503559603849,-0.7130797198392,-0.2482979578266));
#7407=CARTESIAN_POINT('',(5.489842589376,-0.6977827156132,-0.2544869266662));
#7408=CARTESIAN_POINT('',(5.477471167459,-0.6819498540745,-0.2605564586131));
#7409=CARTESIAN_POINT('',(5.466426782208,-0.6657057313587,-0.2664401691511));
#7410=CARTESIAN_POINT('',(5.456677914375,-0.6491581618731,-0.2720757797893));
#7411=CARTESIAN_POINT('',(5.448197085495,-0.6324266042614,-0.2773940060589));
#7412=CARTESIAN_POINT('',(5.440949457006,-0.6156320219509,-0.2823226058408));
#7413=CARTESIAN_POINT('',(5.434884389132,-0.5988729452802,-0.2867926712876));
#7414=CARTESIAN_POINT('',(5.429957299121,-0.5822760122144,-0.2907239069055));
#7415=CARTESIAN_POINT('',(5.426126479513,-0.5660517990785,-0.2940237299561));
#7416=CARTESIAN_POINT('',(5.423293696058,-0.5502582578132,-0.2966456243562));
#7417=CARTESIAN_POINT('',(5.421355087175,-0.5348272482586,-0.298562643332));
#7418=CARTESIAN_POINT('',(5.420236531179,-0.5197145401101,-0.2997363685973));
#7419=CARTESIAN_POINT('',(5.42000000187,-0.509862546523,-0.2999999460443));
#7420=CARTESIAN_POINT('',(5.420000002684,-0.505,-0.2999999766673));
#7421=AXIS2_PLACEMENT_3D('',#8594,#8595,#8596);
#7422=CARTESIAN_POINT('',(5.420000000756,0.5049999999982,-0.2999999911396));
#7423=AXIS2_PLACEMENT_3D('',#8597,#8598,#8599);
#7424=CARTESIAN_POINT('',(5.420000002684,-0.505,-0.2999999766673));
#7425=VECTOR('',#8600,1.009999999998);
#7426=CARTESIAN_POINT('',(5.420000002684,-0.505,-0.2999999766673));
#7427=VECTOR('',#8601,0.1000000233327);
#7428=CARTESIAN_POINT('',(5.420000000756,0.5049999999982,-0.2999999911396));
#7429=VECTOR('',#8602,0.1000000088604);
#7430=CARTESIAN_POINT('',(5.420000000756,0.5049999999982,-0.2999999911396));
#7431=CARTESIAN_POINT('',(5.420000005291,0.5059796125627,-0.2999998925495));
#7432=CARTESIAN_POINT('',(5.420028909044,0.5079123069327,-0.2997114740775));
#7433=CARTESIAN_POINT('',(5.420150398328,0.510711113408,-0.2984456513659));
#7434=CARTESIAN_POINT('',(5.420346112484,0.5134628833317,-0.2963456735684));
#7435=CARTESIAN_POINT('',(5.42061626239,0.5161986131506,-0.2933723041601));
#7436=CARTESIAN_POINT('',(5.420966041518,0.5189615379613,-0.2894378122189));
#7437=CARTESIAN_POINT('',(5.421404461422,0.5217838454598,-0.284420301455));
#7438=CARTESIAN_POINT('',(5.421936619717,0.5246602599271,-0.2782644233544));
#7439=CARTESIAN_POINT('',(5.422582521528,0.527653394179,-0.2707818023741));
#7440=CARTESIAN_POINT('',(5.423382420495,0.5308660048195,-0.2616218922712));
#7441=CARTESIAN_POINT('',(5.424384928519,0.5343702902744,-0.2504935518124));
#7442=CARTESIAN_POINT('',(5.425631549636,0.5381728695029,-0.237438978728));
#7443=CARTESIAN_POINT('',(5.427182373266,0.5423118348526,-0.2226110132919));
#7444=CARTESIAN_POINT('',(5.42918941295,0.5469988290279,-0.2056888939346));
#7445=CARTESIAN_POINT('',(5.431954265264,0.5525741980958,-0.1861102192807));
#7446=CARTESIAN_POINT('',(5.435687353968,0.5589703404907,-0.1649926781862));
#7447=CARTESIAN_POINT('',(5.440525181314,0.5658993361517,-0.1439797946442));
#7448=CARTESIAN_POINT('',(5.44607273389,0.5725233647967,-0.1255658944506));
#7449=CARTESIAN_POINT('',(5.452113885576,0.5785921491067,-0.1099021781954));
#7450=CARTESIAN_POINT('',(5.458606002069,0.5840845511628,-0.09657359700739));
#7451=CARTESIAN_POINT('',(5.465362229181,0.5888865735234,-0.08547100644033));
#7452=CARTESIAN_POINT('',(5.472297656732,0.593009349351,-0.0762670577579));
#7453=CARTESIAN_POINT('',(5.479348954295,0.5964732474106,-0.06870818476522));
#7454=CARTESIAN_POINT('',(5.486363616906,0.599269036636,-0.0626722746439));
#7455=CARTESIAN_POINT('',(5.493197085652,0.6014251232218,-0.05801304307578));
#7456=CARTESIAN_POINT('',(5.499812878161,0.6030163496255,-0.05453368081183));
#7457=CARTESIAN_POINT('',(5.506305408398,0.604131303183,-0.05204060235767));
#7458=CARTESIAN_POINT('',(5.512993504739,0.6048325571329,-0.0504157397006));
#7459=CARTESIAN_POINT('',(5.517640675478,0.6049999946309,-0.05000000760979));
#7460=CARTESIAN_POINT('',(5.519999999995,0.6049999536936,-0.05000004650801));
#7461=CARTESIAN_POINT('',(5.72,-0.8049999871582,-0.1999999973709));
#7462=VECTOR('',#8603,0.2000000026291);
#7463=CARTESIAN_POINT('',(6.98,-0.8049999940059,-0.2000000131903));
#7464=VECTOR('',#8604,0.1999999868097);
#7465=CARTESIAN_POINT('',(0.6400000000002,-0.8049999871582,-0.1999999973709));
#7466=AXIS2_PLACEMENT_3D('',#8605,#8606,#8607);
#7467=CARTESIAN_POINT('',(1.9,-0.8049999940059,-0.2000000131903));
#7468=AXIS2_PLACEMENT_3D('',#8608,#8609,#8610);
#7469=CARTESIAN_POINT('',(1.9,-0.8049999940059,-0.2000000131903));
#7470=VECTOR('',#8611,1.26);
#7471=CARTESIAN_POINT('',(1.9,-0.805,-0.4));
#7472=CARTESIAN_POINT('',(1.9,-0.8049999940059,-0.2000000131903));
#7473=VECTOR('',#8612,0.1999999868097);
#7474=CARTESIAN_POINT('',(0.64,-0.805,-0.4));
#7475=CARTESIAN_POINT('',(1.9,-0.805,-0.4));
#7476=VECTOR('',#8613,1.26);
#7477=CARTESIAN_POINT('',(0.6400000000002,-0.8049999871582,-0.1999999973709));
#7478=VECTOR('',#8614,0.2000000026291);
#7479=CARTESIAN_POINT('',(0.3400000026839,-0.505,-0.2999999766673));
#7480=CARTESIAN_POINT('',(0.34,-0.505,-0.4));
#7481=CARTESIAN_POINT('',(0.3400000026839,-0.505,-0.2999999766673));
#7482=VECTOR('',#8615,0.1000000233327);
#7483=CARTESIAN_POINT('',(0.6400000000002,-0.8049999871582,-0.1999999973709));
#7484=CARTESIAN_POINT('',(0.6334724900583,-0.8049999565702,-0.1999999941024));
#7485=CARTESIAN_POINT('',(0.6201292521412,-0.8045742755138,-0.2003746649433));
#7486=CARTESIAN_POINT('',(0.5993268775937,-0.8024848443515,-0.202026634674));
#7487=CARTESIAN_POINT('',(0.5779087697161,-0.7987822258959,-0.2047104897595));
#7488=CARTESIAN_POINT('',(0.556059880344,-0.7933198935681,-0.2083547594216));
#7489=CARTESIAN_POINT('',(0.534073856792,-0.7860029774711,-0.2128675098286));
#7490=CARTESIAN_POINT('',(0.5124536803714,-0.7768690094337,-0.2180976835391));
#7491=CARTESIAN_POINT('',(0.4920369327639,-0.7663032326183,-0.2237503117956));
#7492=CARTESIAN_POINT('',(0.4728586026812,-0.7544578308667,-0.2297076514009));
#7493=CARTESIAN_POINT('',(0.4550496834913,-0.7415391605385,-0.2358410897229));
#7494=CARTESIAN_POINT('',(0.4386166487462,-0.7276991190117,-0.2420634889423));
#7495=CARTESIAN_POINT('',(0.4235596038489,-0.7130797198391,-0.2482979578267));
#7496=CARTESIAN_POINT('',(0.4098425893761,-0.6977827156131,-0.2544869266663));
#7497=CARTESIAN_POINT('',(0.3974711674591,-0.6819498540745,-0.2605564586131));
#7498=CARTESIAN_POINT('',(0.3864267822083,-0.6657057313586,-0.2664401691511));
#7499=CARTESIAN_POINT('',(0.3766779143751,-0.649158161873,-0.2720757797893));
#7500=CARTESIAN_POINT('',(0.368197085495,-0.6324266042613,-0.2773940060589));
#7501=CARTESIAN_POINT('',(0.360949457006,-0.6156320219508,-0.2823226058408));
#7502=CARTESIAN_POINT('',(0.3548843891319,-0.5988729452801,-0.2867926712876));
#7503=CARTESIAN_POINT('',(0.3499572991206,-0.5822760122143,-0.2907239069056));
#7504=CARTESIAN_POINT('',(0.346126479513,-0.5660517990785,-0.2940237299562));
#7505=CARTESIAN_POINT('',(0.3432936960582,-0.5502582578132,-0.2966456243562));
#7506=CARTESIAN_POINT('',(0.3413550871754,-0.5348272482586,-0.298562643332));
#7507=CARTESIAN_POINT('',(0.3402365311788,-0.5197145401101,-0.2997363685973));
#7508=CARTESIAN_POINT('',(0.34000000187,-0.509862546523,-0.2999999460443));
#7509=CARTESIAN_POINT('',(0.3400000026839,-0.505,-0.2999999766673));
#7510=AXIS2_PLACEMENT_3D('',#8616,#8617,#8618);
#7511=CARTESIAN_POINT('',(2.2,-0.505,-0.4));
#7512=AXIS2_PLACEMENT_3D('',#8619,#8620,#8621);
#7513=CARTESIAN_POINT('',(2.2,0.505,-0.4));
#7514=CARTESIAN_POINT('',(2.2,0.505,-0.4));
#7515=VECTOR('',#8622,1.01);
#7516=CARTESIAN_POINT('',(2.1,0.605,-0.4));
#7517=AXIS2_PLACEMENT_3D('',#8623,#8624,#8625);
#7518=CARTESIAN_POINT('',(0.44,0.605,-0.4));
#7519=CARTESIAN_POINT('',(0.44,0.605,-0.4));
#7520=VECTOR('',#8626,1.66);
#7521=CARTESIAN_POINT('',(0.34,0.505,-0.4));
#7522=AXIS2_PLACEMENT_3D('',#8627,#8628,#8629);
#7523=CARTESIAN_POINT('',(0.34,-0.505,-0.4));
#7524=VECTOR('',#8630,1.01);
#7525=CARTESIAN_POINT('',(0.340000000756,0.5049999999982,-0.2999999911396));
#7526=CARTESIAN_POINT('',(0.340000000756,0.5049999999982,-0.2999999911396));
#7527=VECTOR('',#8631,0.1000000088604);
#7528=CARTESIAN_POINT('',(0.3400000026839,-0.505,-0.2999999766673));
#7529=VECTOR('',#8632,1.009999999998);
#7530=AXIS2_PLACEMENT_3D('',#8633,#8634,#8635);
#7531=AXIS2_PLACEMENT_3D('',#8636,#8637,#8638);
#7532=CARTESIAN_POINT('',(0.4399999999953,0.6049999536936,-0.05000004650801));
#7533=CARTESIAN_POINT('',(0.340000000756,0.5049999999982,-0.2999999911396));
#7534=CARTESIAN_POINT('',(0.3400000052908,0.5059796125622,-0.2999998925495));
#7535=CARTESIAN_POINT('',(0.3400289090436,0.5079123069311,-0.2997114740777));
#7536=CARTESIAN_POINT('',(0.3401503983274,0.5107111134046,-0.2984456513677));
#7537=CARTESIAN_POINT('',(0.3403461124831,0.5134628833268,-0.2963456735727));
#7538=CARTESIAN_POINT('',(0.3406162623895,0.5161986131445,-0.2933723041676));
#7539=CARTESIAN_POINT('',(0.340966041517,0.5189615379548,-0.2894378122293));
#7540=CARTESIAN_POINT('',(0.3414044614205,0.5217838454537,-0.2844203014669));
#7541=CARTESIAN_POINT('',(0.3419366197158,0.5246602599225,-0.2782644233655));
#7542=CARTESIAN_POINT('',(0.3425825215272,0.527653394176,-0.2707818023823));
#7543=CARTESIAN_POINT('',(0.3433824204947,0.5308660048181,-0.2616218922758));
#7544=CARTESIAN_POINT('',(0.3443849285191,0.5343702902737,-0.2504935518146));
#7545=CARTESIAN_POINT('',(0.3456315496356,0.5381728695029,-0.237438978728));
#7546=CARTESIAN_POINT('',(0.3471823732658,0.5423118348529,-0.2226110132907));
#7547=CARTESIAN_POINT('',(0.3491894129497,0.5469988290283,-0.205688893933));
#7548=CARTESIAN_POINT('',(0.3519542652641,0.5525741980954,-0.186110219282));
#7549=CARTESIAN_POINT('',(0.3556873539666,0.5589703404891,-0.1649926781913));
#7550=CARTESIAN_POINT('',(0.3605251813121,0.5658993361486,-0.1439797946533));
#7551=CARTESIAN_POINT('',(0.366072733887,0.5725233647934,-0.1255658944594));
#7552=CARTESIAN_POINT('',(0.3721138855732,0.578592149104,-0.1099021782023));
#7553=CARTESIAN_POINT('',(0.3786060020668,0.5840845511608,-0.0965735970121));
#7554=CARTESIAN_POINT('',(0.3853622291796,0.5888865735227,-0.08547100644175));
#7555=CARTESIAN_POINT('',(0.3922976567341,0.593009349352,-0.0762670577556));
#7556=CARTESIAN_POINT('',(0.3993489543006,0.5964732474134,-0.0687081847592));
#7557=CARTESIAN_POINT('',(0.4063636169163,0.5992690366397,-0.06267227463598));
#7558=CARTESIAN_POINT('',(0.4131970856644,0.6014251232251,-0.05801304306845));
#7559=CARTESIAN_POINT('',(0.4198128781716,0.6030163496278,-0.05453368080688));
#7560=CARTESIAN_POINT('',(0.4263054084065,0.604131303184,-0.05204060235529));
#7561=CARTESIAN_POINT('',(0.4329935047425,0.604832557133,-0.05041573970021));
#7562=CARTESIAN_POINT('',(0.4376406754796,0.6049999946309,-0.05000000760978));
#7563=CARTESIAN_POINT('',(0.4399999999953,0.6049999536936,-0.05000004650801));
#7564=AXIS2_PLACEMENT_3D('',#8639,#8640,#8641);
#7565=CARTESIAN_POINT('',(2.1,0.6049999990392,-0.04999999538872));
#7566=AXIS2_PLACEMENT_3D('',#8642,#8643,#8644);
#7567=CARTESIAN_POINT('',(0.4399999999953,0.6049999536936,-0.05000004650801));
#7568=VECTOR('',#8645,1.660000000005);
#7569=CARTESIAN_POINT('',(0.4399999999953,0.6049999536936,-0.05000004650801));
#7570=VECTOR('',#8646,0.349999953492);
#7571=CARTESIAN_POINT('',(2.1,0.6049999990392,-0.04999999538872));
#7572=VECTOR('',#8647,0.3500000046113);
#7573=CARTESIAN_POINT('',(2.19999999805,0.5050000000018,-0.2999999812669));
#7574=CARTESIAN_POINT('',(2.19999999805,0.5050000000018,-0.2999999812669));
#7575=VECTOR('',#8648,0.1000000187331);
#7576=CARTESIAN_POINT('',(2.1,0.6049999990392,-0.04999999538872));
#7577=CARTESIAN_POINT('',(2.102343264449,0.6049999643357,-0.04999997894593));
#7578=CARTESIAN_POINT('',(2.107018526494,0.6048353792922,-0.05040924225117));
#7579=CARTESIAN_POINT('',(2.113964163269,0.604101338436,-0.05211024290346));
#7580=CARTESIAN_POINT('',(2.120808710925,0.6028947788394,-0.05480356794306));
#7581=CARTESIAN_POINT('',(2.127746516754,0.6011658771157,-0.05857643803277));
#7582=CARTESIAN_POINT('',(2.134790842463,0.5988523571822,-0.06357072536345));
#7583=CARTESIAN_POINT('',(2.141772873006,0.5959649201314,-0.06980995285222));
#7584=CARTESIAN_POINT('',(2.148749826623,0.5924333739182,-0.07753632716148));
#7585=CARTESIAN_POINT('',(2.155661530508,0.5882123831418,-0.08699958217173));
#7586=CARTESIAN_POINT('',(2.162385429232,0.58330509154,-0.09841648035847));
#7587=CARTESIAN_POINT('',(2.168783199693,0.5777517958011,-0.1120053809558));
#7588=CARTESIAN_POINT('',(2.174742328442,0.5716249152244,-0.1279636348899));
#7589=CARTESIAN_POINT('',(2.180298160616,0.5648106856556,-0.1471394137345));
#7590=CARTESIAN_POINT('',(2.184949742397,0.557949694734,-0.1682466820332));
#7591=CARTESIAN_POINT('',(2.188493314385,0.5517233167472,-0.1890342157196));
#7592=CARTESIAN_POINT('',(2.19108382885,0.5463913915144,-0.2078673344285));
#7593=CARTESIAN_POINT('',(2.192990877992,0.5418718382762,-0.2241957302791));
#7594=CARTESIAN_POINT('',(2.194477667898,0.5378550251493,-0.2385493104985));
#7595=CARTESIAN_POINT('',(2.195674634917,0.53417053137,-0.251143185181));
#7596=CARTESIAN_POINT('',(2.196644500082,0.5307620093016,-0.2619264746042));
#7597=CARTESIAN_POINT('',(2.197431851708,0.5275906546187,-0.2709468111253));
#7598=CARTESIAN_POINT('',(2.198075012382,0.52460229853,-0.2783991782255));
#7599=CARTESIAN_POINT('',(2.198605293528,0.5217258717198,-0.2845332018142));
#7600=CARTESIAN_POINT('',(2.199039316755,0.5189220414036,-0.2894992617713));
#7601=CARTESIAN_POINT('',(2.199386202259,0.5161757207474,-0.2934000085464));
#7602=CARTESIAN_POINT('',(2.199655310891,0.5134461881948,-0.2963607425081));
#7603=CARTESIAN_POINT('',(2.199851113351,0.5106867694502,-0.298460557993));
#7604=CARTESIAN_POINT('',(2.199971940623,0.5078804262483,-0.2997186611284));
#7605=CARTESIAN_POINT('',(2.200000000105,0.5059663490675,-0.3000000262885));
#7606=CARTESIAN_POINT('',(2.19999999805,0.5050000000018,-0.2999999812669));
#7607=AXIS2_PLACEMENT_3D('',#8649,#8650,#8651);
#7608=CARTESIAN_POINT('',(2.200000000547,-0.5050000000005,-0.2999999829314));
#7609=AXIS2_PLACEMENT_3D('',#8652,#8653,#8654);
#7610=CARTESIAN_POINT('',(2.19999999805,0.5050000000018,-0.2999999812669));
#7611=VECTOR('',#8655,1.010000000002);
#7612=CARTESIAN_POINT('',(2.200000000547,-0.5050000000005,-0.2999999829314));
#7613=VECTOR('',#8656,0.1000000170686);
#7614=CARTESIAN_POINT('',(2.200000000547,-0.5050000000005,-0.2999999829314));
#7615=CARTESIAN_POINT('',(2.199999999978,-0.5100583292769,-0.3000003958627));
#7616=CARTESIAN_POINT('',(2.199744000252,-0.5203221192492,-0.2997144867693));
#7617=CARTESIAN_POINT('',(2.198526965171,-0.5361046966443,-0.2984407339349));
#7618=CARTESIAN_POINT('',(2.196407899897,-0.5522617378396,-0.2963580659547));
#7619=CARTESIAN_POINT('',(2.193299233782,-0.5688268272398,-0.2935094428764));
#7620=CARTESIAN_POINT('',(2.189088296497,-0.5858347470551,-0.2899335269074));
#7621=CARTESIAN_POINT('',(2.183676443374,-0.6031908082675,-0.2856937635539));
#7622=CARTESIAN_POINT('',(2.177004724271,-0.6207096317645,-0.2808844617741));
#7623=CARTESIAN_POINT('',(2.16902772264,-0.6382320763169,-0.2755992069584));
#7624=CARTESIAN_POINT('',(2.159696503705,-0.6556349014272,-0.2699190135214));
#7625=CARTESIAN_POINT('',(2.148970185436,-0.6727900576531,-0.263921885266));
#7626=CARTESIAN_POINT('',(2.136815310374,-0.6895668601508,-0.2576831289461));
#7627=CARTESIAN_POINT('',(2.123203197897,-0.7058324447096,-0.251275934561));
#7628=CARTESIAN_POINT('',(2.108127033824,-0.7214335469157,-0.2447804707684));
#7629=CARTESIAN_POINT('',(2.091579662071,-0.7362257906041,-0.2382744174542));
#7630=CARTESIAN_POINT('',(2.073530328686,-0.7500799230849,-0.2318300046954));
#7631=CARTESIAN_POINT('',(2.053973328416,-0.7628344335675,-0.2255378476923));
#7632=CARTESIAN_POINT('',(2.03297019611,-0.7742827038959,-0.2195213946167));
#7633=CARTESIAN_POINT('',(2.010763371083,-0.7841600818818,-0.2139593338329));
#7634=CARTESIAN_POINT('',(1.987779144859,-0.792207510144,-0.2090698864097));
#7635=CARTESIAN_POINT('',(1.964895959527,-0.7982033996642,-0.2051158841042));
#7636=CARTESIAN_POINT('',(1.942465087604,-0.802259197637,-0.2022006877618));
#7637=CARTESIAN_POINT('',(1.920715500629,-0.8045381781612,-0.2004062933356));
#7638=CARTESIAN_POINT('',(1.90679814695,-0.8050000354318,-0.2000002293688));
#7639=CARTESIAN_POINT('',(1.9,-0.8049999940059,-0.2000000131903));
#7640=CARTESIAN_POINT('',(-4.44,-0.8049999871582,-0.1999999973709));
#7641=AXIS2_PLACEMENT_3D('',#8657,#8658,#8659);
#7642=CARTESIAN_POINT('',(-3.18,-0.8049999940059,-0.2000000131903));
#7643=AXIS2_PLACEMENT_3D('',#8660,#8661,#8662);
#7644=CARTESIAN_POINT('',(-3.18,-0.8049999940059,-0.2000000131903));
#7645=VECTOR('',#8663,1.26);
#7646=CARTESIAN_POINT('',(-3.18,-0.805,-0.4));
#7647=CARTESIAN_POINT('',(-3.18,-0.8049999940059,-0.2000000131903));
#7648=VECTOR('',#8664,0.1999999868097);
#7649=CARTESIAN_POINT('',(-4.44,-0.805,-0.4));
#7650=CARTESIAN_POINT('',(-3.18,-0.805,-0.4));
#7651=VECTOR('',#8665,1.26);
#7652=CARTESIAN_POINT('',(-4.44,-0.8049999871582,-0.1999999973709));
#7653=VECTOR('',#8666,0.2000000026291);
#7654=CARTESIAN_POINT('',(-4.739999997316,-0.505,-0.2999999766673));
#7655=CARTESIAN_POINT('',(-4.74,-0.505,-0.4));
#7656=CARTESIAN_POINT('',(-4.739999997316,-0.505,-0.2999999766673));
#7657=VECTOR('',#8667,0.1000000233327);
#7658=CARTESIAN_POINT('',(-4.44,-0.8049999871582,-0.1999999973709));
#7659=CARTESIAN_POINT('',(-4.446527509942,-0.8049999565702,-0.1999999941024));
#7660=CARTESIAN_POINT('',(-4.459870747859,-0.8045742755138,-0.2003746649433));
#7661=CARTESIAN_POINT('',(-4.480673122406,-0.8024848443515,-0.202026634674));
#7662=CARTESIAN_POINT('',(-4.502091230284,-0.7987822258959,-0.2047104897595));
#7663=CARTESIAN_POINT('',(-4.523940119656,-0.7933198935681,-0.2083547594216));
#7664=CARTESIAN_POINT('',(-4.545926143208,-0.7860029774711,-0.2128675098286));
#7665=CARTESIAN_POINT('',(-4.567546319629,-0.7768690094337,-0.2180976835391));
#7666=CARTESIAN_POINT('',(-4.587963067236,-0.7663032326183,-0.2237503117956));
#7667=CARTESIAN_POINT('',(-4.607141397319,-0.7544578308667,-0.2297076514009));
#7668=CARTESIAN_POINT('',(-4.624950316509,-0.7415391605385,-0.2358410897228));
#7669=CARTESIAN_POINT('',(-4.641383351254,-0.7276991190117,-0.2420634889423));
#7670=CARTESIAN_POINT('',(-4.656440396151,-0.7130797198391,-0.2482979578267));
#7671=CARTESIAN_POINT('',(-4.670157410624,-0.6977827156131,-0.2544869266663));
#7672=CARTESIAN_POINT('',(-4.682528832541,-0.6819498540745,-0.2605564586131));
#7673=CARTESIAN_POINT('',(-4.693573217792,-0.6657057313586,-0.2664401691511));
#7674=CARTESIAN_POINT('',(-4.703322085625,-0.649158161873,-0.2720757797893));
#7675=CARTESIAN_POINT('',(-4.711802914505,-0.6324266042614,-0.2773940060589));
#7676=CARTESIAN_POINT('',(-4.719050542994,-0.6156320219508,-0.2823226058408));
#7677=CARTESIAN_POINT('',(-4.725115610868,-0.5988729452801,-0.2867926712876));
#7678=CARTESIAN_POINT('',(-4.730042700879,-0.5822760122143,-0.2907239069056));
#7679=CARTESIAN_POINT('',(-4.733873520487,-0.5660517990785,-0.2940237299562));
#7680=CARTESIAN_POINT('',(-4.736706303942,-0.5502582578132,-0.2966456243562));
#7681=CARTESIAN_POINT('',(-4.738644912825,-0.5348272482586,-0.298562643332));
#7682=CARTESIAN_POINT('',(-4.739763468821,-0.5197145401101,-0.2997363685973));
#7683=CARTESIAN_POINT('',(-4.73999999813,-0.509862546523,-0.2999999460443));
#7684=CARTESIAN_POINT('',(-4.739999997316,-0.505,-0.2999999766673));
#7685=AXIS2_PLACEMENT_3D('',#8668,#8669,#8670);
#7686=CARTESIAN_POINT('',(-2.88,-0.505,-0.4));
#7687=AXIS2_PLACEMENT_3D('',#8671,#8672,#8673);
#7688=CARTESIAN_POINT('',(-2.88,0.505,-0.4));
#7689=CARTESIAN_POINT('',(-2.88,0.505,-0.4));
#7690=VECTOR('',#8674,1.01);
#7691=CARTESIAN_POINT('',(-2.98,0.605,-0.4));
#7692=AXIS2_PLACEMENT_3D('',#8675,#8676,#8677);
#7693=CARTESIAN_POINT('',(-4.64,0.605,-0.4));
#7694=CARTESIAN_POINT('',(-4.64,0.605,-0.4));
#7695=VECTOR('',#8678,1.66);
#7696=CARTESIAN_POINT('',(-4.74,0.505,-0.4));
#7697=AXIS2_PLACEMENT_3D('',#8679,#8680,#8681);
#7698=CARTESIAN_POINT('',(-4.74,-0.505,-0.4));
#7699=VECTOR('',#8682,1.01);
#7700=CARTESIAN_POINT('',(-4.739999999244,0.5049999999982,-0.2999999911396));
#7701=CARTESIAN_POINT('',(-4.739999999244,0.5049999999982,-0.2999999911396));
#7702=VECTOR('',#8683,0.1000000088604);
#7703=CARTESIAN_POINT('',(-4.739999997316,-0.505,-0.2999999766673));
#7704=VECTOR('',#8684,1.009999999998);
#7705=AXIS2_PLACEMENT_3D('',#8685,#8686,#8687);
#7706=AXIS2_PLACEMENT_3D('',#8688,#8689,#8690);
#7707=CARTESIAN_POINT('',(-4.640000000005,0.6049999536936,-0.05000004650801));
#7708=CARTESIAN_POINT('',(-4.739999999244,0.5049999999982,-0.2999999911396));
#7709=CARTESIAN_POINT('',(-4.739999994709,0.5059796125622,-0.2999998925495));
#7710=CARTESIAN_POINT('',(-4.739971090956,0.5079123069311,-0.2997114740777));
#7711=CARTESIAN_POINT('',(-4.739849601673,0.5107111134046,-0.2984456513678));
#7712=CARTESIAN_POINT('',(-4.739653887517,0.5134628833268,-0.2963456735727));
#7713=CARTESIAN_POINT('',(-4.73938373761,0.5161986131446,-0.2933723041676));
#7714=CARTESIAN_POINT('',(-4.739033958483,0.5189615379548,-0.2894378122292));
#7715=CARTESIAN_POINT('',(-4.73859553858,0.5217838454537,-0.284420301467));
#7716=CARTESIAN_POINT('',(-4.738063380284,0.5246602599224,-0.2782644233655));
#7717=CARTESIAN_POINT('',(-4.737417478473,0.527653394176,-0.2707818023823));
#7718=CARTESIAN_POINT('',(-4.736617579505,0.5308660048181,-0.2616218922758));
#7719=CARTESIAN_POINT('',(-4.735615071481,0.5343702902737,-0.2504935518146));
#7720=CARTESIAN_POINT('',(-4.734368450364,0.5381728695029,-0.237438978728));
#7721=CARTESIAN_POINT('',(-4.732817626734,0.5423118348529,-0.2226110132907));
#7722=CARTESIAN_POINT('',(-4.73081058705,0.5469988290283,-0.205688893933));
#7723=CARTESIAN_POINT('',(-4.728045734736,0.5525741980954,-0.1861102192821));
#7724=CARTESIAN_POINT('',(-4.724312646033,0.5589703404891,-0.1649926781914));
#7725=CARTESIAN_POINT('',(-4.719474818688,0.5658993361486,-0.1439797946534));
#7726=CARTESIAN_POINT('',(-4.713927266113,0.5725233647934,-0.1255658944594));
#7727=CARTESIAN_POINT('',(-4.707886114427,0.5785921491039,-0.1099021782023));
#7728=CARTESIAN_POINT('',(-4.701393997933,0.5840845511608,-0.0965735970121));
#7729=CARTESIAN_POINT('',(-4.69463777082,0.5888865735227,-0.08547100644176));
#7730=CARTESIAN_POINT('',(-4.687702343266,0.593009349352,-0.0762670577556));
#7731=CARTESIAN_POINT('',(-4.680651045699,0.5964732474134,-0.0687081847592));
#7732=CARTESIAN_POINT('',(-4.673636383084,0.5992690366397,-0.06267227463598));
#7733=CARTESIAN_POINT('',(-4.666802914336,0.6014251232251,-0.05801304306845));
#7734=CARTESIAN_POINT('',(-4.660187121828,0.6030163496278,-0.05453368080688));
#7735=CARTESIAN_POINT('',(-4.653694591594,0.604131303184,-0.05204060235529));
#7736=CARTESIAN_POINT('',(-4.647006495258,0.604832557133,-0.05041573970021));
#7737=CARTESIAN_POINT('',(-4.64235932452,0.6049999946309,-0.05000000760978));
#7738=CARTESIAN_POINT('',(-4.640000000005,0.6049999536936,-0.05000004650801));
#7739=AXIS2_PLACEMENT_3D('',#8691,#8692,#8693);
#7740=CARTESIAN_POINT('',(-2.98,0.6049999990392,-0.04999999538872));
#7741=AXIS2_PLACEMENT_3D('',#8694,#8695,#8696);
#7742=CARTESIAN_POINT('',(-4.640000000005,0.6049999536936,-0.05000004650801));
#7743=VECTOR('',#8697,1.660000000005);
#7744=CARTESIAN_POINT('',(-4.640000000005,0.6049999536936,-0.05000004650801));
#7745=VECTOR('',#8698,0.349999953492);
#7746=CARTESIAN_POINT('',(-2.98,0.6049999990392,-0.04999999538872));
#7747=VECTOR('',#8699,0.3500000046113);
#7748=CARTESIAN_POINT('',(-2.88000000195,0.5050000000018,-0.2999999812669));
#7749=CARTESIAN_POINT('',(-2.88000000195,0.5050000000018,-0.2999999812669));
#7750=VECTOR('',#8700,0.1000000187331);
#7751=CARTESIAN_POINT('',(-2.98,0.6049999990392,-0.04999999538872));
#7752=CARTESIAN_POINT('',(-2.977656735551,0.6049999643357,-0.04999997894594));
#7753=CARTESIAN_POINT('',(-2.972981473506,0.6048353792922,-0.05040924225117));
#7754=CARTESIAN_POINT('',(-2.966035836731,0.604101338436,-0.05211024290347));
#7755=CARTESIAN_POINT('',(-2.959191289075,0.6028947788394,-0.05480356794309));
#7756=CARTESIAN_POINT('',(-2.952253483246,0.6011658771157,-0.05857643803285));
#7757=CARTESIAN_POINT('',(-2.945209157537,0.5988523571822,-0.06357072536359));
#7758=CARTESIAN_POINT('',(-2.938227126994,0.5959649201314,-0.06980995285237));
#7759=CARTESIAN_POINT('',(-2.931250173377,0.5924333739181,-0.07753632716161));
#7760=CARTESIAN_POINT('',(-2.924338469491,0.5882123831417,-0.08699958217185));
#7761=CARTESIAN_POINT('',(-2.917614570768,0.58330509154,-0.09841648035858));
#7762=CARTESIAN_POINT('',(-2.911216800307,0.5777517958011,-0.1120053809559));
#7763=CARTESIAN_POINT('',(-2.905257671558,0.5716249152243,-0.12796363489));
#7764=CARTESIAN_POINT('',(-2.899701839384,0.5648106856556,-0.1471394137345));
#7765=CARTESIAN_POINT('',(-2.895050257603,0.557949694734,-0.1682466820332));
#7766=CARTESIAN_POINT('',(-2.891506685615,0.5517233167472,-0.1890342157196));
#7767=CARTESIAN_POINT('',(-2.88891617115,0.5463913915144,-0.2078673344285));
#7768=CARTESIAN_POINT('',(-2.887009122008,0.5418718382762,-0.2241957302791));
#7769=CARTESIAN_POINT('',(-2.885522332102,0.5378550251493,-0.2385493104985));
#7770=CARTESIAN_POINT('',(-2.884325365083,0.53417053137,-0.251143185181));
#7771=CARTESIAN_POINT('',(-2.883355499918,0.5307620093016,-0.2619264746042));
#7772=CARTESIAN_POINT('',(-2.882568148292,0.5275906546186,-0.2709468111253));
#7773=CARTESIAN_POINT('',(-2.881924987618,0.52460229853,-0.2783991782255));
#7774=CARTESIAN_POINT('',(-2.881394706472,0.5217258717198,-0.2845332018142));
#7775=CARTESIAN_POINT('',(-2.880960683245,0.5189220414036,-0.2894992617713));
#7776=CARTESIAN_POINT('',(-2.880613797741,0.5161757207474,-0.2934000085464));
#7777=CARTESIAN_POINT('',(-2.880344689109,0.5134461881948,-0.2963607425081));
#7778=CARTESIAN_POINT('',(-2.880148886649,0.5106867694502,-0.298460557993));
#7779=CARTESIAN_POINT('',(-2.880028059377,0.5078804262483,-0.2997186611284));
#7780=CARTESIAN_POINT('',(-2.879999999895,0.5059663490675,-0.3000000262885));
#7781=CARTESIAN_POINT('',(-2.88000000195,0.5050000000018,-0.2999999812669));
#7782=AXIS2_PLACEMENT_3D('',#8701,#8702,#8703);
#7783=CARTESIAN_POINT('',(-2.879999999453,-0.5050000000005,-0.2999999829314));
#7784=AXIS2_PLACEMENT_3D('',#8704,#8705,#8706);
#7785=CARTESIAN_POINT('',(-2.88000000195,0.5050000000018,-0.2999999812669));
#7786=VECTOR('',#8707,1.010000000002);
#7787=CARTESIAN_POINT('',(-2.879999999453,-0.5050000000005,-0.2999999829314));
#7788=VECTOR('',#8708,0.1000000170686);
#7789=CARTESIAN_POINT('',(-2.879999999453,-0.5050000000005,-0.2999999829314));
#7790=CARTESIAN_POINT('',(-2.880000000022,-0.5100583292769,-0.3000003958627));
#7791=CARTESIAN_POINT('',(-2.880255999748,-0.5203221192492,-0.2997144867693));
#7792=CARTESIAN_POINT('',(-2.881473034829,-0.5361046966443,-0.2984407339349));
#7793=CARTESIAN_POINT('',(-2.883592100103,-0.5522617378396,-0.2963580659547));
#7794=CARTESIAN_POINT('',(-2.886700766218,-0.5688268272398,-0.2935094428764));
#7795=CARTESIAN_POINT('',(-2.890911703503,-0.5858347470551,-0.2899335269074));
#7796=CARTESIAN_POINT('',(-2.896323556626,-0.6031908082674,-0.2856937635539));
#7797=CARTESIAN_POINT('',(-2.902995275729,-0.6207096317645,-0.2808844617741));
#7798=CARTESIAN_POINT('',(-2.91097227736,-0.6382320763168,-0.2755992069584));
#7799=CARTESIAN_POINT('',(-2.920303496295,-0.6556349014271,-0.2699190135214));
#7800=CARTESIAN_POINT('',(-2.931029814564,-0.6727900576531,-0.263921885266));
#7801=CARTESIAN_POINT('',(-2.943184689626,-0.6895668601508,-0.2576831289461));
#7802=CARTESIAN_POINT('',(-2.956796802103,-0.7058324447095,-0.251275934561));
#7803=CARTESIAN_POINT('',(-2.971872966176,-0.7214335469157,-0.2447804707684));
#7804=CARTESIAN_POINT('',(-2.988420337929,-0.7362257906041,-0.2382744174542));
#7805=CARTESIAN_POINT('',(-3.006469671314,-0.7500799230848,-0.2318300046954));
#7806=CARTESIAN_POINT('',(-3.026026671584,-0.7628344335675,-0.2255378476923));
#7807=CARTESIAN_POINT('',(-3.04702980389,-0.7742827038959,-0.2195213946168));
#7808=CARTESIAN_POINT('',(-3.069236628917,-0.7841600818817,-0.2139593338329));
#7809=CARTESIAN_POINT('',(-3.092220855141,-0.792207510144,-0.2090698864097));
#7810=CARTESIAN_POINT('',(-3.115104040473,-0.7982033996642,-0.2051158841042));
#7811=CARTESIAN_POINT('',(-3.137534912396,-0.8022591976369,-0.2022006877618));
#7812=CARTESIAN_POINT('',(-3.159284499371,-0.8045381781612,-0.2004062933356));
#7813=CARTESIAN_POINT('',(-3.17320185305,-0.8050000354318,-0.2000002293688));
#7814=CARTESIAN_POINT('',(-3.18,-0.8049999940059,-0.2000000131903));
#7815=CARTESIAN_POINT('',(4.640000000005,-0.6049999536936,-0.05000004650801));
#7816=AXIS2_PLACEMENT_3D('',#8709,#8710,#8711);
#7817=CARTESIAN_POINT('',(2.98,-0.6049999990392,-0.04999999538872));
#7818=CARTESIAN_POINT('',(4.640000000005,-0.6049999536936,-0.05000004650801));
#7819=VECTOR('',#8712,1.660000000005);
#7820=AXIS2_PLACEMENT_3D('',#8713,#8714,#8715);
#7821=CARTESIAN_POINT('',(2.88000000195,-0.5050000000018,-0.2999999812669));
#7822=CARTESIAN_POINT('',(2.98,-0.6049999990392,-0.04999999538872));
#7823=CARTESIAN_POINT('',(2.977656735551,-0.6049999643357,-0.04999997894594));
#7824=CARTESIAN_POINT('',(2.972981473506,-0.6048353792922,-0.05040924225117));
#7825=CARTESIAN_POINT('',(2.966035836731,-0.604101338436,-0.05211024290347));
#7826=CARTESIAN_POINT('',(2.959191289075,-0.6028947788394,-0.05480356794309));
#7827=CARTESIAN_POINT('',(2.952253483246,-0.6011658771157,-0.05857643803285));
#7828=CARTESIAN_POINT('',(2.945209157537,-0.5988523571822,-0.06357072536359));
#7829=CARTESIAN_POINT('',(2.938227126994,-0.5959649201314,-0.06980995285237));
#7830=CARTESIAN_POINT('',(2.931250173377,-0.5924333739181,-0.0775363271616));
#7831=CARTESIAN_POINT('',(2.924338469491,-0.5882123831417,-0.08699958217185));
#7832=CARTESIAN_POINT('',(2.917614570768,-0.58330509154,-0.09841648035857));
#7833=CARTESIAN_POINT('',(2.911216800307,-0.5777517958011,-0.1120053809559));
#7834=CARTESIAN_POINT('',(2.905257671558,-0.5716249152243,-0.12796363489));
#7835=CARTESIAN_POINT('',(2.899701839384,-0.5648106856556,-0.1471394137345));
#7836=CARTESIAN_POINT('',(2.895050257603,-0.557949694734,-0.1682466820333));
#7837=CARTESIAN_POINT('',(2.891506685615,-0.5517233167472,-0.1890342157196));
#7838=CARTESIAN_POINT('',(2.88891617115,-0.5463913915144,-0.2078673344285));
#7839=CARTESIAN_POINT('',(2.887009122008,-0.5418718382762,-0.2241957302791));
#7840=CARTESIAN_POINT('',(2.885522332102,-0.5378550251493,-0.2385493104985));
#7841=CARTESIAN_POINT('',(2.884325365083,-0.53417053137,-0.251143185181));
#7842=CARTESIAN_POINT('',(2.883355499918,-0.5307620093016,-0.2619264746042));
#7843=CARTESIAN_POINT('',(2.882568148292,-0.5275906546186,-0.2709468111253));
#7844=CARTESIAN_POINT('',(2.881924987618,-0.52460229853,-0.2783991782255));
#7845=CARTESIAN_POINT('',(2.881394706472,-0.5217258717198,-0.2845332018142));
#7846=CARTESIAN_POINT('',(2.880960683245,-0.5189220414036,-0.2894992617713));
#7847=CARTESIAN_POINT('',(2.880613797741,-0.5161757207474,-0.2934000085464));
#7848=CARTESIAN_POINT('',(2.880344689109,-0.5134461881948,-0.2963607425081));
#7849=CARTESIAN_POINT('',(2.880148886649,-0.5106867694502,-0.2984605579929));
#7850=CARTESIAN_POINT('',(2.880028059377,-0.5078804262483,-0.2997186611284));
#7851=CARTESIAN_POINT('',(2.879999999895,-0.5059663490675,-0.3000000262885));
#7852=CARTESIAN_POINT('',(2.88000000195,-0.5050000000018,-0.2999999812669));
#7853=AXIS2_PLACEMENT_3D('',#8716,#8717,#8718);
#7854=CARTESIAN_POINT('',(2.879999999453,0.5050000000005,-0.2999999829314));
#7855=CARTESIAN_POINT('',(2.88000000195,-0.5050000000018,-0.2999999812669));
#7856=VECTOR('',#8719,1.010000000002);
#7857=AXIS2_PLACEMENT_3D('',#8720,#8721,#8722);
#7858=CARTESIAN_POINT('',(3.18,0.8049999940059,-0.2000000131903));
#7859=CARTESIAN_POINT('',(2.879999999453,0.5050000000005,-0.2999999829314));
#7860=CARTESIAN_POINT('',(2.880000000022,0.5100583292769,-0.3000003958627));
#7861=CARTESIAN_POINT('',(2.880255999748,0.5203221192492,-0.2997144867693));
#7862=CARTESIAN_POINT('',(2.881473034829,0.5361046966443,-0.2984407339349));
#7863=CARTESIAN_POINT('',(2.883592100103,0.5522617378396,-0.2963580659546));
#7864=CARTESIAN_POINT('',(2.886700766218,0.5688268272398,-0.2935094428764));
#7865=CARTESIAN_POINT('',(2.890911703503,0.5858347470551,-0.2899335269074));
#7866=CARTESIAN_POINT('',(2.896323556626,0.6031908082674,-0.2856937635539));
#7867=CARTESIAN_POINT('',(2.902995275729,0.6207096317644,-0.2808844617741));
#7868=CARTESIAN_POINT('',(2.91097227736,0.6382320763168,-0.2755992069584));
#7869=CARTESIAN_POINT('',(2.920303496295,0.6556349014271,-0.2699190135214));
#7870=CARTESIAN_POINT('',(2.931029814564,0.672790057653,-0.263921885266));
#7871=CARTESIAN_POINT('',(2.943184689626,0.6895668601507,-0.2576831289461));
#7872=CARTESIAN_POINT('',(2.956796802103,0.7058324447095,-0.251275934561));
#7873=CARTESIAN_POINT('',(2.971872966176,0.7214335469157,-0.2447804707684));
#7874=CARTESIAN_POINT('',(2.988420337929,0.736225790604,-0.2382744174543));
#7875=CARTESIAN_POINT('',(3.006469671314,0.7500799230848,-0.2318300046955));
#7876=CARTESIAN_POINT('',(3.026026671584,0.7628344335674,-0.2255378476923));
#7877=CARTESIAN_POINT('',(3.04702980389,0.7742827038959,-0.2195213946168));
#7878=CARTESIAN_POINT('',(3.069236628917,0.7841600818817,-0.2139593338329));
#7879=CARTESIAN_POINT('',(3.092220855141,0.792207510144,-0.2090698864097));
#7880=CARTESIAN_POINT('',(3.115104040473,0.7982033996642,-0.2051158841042));
#7881=CARTESIAN_POINT('',(3.137534912396,0.8022591976369,-0.2022006877618));
#7882=CARTESIAN_POINT('',(3.159284499371,0.8045381781612,-0.2004062933356));
#7883=CARTESIAN_POINT('',(3.17320185305,0.8050000354318,-0.2000002293688));
#7884=CARTESIAN_POINT('',(3.18,0.8049999940059,-0.2000000131903));
#7885=AXIS2_PLACEMENT_3D('',#8723,#8724,#8725);
#7886=CARTESIAN_POINT('',(4.44,0.8049999871582,-0.1999999973709));
#7887=CARTESIAN_POINT('',(3.18,0.8049999940059,-0.2000000131903));
#7888=VECTOR('',#8726,1.26);
#7889=AXIS2_PLACEMENT_3D('',#8727,#8728,#8729);
#7890=CARTESIAN_POINT('',(4.739999997316,0.505,-0.2999999766673));
#7891=CARTESIAN_POINT('',(4.44,0.8049999871582,-0.1999999973709));
#7892=CARTESIAN_POINT('',(4.446527509942,0.8049999565702,-0.1999999941024));
#7893=CARTESIAN_POINT('',(4.459870747859,0.8045742755138,-0.2003746649433));
#7894=CARTESIAN_POINT('',(4.480673122406,0.8024848443515,-0.202026634674));
#7895=CARTESIAN_POINT('',(4.502091230284,0.7987822258959,-0.2047104897595));
#7896=CARTESIAN_POINT('',(4.523940119656,0.7933198935681,-0.2083547594216));
#7897=CARTESIAN_POINT('',(4.545926143208,0.7860029774711,-0.2128675098286));
#7898=CARTESIAN_POINT('',(4.567546319629,0.7768690094337,-0.2180976835391));
#7899=CARTESIAN_POINT('',(4.587963067236,0.7663032326183,-0.2237503117956));
#7900=CARTESIAN_POINT('',(4.607141397319,0.7544578308667,-0.2297076514009));
#7901=CARTESIAN_POINT('',(4.624950316509,0.7415391605385,-0.2358410897229));
#7902=CARTESIAN_POINT('',(4.641383351254,0.7276991190117,-0.2420634889423));
#7903=CARTESIAN_POINT('',(4.656440396151,0.7130797198391,-0.2482979578267));
#7904=CARTESIAN_POINT('',(4.670157410624,0.6977827156131,-0.2544869266663));
#7905=CARTESIAN_POINT('',(4.682528832541,0.6819498540744,-0.2605564586131));
#7906=CARTESIAN_POINT('',(4.693573217792,0.6657057313586,-0.2664401691511));
#7907=CARTESIAN_POINT('',(4.703322085625,0.649158161873,-0.2720757797893));
#7908=CARTESIAN_POINT('',(4.711802914505,0.6324266042613,-0.2773940060589));
#7909=CARTESIAN_POINT('',(4.719050542994,0.6156320219508,-0.2823226058408));
#7910=CARTESIAN_POINT('',(4.725115610868,0.5988729452801,-0.2867926712876));
#7911=CARTESIAN_POINT('',(4.730042700879,0.5822760122143,-0.2907239069056));
#7912=CARTESIAN_POINT('',(4.733873520487,0.5660517990785,-0.2940237299562));
#7913=CARTESIAN_POINT('',(4.736706303942,0.5502582578132,-0.2966456243562));
#7914=CARTESIAN_POINT('',(4.738644912825,0.5348272482586,-0.298562643332));
#7915=CARTESIAN_POINT('',(4.739763468821,0.5197145401101,-0.2997363685973));
#7916=CARTESIAN_POINT('',(4.73999999813,0.509862546523,-0.2999999460443));
#7917=CARTESIAN_POINT('',(4.739999997316,0.505,-0.2999999766673));
#7918=AXIS2_PLACEMENT_3D('',#8730,#8731,#8732);
#7919=CARTESIAN_POINT('',(4.739999999244,-0.5049999999982,-0.2999999911396));
#7920=AXIS2_PLACEMENT_3D('',#8733,#8734,#8735);
#7921=CARTESIAN_POINT('',(4.739999997316,0.505,-0.2999999766673));
#7922=VECTOR('',#8736,1.009999999998);
#7923=CARTESIAN_POINT('',(4.74,0.505,-0.4));
#7924=CARTESIAN_POINT('',(4.739999997316,0.505,-0.2999999766673));
#7925=VECTOR('',#8737,0.1000000233327);
#7926=CARTESIAN_POINT('',(4.74,-0.505,-0.4));
#7927=CARTESIAN_POINT('',(4.74,-0.505,-0.4));
#7928=VECTOR('',#8738,1.01);
#7929=CARTESIAN_POINT('',(4.739999999244,-0.5049999999982,-0.2999999911396));
#7930=VECTOR('',#8739,0.1000000088604);
#7931=CARTESIAN_POINT('',(4.64,-0.605,-0.4));
#7932=CARTESIAN_POINT('',(4.640000000005,-0.6049999536936,-0.05000004650801));
#7933=VECTOR('',#8740,0.349999953492);
#7934=CARTESIAN_POINT('',(4.739999999244,-0.5049999999982,-0.2999999911396));
#7935=CARTESIAN_POINT('',(4.739999994709,-0.5059796125622,-0.2999998925495));
#7936=CARTESIAN_POINT('',(4.739971090956,-0.5079123069311,-0.2997114740777));
#7937=CARTESIAN_POINT('',(4.739849601673,-0.5107111134046,-0.2984456513678));
#7938=CARTESIAN_POINT('',(4.739653887517,-0.5134628833268,-0.2963456735727));
#7939=CARTESIAN_POINT('',(4.739383737611,-0.5161986131445,-0.2933723041676));
#7940=CARTESIAN_POINT('',(4.739033958483,-0.5189615379548,-0.2894378122293));
#7941=CARTESIAN_POINT('',(4.73859553858,-0.5217838454537,-0.2844203014669));
#7942=CARTESIAN_POINT('',(4.738063380284,-0.5246602599225,-0.2782644233655));
#7943=CARTESIAN_POINT('',(4.737417478473,-0.527653394176,-0.2707818023823));
#7944=CARTESIAN_POINT('',(4.736617579505,-0.5308660048181,-0.2616218922758));
#7945=CARTESIAN_POINT('',(4.735615071481,-0.5343702902737,-0.2504935518146));
#7946=CARTESIAN_POINT('',(4.734368450364,-0.5381728695029,-0.237438978728));
#7947=CARTESIAN_POINT('',(4.732817626734,-0.5423118348529,-0.2226110132907));
#7948=CARTESIAN_POINT('',(4.73081058705,-0.5469988290283,-0.205688893933));
#7949=CARTESIAN_POINT('',(4.728045734736,-0.5525741980954,-0.1861102192821));
#7950=CARTESIAN_POINT('',(4.724312646033,-0.5589703404891,-0.1649926781914));
#7951=CARTESIAN_POINT('',(4.719474818688,-0.5658993361486,-0.1439797946534));
#7952=CARTESIAN_POINT('',(4.713927266113,-0.5725233647934,-0.1255658944594));
#7953=CARTESIAN_POINT('',(4.707886114427,-0.578592149104,-0.1099021782023));
#7954=CARTESIAN_POINT('',(4.701393997933,-0.5840845511608,-0.09657359701207));
#7955=CARTESIAN_POINT('',(4.69463777082,-0.5888865735227,-0.08547100644174));
#7956=CARTESIAN_POINT('',(4.687702343266,-0.593009349352,-0.07626705775559));
#7957=CARTESIAN_POINT('',(4.680651045699,-0.5964732474134,-0.06870818475919));
#7958=CARTESIAN_POINT('',(4.673636383084,-0.5992690366397,-0.06267227463598));
#7959=CARTESIAN_POINT('',(4.666802914336,-0.6014251232251,-0.05801304306845));
#7960=CARTESIAN_POINT('',(4.660187121828,-0.6030163496278,-0.05453368080689));
#7961=CARTESIAN_POINT('',(4.653694591594,-0.604131303184,-0.05204060235529));
#7962=CARTESIAN_POINT('',(4.647006495258,-0.604832557133,-0.05041573970021));
#7963=CARTESIAN_POINT('',(4.64235932452,-0.6049999946309,-0.05000000760978));
#7964=CARTESIAN_POINT('',(4.640000000005,-0.6049999536936,-0.05000004650801));
#7965=AXIS2_PLACEMENT_3D('',#8741,#8742,#8743);
#7966=CARTESIAN_POINT('',(4.44,0.805,-0.4));
#7967=AXIS2_PLACEMENT_3D('',#8744,#8745,#8746);
#7968=CARTESIAN_POINT('',(3.18,0.805,-0.4));
#7969=CARTESIAN_POINT('',(4.44,0.805,-0.4));
#7970=VECTOR('',#8747,1.26);
#7971=CARTESIAN_POINT('',(2.88,0.505,-0.4));
#7972=AXIS2_PLACEMENT_3D('',#8748,#8749,#8750);
#7973=CARTESIAN_POINT('',(2.88,-0.505,-0.4));
#7974=CARTESIAN_POINT('',(2.88,0.505,-0.4));
#7975=VECTOR('',#8751,1.01);
#7976=CARTESIAN_POINT('',(2.98,-0.605,-0.4));
#7977=AXIS2_PLACEMENT_3D('',#8752,#8753,#8754);
#7978=CARTESIAN_POINT('',(2.98,-0.605,-0.4));
#7979=VECTOR('',#8755,1.66);
#7980=CARTESIAN_POINT('',(2.98,-0.6049999990392,-0.04999999538872));
#7981=VECTOR('',#8756,0.3500000046113);
#7982=CARTESIAN_POINT('',(2.88000000195,-0.5050000000018,-0.2999999812669));
#7983=VECTOR('',#8757,0.1000000187331);
#7984=CARTESIAN_POINT('',(2.879999999453,0.5050000000005,-0.2999999829314));
#7985=VECTOR('',#8758,0.1000000170686);
#7986=CARTESIAN_POINT('',(3.18,0.8049999940059,-0.2000000131903));
#7987=VECTOR('',#8759,0.1999999868097);
#7988=CARTESIAN_POINT('',(4.44,0.8049999871582,-0.1999999973709));
#7989=VECTOR('',#8760,0.2000000026291);
#7990=CARTESIAN_POINT('',(-0.3400000026839,0.505,-0.2999999766673));
#7991=AXIS2_PLACEMENT_3D('',#8761,#8762,#8763);
#7992=CARTESIAN_POINT('',(-0.340000000756,-0.5049999999982,-0.2999999911396));
#7993=CARTESIAN_POINT('',(-0.3400000026839,0.505,-0.2999999766673));
#7994=VECTOR('',#8764,1.009999999998);
#7995=AXIS2_PLACEMENT_3D('',#8765,#8766,#8767);
#7996=CARTESIAN_POINT('',(-0.4399999999953,-0.6049999536936,-0.05000004650801));
#7997=CARTESIAN_POINT('',(-0.340000000756,-0.5049999999982,-0.2999999911396));
#7998=CARTESIAN_POINT('',(-0.3400000052907,-0.5059796125622,-0.2999998925495));
#7999=CARTESIAN_POINT('',(-0.3400289090436,-0.5079123069311,-0.2997114740777));
#8000=CARTESIAN_POINT('',(-0.3401503983274,-0.5107111134046,-0.2984456513677));
#8001=CARTESIAN_POINT('',(-0.3403461124831,-0.5134628833268,-0.2963456735727));
#8002=CARTESIAN_POINT('',(-0.3406162623895,-0.5161986131445,-0.2933723041676));
#8003=CARTESIAN_POINT('',(-0.3409660415169,-0.5189615379548,-0.2894378122293));
#8004=CARTESIAN_POINT('',(-0.3414044614205,-0.5217838454537,-0.284420301467));
#8005=CARTESIAN_POINT('',(-0.3419366197158,-0.5246602599224,-0.2782644233655));
#8006=CARTESIAN_POINT('',(-0.3425825215272,-0.527653394176,-0.2707818023823));
#8007=CARTESIAN_POINT('',(-0.3433824204947,-0.5308660048181,-0.2616218922758));
#8008=CARTESIAN_POINT('',(-0.3443849285191,-0.5343702902737,-0.2504935518146));
#8009=CARTESIAN_POINT('',(-0.3456315496356,-0.5381728695029,-0.237438978728));
#8010=CARTESIAN_POINT('',(-0.3471823732658,-0.5423118348529,-0.2226110132907));
#8011=CARTESIAN_POINT('',(-0.3491894129497,-0.5469988290283,-0.205688893933));
#8012=CARTESIAN_POINT('',(-0.3519542652641,-0.5525741980954,-0.1861102192821));
#8013=CARTESIAN_POINT('',(-0.3556873539666,-0.5589703404891,-0.1649926781914));
#8014=CARTESIAN_POINT('',(-0.3605251813121,-0.5658993361486,-0.1439797946534));
#8015=CARTESIAN_POINT('',(-0.366072733887,-0.5725233647934,-0.1255658944594));
#8016=CARTESIAN_POINT('',(-0.3721138855731,-0.578592149104,-0.1099021782023));
#8017=CARTESIAN_POINT('',(-0.3786060020668,-0.5840845511608,-0.09657359701208));
#8018=CARTESIAN_POINT('',(-0.3853622291796,-0.5888865735227,-0.08547100644175));
#8019=CARTESIAN_POINT('',(-0.3922976567341,-0.593009349352,-0.07626705775559));
#8020=CARTESIAN_POINT('',(-0.3993489543006,-0.5964732474134,-0.0687081847592));
#8021=CARTESIAN_POINT('',(-0.4063636169163,-0.5992690366397,-0.06267227463598));
#8022=CARTESIAN_POINT('',(-0.4131970856644,-0.6014251232251,-0.05801304306845));
#8023=CARTESIAN_POINT('',(-0.4198128781716,-0.6030163496278,-0.05453368080688));
#8024=CARTESIAN_POINT('',(-0.4263054084065,-0.604131303184,-0.05204060235529));
#8025=CARTESIAN_POINT('',(-0.4329935047425,-0.604832557133,-0.05041573970021));
#8026=CARTESIAN_POINT('',(-0.4376406754796,-0.6049999946309,-0.05000000760978));
#8027=CARTESIAN_POINT('',(-0.4399999999953,-0.6049999536936,-0.05000004650801));
#8028=AXIS2_PLACEMENT_3D('',#8768,#8769,#8770);
#8029=CARTESIAN_POINT('',(-2.1,-0.6049999990392,-0.04999999538872));
#8030=CARTESIAN_POINT('',(-0.4399999999953,-0.6049999536936,-0.05000004650801));
#8031=VECTOR('',#8771,1.660000000005);
#8032=AXIS2_PLACEMENT_3D('',#8772,#8773,#8774);
#8033=CARTESIAN_POINT('',(-2.19999999805,-0.5050000000018,-0.2999999812669));
#8034=CARTESIAN_POINT('',(-2.1,-0.6049999990392,-0.04999999538872));
#8035=CARTESIAN_POINT('',(-2.102343264449,-0.6049999643357,-0.04999997894594));
#8036=CARTESIAN_POINT('',(-2.107018526494,-0.6048353792922,-0.05040924225117));
#8037=CARTESIAN_POINT('',(-2.113964163269,-0.604101338436,-0.05211024290347));
#8038=CARTESIAN_POINT('',(-2.120808710925,-0.6028947788394,-0.05480356794308));
#8039=CARTESIAN_POINT('',(-2.127746516754,-0.6011658771157,-0.05857643803282));
#8040=CARTESIAN_POINT('',(-2.134790842463,-0.5988523571822,-0.06357072536354));
#8041=CARTESIAN_POINT('',(-2.141772873006,-0.5959649201314,-0.06980995285233));
#8042=CARTESIAN_POINT('',(-2.148749826623,-0.5924333739181,-0.07753632716158));
#8043=CARTESIAN_POINT('',(-2.155661530509,-0.5882123831417,-0.08699958217184));
#8044=CARTESIAN_POINT('',(-2.162385429232,-0.58330509154,-0.0984164803586));
#8045=CARTESIAN_POINT('',(-2.168783199693,-0.5777517958011,-0.1120053809559));
#8046=CARTESIAN_POINT('',(-2.174742328442,-0.5716249152243,-0.1279636348901));
#8047=CARTESIAN_POINT('',(-2.180298160616,-0.5648106856556,-0.1471394137346));
#8048=CARTESIAN_POINT('',(-2.184949742397,-0.5579496947339,-0.1682466820334));
#8049=CARTESIAN_POINT('',(-2.188493314385,-0.5517233167471,-0.1890342157197));
#8050=CARTESIAN_POINT('',(-2.19108382885,-0.5463913915144,-0.2078673344286));
#8051=CARTESIAN_POINT('',(-2.192990877992,-0.5418718382762,-0.2241957302792));
#8052=CARTESIAN_POINT('',(-2.194477667898,-0.5378550251493,-0.2385493104985));
#8053=CARTESIAN_POINT('',(-2.195674634917,-0.53417053137,-0.251143185181));
#8054=CARTESIAN_POINT('',(-2.196644500082,-0.5307620093016,-0.2619264746042));
#8055=CARTESIAN_POINT('',(-2.197431851708,-0.5275906546186,-0.2709468111253));
#8056=CARTESIAN_POINT('',(-2.198075012382,-0.52460229853,-0.2783991782255));
#8057=CARTESIAN_POINT('',(-2.198605293528,-0.5217258717198,-0.2845332018142));
#8058=CARTESIAN_POINT('',(-2.199039316755,-0.5189220414036,-0.2894992617714));
#8059=CARTESIAN_POINT('',(-2.199386202259,-0.5161757207474,-0.2934000085464));
#8060=CARTESIAN_POINT('',(-2.199655310891,-0.5134461881948,-0.2963607425081));
#8061=CARTESIAN_POINT('',(-2.199851113351,-0.5106867694502,-0.298460557993));
#8062=CARTESIAN_POINT('',(-2.199971940623,-0.5078804262483,-0.2997186611284));
#8063=CARTESIAN_POINT('',(-2.200000000105,-0.5059663490675,-0.3000000262885));
#8064=CARTESIAN_POINT('',(-2.19999999805,-0.5050000000018,-0.2999999812669));
#8065=AXIS2_PLACEMENT_3D('',#8775,#8776,#8777);
#8066=CARTESIAN_POINT('',(-2.200000000547,0.5050000000005,-0.2999999829314));
#8067=AXIS2_PLACEMENT_3D('',#8778,#8779,#8780);
#8068=CARTESIAN_POINT('',(-2.19999999805,-0.5050000000018,-0.2999999812669));
#8069=VECTOR('',#8781,1.010000000002);
#8070=CARTESIAN_POINT('',(-2.2,0.505,-0.4));
#8071=CARTESIAN_POINT('',(-2.2,-0.505,-0.4));
#8072=CARTESIAN_POINT('',(-2.2,0.505,-0.4));
#8073=VECTOR('',#8782,1.01);
#8074=CARTESIAN_POINT('',(-2.200000000547,0.5050000000005,-0.2999999829314));
#8075=VECTOR('',#8783,0.1000000170686);
#8076=CARTESIAN_POINT('',(-2.19999999805,-0.5050000000018,-0.2999999812669));
#8077=VECTOR('',#8784,0.1000000187331);
#8078=CARTESIAN_POINT('',(-2.1,-0.605,-0.4));
#8079=CARTESIAN_POINT('',(-2.1,-0.6049999990392,-0.04999999538872));
#8080=VECTOR('',#8785,0.3500000046113);
#8081=AXIS2_PLACEMENT_3D('',#8786,#8787,#8788);
#8082=CARTESIAN_POINT('',(-0.44,-0.605,-0.4));
#8083=CARTESIAN_POINT('',(-2.1,-0.605,-0.4));
#8084=VECTOR('',#8789,1.66);
#8085=CARTESIAN_POINT('',(-0.34,-0.505,-0.4));
#8086=AXIS2_PLACEMENT_3D('',#8790,#8791,#8792);
#8087=CARTESIAN_POINT('',(-0.34,0.505,-0.4));
#8088=CARTESIAN_POINT('',(-0.34,-0.505,-0.4));
#8089=VECTOR('',#8793,1.01);
#8090=CARTESIAN_POINT('',(-0.64,0.805,-0.4));
#8091=AXIS2_PLACEMENT_3D('',#8794,#8795,#8796);
#8092=CARTESIAN_POINT('',(-1.9,0.805,-0.4));
#8093=CARTESIAN_POINT('',(-0.64,0.805,-0.4));
#8094=VECTOR('',#8797,1.26);
#8095=AXIS2_PLACEMENT_3D('',#8798,#8799,#8800);
#8096=CARTESIAN_POINT('',(-1.9,0.8049999940059,-0.2000000131903));
#8097=CARTESIAN_POINT('',(-1.9,0.8049999940059,-0.2000000131903));
#8098=VECTOR('',#8801,0.1999999868097);
#8099=CARTESIAN_POINT('',(-2.200000000547,0.5050000000005,-0.2999999829314));
#8100=CARTESIAN_POINT('',(-2.199999999978,0.5100583292769,-0.3000003958627));
#8101=CARTESIAN_POINT('',(-2.199744000252,0.5203221192492,-0.2997144867693));
#8102=CARTESIAN_POINT('',(-2.198526965171,0.5361046966443,-0.2984407339349));
#8103=CARTESIAN_POINT('',(-2.196407899897,0.5522617378396,-0.2963580659546));
#8104=CARTESIAN_POINT('',(-2.193299233782,0.5688268272398,-0.2935094428764));
#8105=CARTESIAN_POINT('',(-2.189088296497,0.5858347470551,-0.2899335269074));
#8106=CARTESIAN_POINT('',(-2.183676443374,0.6031908082674,-0.2856937635539));
#8107=CARTESIAN_POINT('',(-2.177004724271,0.6207096317645,-0.2808844617741));
#8108=CARTESIAN_POINT('',(-2.16902772264,0.6382320763168,-0.2755992069584));
#8109=CARTESIAN_POINT('',(-2.159696503705,0.6556349014271,-0.2699190135214));
#8110=CARTESIAN_POINT('',(-2.148970185436,0.672790057653,-0.263921885266));
#8111=CARTESIAN_POINT('',(-2.136815310374,0.6895668601507,-0.2576831289461));
#8112=CARTESIAN_POINT('',(-2.123203197897,0.7058324447095,-0.251275934561));
#8113=CARTESIAN_POINT('',(-2.108127033824,0.7214335469157,-0.2447804707684));
#8114=CARTESIAN_POINT('',(-2.091579662071,0.736225790604,-0.2382744174543));
#8115=CARTESIAN_POINT('',(-2.073530328686,0.7500799230848,-0.2318300046955));
#8116=CARTESIAN_POINT('',(-2.053973328416,0.7628344335674,-0.2255378476924));
#8117=CARTESIAN_POINT('',(-2.03297019611,0.7742827038959,-0.2195213946168));
#8118=CARTESIAN_POINT('',(-2.010763371083,0.7841600818817,-0.2139593338329));
#8119=CARTESIAN_POINT('',(-1.987779144859,0.792207510144,-0.2090698864097));
#8120=CARTESIAN_POINT('',(-1.964895959527,0.7982033996642,-0.2051158841042));
#8121=CARTESIAN_POINT('',(-1.942465087604,0.8022591976369,-0.2022006877618));
#8122=CARTESIAN_POINT('',(-1.920715500629,0.8045381781612,-0.2004062933356));
#8123=CARTESIAN_POINT('',(-1.90679814695,0.8050000354318,-0.2000002293688));
#8124=CARTESIAN_POINT('',(-1.9,0.8049999940059,-0.2000000131903));
#8125=AXIS2_PLACEMENT_3D('',#8802,#8803,#8804);
#8126=CARTESIAN_POINT('',(-0.6400000000001,0.8049999871582,-0.1999999973709));
#8127=AXIS2_PLACEMENT_3D('',#8805,#8806,#8807);
#8128=CARTESIAN_POINT('',(-1.9,0.8049999940059,-0.2000000131903));
#8129=VECTOR('',#8808,1.26);
#8130=CARTESIAN_POINT('',(-0.6400000000001,0.8049999871582,-0.1999999973709));
#8131=VECTOR('',#8809,0.2000000026291);
#8132=CARTESIAN_POINT('',(-0.3400000026839,0.505,-0.2999999766673));
#8133=VECTOR('',#8810,0.1000000233327);
#8134=CARTESIAN_POINT('',(-0.6400000000001,0.8049999871582,-0.1999999973709));
#8135=CARTESIAN_POINT('',(-0.6334724900583,0.8049999565702,-0.1999999941024));
#8136=CARTESIAN_POINT('',(-0.6201292521412,0.8045742755138,-0.2003746649433));
#8137=CARTESIAN_POINT('',(-0.5993268775937,0.8024848443515,-0.202026634674));
#8138=CARTESIAN_POINT('',(-0.5779087697161,0.7987822258959,-0.2047104897595));
#8139=CARTESIAN_POINT('',(-0.556059880344,0.7933198935681,-0.2083547594216));
#8140=CARTESIAN_POINT('',(-0.534073856792,0.7860029774711,-0.2128675098286));
#8141=CARTESIAN_POINT('',(-0.5124536803713,0.7768690094337,-0.2180976835391));
#8142=CARTESIAN_POINT('',(-0.4920369327639,0.7663032326182,-0.2237503117956));
#8143=CARTESIAN_POINT('',(-0.4728586026811,0.7544578308667,-0.2297076514009));
#8144=CARTESIAN_POINT('',(-0.4550496834912,0.7415391605385,-0.2358410897229));
#8145=CARTESIAN_POINT('',(-0.4386166487461,0.7276991190117,-0.2420634889423));
#8146=CARTESIAN_POINT('',(-0.4235596038489,0.7130797198391,-0.2482979578267));
#8147=CARTESIAN_POINT('',(-0.4098425893761,0.6977827156131,-0.2544869266663));
#8148=CARTESIAN_POINT('',(-0.3974711674591,0.6819498540744,-0.2605564586131));
#8149=CARTESIAN_POINT('',(-0.3864267822082,0.6657057313586,-0.2664401691511));
#8150=CARTESIAN_POINT('',(-0.3766779143751,0.649158161873,-0.2720757797893));
#8151=CARTESIAN_POINT('',(-0.368197085495,0.6324266042613,-0.2773940060589));
#8152=CARTESIAN_POINT('',(-0.360949457006,0.6156320219508,-0.2823226058408));
#8153=CARTESIAN_POINT('',(-0.3548843891319,0.5988729452801,-0.2867926712876));
#8154=CARTESIAN_POINT('',(-0.3499572991206,0.5822760122143,-0.2907239069056));
#8155=CARTESIAN_POINT('',(-0.346126479513,0.5660517990785,-0.2940237299562));
#8156=CARTESIAN_POINT('',(-0.3432936960582,0.5502582578132,-0.2966456243562));
#8157=CARTESIAN_POINT('',(-0.3413550871754,0.5348272482586,-0.298562643332));
#8158=CARTESIAN_POINT('',(-0.3402365311788,0.5197145401101,-0.2997363685973));
#8159=CARTESIAN_POINT('',(-0.34000000187,0.509862546523,-0.2999999460443));
#8160=CARTESIAN_POINT('',(-0.3400000026839,0.505,-0.2999999766673));
#8161=CARTESIAN_POINT('',(-0.340000000756,-0.5049999999982,-0.2999999911396));
#8162=VECTOR('',#8811,0.1000000088604);
#8163=CARTESIAN_POINT('',(-0.4399999999953,-0.6049999536936,-0.05000004650801));
#8164=VECTOR('',#8812,0.349999953492);
#8165=CARTESIAN_POINT('',(-5.420000002684,0.505,-0.2999999766673));
#8166=AXIS2_PLACEMENT_3D('',#8813,#8814,#8815);
#8167=CARTESIAN_POINT('',(-5.420000000756,-0.5049999999982,-0.2999999911396));
#8168=CARTESIAN_POINT('',(-5.420000002684,0.505,-0.2999999766673));
#8169=VECTOR('',#8816,1.009999999998);
#8170=AXIS2_PLACEMENT_3D('',#8817,#8818,#8819);
#8171=CARTESIAN_POINT('',(-5.519999999995,-0.6049999536936,-0.05000004650801));
#8172=CARTESIAN_POINT('',(-5.420000000756,-0.5049999999982,-0.2999999911396));
#8173=CARTESIAN_POINT('',(-5.420000005291,-0.5059796125622,-0.2999998925495));
#8174=CARTESIAN_POINT('',(-5.420028909044,-0.5079123069311,-0.2997114740777));
#8175=CARTESIAN_POINT('',(-5.420150398327,-0.5107111134046,-0.2984456513677));
#8176=CARTESIAN_POINT('',(-5.420346112483,-0.5134628833268,-0.2963456735728));
#8177=CARTESIAN_POINT('',(-5.420616262389,-0.5161986131445,-0.2933723041675));
#8178=CARTESIAN_POINT('',(-5.420966041517,-0.5189615379548,-0.2894378122293));
#8179=CARTESIAN_POINT('',(-5.42140446142,-0.5217838454537,-0.2844203014669));
#8180=CARTESIAN_POINT('',(-5.421936619716,-0.5246602599224,-0.2782644233655));
#8181=CARTESIAN_POINT('',(-5.422582521527,-0.527653394176,-0.2707818023823));
#8182=CARTESIAN_POINT('',(-5.423382420495,-0.5308660048181,-0.2616218922758));
#8183=CARTESIAN_POINT('',(-5.424384928519,-0.5343702902737,-0.2504935518146));
#8184=CARTESIAN_POINT('',(-5.425631549636,-0.5381728695029,-0.237438978728));
#8185=CARTESIAN_POINT('',(-5.427182373266,-0.5423118348529,-0.2226110132907));
#8186=CARTESIAN_POINT('',(-5.42918941295,-0.5469988290283,-0.205688893933));
#8187=CARTESIAN_POINT('',(-5.431954265264,-0.5525741980954,-0.1861102192821));
#8188=CARTESIAN_POINT('',(-5.435687353967,-0.5589703404891,-0.1649926781914));
#8189=CARTESIAN_POINT('',(-5.440525181312,-0.5658993361486,-0.1439797946534));
#8190=CARTESIAN_POINT('',(-5.446072733887,-0.5725233647934,-0.1255658944594));
#8191=CARTESIAN_POINT('',(-5.452113885573,-0.578592149104,-0.1099021782023));
#8192=CARTESIAN_POINT('',(-5.458606002067,-0.5840845511608,-0.09657359701209));
#8193=CARTESIAN_POINT('',(-5.46536222918,-0.5888865735227,-0.08547100644175));
#8194=CARTESIAN_POINT('',(-5.472297656734,-0.593009349352,-0.0762670577556));
#8195=CARTESIAN_POINT('',(-5.479348954301,-0.5964732474134,-0.06870818475921));
#8196=CARTESIAN_POINT('',(-5.486363616916,-0.5992690366397,-0.06267227463599));
#8197=CARTESIAN_POINT('',(-5.493197085664,-0.6014251232251,-0.05801304306845));
#8198=CARTESIAN_POINT('',(-5.499812878172,-0.6030163496278,-0.05453368080688));
#8199=CARTESIAN_POINT('',(-5.506305408406,-0.604131303184,-0.05204060235529));
#8200=CARTESIAN_POINT('',(-5.512993504742,-0.604832557133,-0.0504157397002));
#8201=CARTESIAN_POINT('',(-5.51764067548,-0.6049999946309,-0.05000000760978));
#8202=CARTESIAN_POINT('',(-5.519999999995,-0.6049999536936,-0.05000004650801));
#8203=AXIS2_PLACEMENT_3D('',#8820,#8821,#8822);
#8204=CARTESIAN_POINT('',(-7.18,-0.6049999990392,-0.04999999538872));
#8205=CARTESIAN_POINT('',(-5.519999999995,-0.6049999536936,-0.05000004650801));
#8206=VECTOR('',#8823,1.660000000005);
#8207=AXIS2_PLACEMENT_3D('',#8824,#8825,#8826);
#8208=CARTESIAN_POINT('',(-7.27999999805,-0.5050000000018,-0.2999999812669));
#8209=CARTESIAN_POINT('',(-7.18,-0.6049999990392,-0.04999999538872));
#8210=CARTESIAN_POINT('',(-7.182343264449,-0.6049999643357,-0.04999997894593));
#8211=CARTESIAN_POINT('',(-7.187018526494,-0.6048353792922,-0.05040924225117));
#8212=CARTESIAN_POINT('',(-7.193964163269,-0.604101338436,-0.05211024290347));
#8213=CARTESIAN_POINT('',(-7.200808710925,-0.6028947788394,-0.05480356794308));
#8214=CARTESIAN_POINT('',(-7.207746516754,-0.6011658771157,-0.05857643803283));
#8215=CARTESIAN_POINT('',(-7.214790842463,-0.5988523571822,-0.06357072536354));
#8216=CARTESIAN_POINT('',(-7.221772873006,-0.5959649201314,-0.06980995285231));
#8217=CARTESIAN_POINT('',(-7.228749826623,-0.5924333739181,-0.07753632716154));
#8218=CARTESIAN_POINT('',(-7.235661530508,-0.5882123831418,-0.08699958217177));
#8219=CARTESIAN_POINT('',(-7.242385429232,-0.58330509154,-0.09841648035847));
#8220=CARTESIAN_POINT('',(-7.248783199693,-0.5777517958011,-0.1120053809558));
#8221=CARTESIAN_POINT('',(-7.254742328442,-0.5716249152244,-0.1279636348899));
#8222=CARTESIAN_POINT('',(-7.260298160616,-0.5648106856557,-0.1471394137343));
#8223=CARTESIAN_POINT('',(-7.264949742397,-0.557949694734,-0.1682466820331));
#8224=CARTESIAN_POINT('',(-7.268493314385,-0.5517233167472,-0.1890342157194));
#8225=CARTESIAN_POINT('',(-7.27108382885,-0.5463913915145,-0.2078673344284));
#8226=CARTESIAN_POINT('',(-7.272990877992,-0.5418718382762,-0.224195730279));
#8227=CARTESIAN_POINT('',(-7.274477667898,-0.5378550251493,-0.2385493104984));
#8228=CARTESIAN_POINT('',(-7.275674634917,-0.53417053137,-0.2511431851809));
#8229=CARTESIAN_POINT('',(-7.276644500082,-0.5307620093016,-0.2619264746041));
#8230=CARTESIAN_POINT('',(-7.277431851708,-0.5275906546187,-0.2709468111252));
#8231=CARTESIAN_POINT('',(-7.278075012382,-0.5246022985301,-0.2783991782254));
#8232=CARTESIAN_POINT('',(-7.278605293528,-0.5217258717197,-0.2845332018142));
#8233=CARTESIAN_POINT('',(-7.279039316755,-0.5189220414036,-0.2894992617713));
#8234=CARTESIAN_POINT('',(-7.279386202259,-0.5161757207474,-0.2934000085464));
#8235=CARTESIAN_POINT('',(-7.279655310891,-0.5134461881948,-0.2963607425081));
#8236=CARTESIAN_POINT('',(-7.279851113351,-0.5106867694502,-0.2984605579931));
#8237=CARTESIAN_POINT('',(-7.279971940623,-0.5078804262483,-0.2997186611284));
#8238=CARTESIAN_POINT('',(-7.280000000105,-0.5059663490675,-0.3000000262885));
#8239=CARTESIAN_POINT('',(-7.27999999805,-0.5050000000018,-0.2999999812669));
#8240=AXIS2_PLACEMENT_3D('',#8827,#8828,#8829);
#8241=CARTESIAN_POINT('',(-7.280000000547,0.5050000000005,-0.2999999829314));
#8242=AXIS2_PLACEMENT_3D('',#8830,#8831,#8832);
#8243=CARTESIAN_POINT('',(-7.27999999805,-0.5050000000018,-0.2999999812669));
#8244=VECTOR('',#8833,1.010000000002);
#8245=CARTESIAN_POINT('',(-7.28,0.505,-0.4));
#8246=CARTESIAN_POINT('',(-7.28,-0.505,-0.4));
#8247=CARTESIAN_POINT('',(-7.28,0.505,-0.4));
#8248=VECTOR('',#8834,1.01);
#8249=CARTESIAN_POINT('',(-7.280000000547,0.5050000000005,-0.2999999829314));
#8250=VECTOR('',#8835,0.1000000170686);
#8251=CARTESIAN_POINT('',(-7.27999999805,-0.5050000000018,-0.2999999812669));
#8252=VECTOR('',#8836,0.1000000187331);
#8253=CARTESIAN_POINT('',(-7.18,-0.605,-0.4));
#8254=CARTESIAN_POINT('',(-7.18,-0.6049999990392,-0.04999999538872));
#8255=VECTOR('',#8837,0.3500000046113);
#8256=AXIS2_PLACEMENT_3D('',#8838,#8839,#8840);
#8257=CARTESIAN_POINT('',(-5.52,-0.605,-0.4));
#8258=CARTESIAN_POINT('',(-7.18,-0.605,-0.4));
#8259=VECTOR('',#8841,1.66);
#8260=CARTESIAN_POINT('',(-5.42,-0.505,-0.4));
#8261=AXIS2_PLACEMENT_3D('',#8842,#8843,#8844);
#8262=CARTESIAN_POINT('',(-5.42,0.505,-0.4));
#8263=CARTESIAN_POINT('',(-5.42,-0.505,-0.4));
#8264=VECTOR('',#8845,1.01);
#8265=CARTESIAN_POINT('',(-5.72,0.805,-0.4));
#8266=AXIS2_PLACEMENT_3D('',#8846,#8847,#8848);
#8267=CARTESIAN_POINT('',(-6.98,0.805,-0.4));
#8268=CARTESIAN_POINT('',(-5.72,0.805,-0.4));
#8269=VECTOR('',#8849,1.26);
#8270=AXIS2_PLACEMENT_3D('',#8850,#8851,#8852);
#8271=CARTESIAN_POINT('',(-6.98,0.8049999940059,-0.2000000131903));
#8272=CARTESIAN_POINT('',(-6.98,0.8049999940059,-0.2000000131903));
#8273=VECTOR('',#8853,0.1999999868097);
#8274=CARTESIAN_POINT('',(-7.280000000547,0.5050000000005,-0.2999999829314));
#8275=CARTESIAN_POINT('',(-7.279999999978,0.5100583292769,-0.3000003958627));
#8276=CARTESIAN_POINT('',(-7.279744000252,0.5203221192492,-0.2997144867693));
#8277=CARTESIAN_POINT('',(-7.278526965171,0.5361046966443,-0.2984407339349));
#8278=CARTESIAN_POINT('',(-7.276407899897,0.5522617378396,-0.2963580659546));
#8279=CARTESIAN_POINT('',(-7.273299233782,0.5688268272398,-0.2935094428764));
#8280=CARTESIAN_POINT('',(-7.269088296497,0.5858347470551,-0.2899335269074));
#8281=CARTESIAN_POINT('',(-7.263676443374,0.6031908082674,-0.2856937635539));
#8282=CARTESIAN_POINT('',(-7.257004724271,0.6207096317644,-0.2808844617741));
#8283=CARTESIAN_POINT('',(-7.249027722641,0.6382320763167,-0.2755992069584));
#8284=CARTESIAN_POINT('',(-7.239696503705,0.6556349014271,-0.2699190135214));
#8285=CARTESIAN_POINT('',(-7.228970185436,0.672790057653,-0.263921885266));
#8286=CARTESIAN_POINT('',(-7.216815310374,0.6895668601507,-0.2576831289461));
#8287=CARTESIAN_POINT('',(-7.203203197897,0.7058324447095,-0.251275934561));
#8288=CARTESIAN_POINT('',(-7.188127033824,0.7214335469157,-0.2447804707684));
#8289=CARTESIAN_POINT('',(-7.171579662071,0.736225790604,-0.2382744174543));
#8290=CARTESIAN_POINT('',(-7.153530328686,0.7500799230848,-0.2318300046955));
#8291=CARTESIAN_POINT('',(-7.133973328416,0.7628344335674,-0.2255378476924));
#8292=CARTESIAN_POINT('',(-7.11297019611,0.7742827038959,-0.2195213946168));
#8293=CARTESIAN_POINT('',(-7.090763371083,0.7841600818817,-0.2139593338329));
#8294=CARTESIAN_POINT('',(-7.067779144859,0.7922075101439,-0.2090698864097));
#8295=CARTESIAN_POINT('',(-7.044895959527,0.7982033996642,-0.2051158841042));
#8296=CARTESIAN_POINT('',(-7.022465087604,0.8022591976369,-0.2022006877618));
#8297=CARTESIAN_POINT('',(-7.000715500629,0.8045381781612,-0.2004062933356));
#8298=CARTESIAN_POINT('',(-6.98679814695,0.8050000354318,-0.2000002293688));
#8299=CARTESIAN_POINT('',(-6.98,0.8049999940059,-0.2000000131903));
#8300=AXIS2_PLACEMENT_3D('',#8854,#8855,#8856);
#8301=CARTESIAN_POINT('',(-5.72,0.8049999871582,-0.1999999973709));
#8302=AXIS2_PLACEMENT_3D('',#8857,#8858,#8859);
#8303=CARTESIAN_POINT('',(-6.98,0.8049999940059,-0.2000000131903));
#8304=VECTOR('',#8860,1.26);
#8305=CARTESIAN_POINT('',(-5.72,0.8049999871582,-0.1999999973709));
#8306=VECTOR('',#8861,0.2000000026291);
#8307=CARTESIAN_POINT('',(-5.420000002684,0.505,-0.2999999766673));
#8308=VECTOR('',#8862,0.1000000233327);
#8309=CARTESIAN_POINT('',(-5.72,0.8049999871582,-0.1999999973709));
#8310=CARTESIAN_POINT('',(-5.713472490058,0.8049999565702,-0.1999999941024));
#8311=CARTESIAN_POINT('',(-5.700129252141,0.8045742755138,-0.2003746649433));
#8312=CARTESIAN_POINT('',(-5.679326877594,0.8024848443515,-0.202026634674));
#8313=CARTESIAN_POINT('',(-5.657908769716,0.7987822258959,-0.2047104897595));
#8314=CARTESIAN_POINT('',(-5.636059880344,0.7933198935681,-0.2083547594216));
#8315=CARTESIAN_POINT('',(-5.614073856792,0.7860029774711,-0.2128675098286));
#8316=CARTESIAN_POINT('',(-5.592453680371,0.7768690094337,-0.2180976835391));
#8317=CARTESIAN_POINT('',(-5.572036932764,0.7663032326183,-0.2237503117956));
#8318=CARTESIAN_POINT('',(-5.552858602681,0.7544578308667,-0.2297076514009));
#8319=CARTESIAN_POINT('',(-5.535049683491,0.7415391605385,-0.2358410897229));
#8320=CARTESIAN_POINT('',(-5.518616648746,0.7276991190117,-0.2420634889423));
#8321=CARTESIAN_POINT('',(-5.503559603849,0.7130797198391,-0.2482979578267));
#8322=CARTESIAN_POINT('',(-5.489842589376,0.6977827156131,-0.2544869266663));
#8323=CARTESIAN_POINT('',(-5.477471167459,0.6819498540744,-0.2605564586131));
#8324=CARTESIAN_POINT('',(-5.466426782208,0.6657057313586,-0.2664401691511));
#8325=CARTESIAN_POINT('',(-5.456677914375,0.649158161873,-0.2720757797893));
#8326=CARTESIAN_POINT('',(-5.448197085495,0.6324266042613,-0.277394006059));
#8327=CARTESIAN_POINT('',(-5.440949457006,0.6156320219508,-0.2823226058408));
#8328=CARTESIAN_POINT('',(-5.434884389132,0.5988729452801,-0.2867926712876));
#8329=CARTESIAN_POINT('',(-5.429957299121,0.5822760122143,-0.2907239069056));
#8330=CARTESIAN_POINT('',(-5.426126479513,0.5660517990785,-0.2940237299562));
#8331=CARTESIAN_POINT('',(-5.423293696058,0.5502582578132,-0.2966456243562));
#8332=CARTESIAN_POINT('',(-5.421355087175,0.5348272482586,-0.298562643332));
#8333=CARTESIAN_POINT('',(-5.420236531179,0.5197145401101,-0.2997363685973));
#8334=CARTESIAN_POINT('',(-5.42000000187,0.509862546523,-0.2999999460443));
#8335=CARTESIAN_POINT('',(-5.420000002684,0.505,-0.2999999766673));
#8336=CARTESIAN_POINT('',(-5.420000000756,-0.5049999999982,-0.2999999911396));
#8337=VECTOR('',#8863,0.1000000088604);
#8338=CARTESIAN_POINT('',(-5.519999999995,-0.6049999536936,-0.05000004650801));
#8339=VECTOR('',#8864,0.349999953492);
#8340=DIRECTION('',(1.0,0.0,0.0));
#8341=DIRECTION('',(0.0,1.0,0.0));
#8342=DIRECTION('',(-1.0,0.0,0.0));
#8343=DIRECTION('',(0.0,-1.0,0.0));
#8344=DIRECTION('',(3.89843730424718E-08,-0.999999999999947,-3.23722697670015E-07));
#8345=DIRECTION('',(-1.0,0.0,7.124922352567E-09));
#8346=DIRECTION('',(1.69761437031698E-08,0.999999999999986,1.66519195499598E-07));
#8347=DIRECTION('',(1.0,-8.152891882357E-09,1.469617401752E-08));
#8348=DIRECTION('',(1.69761435176698E-08,0.999999999999986,1.66519196104098E-07));
#8349=DIRECTION('',(1.0,-7.681463671991E-09,1.469617438358E-08));
#8350=DIRECTION('',(3.89843730424718E-08,-0.999999999999947,-3.23722698384515E-07));
#8351=DIRECTION('',(-0.999999999999993,1.17731313797399E-07,7.12487202302995E-09));
#8352=DIRECTION('',(1.69761445825498E-08,0.999999999999986,1.66519196342298E-07));
#8353=DIRECTION('',(1.0,-7.687406038342E-09,1.469617440027E-08));
#8354=DIRECTION('',(3.89843726027818E-08,-0.999999999999947,-3.23722698732615E-07));
#8355=DIRECTION('',(-0.999999999999993,1.16479777451799E-07,7.12487251993695E-09));
#8356=DIRECTION('',(-3.89843726027818E-08,0.999999999999947,-3.23722698659315E-07));
#8357=DIRECTION('',(1.0,0.0,7.124922088228E-09));
#8358=DIRECTION('',(-1.69761437031698E-08,-0.999999999999986,1.66519195682798E-07));
#8359=DIRECTION('',(-1.0,1.149914832461E-08,1.469625934278E-08));
#8360=DIRECTION('',(-1.0,1.038368738392E-08,1.469625769946E-08));
#8361=DIRECTION('',(-3.89843721630918E-08,0.999999999999947,-3.23722698567715E-07));
#8362=DIRECTION('',(0.999999999999998,6.83250998058998E-08,7.12489429287898E-09));
#8363=DIRECTION('',(-1.69761434970598E-08,-0.999999999999986,1.66519196067498E-07));
#8364=DIRECTION('',(-0.999999999999998,6.85623070628798E-08,1.469621653242E-08));
#8365=DIRECTION('',(-3.89843712837018E-08,0.999999999999947,-3.23722698384515E-07));
#8366=DIRECTION('',(0.999999999999998,6.79963614568599E-08,7.12489441962398E-09));
#8367=DIRECTION('',(-1.69761428237798E-08,-0.999999999999986,1.66519195737698E-07));
#8368=DIRECTION('',(0.0,0.0,-1.0));
#8369=DIRECTION('',(0.0,-1.0,0.0));
#8370=DIRECTION('',(0.0,0.0,-1.0));
#8371=DIRECTION('',(1.0,0.0,0.0));
#8372=DIRECTION('',(0.0,0.0,-1.0));
#8373=DIRECTION('',(0.0,1.0,0.0));
#8374=DIRECTION('',(0.0,0.0,-1.0));
#8375=DIRECTION('',(-1.0,0.0,0.0));
#8376=DIRECTION('',(-1.0,0.0,0.0));
#8377=DIRECTION('',(0.0,-1.0,0.0));
#8378=DIRECTION('',(1.0,0.0,0.0));
#8379=DIRECTION('',(-0.765974342782488,-0.64287114276419,0.0));
#8380=DIRECTION('',(1.0,0.0,0.0));
#8381=DIRECTION('',(0.765974216092578,0.642871293713882,0.0));
#8382=DIRECTION('',(0.0,1.0,0.0));
#8383=DIRECTION('',(1.0,0.0,0.0));
#8384=DIRECTION('',(0.0,1.0,0.0));
#8385=DIRECTION('',(1.0,0.0,0.0));
#8386=DIRECTION('',(0.0,1.0,0.0));
#8387=DIRECTION('',(1.0,0.0,0.0));
#8388=DIRECTION('',(0.0,1.0,0.0));
#8389=DIRECTION('',(1.0,0.0,0.0));
#8390=DIRECTION('',(0.0,1.0,0.0));
#8391=DIRECTION('',(1.0,0.0,0.0));
#8392=DIRECTION('',(0.0,1.0,0.0));
#8393=DIRECTION('',(1.0,0.0,0.0));
#8394=DIRECTION('',(0.0,1.0,0.0));
#8395=DIRECTION('',(1.0,0.0,0.0));
#8396=DIRECTION('',(0.0,1.0,0.0));
#8397=DIRECTION('',(1.0,0.0,0.0));
#8398=DIRECTION('',(0.0,1.0,0.0));
#8399=DIRECTION('',(1.0,0.0,0.0));
#8400=DIRECTION('',(0.0,1.0,0.0));
#8401=DIRECTION('',(1.0,0.0,0.0));
#8402=DIRECTION('',(0.0,1.0,0.0));
#8403=DIRECTION('',(1.0,0.0,0.0));
#8404=DIRECTION('',(0.0,1.0,0.0));
#8405=DIRECTION('',(1.0,0.0,0.0));
#8406=DIRECTION('',(0.0,1.0,0.0));
#8407=DIRECTION('',(0.0,0.0,1.0));
#8408=DIRECTION('',(0.0,1.0,0.0));
#8409=DIRECTION('',(0.0,0.0,1.0));
#8410=DIRECTION('',(-1.0,0.0,0.0));
#8411=DIRECTION('',(0.0,0.0,1.0));
#8412=DIRECTION('',(0.0,-1.0,0.0));
#8413=DIRECTION('',(0.0,0.0,1.0));
#8414=DIRECTION('',(1.0,0.0,0.0));
#8415=DIRECTION('',(0.0,0.0,1.0));
#8416=DIRECTION('',(-0.765974342782488,-0.64287114276419,0.0));
#8417=DIRECTION('',(0.0,0.0,1.0));
#8418=DIRECTION('',(1.0,0.0,0.0));
#8419=DIRECTION('',(0.0,0.0,1.0));
#8420=DIRECTION('',(0.765974216092578,0.642871293713882,0.0));
#8421=DIRECTION('',(0.0,0.0,1.0));
#8422=CARTESIAN_POINT('',(6.0,-2.2,-8.787564434702));
#8423=DIRECTION('',(1.0,0.0,0.0));
#8424=DIRECTION('',(0.0,0.884615384615406,-0.466321371268503));
#8425=DIRECTION('',(0.0,1.0,0.0));
#8426=CARTESIAN_POINT('',(6.0,-2.4,-8.787564434702));
#8427=DIRECTION('',(-1.0,0.0,0.0));
#8428=DIRECTION('',(0.0,0.884615384615406,0.466321371268503));
#8429=DIRECTION('',(0.0,0.0,-1.0));
#8430=DIRECTION('',(1.0,0.0,0.0));
#8431=DIRECTION('',(0.0,0.0,-1.0));
#8432=CARTESIAN_POINT('',(6.7,-2.4,-8.787564434702));
#8433=DIRECTION('',(-1.0,0.0,0.0));
#8434=DIRECTION('',(0.0,0.884615384615406,0.466321371268503));
#8435=DIRECTION('',(0.0,1.0,0.0));
#8436=CARTESIAN_POINT('',(6.7,-2.2,-8.787564434702));
#8437=DIRECTION('',(1.0,0.0,0.0));
#8438=DIRECTION('',(0.0,0.884615384615406,-0.466321371268503));
#8439=DIRECTION('',(0.0,0.0,1.0));
#8440=DIRECTION('',(1.0,0.0,0.0));
#8441=DIRECTION('',(1.0,0.0,0.0));
#8442=DIRECTION('',(1.0,0.0,0.0));
#8443=DIRECTION('',(0.0,0.0,1.0));
#8444=CARTESIAN_POINT('',(0.92,-2.2,-8.787564434702));
#8445=DIRECTION('',(1.0,0.0,0.0));
#8446=DIRECTION('',(0.0,0.884615384615406,-0.466321371268503));
#8447=DIRECTION('',(0.0,1.0,0.0));
#8448=CARTESIAN_POINT('',(0.92,-2.4,-8.787564434702));
#8449=DIRECTION('',(-1.0,0.0,0.0));
#8450=DIRECTION('',(0.0,0.884615384615406,0.466321371268503));
#8451=DIRECTION('',(0.0,0.0,-1.0));
#8452=DIRECTION('',(1.0,0.0,0.0));
#8453=DIRECTION('',(0.0,0.0,-1.0));
#8454=CARTESIAN_POINT('',(1.62,-2.4,-8.787564434702));
#8455=DIRECTION('',(-1.0,0.0,0.0));
#8456=DIRECTION('',(0.0,0.884615384615406,0.466321371268503));
#8457=DIRECTION('',(0.0,1.0,0.0));
#8458=CARTESIAN_POINT('',(1.62,-2.2,-8.787564434702));
#8459=DIRECTION('',(1.0,0.0,0.0));
#8460=DIRECTION('',(0.0,0.884615384615406,-0.466321371268503));
#8461=DIRECTION('',(0.0,0.0,1.0));
#8462=DIRECTION('',(1.0,0.0,0.0));
#8463=DIRECTION('',(1.0,0.0,0.0));
#8464=DIRECTION('',(1.0,0.0,0.0));
#8465=DIRECTION('',(0.0,0.0,1.0));
#8466=CARTESIAN_POINT('',(-4.16,-2.2,-8.787564434702));
#8467=DIRECTION('',(1.0,0.0,0.0));
#8468=DIRECTION('',(0.0,0.884615384615406,-0.466321371268503));
#8469=DIRECTION('',(0.0,1.0,0.0));
#8470=CARTESIAN_POINT('',(-4.16,-2.4,-8.787564434702));
#8471=DIRECTION('',(-1.0,0.0,0.0));
#8472=DIRECTION('',(0.0,0.884615384615406,0.466321371268503));
#8473=DIRECTION('',(0.0,0.0,-1.0));
#8474=DIRECTION('',(1.0,0.0,0.0));
#8475=DIRECTION('',(0.0,0.0,-1.0));
#8476=CARTESIAN_POINT('',(-3.46,-2.4,-8.787564434702));
#8477=DIRECTION('',(-1.0,0.0,0.0));
#8478=DIRECTION('',(0.0,0.884615384615406,0.466321371268503));
#8479=DIRECTION('',(0.0,1.0,0.0));
#8480=CARTESIAN_POINT('',(-3.46,-2.2,-8.787564434702));
#8481=DIRECTION('',(1.0,0.0,0.0));
#8482=DIRECTION('',(0.0,0.884615384615406,-0.466321371268503));
#8483=DIRECTION('',(0.0,0.0,1.0));
#8484=DIRECTION('',(1.0,0.0,0.0));
#8485=DIRECTION('',(1.0,0.0,0.0));
#8486=DIRECTION('',(1.0,0.0,0.0));
#8487=DIRECTION('',(0.0,0.0,1.0));
#8488=CARTESIAN_POINT('',(3.46,2.4,-8.787564434702));
#8489=DIRECTION('',(-1.0,-0.0,0.0));
#8490=DIRECTION('',(0.0,-0.884615384615406,-0.466321371268503));
#8491=DIRECTION('',(0.0,1.0,0.0));
#8492=CARTESIAN_POINT('',(3.46,2.2,-8.787564434702));
#8493=DIRECTION('',(1.0,0.0,0.0));
#8494=DIRECTION('',(0.0,-0.884615384615406,0.466321371268503));
#8495=DIRECTION('',(0.0,0.0,-1.0));
#8496=DIRECTION('',(1.0,0.0,0.0));
#8497=DIRECTION('',(0.0,0.0,-1.0));
#8498=CARTESIAN_POINT('',(4.16,2.2,-8.787564434702));
#8499=DIRECTION('',(1.0,0.0,0.0));
#8500=DIRECTION('',(0.0,-0.884615384615406,0.466321371268503));
#8501=DIRECTION('',(0.0,1.0,0.0));
#8502=CARTESIAN_POINT('',(4.16,2.4,-8.787564434702));
#8503=DIRECTION('',(-1.0,-0.0,0.0));
#8504=DIRECTION('',(0.0,-0.884615384615406,-0.466321371268503));
#8505=DIRECTION('',(0.0,0.0,1.0));
#8506=DIRECTION('',(1.0,0.0,0.0));
#8507=DIRECTION('',(1.0,0.0,0.0));
#8508=DIRECTION('',(1.0,0.0,0.0));
#8509=DIRECTION('',(0.0,0.0,1.0));
#8510=CARTESIAN_POINT('',(-1.62,2.4,-8.787564434702));
#8511=DIRECTION('',(-1.0,-0.0,0.0));
#8512=DIRECTION('',(0.0,-0.884615384615406,-0.466321371268503));
#8513=DIRECTION('',(0.0,1.0,0.0));
#8514=CARTESIAN_POINT('',(-1.62,2.2,-8.787564434702));
#8515=DIRECTION('',(1.0,0.0,0.0));
#8516=DIRECTION('',(0.0,-0.884615384615406,0.466321371268503));
#8517=DIRECTION('',(0.0,0.0,-1.0));
#8518=DIRECTION('',(1.0,0.0,0.0));
#8519=DIRECTION('',(0.0,0.0,-1.0));
#8520=CARTESIAN_POINT('',(-0.92,2.2,-8.787564434702));
#8521=DIRECTION('',(1.0,0.0,0.0));
#8522=DIRECTION('',(0.0,-0.884615384615406,0.466321371268503));
#8523=DIRECTION('',(0.0,1.0,0.0));
#8524=CARTESIAN_POINT('',(-0.92,2.4,-8.787564434702));
#8525=DIRECTION('',(-1.0,-0.0,0.0));
#8526=DIRECTION('',(0.0,-0.884615384615406,-0.466321371268503));
#8527=DIRECTION('',(0.0,0.0,1.0));
#8528=DIRECTION('',(1.0,0.0,0.0));
#8529=DIRECTION('',(1.0,0.0,0.0));
#8530=DIRECTION('',(1.0,0.0,0.0));
#8531=DIRECTION('',(0.0,0.0,1.0));
#8532=CARTESIAN_POINT('',(-6.7,2.4,-8.787564434702));
#8533=DIRECTION('',(-1.0,-0.0,0.0));
#8534=DIRECTION('',(0.0,-0.884615384615406,-0.466321371268503));
#8535=DIRECTION('',(0.0,1.0,0.0));
#8536=CARTESIAN_POINT('',(-6.7,2.2,-8.787564434702));
#8537=DIRECTION('',(1.0,0.0,0.0));
#8538=DIRECTION('',(0.0,-0.884615384615406,0.466321371268503));
#8539=DIRECTION('',(0.0,0.0,-1.0));
#8540=DIRECTION('',(1.0,0.0,0.0));
#8541=DIRECTION('',(0.0,0.0,-1.0));
#8542=CARTESIAN_POINT('',(-6.0,2.2,-8.787564434702));
#8543=DIRECTION('',(1.0,0.0,0.0));
#8544=DIRECTION('',(0.0,-0.884615384615406,0.466321371268503));
#8545=DIRECTION('',(0.0,1.0,0.0));
#8546=CARTESIAN_POINT('',(-6.0,2.4,-8.787564434702));
#8547=DIRECTION('',(-1.0,-0.0,0.0));
#8548=DIRECTION('',(0.0,-0.884615384615406,-0.466321371268503));
#8549=DIRECTION('',(0.0,0.0,1.0));
#8550=DIRECTION('',(1.0,0.0,0.0));
#8551=DIRECTION('',(1.0,0.0,0.0));
#8552=DIRECTION('',(1.0,0.0,0.0));
#8553=CARTESIAN_POINT('',(7.180000019119,0.6549999815271,-0.04999998155497));
#8554=DIRECTION('',(0.999999999999992,1.27965648851101E-07,6.01265465688585E-15));
#8555=DIRECTION('',(-5.32907207749217E-14,3.69459042661112E-07,0.999999999999932));
#8556=CARTESIAN_POINT('',(5.520000009946,0.655,-0.05));
#8557=DIRECTION('',(-1.0,0.0,0.0));
#8558=DIRECTION('',(0.0,-1.0,0.0));
#8559=DIRECTION('',(0.999999999999999,2.731664452863E-08,3.079475323077E-08));
#8560=DIRECTION('',(1.34647866318599E-11,1.32304147771799E-07,-0.999999999999991));
#8561=DIRECTION('',(1.0,0.0,0.0));
#8562=DIRECTION('',(3.425831002279E-13,2.745187533159E-09,-1.0));
#8563=DIRECTION('',(1.949779527841E-08,-1.754929206272E-11,-1.0));
#8564=CARTESIAN_POINT('',(7.18,0.505,-0.4));
#8565=DIRECTION('',(0.0,0.0,1.0));
#8566=DIRECTION('',(1.0,0.0,0.0));
#8567=CARTESIAN_POINT('',(5.52,0.505,-0.4));
#8568=DIRECTION('',(0.0,-0.0,1.0));
#8569=DIRECTION('',(0.0,1.0,0.0));
#8570=DIRECTION('',(0.0,1.0,0.0));
#8571=CARTESIAN_POINT('',(5.72,-0.505,-0.4));
#8572=DIRECTION('',(0.0,0.0,1.0));
#8573=DIRECTION('',(-1.0,0.0,0.0));
#8574=DIRECTION('',(-1.0,0.0,0.0));
#8575=CARTESIAN_POINT('',(6.98,-0.505,-0.4));
#8576=DIRECTION('',(0.0,0.0,1.0));
#8577=DIRECTION('',(0.0,-1.0,0.0));
#8578=DIRECTION('',(0.0,-1.0,0.0));
#8579=DIRECTION('',(-5.467989571519E-09,4.61963721696E-12,-1.0));
#8580=DIRECTION('',(2.471859460786E-09,-1.0,-1.648111405322E-09));
#8581=CARTESIAN_POINT('',(7.58,0.5050000009259,-0.3));
#8582=DIRECTION('',(0.0,1.0,0.0));
#8583=DIRECTION('',(-1.0,0.0,0.0));
#8584=CARTESIAN_POINT('',(7.579999199966,-0.5049980909923,-0.2999996042714));
#8585=DIRECTION('',(7.05970733027182E-06,-0.999999999957674,-5.90026722954192E-06));
#8586=DIRECTION('',(2.6667794955111E-06,-5.90024840298522E-06,0.999999999979038));
#8587=CARTESIAN_POINT('',(6.979999028709,-1.005,-0.2));
#8588=DIRECTION('',(1.0,0.0,0.0));
#8589=DIRECTION('',(0.0,1.0,0.0));
#8590=DIRECTION('',(-1.0,5.43464039203E-09,1.255515079027E-08));
#8591=CARTESIAN_POINT('',(5.719995638618,-1.00500007219,-0.1999999689002));
#8592=DIRECTION('',(-0.999999999549644,2.01034630799709E-05,2.22836907989345E-05));
#8593=DIRECTION('',(2.2283698059579E-05,3.60939946906683E-07,0.999999999751653));
#8594=CARTESIAN_POINT('',(5.12,-0.505000208659,-0.3));
#8595=DIRECTION('',(0.0,-1.0,0.0));
#8596=DIRECTION('',(1.0,0.0,0.0));
#8597=CARTESIAN_POINT('',(5.120000051439,0.5049999996576,-0.2999999645584));
#8598=DIRECTION('',(8.12230796460576E-10,1.0,1.39266712971044E-16));
#8599=DIRECTION('',(-1.71461995257897E-07,-2.05432560554354E-32,0.999999999999985));
#8600=DIRECTION('',(-1.90882645224E-09,1.0,-1.432897095809E-08));
#8601=DIRECTION('',(-2.683928008662E-08,3.4416905733E-14,-1.0));
#8602=DIRECTION('',(-7.560156275058E-09,1.799893408044E-11,-1.0));
#8603=DIRECTION('',(-7.59392538860798E-13,-6.42088168631199E-08,-0.999999999999998));
#8604=DIRECTION('',(-2.353672967434E-12,-2.997058465889E-08,-1.0));
#8605=CARTESIAN_POINT('',(0.6399956386181,-1.00500007219,-0.1999999689002));
#8606=DIRECTION('',(-0.999999999549644,2.01034630772709E-05,2.22836908011545E-05));
#8607=DIRECTION('',(2.2283698061799E-05,3.60939948016883E-07,0.999999999751653));
#8608=CARTESIAN_POINT('',(1.899999028709,-1.005,-0.2));
#8609=DIRECTION('',(1.0,0.0,0.0));
#8610=DIRECTION('',(0.0,1.0,0.0));
#8611=DIRECTION('',(-1.0,5.43464039203E-09,1.255515107663E-08));
#8612=DIRECTION('',(-2.354783190532E-12,-2.997058465889E-08,-1.0));
#8613=DIRECTION('',(-1.0,0.0,0.0));
#8614=DIRECTION('',(-7.61612984880898E-13,-6.42088163080099E-08,-0.999999999999998));
#8615=DIRECTION('',(-2.683928341729E-08,3.4416905733E-14,-1.0));
#8616=CARTESIAN_POINT('',(0.64,-0.505,-0.4));
#8617=DIRECTION('',(0.0,0.0,1.0));
#8618=DIRECTION('',(-1.0,0.0,0.0));
#8619=CARTESIAN_POINT('',(1.9,-0.505,-0.4));
#8620=DIRECTION('',(0.0,0.0,1.0));
#8621=DIRECTION('',(0.0,-1.0,0.0));
#8622=DIRECTION('',(0.0,-1.0,0.0));
#8623=CARTESIAN_POINT('',(2.1,0.505,-0.4));
#8624=DIRECTION('',(0.0,0.0,1.0));
#8625=DIRECTION('',(1.0,0.0,0.0));
#8626=DIRECTION('',(1.0,0.0,0.0));
#8627=CARTESIAN_POINT('',(0.44,0.505,-0.4));
#8628=DIRECTION('',(0.0,-0.0,1.0));
#8629=DIRECTION('',(0.0,1.0,0.0));
#8630=DIRECTION('',(0.0,1.0,0.0));
#8631=DIRECTION('',(-7.560148503498E-09,1.800004430337E-11,-1.0));
#8632=DIRECTION('',(-1.908825792702E-09,1.0,-1.432897068328E-08));
#8633=CARTESIAN_POINT('',(0.04,-0.505000208659,-0.3));
#8634=DIRECTION('',(0.0,-1.0,0.0));
#8635=DIRECTION('',(1.0,0.0,0.0));
#8636=CARTESIAN_POINT('',(0.04000005143859,0.5049999996576,-0.2999999645584));
#8637=DIRECTION('',(8.12231405023276E-10,1.0,1.39266817955157E-16));
#8638=DIRECTION('',(-1.71461996044297E-07,2.05432560554354E-32,0.999999999999985));
#8639=CARTESIAN_POINT('',(0.440000009946,0.655,-0.05));
#8640=DIRECTION('',(-1.0,0.0,0.0));
#8641=DIRECTION('',(0.0,-1.0,0.0));
#8642=CARTESIAN_POINT('',(2.100000019119,0.6549999815271,-0.04999998155497));
#8643=DIRECTION('',(0.999999999999992,1.27965649130298E-07,-2.86913309451708E-15));
#8644=DIRECTION('',(-4.44089339791014E-14,3.69459049322512E-07,0.999999999999932));
#8645=DIRECTION('',(0.999999999999999,2.73166442611E-08,3.079475318897E-08));
#8646=DIRECTION('',(1.34643108219199E-11,1.32304147137299E-07,-0.999999999999991));
#8647=DIRECTION('',(3.451207528222E-13,2.745188167573E-09,-1.0));
#8648=DIRECTION('',(1.949779083751E-08,-1.755151250835E-11,-1.0));
#8649=CARTESIAN_POINT('',(2.5,0.5050000009259,-0.3));
#8650=DIRECTION('',(0.0,1.0,0.0));
#8651=DIRECTION('',(-1.0,0.0,0.0));
#8652=CARTESIAN_POINT('',(2.499999199966,-0.5049980909923,-0.2999996042714));
#8653=DIRECTION('',(7.05970735001282E-06,-0.999999999957674,-5.90026724286499E-06));
#8654=DIRECTION('',(2.6667794969911E-06,-5.90024841630822E-06,0.999999999979038));
#8655=DIRECTION('',(2.471859021094E-09,-1.0,-1.64811096563E-09));
#8656=DIRECTION('',(-5.467980689737E-09,4.618526994125E-12,-1.0));
#8657=CARTESIAN_POINT('',(-4.440004361382,-1.00500007219,-0.1999999689002));
#8658=DIRECTION('',(-0.999999999549644,2.01034630782609E-05,2.22836907989345E-05));
#8659=DIRECTION('',(2.2283698059579E-05,3.60939946906683E-07,0.999999999751653));
#8660=CARTESIAN_POINT('',(-3.180000971291,-1.005,-0.2));
#8661=DIRECTION('',(1.0,0.0,0.0));
#8662=DIRECTION('',(0.0,1.0,0.0));
#8663=DIRECTION('',(-1.0,5.43464039203E-09,1.255515090041E-08));
#8664=DIRECTION('',(-2.353672967434E-12,-2.997058465889E-08,-1.0));
#8665=DIRECTION('',(-1.0,0.0,0.0));
#8666=DIRECTION('',(-7.63833430900998E-13,-6.42088168631199E-08,-0.999999999999998));
#8667=DIRECTION('',(-2.683928008662E-08,3.330668296742E-14,-1.0));
#8668=CARTESIAN_POINT('',(-4.44,-0.505,-0.4));
#8669=DIRECTION('',(0.0,0.0,1.0));
#8670=DIRECTION('',(-1.0,0.0,0.0));
#8671=CARTESIAN_POINT('',(-3.18,-0.505,-0.4));
#8672=DIRECTION('',(0.0,0.0,1.0));
#8673=DIRECTION('',(0.0,-1.0,0.0));
#8674=DIRECTION('',(0.0,-1.0,0.0));
#8675=CARTESIAN_POINT('',(-2.98,0.505,-0.4));
#8676=DIRECTION('',(0.0,0.0,1.0));
#8677=DIRECTION('',(1.0,0.0,0.0));
#8678=DIRECTION('',(1.0,0.0,0.0));
#8679=CARTESIAN_POINT('',(-4.64,0.505,-0.4));
#8680=DIRECTION('',(0.0,-0.0,1.0));
#8681=DIRECTION('',(0.0,1.0,0.0));
#8682=DIRECTION('',(0.0,1.0,0.0));
#8683=DIRECTION('',(-7.560147393275E-09,1.799893408044E-11,-1.0));
#8684=DIRECTION('',(-1.908825572856E-09,1.0,-1.432897073824E-08));
#8685=CARTESIAN_POINT('',(-5.04,-0.505000208659,-0.3));
#8686=DIRECTION('',(0.0,-1.0,0.0));
#8687=DIRECTION('',(1.0,0.0,0.0));
#8688=CARTESIAN_POINT('',(-5.039999948561,0.5049999996576,-0.2999999645584));
#8689=DIRECTION('',(8.12231124214876E-10,1.0,1.39266766763758E-16));
#8690=DIRECTION('',(-1.71461992297297E-07,-2.05432560554354E-32,0.999999999999985));
#8691=CARTESIAN_POINT('',(-4.639999990054,0.655,-0.05));
#8692=DIRECTION('',(-1.0,0.0,0.0));
#8693=DIRECTION('',(0.0,-1.0,0.0));
#8694=CARTESIAN_POINT('',(-2.979999980881,0.6549999815271,-0.04999998155497));
#8695=DIRECTION('',(0.999999999999992,1.27965641908398E-07,-2.8691307104557E-15));
#8696=DIRECTION('',(-4.44089339791014E-14,3.69459051542912E-07,0.999999999999932));
#8697=DIRECTION('',(0.999999999999999,2.73166442611E-08,3.079475296743E-08));
#8698=DIRECTION('',(1.34673242848199E-11,1.32304147137299E-07,-0.999999999999991));
#8699=DIRECTION('',(3.463895791193E-13,2.745188167573E-09,-1.0));
#8700=DIRECTION('',(1.949779527841E-08,-1.755373295398E-11,-1.0));
#8701=CARTESIAN_POINT('',(-2.58,0.5050000009259,-0.3));
#8702=DIRECTION('',(0.0,1.0,0.0));
#8703=DIRECTION('',(-1.0,0.0,0.0));
#8704=CARTESIAN_POINT('',(-2.580000800034,-0.5049980909923,-0.2999996042714));
#8705=DIRECTION('',(7.05970733744682E-06,-0.999999999957674,-5.90026723139195E-06));
#8706=DIRECTION('',(2.6667794969911E-06,-5.90024840483522E-06,0.999999999979038));
#8707=DIRECTION('',(2.471859021094E-09,-1.0,-1.648110910669E-09));
#8708=DIRECTION('',(-5.467976248845E-09,4.618526994125E-12,-1.0));
#8709=CARTESIAN_POINT('',(4.639999990054,-0.655,-0.05));
#8710=DIRECTION('',(1.0,0.0,0.0));
#8711=DIRECTION('',(0.0,1.0,0.0));
#8712=DIRECTION('',(-0.999999999999999,-2.73166442611E-08,3.079475297161E-08));
#8713=CARTESIAN_POINT('',(2.979999980881,-0.6549999815271,-0.04999998155497));
#8714=DIRECTION('',(-0.999999999999992,-1.27965637172798E-07,-2.8691286767105E-15));
#8715=DIRECTION('',(4.44089339791014E-14,-3.69459049322512E-07,0.999999999999932));
#8716=CARTESIAN_POINT('',(2.58,-0.5050000009259,-0.3));
#8717=DIRECTION('',(0.0,-1.0,0.0));
#8718=DIRECTION('',(1.0,0.0,0.0));
#8719=DIRECTION('',(-2.471859021094E-09,1.0,-1.648110910669E-09));
#8720=CARTESIAN_POINT('',(2.580000800034,0.5049980909923,-0.2999996042714));
#8721=DIRECTION('',(-7.05970733165082E-06,0.999999999957674,-5.90026722806194E-06));
#8722=DIRECTION('',(-2.6667794969911E-06,5.90024840150522E-06,0.999999999979038));
#8723=CARTESIAN_POINT('',(3.180000971291,1.005,-0.2));
#8724=DIRECTION('',(-1.0,0.0,0.0));
#8725=DIRECTION('',(0.0,-1.0,0.0));
#8726=DIRECTION('',(1.0,-5.43464039203E-09,1.255515092243E-08));
#8727=CARTESIAN_POINT('',(4.440004361382,1.00500007219,-0.1999999689002));
#8728=DIRECTION('',(0.999999999549644,-2.01034630778509E-05,2.22836908033746E-05));
#8729=DIRECTION('',(-2.2283698064019E-05,-3.60939946906683E-07,0.999999999751653));
#8730=CARTESIAN_POINT('',(5.04,0.505000208659,-0.3));
#8731=DIRECTION('',(0.0,1.0,0.0));
#8732=DIRECTION('',(-1.0,0.0,0.0));
#8733=CARTESIAN_POINT('',(5.039999948561,-0.5049999996576,-0.2999999645584));
#8734=DIRECTION('',(-8.12231810840176E-10,-1.0,1.392668844939E-16));
#8735=DIRECTION('',(1.71461992297297E-07,0.0,0.999999999999985));
#8736=DIRECTION('',(1.908825572856E-09,-1.0,-1.432897068328E-08));
#8737=DIRECTION('',(2.683927120484E-08,-3.4416905733E-14,-1.0));
#8738=DIRECTION('',(0.0,1.0,0.0));
#8739=DIRECTION('',(7.560138511491E-09,-1.799893408044E-11,-1.0));
#8740=DIRECTION('',(-1.34622489788899E-11,-1.32304147137299E-07,-0.999999999999991));
#8741=CARTESIAN_POINT('',(4.64,-0.505,-0.4));
#8742=DIRECTION('',(0.0,0.0,1.0));
#8743=DIRECTION('',(0.0,-1.0,0.0));
#8744=CARTESIAN_POINT('',(4.44,0.505,-0.4));
#8745=DIRECTION('',(0.0,0.0,1.0));
#8746=DIRECTION('',(1.0,0.0,0.0));
#8747=DIRECTION('',(-1.0,0.0,0.0));
#8748=CARTESIAN_POINT('',(3.18,0.505,-0.4));
#8749=DIRECTION('',(0.0,-0.0,1.0));
#8750=DIRECTION('',(0.0,1.0,0.0));
#8751=DIRECTION('',(0.0,-1.0,0.0));
#8752=CARTESIAN_POINT('',(2.98,-0.505,-0.4));
#8753=DIRECTION('',(0.0,0.0,1.0));
#8754=DIRECTION('',(-1.0,0.0,0.0));
#8755=DIRECTION('',(1.0,0.0,0.0));
#8756=DIRECTION('',(-3.463895791193E-13,-2.745188167573E-09,-1.0));
#8757=DIRECTION('',(-1.949779527841E-08,1.75548431768E-11,-1.0));
#8758=DIRECTION('',(5.467976248845E-09,-4.61741677129E-12,-1.0));
#8759=DIRECTION('',(2.353672967434E-12,2.997058465889E-08,-1.0));
#8760=DIRECTION('',(7.54951646820698E-13,6.42088168631199E-08,-0.999999999999998));
#8761=CARTESIAN_POINT('',(-0.03999999999999,0.505000208659,-0.3));
#8762=DIRECTION('',(0.0,1.0,0.0));
#8763=DIRECTION('',(-1.0,0.0,0.0));
#8764=DIRECTION('',(1.908825847664E-09,-1.0,-1.432897068328E-08));
#8765=CARTESIAN_POINT('',(-0.04000005143858,-0.5049999996576,-0.2999999645584));
#8766=DIRECTION('',(-8.12231894974276E-10,-1.0,1.39266901944371E-16));
#8767=DIRECTION('',(1.71461996021197E-07,2.05432560554354E-32,0.999999999999985));
#8768=CARTESIAN_POINT('',(-0.440000009946,-0.655,-0.05));
#8769=DIRECTION('',(1.0,0.0,0.0));
#8770=DIRECTION('',(0.0,1.0,0.0));
#8771=DIRECTION('',(-0.999999999999999,-2.73166442611E-08,3.079475297997E-08));
#8772=CARTESIAN_POINT('',(-2.100000019119,-0.6549999815271,-0.04999998155497));
#8773=DIRECTION('',(-0.999999999999992,-1.27965627296898E-07,-2.86912502796988E-15));
#8774=DIRECTION('',(4.44089339791014E-14,-3.69459049322512E-07,0.999999999999932));
#8775=CARTESIAN_POINT('',(-2.5,-0.5050000009259,-0.3));
#8776=DIRECTION('',(0.0,-1.0,0.0));
#8777=DIRECTION('',(1.0,0.0,0.0));
#8778=CARTESIAN_POINT('',(-2.499999199966,0.5049980909923,-0.2999996042714));
#8779=DIRECTION('',(-7.05970733351082E-06,0.999999999957674,-5.90026722658094E-06));
#8780=DIRECTION('',(-2.6667794969911E-06,5.90024840002422E-06,0.999999999979038));
#8781=DIRECTION('',(-2.471859021094E-09,1.0,-1.648111130515E-09));
#8782=DIRECTION('',(0.0,-1.0,0.0));
#8783=DIRECTION('',(5.467980689737E-09,-4.61741677129E-12,-1.0));
#8784=DIRECTION('',(-1.949779083751E-08,1.75548431768E-11,-1.0));
#8785=DIRECTION('',(-3.451207528222E-13,-2.745188167573E-09,-1.0));
#8786=CARTESIAN_POINT('',(-2.1,-0.505,-0.4));
#8787=DIRECTION('',(0.0,0.0,1.0));
#8788=DIRECTION('',(-1.0,0.0,0.0));
#8789=DIRECTION('',(1.0,0.0,0.0));
#8790=CARTESIAN_POINT('',(-0.44,-0.505,-0.4));
#8791=DIRECTION('',(0.0,0.0,1.0));
#8792=DIRECTION('',(0.0,-1.0,0.0));
#8793=DIRECTION('',(0.0,1.0,0.0));
#8794=CARTESIAN_POINT('',(-0.64,0.505,-0.4));
#8795=DIRECTION('',(0.0,0.0,1.0));
#8796=DIRECTION('',(1.0,0.0,0.0));
#8797=DIRECTION('',(-1.0,0.0,0.0));
#8798=CARTESIAN_POINT('',(-1.9,0.505,-0.4));
#8799=DIRECTION('',(0.0,-0.0,1.0));
#8800=DIRECTION('',(0.0,1.0,0.0));
#8801=DIRECTION('',(2.354783190532E-12,2.997058465889E-08,-1.0));
#8802=CARTESIAN_POINT('',(-1.899999028709,1.005,-0.2));
#8803=DIRECTION('',(-1.0,0.0,0.0));
#8804=DIRECTION('',(0.0,-1.0,0.0));
#8805=CARTESIAN_POINT('',(-0.6399956386181,1.00500007219,-0.1999999689002));
#8806=DIRECTION('',(0.999999999549644,-2.01034630787009E-05,2.22836908050345E-05));
#8807=DIRECTION('',(-2.2283698065679E-05,-3.60939946906683E-07,0.999999999751653));
#8808=DIRECTION('',(1.0,-5.43464039203E-09,1.255515090041E-08));
#8809=DIRECTION('',(7.63833430900998E-13,6.42088168631199E-08,-0.999999999999998));
#8810=DIRECTION('',(2.683928341729E-08,-3.4416905733E-14,-1.0));
#8811=DIRECTION('',(7.560148503498E-09,-1.799893408044E-11,-1.0));
#8812=DIRECTION('',(-1.34628833921299E-11,-1.32304147137299E-07,-0.999999999999991));
#8813=CARTESIAN_POINT('',(-5.12,0.505000208659,-0.3));
#8814=DIRECTION('',(0.0,1.0,0.0));
#8815=DIRECTION('',(-1.0,0.0,0.0));
#8816=DIRECTION('',(1.908825572856E-09,-1.0,-1.432897057336E-08));
#8817=CARTESIAN_POINT('',(-5.120000051439,-0.5049999996576,-0.2999999645584));
#8818=DIRECTION('',(-8.12232030499476E-10,-1.0,1.39266922157121E-16));
#8819=DIRECTION('',(1.71461992297297E-07,2.05432560554354E-32,0.999999999999985));
#8820=CARTESIAN_POINT('',(-5.520000009946,-0.655,-0.05));
#8821=DIRECTION('',(1.0,0.0,0.0));
#8822=DIRECTION('',(0.0,1.0,0.0));
#8823=DIRECTION('',(-0.999999999999999,-2.73166442611E-08,3.079475306357E-08));
#8824=CARTESIAN_POINT('',(-7.180000019119,-0.6549999815271,-0.04999998155497));
#8825=DIRECTION('',(-0.999999999999992,-1.27965629602401E-07,6.01266063192699E-15));
#8826=DIRECTION('',(5.32907207749217E-14,-3.69459051542912E-07,0.999999999999932));
#8827=CARTESIAN_POINT('',(-7.58,-0.5050000009259,-0.3));
#8828=DIRECTION('',(0.0,-1.0,0.0));
#8829=DIRECTION('',(1.0,0.0,0.0));
#8830=CARTESIAN_POINT('',(-7.579999199966,0.5049980909923,-0.2999996042714));
#8831=DIRECTION('',(-7.05970732949082E-06,0.999999999957674,-5.90026722399094E-06));
#8832=DIRECTION('',(-2.6667794984721E-06,5.90024839743422E-06,0.999999999979038));
#8833=DIRECTION('',(-2.471858581402E-09,1.0,-1.648110910669E-09));
#8834=DIRECTION('',(0.0,-1.0,0.0));
#8835=DIRECTION('',(5.467989571519E-09,-4.61741677129E-12,-1.0));
#8836=DIRECTION('',(-1.949777751484E-08,1.75548431768E-11,-1.0));
#8837=DIRECTION('',(-3.451207528222E-13,-2.745188167573E-09,-1.0));
#8838=CARTESIAN_POINT('',(-7.18,-0.505,-0.4));
#8839=DIRECTION('',(0.0,0.0,1.0));
#8840=DIRECTION('',(-1.0,0.0,0.0));
#8841=DIRECTION('',(1.0,0.0,0.0));
#8842=CARTESIAN_POINT('',(-5.52,-0.505,-0.4));
#8843=DIRECTION('',(0.0,0.0,1.0));
#8844=DIRECTION('',(0.0,-1.0,0.0));
#8845=DIRECTION('',(0.0,1.0,0.0));
#8846=CARTESIAN_POINT('',(-5.72,0.505,-0.4));
#8847=DIRECTION('',(0.0,0.0,1.0));
#8848=DIRECTION('',(1.0,0.0,0.0));
#8849=DIRECTION('',(-1.0,0.0,0.0));
#8850=CARTESIAN_POINT('',(-6.98,0.505,-0.4));
#8851=DIRECTION('',(0.0,-0.0,1.0));
#8852=DIRECTION('',(0.0,1.0,0.0));
#8853=DIRECTION('',(2.371436537E-12,2.997058465889E-08,-1.0));
#8854=CARTESIAN_POINT('',(-6.979999028709,1.005,-0.2));
#8855=DIRECTION('',(-1.0,0.0,0.0));
#8856=DIRECTION('',(0.0,-1.0,0.0));
#8857=CARTESIAN_POINT('',(-5.719995638618,1.00500007219,-0.1999999689002));
#8858=DIRECTION('',(0.999999999549644,-2.01034630781809E-05,2.22836908033745E-05));
#8859=DIRECTION('',(-2.2283698064019E-05,-3.60939946906683E-07,0.999999999751653));
#8860=DIRECTION('',(1.0,-5.43464039203E-09,1.25551510546E-08));
#8861=DIRECTION('',(7.68274322941098E-13,6.42088168631199E-08,-0.999999999999998));
#8862=DIRECTION('',(2.683928896841E-08,-3.4416905733E-14,-1.0));
#8863=DIRECTION('',(7.560156275058E-09,-1.799893408044E-11,-1.0));
#8864=DIRECTION('',(-1.34597113259299E-11,-1.32304147137299E-07,-0.999999999999991));
ENDSEC;
END-ISO-10303-21;
